{
  "0": 4.24096898228571,
  "1": 1.71329201124359,
  "2": 2.549131039860012,
  "3": 3.9133613372516796,
  "4": 3.755121642358272
}