player_id,name,card_year,denominator,n_listings,n_auctions,n_fixed,price_min,price_p25,price_median,price_mean,price_p75,price_max,lowest_buynow_price,lowest_buynow_url,top_listing_url,top_listing_title,has_market,snapshot_date
draft_2025_kane_kepley_r2p56,Kane Kepley,2026,0,9,0,9,34.99,38.0,39.99,45.217777777777776,44.99,89.99,34.99,https://www.ebay.com/itm/298357268761?_skw=%22Kane+Kepley%22+1st+Bowman+Chrome+auto&hash=item45777aa119:g:ENwAAeSw16pqFlWE,https://www.ebay.com/itm/298357268761?_skw=%22Kane+Kepley%22+1st+Bowman+Chrome+auto&hash=item45777aa119:g:ENwAAeSw16pqFlWE,Kane Kepley 2025 Bowman Draft Chrome 1st Prospect Autograph #CPA-KK Auto RC,1,2026-09-19
draft_2024_seaver_king_r1p10,Seaver King,2025,0,15,0,15,49.99,68.49,70.0,77.258,99.99,99.99,49.99,https://www.ebay.com/itm/205807176603?_skw=%22Seaver+King%22+1st+Bowman+Chrome+auto&hash=item2feb104b9b:g:bUYAAeSwCB5o~Tbr,https://www.ebay.com/itm/205807176603?_skw=%22Seaver+King%22+1st+Bowman+Chrome+auto&hash=item2feb104b9b:g:bUYAAeSwCB5o~Tbr,Seaver King 2024 Bowman Chrome AUTO SAPPHIRE REFRACTOR 1ST NATIONALS #62,1,2026-09-19
draft_2025_marek_houston_r1p16,Marek Houston,2026,0,29,0,29,18.0,39.99,49.99,53.26724137931035,50.0,169.0,18.0,https://www.ebay.com/itm/237034345466?_skw=%22Marek+Houston%22+1st+Bowman+Chrome+auto&hash=item37305913fa:g:NI8AAeSw3vtqkNn~,https://www.ebay.com/itm/237034345466?_skw=%22Marek+Houston%22+1st+Bowman+Chrome+auto&hash=item37305913fa:g:NI8AAeSw3vtqkNn~,2026 Bowman Chrome 1st Marek Houston Autographed Signed Auto Twins Auto,1,2026-09-19
draft_2022_jacob_reimer_r4p119,Jacob Reimer,2023,0,6,0,6,29.99,61.81,77.49,78.285,96.7475,124.99,29.99,https://www.ebay.com/itm/398252868756?_skw=%22Jacob+Reimer%22+1st+Bowman+Chrome+auto&hash=item5cb9b88494:g:cNYAAeSwstBqcy6N,https://www.ebay.com/itm/398252868756?_skw=%22Jacob+Reimer%22+1st+Bowman+Chrome+auto&hash=item5cb9b88494:g:cNYAAeSwstBqcy6N,2023 Bowman Chrome Jacob Reimer Auto Autograph 1st Prospect #CPA-JRR Mets,1,2026-09-19
draft_2025_caden_bodine_r1p30,Caden Bodine,2026,0,15,0,15,42.0,59.99,99.0,142.43533333333335,99.99,986.99,42.0,https://www.ebay.com/itm/398402952795?_skw=%22Caden+Bodine%22+1st+Bowman+Chrome+auto&hash=item5cc2aa9e5b:g:RDsAAeSwYjtqq4J4,https://www.ebay.com/itm/398402952795?_skw=%22Caden+Bodine%22+1st+Bowman+Chrome+auto&hash=item5cc2aa9e5b:g:RDsAAeSwYjtqq4J4,CADEN BODINE 2025 BOWMAN CHROME 1ST AUTOGRAPH AUTO #CPA-CB ORIOLES Q1940,1,2026-09-19
draft_2025_gavin_kilen_r1p13,Gavin Kilen,2026,0,27,0,27,24.95,38.24,50.0,60.45481481481482,64.995,199.99,24.95,https://www.ebay.com/itm/307182914780?_skw=%22Gavin+Kilen%22+1st+Bowman+Chrome+auto&hash=item4785874cdc:g:UDcAAeSw7-Fqp1or,https://www.ebay.com/itm/307182914780?_skw=%22Gavin+Kilen%22+1st+Bowman+Chrome+auto&hash=item4785874cdc:g:UDcAAeSw7-Fqp1or,2025 Bowman Draft Gavin Kilen 1st Bowman Chrome Auto Autograph Giants,1,2026-09-19
draft_2024_jurrangelo_cijntje_r1p15,Jurrangelo Cijntje,2025,0,4,0,4,124.99,143.74,157.495,172.4925,186.2475,249.99,124.99,https://www.ebay.com/itm/117417600130?_skw=%22Jurrangelo+Cijntje%22+1st+Bowman+Chrome+auto&hash=item1b56a26482:g:inIAAeSwTctqrD98,https://www.ebay.com/itm/117417600130?_skw=%22Jurrangelo+Cijntje%22+1st+Bowman+Chrome+auto&hash=item1b56a26482:g:inIAAeSwTctqrD98,2026 BOWMAN CHROME JURRANGELO CIJNTJE CPA-JCI 1ST PROSPECT AUTO REDEMPTION,1,2026-09-19
draft_2024_james_tibbs_iii_r1p13,James Tibbs III,2025,0,21,0,21,49.95,85.0,115.0,121.77952380952381,145.0,300.0,49.95,https://www.ebay.com/itm/178500606116?_skw=%22James+Tibbs%22+1st+Bowman+Chrome+auto&hash=item298f7718a4:g:KjEAAeSw0p1qqd8i,https://www.ebay.com/itm/178500606116?_skw=%22James+Tibbs%22+1st+Bowman+Chrome+auto&hash=item298f7718a4:g:KjEAAeSw0p1qqd8i,2024 Bowman Chrome James Tibbs III 1st Bowman Base Auto #CPA-JT,1,2026-09-19
draft_2025_andrew_fischer_r1p20,Andrew Fischer,2026,0,11,0,11,175.0,179.995,199.99,222.9,213.995,469.0,175.0,https://www.ebay.com/itm/267788503861?_skw=%22Andrew+Fischer%22+1st+Bowman+Chrome+auto&hash=item3e59704b35:g:kQgAAeSwpr5qrHBc,https://www.ebay.com/itm/267788503861?_skw=%22Andrew+Fischer%22+1st+Bowman+Chrome+auto&hash=item3e59704b35:g:kQgAAeSwpr5qrHBc,2026 Bowman Chrome Andrew Fischer CPA-AF Chrome Prospects 1st Auto Autograph🔥🔥,1,2026-09-19
draft_2025_charles_davalan_r1p41,Charles Davalan,2026,0,21,0,21,17.49,60.0,75.0,93.56,99.95,249.99,17.49,https://www.ebay.com/itm/336718716885?_skw=%22Charles+Davalan%22+1st+Bowman+Chrome+auto&hash=item4e65ffdfd5:g:tisAAeSwObdqbQCa,https://www.ebay.com/itm/336718716885?_skw=%22Charles+Davalan%22+1st+Bowman+Chrome+auto&hash=item4e65ffdfd5:g:tisAAeSwObdqbQCa,CHARLES DAVALAN 2025 BOWMAN'S BEST AUTO + BOWMAN CHROME 1ST REFRACTOR #BDC-96,1,2026-09-19
ifa_800406,Aron Estrada,2022,0,18,0,18,21.99,32.3675,40.0,43.504444444444445,49.99,80.0,21.99,https://www.ebay.com/itm/128067491668?_skw=%22Aron+Estrada%22+1st+Bowman+Chrome+auto&hash=item1dd16ad754:g:YPMAAeSwVqZqnwEC,https://www.ebay.com/itm/128067491668?_skw=%22Aron+Estrada%22+1st+Bowman+Chrome+auto&hash=item1dd16ad754:g:YPMAAeSwVqZqnwEC,2025 Bowman Chrome Aron Estrada 1st Bowman Auto #CPA-AES - Orioles,1,2026-09-19
ifa_808535,John Gil,2023,0,23,0,23,14.0,29.99,39.99,49.03739130434783,49.99,130.0,14.0,https://www.ebay.com/itm/407209139531?_skw=%22John+Gil%22+1st+Bowman+Chrome+auto&hash=item5ecf8e5d4b:g:6H8AAeSwl9hqo-Ig,https://www.ebay.com/itm/407209139531?_skw=%22John+Gil%22+1st+Bowman+Chrome+auto&hash=item5ecf8e5d4b:g:6H8AAeSwl9hqo-Ig,2024 1st Bowman Chrome auto Bowman John Gil #BCP-172 Braves,1,2026-09-19
draft_2024_dylan_dreiling_r2p65,Dylan Dreiling,2025,0,8,0,8,29.99,29.99,31.975,32.98125,34.99,39.95,29.99,https://www.ebay.com/itm/158281566324?_skw=%22Dylan+Dreiling%22+1st+Bowman+Chrome+auto&hash=item24da510874:g:0voAAeSwr2JqpDCl,https://www.ebay.com/itm/158281566324?_skw=%22Dylan+Dreiling%22+1st+Bowman+Chrome+auto&hash=item24da510874:g:0voAAeSwr2JqpDCl,Dylan Dreiling 2024 Bowman Draft #CPA-DD Chrome Prospect Auto 1st,1,2026-09-19
draft_2024_zach_ehrhard_r4p115,Zach Ehrhard,2025,0,1,0,1,19.99,19.99,19.99,19.99,19.99,19.99,19.99,https://www.ebay.com/itm/236940369150?_skw=%22Zach+Ehrhard%22+1st+Bowman+auto&hash=item372abf1cfe:g:8OUAAeSwBP1qPv2C,https://www.ebay.com/itm/236940369150?_skw=%22Zach+Ehrhard%22+1st+Bowman+auto&hash=item372abf1cfe:g:8OUAAeSwBP1qPv2C,2025 Bowman Zach Ehrhard Auto #BPA-ZE 1st Bowman Los Angeles Dodgers Prospect,1,2026-09-19
ifa_821041,Roldy Brito,2024,0,20,0,20,30.0,50.0,59.99,68.199,69.99249999999999,175.0,30.0,https://www.ebay.com/itm/298505695175?_skw=%22Roldy+Brito%22+1st+Bowman+Chrome+auto&hash=item4580536fc7:g:BrwAAeSwPpdqVuIH,https://www.ebay.com/itm/298505695175?_skw=%22Roldy+Brito%22+1st+Bowman+Chrome+auto&hash=item4580536fc7:g:BrwAAeSwPpdqVuIH,Bowman 2026 1st Bowman Chrome ip Auto Roldy Brito Rockies Prospects BCP-21,1,2026-09-19
draft_2025_mitch_voit_r1p38,Mitch Voit,2026,0,15,0,15,42.99,44.99,49.99,61.98866666666667,64.995,179.99,42.99,https://www.ebay.com/itm/820144602764?_skw=%22Mitch+Voit%22+1st+Bowman+Chrome+auto&hash=itembef46d7e8c:g:BsIAAeSwYdBqrfUq,https://www.ebay.com/itm/820144602764?_skw=%22Mitch+Voit%22+1st+Bowman+Chrome+auto&hash=itembef46d7e8c:g:BsIAAeSwYdBqrfUq,Mitch Voit 2025 Bowman Draft #CPA-MV Chrome Prospect Auto 1st New York Mets,1,2026-09-19
draft_2024_blake_burke_r1p34,Blake Burke,2025,0,21,0,21,39.98,50.0,67.99,70.60809523809523,75.0,147.29,39.98,https://www.ebay.com/itm/398371436208?_skw=%22Blake+Burke%22+1st+Bowman+Chrome+auto&hash=item5cc0c9b6b0:g:uksAAeSwyXhqn2uh,https://www.ebay.com/itm/398371436208?_skw=%22Blake+Burke%22+1st+Bowman+Chrome+auto&hash=item5cc0c9b6b0:g:uksAAeSwyXhqn2uh,2024 Bowman Draft Chrome - Blake Burke - 1st Prospect Auto,1,2026-09-19
draft_2023_josh_adamczewski_r15p452,Josh Adamczewski,2024,0,10,0,10,74.99,76.2475,84.995,137.396,90.0,600.0,74.99,https://www.ebay.com/itm/137625346800?_skw=%22Josh+Adamczewski%22+1st+Bowman+Chrome+auto&hash=item200b1c22f0:g:4AYAAeSwyedqgL7I,https://www.ebay.com/itm/137625346800?_skw=%22Josh+Adamczewski%22+1st+Bowman+Chrome+auto&hash=item200b1c22f0:g:4AYAAeSwyedqgL7I,2024 Bowman Chrome #CPA-JAI Josh Adamczewski 1st Auto Brewers,1,2026-09-19
draft_2024_owen_ayers_r19p572,Owen Ayers,2025,0,36,0,36,34.95,48.99,51.125,60.72805555555556,59.95,199.0,34.95,https://www.ebay.com/itm/178508433733?_skw=%22Owen+Ayers%22+1st+Bowman+Chrome+auto&hash=item298fee8945:g:ekwAAeSwyXtqraYM,https://www.ebay.com/itm/178508433733?_skw=%22Owen+Ayers%22+1st+Bowman+Chrome+auto&hash=item298fee8945:g:ekwAAeSwyXtqraYM,2026 Bowman Chrome Owen Ayers 1st Bowman Auto Chicago Cubs #CPA-OA,1,2026-09-19
draft_2025_joseph_dzierwa_r2p58,Joseph Dzierwa,2026,0,14,0,14,50.0,57.7475,60.0,66.56785714285714,68.74249999999999,100.0,50.0,https://www.ebay.com/itm/318870820589?_skw=%22Joseph+Dzierwa%22+1st+Bowman+Chrome+auto&hash=item4a3e2e96ed:g:PkUAAeSw6EJqqDWI,https://www.ebay.com/itm/318870820589?_skw=%22Joseph+Dzierwa%22+1st+Bowman+Chrome+auto&hash=item4a3e2e96ed:g:PkUAAeSw6EJqqDWI,2025 1st Bowman Draft Joseph Dzierwa Chrome Auto,1,2026-09-19
draft_2023_carson_roccaforte_r2p66,Carson Roccaforte,2024,0,4,0,4,34.95,38.7375,44.975,51.2225,57.46000000000001,79.99,34.95,https://www.ebay.com/itm/237076494295?_skw=%22Carson+Roccaforte%22+1st+Bowman+Chrome+auto&hash=item3732dc37d7:g:s2UAAeSwSbhqrdps,https://www.ebay.com/itm/237076494295?_skw=%22Carson+Roccaforte%22+1st+Bowman+Chrome+auto&hash=item3732dc37d7:g:s2UAAeSwSbhqrdps,Carson Roccaforte 2023 Bowman Chrome Auto 1st Prospect Autograph #CDA-CR Royals,1,2026-09-19
draft_2023_kendall_george_r1p36,Kendall George,2024,0,20,0,20,20.0,34.99,39.495000000000005,44.392,49.96000000000001,99.99,20.0,https://www.ebay.com/itm/117368045218?_skw=%22Kendall+George%22+1st+Bowman+Chrome+auto&hash=item1b53ae3ea2:g:dTwAAeSwuxVqhYO3,https://www.ebay.com/itm/117368045218?_skw=%22Kendall+George%22+1st+Bowman+Chrome+auto&hash=item1b53ae3ea2:g:dTwAAeSwuxVqhYO3,Kendall George 2023 Bowman Draft Chrome 1st Auto #CDA-KG Dodgers,1,2026-09-19
draft_2024_jonathan_santucci_r2p46,Jonathan Santucci,2025,0,8,0,8,32.99,34.99,44.99,53.49125,56.24,120.0,32.99,https://www.ebay.com/itm/377498356043?_skw=%22Jonathan+Santucci%22+1st+Bowman+Chrome+auto&hash=item57e4a7c94b:g:VTQAAeSwFqxqqdkn,https://www.ebay.com/itm/377498356043?_skw=%22Jonathan+Santucci%22+1st+Bowman+Chrome+auto&hash=item57e4a7c94b:g:VTQAAeSwFqxqqdkn,2024 Bowman Chrome Jonathan Santucci #CPA-JS 1st Auto NY Mets,1,2026-09-19
draft_2022_bryan_rincon_r14p422,Bryan Rincon,2023,0,1,0,1,99.0,99.0,99.0,99.0,99.0,99.0,99.0,https://www.ebay.com/itm/137736906740?_skw=%22Bryan+Rincon%22+1st+Bowman+Chrome+auto&hash=item2011c267f4:g:2mkAAeSwKcBqqDda,https://www.ebay.com/itm/137736906740?_skw=%22Bryan+Rincon%22+1st+Bowman+Chrome+auto&hash=item2011c267f4:g:2mkAAeSwKcBqqDda,BRYAN RINCON 2023 1st Bowman Chrome Auto Autograph #CPA-BRN PHILLIES ,1,2026-09-19
draft_2025_cam_cannarella_r1p43,Cam Cannarella,2026,0,0,0,0,,,,,,,,,,,0,2026-09-19
draft_2024_devin_fitz-gerald_r5p165,Devin Fitz-Gerald,2025,0,32,0,32,19.99,54.4975,64.995,64.9584375,69.99249999999999,129.99,19.99,https://www.ebay.com/itm/298365568380?_skw=%22Devin+Fitz-Gerald%22+1st+Bowman+Chrome+auto&hash=item4577f9457c:g:NtEAAeSwfLxp85qH,https://www.ebay.com/itm/298365568380?_skw=%22Devin+Fitz-Gerald%22+1st+Bowman+Chrome+auto&hash=item4577f9457c:g:NtEAAeSwfLxp85qH,Devin Fitz-Gerald 2025 Bowman Chrome 1st Signed Auto Nationals Rangers Top HOT,1,2026-09-19
draft_2023_max_anderson_r2p45,Max Anderson,2024,0,19,0,19,39.96,49.99,50.0,85.08421052631579,62.5,639.0,39.96,https://www.ebay.com/itm/147507030287?_skw=%22Max+Anderson%22+1st+Bowman+Chrome+auto&hash=item22581aa90f:g:cZ4AAeSwNSNqgJuw,https://www.ebay.com/itm/147507030287?_skw=%22Max+Anderson%22+1st+Bowman+Chrome+auto&hash=item22581aa90f:g:cZ4AAeSwNSNqgJuw,2023 Max Anderson💎1st Bowman Chrome Auto RC #CDA-MA Detroit Tigers!🔥🔥🔥,1,2026-09-19
draft_2025_devin_taylor_r2p48,Devin Taylor,2026,0,14,1,14,30.0,46.24,69.995,64.63428571428571,78.7125,100.0,30.0,https://www.ebay.com/itm/377336146713?_skw=%22Devin+Taylor%22+1st+Bowman+Chrome+auto&hash=item57dafcab19:g:aG4AAeSwPxJqUmm0,https://www.ebay.com/itm/377336146713?_skw=%22Devin+Taylor%22+1st+Bowman+Chrome+auto&hash=item57dafcab19:g:aG4AAeSwPxJqUmm0,2025 Signed 1st Bowman Chrome Draft Mojo Devin Taylor Auto! #BDC-135,1,2026-09-19
draft_2024_ethan_anderson_r2p61,Ethan Anderson,2025,0,2,0,2,25.0,26.25,27.5,27.5,28.75,30.0,25.0,https://www.ebay.com/itm/298461536800?_skw=%22Ethan+Anderson%22+1st+Bowman+Chrome+auto&hash=item457db1a220:g:je4AAeSwrXtqQZMQ,https://www.ebay.com/itm/298461536800?_skw=%22Ethan+Anderson%22+1st+Bowman+Chrome+auto&hash=item457db1a220:g:je4AAeSwrXtqQZMQ,Ethan Anderson 2024 Bowman Chrome #CPA-EA 1st Bowman Auto,1,2026-09-19
draft_2025_trevor_cohen_r3p85,Trevor Cohen,2026,0,12,0,12,18.0,19.9975,24.994999999999997,41.98416666666667,46.375,100.0,18.0,https://www.ebay.com/itm/227520164987?_skw=%22Trevor+Cohen%22+1st+Bowman+Chrome+auto&hash=item34f942347b:g:mWQAAeSwfUpqpxaa,https://www.ebay.com/itm/227520164987?_skw=%22Trevor+Cohen%22+1st+Bowman+Chrome+auto&hash=item34f942347b:g:mWQAAeSwfUpqpxaa,2025 Bowman Draft Chrome Prospect Auto 1st Bowman Trevor Cohen Auto  #CPA-TC,1,2026-09-19
draft_2023_joe_whitman_r2p69,Joe Whitman,2024,0,9,0,9,8.99,15.0,20.0,20.877777777777776,29.99,29.99,8.99,https://www.ebay.com/itm/237063369654?_skw=%22Joe+Whitman%22+1st+Bowman+Chrome+auto&hash=item373213f3b6:g:dwwAAeSwtE5qpE3G,https://www.ebay.com/itm/237063369654?_skw=%22Joe+Whitman%22+1st+Bowman+Chrome+auto&hash=item373213f3b6:g:dwwAAeSwtE5qpE3G,Joe Whitman 2023 Bowman Draft Chrome Autograph Giants 1st Bowman Auto CDA-JWH A,1,2026-09-19
draft_2025_wehiwa_aloy_r1p31,Wehiwa Aloy,2026,0,24,0,24,72.0,88.74249999999999,99.995,106.01333333333334,112.71499999999999,232.0,72.0,https://www.ebay.com/itm/188565754274?_skw=%22Wehiwa+Aloy%22+1st+Bowman+Chrome+auto&hash=item2be76511a2:g:B3sAAeSwTLhqPz1K,https://www.ebay.com/itm/188565754274?_skw=%22Wehiwa+Aloy%22+1st+Bowman+Chrome+auto&hash=item2be76511a2:g:B3sAAeSwTLhqPz1K,2026 Bowman 1st Wehiwa Aloy Auto BCA-WA Chrome Baltimore Orioles [C7],1,2026-09-19
ifa_821181,Juneiker Caceres,2024,0,20,0,20,69.94,75.0,79.99,90.5325,89.99,231.81,69.94,https://www.ebay.com/itm/158299066837?_skw=%22Juneiker+Caceres%22+1st+Bowman+Chrome+auto&hash=item24db5c11d5:g:gfMAAeSwKcBqqtgk,https://www.ebay.com/itm/158299066837?_skw=%22Juneiker+Caceres%22+1st+Bowman+Chrome+auto&hash=item24db5c11d5:g:gfMAAeSwKcBqqtgk,2025 Bowman 1st Chrome Juneiker Caceres Auto #CPA-JUC Cleveland Guardians,1,2026-09-19
ifa_821100,Justin Gonzales,2024,0,9,0,9,110.0,120.0,125.0,154.8011111111111,173.24,279.99,110.0,https://www.ebay.com/itm/318714972810?_skw=%22Justin+Gonzales%22+1st+Bowman+Chrome+auto&hash=item4a34e48a8a:g:MkIAAeSw2G9qhi4x,https://www.ebay.com/itm/318714972810?_skw=%22Justin+Gonzales%22+1st+Bowman+Chrome+auto&hash=item4a34e48a8a:g:MkIAAeSw2G9qhi4x,Topps 2026 Bowman Chrome Justin Gonzales 1st Bowman RC Auto CPA-JG,1,2026-09-19
draft_2024_dante_nori_r1p27,Dante Nori,2025,0,20,1,20,13.99,27.2425,33.995000000000005,49.963,42.837500000000006,149.99,13.99,https://www.ebay.com/itm/358749379187?_skw=%22Dante+Nori%22+1st+Bowman+Chrome+auto&hash=item5387211a73:g:itIAAeSwBoFqRxoH,https://www.ebay.com/itm/358749379187?_skw=%22Dante+Nori%22+1st+Bowman+Chrome+auto&hash=item5387211a73:g:itIAAeSwBoFqRxoH,Bowman 2023 Chrome Draft 1st Dante Nori BDC-191 Hand  Signed Auto Lot 2,1,2026-09-19
draft_2025_gage_wood_r1p26,Gage Wood,2026,0,20,0,20,49.99,64.99,69.99,79.187,81.25,149.0,49.99,https://www.ebay.com/itm/227506506443?_skw=%22Gage+Wood%22+1st+Bowman+Chrome+auto&hash=item34f871cacb:g:YmIAAeSw61hqm1WN,https://www.ebay.com/itm/227506506443?_skw=%22Gage+Wood%22+1st+Bowman+Chrome+auto&hash=item34f871cacb:g:YmIAAeSw61hqm1WN,2025 Bowman Chrome Draft Gage Wood Auto 1st #CPA-GW Philadelphia Phillies,1,2026-09-19
ifa_703185,Nelson Rada,2022,0,16,0,16,11.24,22.99,24.99,33.319375,36.24,69.99,11.24,https://www.ebay.com/itm/257430679519?_skw=%22Nelson+Rada%22+1st+Bowman+Chrome+auto&hash=item3bf0106fdf:g:THcAAeSwxZxpSDdv,https://www.ebay.com/itm/257430679519?_skw=%22Nelson+Rada%22+1st+Bowman+Chrome+auto&hash=item3bf0106fdf:g:THcAAeSwxZxpSDdv,2023 Bowman Chrome Nelson Rada Signed 1st Bowman Card BCP-132 Angels Auto RC,1,2026-09-19
draft_2023_roc_riggio_r4p129,Roc Riggio,2024,0,5,0,5,10.0,26.99,35.0,39.596000000000004,59.99,66.0,10.0,https://www.ebay.com/itm/336796403142?_skw=%22Roc+Riggio%22+1st+Bowman+Chrome+auto&hash=item4e6aa145c6:g:FDQAAeSwVyhqqY0C,https://www.ebay.com/itm/336796403142?_skw=%22Roc+Riggio%22+1st+Bowman+Chrome+auto&hash=item4e6aa145c6:g:FDQAAeSwVyhqqY0C,Roc Riggio 2023 Bowman Chrome Draft #CDA-RR Auto 1st RC,1,2026-09-19
draft_2024_eric_hartman_r20p611,Eric Hartman,2025,0,17,1,17,74.99,140.0,179.99,179.90882352941176,210.0,275.0,74.99,https://www.ebay.com/itm/287443188731?_skw=%22Eric+Hartman%22+1st+Bowman+Chrome+auto&hash=item42ecf2fbfb:g:eLsAAeSwZ21qTGbp,https://www.ebay.com/itm/287443188731?_skw=%22Eric+Hartman%22+1st+Bowman+Chrome+auto&hash=item42ecf2fbfb:g:eLsAAeSwZ21qTGbp,2026 Bowman Baseball Eric Hartman 1st Bowman Chrome Ip Auto. 💎,1,2026-09-19
draft_2024_daniel_eagen_r3p102,Daniel Eagen,2025,0,11,0,11,19.99,24.49,24.99,30.46181818181818,34.07,59.99,19.99,https://www.ebay.com/itm/267768210202?_skw=%22Daniel+Eagen%22+1st+Bowman+Chrome+auto&hash=item3e583aa31a:g:X3QAAeSwo8Jqj0bK,https://www.ebay.com/itm/267768210202?_skw=%22Daniel+Eagen%22+1st+Bowman+Chrome+auto&hash=item3e583aa31a:g:X3QAAeSwo8Jqj0bK,2024 Bowman Chrome 1st #CPA-DE Daniel Eagen Autographs Auto Cardinals,1,2026-09-19
ifa_800169,Aroon Escobar,2022,0,21,0,21,19.99,34.99,44.99,51.20809523809524,75.0,125.0,19.99,https://www.ebay.com/itm/287555045121?_skw=%22Aroon+Escobar%22+1st+Bowman+Chrome+auto&hash=item42f39dc701:g:txoAAeSwAnRqlLV4,https://www.ebay.com/itm/287555045121?_skw=%22Aroon+Escobar%22+1st+Bowman+Chrome+auto&hash=item42f39dc701:g:txoAAeSwAnRqlLV4,2025 Bowman Aroon Escobar #CPA-AE Chrome Auto 1st Prospect Phillies,1,2026-09-19
draft_2024_jared_thomas_r2p42,Jared Thomas,2025,0,18,0,18,14.87,24.2475,34.995,39.15,49.980000000000004,100.0,14.87,https://www.ebay.com/itm/820096244962?_skw=%22Jared+Thomas%22+1st+Bowman+Chrome+auto&hash=itembef18b9ce2:g:n64AAeSwhVlqnedH,https://www.ebay.com/itm/820096244962?_skw=%22Jared+Thomas%22+1st+Bowman+Chrome+auto&hash=itembef18b9ce2:g:n64AAeSwhVlqnedH,Jared Thomas 1st AUTO BMA-JTH 2025 Bowman Chrome Mega Box Mojo Refractor Rockies,1,2026-09-19
ifa_800537,Christian Zazueta,2022,0,35,2,35,70.0,94.5,129.0,141.99,167.5,299.0,70.0,https://www.ebay.com/itm/227527326205?_skw=%22Christian+Zazueta%22+1st+Bowman+Chrome+auto&hash=item34f9af79fd:g:z44AAeSwDG9qrUl2,https://www.ebay.com/itm/227527326205?_skw=%22Christian+Zazueta%22+1st+Bowman+Chrome+auto&hash=item34f9af79fd:g:z44AAeSwDG9qrUl2,Topps Bowman Chrome 2026 1st Bowman Christian Zazueta Auto CPA-CZ Dodgers,1,2026-09-19
draft_2022_luke_adams_r12p372,Luke Adams,2023,0,6,0,6,24.0,32.2425,42.45,48.138333333333335,48.9675,99.95,24.0,https://www.ebay.com/itm/128085080341?_skw=%22Luke+Adams%22+1st+Bowman+Chrome+auto&hash=item1dd2773915:g:P48AAeSwUERqpA97,https://www.ebay.com/itm/128085080341?_skw=%22Luke+Adams%22+1st+Bowman+Chrome+auto&hash=item1dd2773915:g:P48AAeSwUERqpA97,Luke Adams 2024 Bowman Chrome 1st Bowman Autograph #CPA-LA Auto Milwaukee,1,2026-09-19
ifa_820986,Hayden Alvarez,2024,0,8,0,8,20.0,54.980000000000004,59.995000000000005,62.4825,82.46000000000001,89.99,20.0,https://www.ebay.com/itm/257658022656?_skw=%22Hayden+Alvarez%22+1st+Bowman+Chrome+auto&hash=item3bfd9d6b00:g:8vMAAeSw5eRqcAgc,https://www.ebay.com/itm/257658022656?_skw=%22Hayden+Alvarez%22+1st+Bowman+Chrome+auto&hash=item3bfd9d6b00:g:8vMAAeSw5eRqcAgc,Hayden Alvarez Autograph Signed 2025 1st Bowman Chrome #BCP-12 Auto Angels,1,2026-09-19
draft_2023_scott_bandura_r7p210,Scott Bandura,2024,0,0,0,0,,,,,,,,,,,0,2026-09-19
ifa_800198,Cristofer Torin,2022,0,7,0,7,13.99,17.994999999999997,25.0,28.17,36.13,49.95,13.99,https://www.ebay.com/itm/395454398030?_skw=%22Cristofer+Torin%22+1st+Bowman+Chrome+auto&hash=item5c12eb3e4e:g:dd0AAOSwOHhmYrIN,https://www.ebay.com/itm/395454398030?_skw=%22Cristofer+Torin%22+1st+Bowman+Chrome+auto&hash=item5c12eb3e4e:g:dd0AAOSwOHhmYrIN,2023 Bowman Chrome Cristofer Torin 1st Bowman Auto Mojo Refractor Signed BCP-204,1,2026-09-19
draft_2023_mitch_jebb_r2p42,Mitch Jebb,2024,0,12,0,12,9.99,11.8725,17.475,18.94,21.24,39.99,9.99,https://www.ebay.com/itm/158302779602?_skw=%22Mitch+Jebb%22+1st+Bowman+Chrome+auto&hash=item24db94b8d2:g:m6wAAeSwYdBqrBGm,https://www.ebay.com/itm/158302779602?_skw=%22Mitch+Jebb%22+1st+Bowman+Chrome+auto&hash=item24db94b8d2:g:m6wAAeSwYdBqrBGm,Mitch Jebb 2025 Bowman #CPA-MJ Chrome Prospect Auto 1st,1,2026-09-19
draft_2024_braylon_payne_r1p17,Braylon Payne,2025,0,16,1,16,55.98,89.99,94.995,106.61874999999999,100.0,325.0,55.98,https://www.ebay.com/itm/398371353750?_skw=%22Braylon+Payne%22+1st+Bowman+Chrome+auto&hash=item5cc0c87496:g:sQYAAeSwjadqn2RT,https://www.ebay.com/itm/398371353750?_skw=%22Braylon+Payne%22+1st+Bowman+Chrome+auto&hash=item5cc0c87496:g:sQYAAeSwjadqn2RT,2024 Bowman Draft Chrome - Braylon Payne - 1st Auto #CPA-BP Milwaukee Brewers,1,2026-09-19
draft_2025_alex_lodise_r2p60,Alex Lodise,2026,0,34,0,34,45.0,51.25,60.0,62.765882352941176,60.0,175.0,45.0,https://www.ebay.com/itm/178503624963?_skw=%22Alex+Lodise%22+1st+Bowman+Chrome+auto&hash=item298fa52903:g:UtYAAeSwh4Bqqz4~,https://www.ebay.com/itm/178503624963?_skw=%22Alex+Lodise%22+1st+Bowman+Chrome+auto&hash=item298fa52903:g:UtYAAeSwh4Bqqz4~,2026 Bowman Chrome- ALEX LODISE 1st Bowman Chrome Auto- Atlanta Braves #CPA-ALO,1,2026-09-19
draft_2024_carson_demartini_r4p130,Carson DeMartini,2025,0,16,0,16,9.99,15.18,18.5,20.414375,20.0,49.99,9.99,https://www.ebay.com/itm/306900297065?_skw=%22Carson+DeMartini%22+1st+Bowman+Chrome+auto&hash=item4774aee569:g:iRMAAeSwA7pp63xs,https://www.ebay.com/itm/306900297065?_skw=%22Carson+DeMartini%22+1st+Bowman+Chrome+auto&hash=item4774aee569:g:iRMAAeSwA7pp63xs,Carson DeMartini 2024 Bowman 1st Chrome Prospect Auto Phillies #CPA-CD,1,2026-09-19
draft_2025_josiah_hartshorn_r6p181,Josiah Hartshorn,2026,0,13,0,13,119.99,135.0,149.99,150.37076923076924,154.95,189.99,119.99,https://www.ebay.com/itm/287589220385?_skw=%22Josiah+Hartshorn%22+1st+Bowman+Chrome+auto&hash=item42f5a74021:g:udMAAeSwzEtqqfbQ,https://www.ebay.com/itm/287589220385?_skw=%22Josiah+Hartshorn%22+1st+Bowman+Chrome+auto&hash=item42f5a74021:g:udMAAeSwzEtqqfbQ,2025 Bowman Draft Josiah Hartshorn Auto 1st Chrome #CPA-JHA Chicago Cubs OF,1,2026-09-19
draft_2025_anthony_eyanson_r3p87,Anthony Eyanson,2026,0,12,0,12,79.99,99.99,129.99,129.4075,129.99,249.0,79.99,https://www.ebay.com/itm/820120212394?_skw=%22Anthony+Eyanson%22+1st+Bowman+Chrome+auto&hash=itembef2f953aa:g:VBAAAeSw4ptqpf-1,https://www.ebay.com/itm/820120212394?_skw=%22Anthony+Eyanson%22+1st+Bowman+Chrome+auto&hash=itembef2f953aa:g:VBAAAeSw4ptqpf-1,Topps 2025 Bowman Draft Chrome Prospect Auto #CPA-AE Anthony Eyanson RC 1st,1,2026-09-19
draft_2024_brandon_butterworth_r12p360,Brandon Butterworth,2025,0,20,2,20,10.0,14.99,17.5,53.996,25.9975,600.0,10.0,https://www.ebay.com/itm/137749237033?_skw=%22Brandon+Butterworth%22+1st+Bowman+Chrome+auto&hash=item20127e8d29:g:KW8AAeSwSqxqrHVv,https://www.ebay.com/itm/137749237033?_skw=%22Brandon+Butterworth%22+1st+Bowman+Chrome+auto&hash=item20127e8d29:g:KW8AAeSwSqxqrHVv,2026 Bowman Chrome Brandon Butterworth 1st Bowman Auto,1,2026-09-19
draft_2023_nestor_german_r11p331,Nestor German,2024,0,0,0,0,,,,,,,,,,,0,2026-09-19
draft_2025_brandon_compton_r2p46,Brandon Compton,2026,0,14,0,14,24.99,34.730000000000004,44.99,55.2,69.99,100.0,24.99,https://www.ebay.com/itm/178507759661?_skw=%22Brandon+Compton%22+1st+Bowman+Chrome+auto&hash=item298fe4402d:g:i~AAAeSw2lNqrUrX,https://www.ebay.com/itm/178507759661?_skw=%22Brandon+Compton%22+1st+Bowman+Chrome+auto&hash=item298fe4402d:g:i~AAAeSw2lNqrUrX,2025 Bowman Draft Brandon Compton 1st Bowman Chrome Auto CPA-BCO Marlins,1,2026-09-19
draft_2024_bryce_mayer_r16p493,Bryce Mayer,2025,0,0,0,0,,,,,,,,,,,0,2026-09-19
ifa_703197,Michael Arroyo,2022,0,17,0,17,25.99,29.99,29.99,55.71941176470588,85.0,99.99,25.99,https://www.ebay.com/itm/355328428897?_skw=%22Michael+Arroyo%22+1st+Bowman+Chrome+auto&hash=item52bb398b61:g:0nwAAOSw1ZZkmluX,https://www.ebay.com/itm/355328428897?_skw=%22Michael+Arroyo%22+1st+Bowman+Chrome+auto&hash=item52bb398b61:g:0nwAAOSw1ZZkmluX,Michael Arroyo Seattle Mariners Auto Signed 2023 1st Bowman Chrome,1,2026-09-19
draft_2023_michael_forret_r14p421,Michael Forret,2024,0,0,0,0,,,,,,,,,,,0,2026-09-19
draft_2025_ike_irish_r1p19,Ike Irish,2026,0,22,1,22,39.99,45.9975,57.495000000000005,68.56045454545455,78.74,149.99,39.99,https://www.ebay.com/itm/158243310187?_skw=%22Ike+Irish%22+1st+Bowman+Chrome+auto&hash=item24d8094a6b:g:LuMAAeSwiipqla0Q,https://www.ebay.com/itm/158243310187?_skw=%22Ike+Irish%22+1st+Bowman+Chrome+auto&hash=item24d8094a6b:g:LuMAAeSwiipqla0Q,Ike Irish 2025 Bowman Draft #CPA-II Chrome Prospect Auto 1st,1,2026-09-19
draft_2024_tyson_hardin_r12p365,Tyson Hardin,2025,0,0,0,0,,,,,,,,,,,0,2026-09-19
draft_2024_austin_overn_r3p97,Austin Overn,2025,0,28,1,28,24.99,35.0,50.0,51.440357142857145,61.25,89.99,24.99,https://www.ebay.com/itm/318871904197?_skw=%22Austin+Overn%22+1st+Bowman+Chrome+auto&hash=item4a3e3f1fc5:g:4w0AAeSw3qdqqJDK,https://www.ebay.com/itm/318871904197?_skw=%22Austin+Overn%22+1st+Bowman+Chrome+auto&hash=item4a3e3f1fc5:g:4w0AAeSw3qdqqJDK,Austin Overn 2026 Bowman Chrome 1st Bowman Auto #CPA-AO Tampa Bay Rays,1,2026-09-19
draft_2023_jack_wenninger_r6p186,Jack Wenninger,2024,0,0,0,0,,,,,,,,,,,0,2026-09-19
ifa_699115,Carlos Jorge,2021,0,6,0,6,26.99,27.725,32.45,34.43833333333333,38.7425,47.75,26.99,https://www.ebay.com/itm/237061525249?_skw=%22Carlos+Jorge%22+1st+Bowman+Chrome+auto&hash=item3731f7cf01:g:BYQAAeSwDT9qouWm,https://www.ebay.com/itm/237061525249?_skw=%22Carlos+Jorge%22+1st+Bowman+Chrome+auto&hash=item3731f7cf01:g:BYQAAeSwDT9qouWm,2023 1st Bowman Chrome RC AUTO Carlos Jorge #CPA-CJ! Reds! Rookie! Autograph!,1,2026-09-19
ifa_800306,Jansel Luis,2022,0,11,0,11,15.0,19.97,19.99,28.082727272727272,22.5,100.0,15.0,https://www.ebay.com/itm/147482934009?_skw=%22Jansel+Luis%22+1st+Bowman+Chrome+auto&hash=item2256aafaf9:g:phMAAeSwFuJqcid8,https://www.ebay.com/itm/147482934009?_skw=%22Jansel+Luis%22+1st+Bowman+Chrome+auto&hash=item2256aafaf9:g:phMAAeSwFuJqcid8,2025 Bowman Jansel Luis 1st Chrome Auto #CPA-JLU,1,2026-09-19
draft_2023_kemp_alderman_r2p47,Kemp Alderman,2024,0,24,0,24,12.0,23.7425,30.0,35.910833333333336,35.0,129.99,12.0,https://www.ebay.com/itm/376731374511?_skw=%22Kemp+Alderman%22+1st+Bowman+Chrome+auto&hash=item57b6f093af:g:2SYAAeSwtItpJnB1,https://www.ebay.com/itm/376731374511?_skw=%22Kemp+Alderman%22+1st+Bowman+Chrome+auto&hash=item57b6f093af:g:2SYAAeSwtItpJnB1,Signed 2023 1st Bowman Draft Chrome Refractor Kemp Alderman #BDC-123 Miami Auto!,1,2026-09-19
ifa_815931,Yolfran Castillo,2024,0,2,0,2,39.99,39.9925,39.995000000000005,39.995000000000005,39.9975,40.0,39.99,https://www.ebay.com/itm/206391943912?_skw=%22Yolfran+Castillo%22+1st+Bowman+Chrome+auto&hash=item300deb22e8:g:2i4AAeSwC1VqSD0w,https://www.ebay.com/itm/206391943912?_skw=%22Yolfran+Castillo%22+1st+Bowman+Chrome+auto&hash=item300deb22e8:g:2i4AAeSwC1VqSD0w,2024 Bowman Chrome - YOLFRAN CASTILLO (Bowman 1st) - Chrome Auto - #CPA-YC,1,2026-09-19
ifa_813820,Chen-Wei Lin,2023,0,6,0,6,24.99,25.6175,28.725,32.483333333333334,35.6275,49.95,24.99,https://www.ebay.com/itm/365689788073?_skw=%22Chen-Wei+Lin%22+1st+Bowman+Chrome+auto&hash=item5524cf56a9:g:m~4AAeSwEvtoWeHf,https://www.ebay.com/itm/365689788073?_skw=%22Chen-Wei+Lin%22+1st+Bowman+Chrome+auto&hash=item5524cf56a9:g:m~4AAeSwEvtoWeHf,2025 Bowman Chen-Wei Lin Chrome Auto 1st #CPA-CL🔥🔥,1,2026-09-19
draft_2023_ty_johnson_r15p446,Ty Johnson,2024,0,0,0,0,,,,,,,,,,,0,2026-09-19
draft_2024_khadim_diaw_r3p96,Khadim Diaw,2025,0,21,0,21,10.0,12.0,15.0,23.962380952380954,19.99,100.0,10.0,https://www.ebay.com/itm/187533846133?_skw=%22Khadim+Diaw%22+1st+Bowman+Chrome+auto&hash=item2ba9e36675:g:SdUAAeSw-SVotQ~X,https://www.ebay.com/itm/187533846133?_skw=%22Khadim+Diaw%22+1st+Bowman+Chrome+auto&hash=item2ba9e36675:g:SdUAAeSw-SVotQ~X,2025 Bowman Khadim Diaw Chrome Auto 1st #CPA-KDW Twins,1,2026-09-19
draft_2025_murf_gray_r2p73,Murf Gray,2026,0,14,0,14,65.0,76.2475,95.0,93.56642857142857,100.0,129.95,65.0,https://www.ebay.com/itm/800677657981?_skw=%22Murf+Gray%22+1st+Bowman+Chrome+auto&hash=itemba6c1b7d7d:g:8uYAAeSwTbZqrGgg,https://www.ebay.com/itm/800677657981?_skw=%22Murf+Gray%22+1st+Bowman+Chrome+auto&hash=itemba6c1b7d7d:g:8uYAAeSwTbZqrGgg,2025 Bowman Draft Chrome Murf Gray #CPA-MG 1st Bowman On Card Auto Pirates,1,2026-09-19
draft_2023_raudi_rodriguez_r19p564,Raudi Rodriguez,2024,0,26,1,26,14.99,19.99,26.34,34.975,37.435,168.0,14.99,https://www.ebay.com/itm/800623451723?_skw=%22Raudi+Rodriguez%22+1st+Bowman+Chrome+auto&hash=itemba68e05e4b:g:xVoAAeSw131qngEB,https://www.ebay.com/itm/800623451723?_skw=%22Raudi+Rodriguez%22+1st+Bowman+Chrome+auto&hash=itemba68e05e4b:g:xVoAAeSw131qngEB,"2024 Bowman Chrome Prospect 1st Auto Raudi Rodriguez #CPA-RR (AU, RC) Angels A1",1,2026-09-19
draft_2023_rj_schreck_r9p277,RJ Schreck,2024,0,11,0,11,7.0,9.48,11.99,12.194545454545455,14.62,19.99,7.0,https://www.ebay.com/itm/406918671815?_skw=%22RJ+Schreck%22+1st+Bowman+Chrome+auto&hash=item5ebe3e2dc7:g:V3oAAeSwWi9qAXgA,https://www.ebay.com/itm/406918671815?_skw=%22RJ+Schreck%22+1st+Bowman+Chrome+auto&hash=item5ebe3e2dc7:g:V3oAAeSwWi9qAXgA,2025 1st Bowman Chrome - Prospect Autographs RJ Schreck ON CARD AUTO,1,2026-09-19
draft_2024_patrick_clohisy_r11p341,Patrick Clohisy,2025,0,0,0,0,,,,,,,,,,,0,2026-09-19
draft_2024_wyatt_sanford_r2p47,Wyatt Sanford,2025,0,28,0,28,10.0,39.480000000000004,42.17,42.86392857142857,48.4975,65.0,10.0,https://www.ebay.com/itm/407209098806?_skw=%22Wyatt+Sanford%22+1st+Bowman+Chrome+auto&hash=item5ecf8dbe36:g:sdgAAeSwf55qo904,https://www.ebay.com/itm/407209098806?_skw=%22Wyatt+Sanford%22+1st+Bowman+Chrome+auto&hash=item5ecf8dbe36:g:sdgAAeSwf55qo904,Topps 2024 Bowman Chrome 1st Bowman Auto Wyatt Sanford #BCP-66 Pirates,1,2026-09-19
draft_2022_dylan_orae_r3p102,Dylan O'Rae,2023,0,16,0,16,8.95,14.9975,26.5,25.543125,29.99,65.0,8.95,https://www.ebay.com/itm/257699759734?_skw=%22Dylan+O%27Rae%22+1st+Bowman+Chrome+auto&hash=item3c001a4676:g:okwAAeSwvCNqTRXk,https://www.ebay.com/itm/257699759734?_skw=%22Dylan+O%27Rae%22+1st+Bowman+Chrome+auto&hash=item3c001a4676:g:okwAAeSwvCNqTRXk,2023 1st Bowman-Chrome Auto #CPA-LRA Luis Ravelo+20231stbow.L.G.Refr.Dylan O'Rae,1,2026-09-19
draft_2023_mike_boeve_r2p54,Mike Boeve,2024,0,1,0,1,19.99,19.99,19.99,19.99,19.99,19.99,19.99,https://www.ebay.com/itm/297220859136?_skw=%22Mike+Boeve%22+1st+Bowman+Chrome+auto&hash=item4533be6500:g:yDEAAeSwQcNn~yUq,https://www.ebay.com/itm/297220859136?_skw=%22Mike+Boeve%22+1st+Bowman+Chrome+auto&hash=item4533be6500:g:yDEAAeSwQcNn~yUq,Mike Boeve 1st Bowman Chrome Class Of 2023 Auto #23A-MB,1,2026-09-19
draft_2024_john_holobetz_r5p156,John Holobetz,2025,0,0,0,0,,,,,,,,,,,0,2026-09-19
ifa_821692,Cristian Arguelles,2024,0,15,0,15,49.95,57.49,69.99,81.32133333333333,100.0,175.0,49.95,https://www.ebay.com/itm/377391125658?_skw=%22Cristian+Arguelles%22+1st+Bowman+Chrome+auto&hash=item57de43949a:g:-9QAAeSwROhqcI83,https://www.ebay.com/itm/377391125658?_skw=%22Cristian+Arguelles%22+1st+Bowman+Chrome+auto&hash=item57de43949a:g:-9QAAeSwROhqcI83,Cristian Arguelles 2025 Bowman Chrome 1st Prospect Auto CPA-CAR,1,2026-09-19
draft_2024_duce_gourson_r9p264,Duce Gourson,2025,0,0,0,0,,,,,,,,,,,0,2026-09-19
ifa_829854,Luis Arana,2025,0,19,0,19,14.99,24.5,28.0,33.66473684210526,47.495000000000005,59.99,14.99,https://www.ebay.com/itm/227490036302?_skw=%22Luis+Arana%22+1st+Bowman+Chrome+auto&hash=item34f7767a4e:g:viYAAeSwfPFqjLAe,https://www.ebay.com/itm/227490036302?_skw=%22Luis+Arana%22+1st+Bowman+Chrome+auto&hash=item34f7767a4e:g:viYAAeSwfPFqjLAe,Topps Luis Arana Miami Marlins 2026 Bowman Chrome Prospect Auto 1st #CPA-LA,1,2026-09-19
draft_2024_walker_janek_r1p28,Walker Janek,2025,0,20,0,20,9.99,15.7425,19.99,32.8225,27.48,100.0,9.99,https://www.ebay.com/itm/278320563208?_skw=%22Walker+Janek%22+1st+Bowman+Chrome+auto&hash=item40cd32c408:g:X5cAAeSwPgVqkcnL,https://www.ebay.com/itm/278320563208?_skw=%22Walker+Janek%22+1st+Bowman+Chrome+auto&hash=item40cd32c408:g:X5cAAeSwPgVqkcnL,2025 Bowman Chrome Prospects Walker Janek Astros RC Rookie 1st Bowman Auto Sp,1,2026-09-19
draft_2024_dalton_pence_r11p345,Dalton Pence,2025,0,0,0,0,,,,,,,,,,,0,2026-09-19
ifa_821150,Enddy Azocar,2024,0,11,0,11,40.0,58.99,60.0,88.5190909090909,75.0,325.0,40.0,https://www.ebay.com/itm/267740760636?_skw=%22Enddy+Azocar%22+1st+Bowman+Chrome+auto&hash=item3e5697ca3c:g:ONkAAeSwBEtqZ6ik,https://www.ebay.com/itm/267740760636?_skw=%22Enddy+Azocar%22+1st+Bowman+Chrome+auto&hash=item3e5697ca3c:g:ONkAAeSwBEtqZ6ik,Enddy Azocar Auto 1st Bowman Chrome Laser Refractor 2026,1,2026-09-19
ifa_803244,Eliazar Dishmey,2022,0,0,0,0,,,,,,,,,,,0,2026-09-19
draft_2024_ben_hess_r1p26,Ben Hess,2025,0,19,0,19,24.99,29.994999999999997,31.95,39.305263157894736,44.985,89.99,24.99,https://www.ebay.com/itm/257735431071?_skw=%22Ben+Hess%22+1st+Bowman+Chrome+auto&hash=item3c023a939f:g:GyoAAeSwEfBqouTI,https://www.ebay.com/itm/257735431071?_skw=%22Ben+Hess%22+1st+Bowman+Chrome+auto&hash=item3c023a939f:g:GyoAAeSwEfBqouTI,Ben Hess 2024 Bowman Chrome Draft 1st Bowman On-Card Auto #CPA-BH NY Yankees!,1,2026-09-19
draft_2023_pascanel_ferreras_r20p614,Pascanel Ferreras,2024,0,4,0,4,9.99,13.74,17.495,28.245,32.0,68.0,9.99,https://www.ebay.com/itm/158291500817?_skw=%22Pascanel+Ferreras%22+1st+Bowman+Chrome+auto&hash=item24dae89f11:g:ibYAAeSwXiNqaJTJ,https://www.ebay.com/itm/158291500817?_skw=%22Pascanel+Ferreras%22+1st+Bowman+Chrome+auto&hash=item24dae89f11:g:ibYAAeSwXiNqaJTJ,PASCANEL FERRERAS 2024 Bowman Chrome 1st Bowman AUTO #CPA-PF. Astros,1,2026-09-19
draft_2022_brooks_brannon_r9p279,Brooks Brannon,2023,0,0,0,0,,,,,,,,,,,0,2026-09-19
draft_2025_henry_godbout_r2p75,Henry Godbout,2026,0,0,0,0,,,,,,,,,,,0,2026-09-19
draft_2025_jake_munroe_r4p109,Jake Munroe,2026,0,15,0,15,17.15,20.994999999999997,25.0,99.468,37.49,1099.99,17.15,https://www.ebay.com/itm/366643133911?_skw=%22Jake+Munroe%22+1st+Bowman+Chrome+auto&hash=item555da23dd7:g:SAYAAeSwWihql28~,https://www.ebay.com/itm/366643133911?_skw=%22Jake+Munroe%22+1st+Bowman+Chrome+auto&hash=item555da23dd7:g:SAYAAeSwWihql28~,2025 Bowman Draft Jake Munroe Chrome Auto Autograph 1st Prospect #CPA-JMU Angels,1,2026-09-19
draft_2022_gage_stanifer_r19p578,Gage Stanifer,2023,0,5,0,5,12.99,12.99,12.99,17.45,16.29,31.99,12.99,https://www.ebay.com/itm/236982304007?_skw=%22Gage+Stanifer%22+1st+Bowman+Chrome+auto&hash=item372d3efd07:g:vt4AAeSwS0BqcP7b,https://www.ebay.com/itm/236982304007?_skw=%22Gage+Stanifer%22+1st+Bowman+Chrome+auto&hash=item372d3efd07:g:vt4AAeSwS0BqcP7b,GAGE STANIFER 2026 Bowman Chrome Auto 1st CPA-GS,1,2026-09-19
draft_2025_aaron_walton_r2p66,Aaron Walton,2026,0,18,0,18,15.0,21.2475,25.55,38.72277777777778,38.74,100.0,15.0,https://www.ebay.com/itm/377501590286?_skw=%22Aaron+Walton%22+1st+Bowman+Chrome+auto&hash=item57e4d9230e:g:AtIAAeSwnkFqq1BO,https://www.ebay.com/itm/377501590286?_skw=%22Aaron+Walton%22+1st+Bowman+Chrome+auto&hash=item57e4d9230e:g:AtIAAeSwnkFqq1BO,2025 Bowman Chrome Aaron Walton 1st Bowman Auto CPA-AWA Cleveland Guardians,1,2026-09-19
ifa_700321,Andy Perez,2021,0,6,0,6,10.0,19.9625,20.0,19.314999999999998,22.2275,22.97,10.0,https://www.ebay.com/itm/256624170816?_skw=%22Andy+Perez%22+1st+Bowman+Chrome+auto&hash=item3bbffe1740:g:VDwAAOSw74tm1LG8,https://www.ebay.com/itm/256624170816?_skw=%22Andy+Perez%22+1st+Bowman+Chrome+auto&hash=item3bbffe1740:g:VDwAAOSw74tm1LG8,2023 BOWMAN CHROME 1ST PROSPECT AUTO ANDY PEREZ ROCKIES,1,2026-09-19
ifa_815195,Wilder Dalis,2023,0,27,1,27,38.99,45.0,49.99,59.433703703703706,54.45,257.99,38.99,https://www.ebay.com/itm/820114747701?_skw=%22Wilder+Dalis%22+1st+Bowman+Chrome+auto&hash=itembef2a5f135:g:S-wAAeSwpr5qpCD-,https://www.ebay.com/itm/820114747701?_skw=%22Wilder+Dalis%22+1st+Bowman+Chrome+auto&hash=itembef2a5f135:g:S-wAAeSwpr5qpCD-,WILDER DALIS 2026 Bowman Chrome 1st Auto Rockies #CPA-WD,1,2026-09-19
ifa_700164,Bryant Betancourt,2021,0,13,0,13,5.99,11.99,14.99,13.95076923076923,14.99,20.0,5.99,https://www.ebay.com/itm/237074683871?_skw=%22Bryant+Betancourt%22+1st+Bowman+Chrome+auto&hash=item3732c097df:g:zyEAAeSw6BlqrKhL,https://www.ebay.com/itm/237074683871?_skw=%22Bryant+Betancourt%22+1st+Bowman+Chrome+auto&hash=item3732c097df:g:zyEAAeSw6BlqrKhL,2023 Bowman Chrome 1st Bryant Betancourt AUTO on Card #CPA-BB Colorado Rockies,1,2026-09-19
draft_2024_jd_dix_r1p35,JD Dix,2025,0,16,0,16,14.99,29.99,32.5,39.101875,52.4975,60.0,14.99,https://www.ebay.com/itm/188919111028?_skw=%22JD+Dix%22+1st+Bowman+Chrome+auto&hash=item2bfc74dd74:g:hVsAAeSwxbpqpMKp,https://www.ebay.com/itm/188919111028?_skw=%22JD+Dix%22+1st+Bowman+Chrome+auto&hash=item2bfc74dd74:g:hVsAAeSwxbpqpMKp,2024 Bowman Draft - JD Dix 1st Bowman Chrome Auto #CPA-JD,1,2026-09-19
ifa_694214,Samuel Zavala,2021,0,11,0,11,16.99,29.99,29.99,92.41545454545455,139.99,299.99,16.99,https://www.ebay.com/itm/257746994168?_skw=%22Samuel+Zavala%22+1st+Bowman+Chrome+auto&hash=item3c02eb03f8:g:WKwAAeSwH2Jqqu6D,https://www.ebay.com/itm/257746994168?_skw=%22Samuel+Zavala%22+1st+Bowman+Chrome+auto&hash=item3c02eb03f8:g:WKwAAeSwH2Jqqu6D,2022 Bowman Chrome Prospects Samuel Zavala Auto San Diego Padres #BCP-203 1st,1,2026-09-19
ifa_827734,Wei-En Lin,2025,0,8,0,8,95.44,142.5,165.0,211.8025,191.7475,599.99,95.44,https://www.ebay.com/itm/287590284923?_skw=%22Wei-En+Lin%22+1st+Bowman+Chrome+auto&hash=item42f5b77e7b:g:YnsAAeSw0l5qqqul,https://www.ebay.com/itm/287590284923?_skw=%22Wei-En+Lin%22+1st+Bowman+Chrome+auto&hash=item42f5b77e7b:g:YnsAAeSw0l5qqqul,2026 Bowman Chrome Wei-En Lin Auto 1st Prospect Athletics #CPA-WL Topps SEALED,1,2026-09-19
draft_2025_tanner_franklin_r2p72,Tanner Franklin,2026,0,8,1,8,30.0,37.9975,49.995000000000005,69.99625,53.4925,250.0,30.0,https://www.ebay.com/itm/147482589477?_skw=%22Tanner+Franklin%22+1st+Bowman+Chrome+auto&hash=item2256a5b925:g:ELkAAeSwSwhqcfJJ,https://www.ebay.com/itm/147482589477?_skw=%22Tanner+Franklin%22+1st+Bowman+Chrome+auto&hash=item2256a5b925:g:ELkAAeSwSwhqcfJJ,2025 Bowman Draft Tanner Franklin 1st Chrome Auto #CPA-TF,1,2026-09-19
ifa_700072,Yaqui Rivera,2021,0,0,0,0,,,,,,,,,,,0,2026-09-19
draft_2024_brooks_caple_r9p272,Brooks Caple,2025,0,0,0,0,,,,,,,,,,,0,2026-09-19
draft_2025_zachary_root_r1p40,Zachary Root,2026,0,0,0,0,,,,,,,,,,,0,2026-09-19
draft_2022_adam_serwinowski_r15p453,Adam Serwinowski,2023,0,7,0,7,13.99,18.97,24.99,23.127142857142857,27.49,29.99,13.99,https://www.ebay.com/itm/137727156387?_skw=%22Adam+Serwinowski%22+1st+Bowman+Chrome+auto&hash=item20112da0a3:g:8mMAAeSw3qdqpM4t,https://www.ebay.com/itm/137727156387?_skw=%22Adam+Serwinowski%22+1st+Bowman+Chrome+auto&hash=item20112da0a3:g:8mMAAeSw3qdqpM4t,Adam Serwinowski 2024 Bowman Chrome 1st Rookie Auto Dodgers Prospect RC,1,2026-09-19
draft_2023_tucker_musgrove_r7p221,Tucker Musgrove,2024,0,0,0,0,,,,,,,,,,,0,2026-09-19
draft_2024_caden_favors_r6p175,Caden Favors,2025,0,0,0,0,,,,,,,,,,,0,2026-09-19
draft_2023_mac_horvath_r2p53,Mac Horvath,2024,0,1,0,1,19.99,19.99,19.99,19.99,19.99,19.99,19.99,https://www.ebay.com/itm/365188957798?_skw=%22Mac+Horvath%22+1st+Bowman+Chrome+auto&hash=item5506f54666:g:f90AAOSwbcxnFbpN,https://www.ebay.com/itm/365188957798?_skw=%22Mac+Horvath%22+1st+Bowman+Chrome+auto&hash=item5506f54666:g:f90AAOSwbcxnFbpN,2023 Bowman Draft Chrome Mac Horvath 1st Refractor On Card Auto #BD-90,1,2026-09-19
draft_2024_david_hagaman_r4p133,David Hagaman,2025,0,0,0,0,,,,,,,,,,,0,2026-09-19
draft_2023_cole_conn_r12p346,Cole Conn,2024,0,0,0,0,,,,,,,,,,,0,2026-09-19
ifa_800231,Won-Bin Cho,2022,0,12,0,12,20.0,28.5525,40.99,51.163333333333334,74.99,100.0,20.0,https://www.ebay.com/itm/147513094452?_skw=%22Won-Bin+Cho%22+1st+Bowman+Chrome+auto&hash=item2258773134:g:xbUAAeSwbLhqhHub,https://www.ebay.com/itm/147513094452?_skw=%22Won-Bin+Cho%22+1st+Bowman+Chrome+auto&hash=item2258773134:g:xbUAAeSwbLhqhHub,2022 Bowman Chrome - Prospect Autographs Won-Bin Cho #CPA-WC 1st Auto Cardinals,1,2026-09-19
draft_2023_tavian_josenberger_r3p100,Tavian Josenberger,2024,0,34,0,34,3.99,8.3275,26.9,38.3235294117647,68.0,68.0,3.99,https://www.ebay.com/itm/397402865544?_skw=%22Tavian+Josenberger%22+1st+Bowman+Chrome+auto&hash=item5c870e7f88:g:DoYAAeSwRw5pQvfs,https://www.ebay.com/itm/397402865544?_skw=%22Tavian+Josenberger%22+1st+Bowman+Chrome+auto&hash=item5c870e7f88:g:DoYAAeSwRw5pQvfs,2024 Bowman Tavian Josenberger Chrome Auto 1st #CPA-TJ Orioles,1,2026-09-19
draft_2023_jake_gelof_r2p60,Jake Gelof,2024,0,0,0,0,,,,,,,,,,,0,2026-09-19
ifa_806988,Welbyn Francisca,2023,0,13,0,13,35.0,41.95,59.95,70.68,64.0,149.99,35.0,https://www.ebay.com/itm/366654919364?_skw=%22Welbyn+Francisca%22+1st+Bowman+Chrome+auto&hash=item555e5612c4:g:h50AAeSw9aVqny8T,https://www.ebay.com/itm/366654919364?_skw=%22Welbyn+Francisca%22+1st+Bowman+Chrome+auto&hash=item555e5612c4:g:h50AAeSw9aVqny8T,2023 Welbyn Francisca 1st Bowman Chrome Auto Guardians,1,2026-09-19
draft_2023_adrian_santana_r1p31,Adrian Santana,2024,0,13,0,13,5.99,15.0,17.99,18.967692307692307,21.44,39.95,5.99,https://www.ebay.com/itm/336788371678?_skw=%22Adrian+Santana%22+1st+Bowman+Chrome+auto&hash=item4e6a26b8de:g:SXIAAOSwMIdle19Y,https://www.ebay.com/itm/336788371678?_skw=%22Adrian+Santana%22+1st+Bowman+Chrome+auto&hash=item4e6a26b8de:g:SXIAAOSwMIdle19Y,2023 Bowman Chrome Draft Adrian Santana 1st Auto #CDA-AS Tampa Bay Rays,1,2026-09-19
ifa_801276,Juan Matheus,2022,0,0,0,0,,,,,,,,,,,0,2026-09-19
draft_2023_lucas_braun_r6p189,Lucas Braun,2024,0,0,0,0,,,,,,,,,,,0,2026-09-19
ifa_694211,Manuel Pena,2021,0,0,0,0,,,,,,,,,,,0,2026-09-19
draft_2025_easton_carmichael_r3p82,Easton Carmichael,2026,0,16,1,16,28.99,47.46000000000001,64.995,137.929375,100.0,1199.99,28.99,https://www.ebay.com/itm/377444846487?_skw=%22Easton+Carmichael%22+1st+Bowman+Chrome+auto&hash=item57e1774b97:g:j3IAAeSwWaNqjLf1,https://www.ebay.com/itm/377444846487?_skw=%22Easton+Carmichael%22+1st+Bowman+Chrome+auto&hash=item57e1774b97:g:j3IAAeSwWaNqjLf1,2025 Bowman Draft Chrome EASTON CARMICHAEL Auto 1st Autograph Pirates On-Card SP,1,2026-09-19
draft_2023_patrick_copen_r7p220,Patrick Copen,2024,0,34,0,34,8.0,10.462499999999999,13.225,19.472058823529412,19.99,99.0,8.0,https://www.ebay.com/itm/398391294999?_skw=%22Patrick+Copen%22+1st+Bowman+Chrome+auto&hash=item5cc1f8bc17:g:Y4kAAeSwqcpqpumV,https://www.ebay.com/itm/398391294999?_skw=%22Patrick+Copen%22+1st+Bowman+Chrome+auto&hash=item5cc1f8bc17:g:Y4kAAeSwqcpqpumV,2026 Bowman Chrome Patrick Copen 1st Bowman Auto #CPA-PC LA Dodgers,1,2026-09-19
draft_2024_brandt_thompson_r17p501,Brandt Thompson,2025,0,0,0,0,,,,,,,,,,,0,2026-09-19
ifa_815212,Keyner Martinez,2024,0,32,0,32,9.95,12.375,19.49,22.449375,29.9925,49.95,9.95,https://www.ebay.com/itm/206556954989?_skw=%22Keyner+Martinez%22+1st+Bowman+Chrome+auto&hash=item3017c1016d:g:QEwAAeSwS5hqqCuL,https://www.ebay.com/itm/206556954989?_skw=%22Keyner+Martinez%22+1st+Bowman+Chrome+auto&hash=item3017c1016d:g:QEwAAeSwS5hqqCuL,2026 Bowman Chrome 1st Auto Keyner Martinez #CPA-KMA Giants,1,2026-09-19
draft_2025_caden_hunter_r6p184,Caden Hunter,2026,0,0,0,0,,,,,,,,,,,0,2026-09-19
draft_2024_fenwick_trimble_r4p122,Fenwick Trimble,2025,0,9,0,9,12.99,14.99,16.97,25.653333333333332,19.99,68.0,12.99,https://www.ebay.com/itm/227447419717?_skw=%22Fenwick+Trimble%22+1st+Bowman+Chrome+auto&hash=item34f4ec3345:g:58oAAeSwQw5qZPbp,https://www.ebay.com/itm/227447419717?_skw=%22Fenwick+Trimble%22+1st+Bowman+Chrome+auto&hash=item34f4ec3345:g:58oAAeSwQw5qZPbp,2024 Bowman Draft FENWICK TRIMBLE 1st Chrome Prospect AUTO Miami Marlins #CPA-FT,1,2026-09-19
draft_2024_connor_wietgrefe_r7p204,Connor Wietgrefe,2025,0,0,0,0,,,,,,,,,,,0,2026-09-19
draft_2024_sebastian_gongora_r11p339,Sebastian Gongora,2025,0,0,0,0,,,,,,,,,,,0,2026-09-19
draft_2025_luke_stevenson_r1p35,Luke Stevenson,2026,0,0,0,0,,,,,,,,,,,0,2026-09-19
draft_2023_colton_ledbetter_r2p55,Colton Ledbetter,2024,0,12,0,12,7.99,9.98,14.615,20.289166666666667,19.8275,74.99,7.99,https://www.ebay.com/itm/287555097978?_skw=%22Colton+Ledbetter%22+1st+Bowman+Chrome+auto&hash=item42f39e957a:g:6bcAAeSwIK1qlMEw,https://www.ebay.com/itm/287555097978?_skw=%22Colton+Ledbetter%22+1st+Bowman+Chrome+auto&hash=item42f39e957a:g:6bcAAeSwIK1qlMEw,2023 Bowman Draft Colton Ledbetter #CDA-CL Chrome Auto 1st Prospect Rays,1,2026-09-19
ifa_821107,Yairo Padilla,2024,0,33,0,33,24.99,29.99,35.0,42.232727272727274,39.99,100.0,24.99,https://www.ebay.com/itm/227497082850?_skw=%22Yairo+Padilla%22+1st+Bowman+Chrome+auto&hash=item34f7e1ffe2:g:W0IAAeSwzkRqk161,https://www.ebay.com/itm/227497082850?_skw=%22Yairo+Padilla%22+1st+Bowman+Chrome+auto&hash=item34f7e1ffe2:g:W0IAAeSwzkRqk161,2025 Bowman Chrome Yairo Padilla Auto 1st #CPA-YP St. Louis Cardinals,1,2026-09-19
draft_2024_brendan_jones_r12p361,Brendan Jones,2025,0,30,0,30,5.99,12.4975,15.0,16.295666666666666,15.7425,39.99,5.99,https://www.ebay.com/itm/366674670846?_skw=%22Brendan+Jones%22+1st+Bowman+Chrome+auto&hash=item555f8374fe:g:NX0AAeSwS5hqq-4f,https://www.ebay.com/itm/366674670846?_skw=%22Brendan+Jones%22+1st+Bowman+Chrome+auto&hash=item555f8374fe:g:NX0AAeSwS5hqq-4f,BRENDAN JONES 2026 BOWMAN CHROME 1ST AUTOGRAPH AUTO #CPA-BJ MARLINS Q3967,1,2026-09-19
ifa_694196,Diego Velasquez,2021,0,3,0,3,5.0,7.495,9.99,9.996666666666666,12.495000000000001,15.0,5.0,https://www.ebay.com/itm/257653990321?_skw=%22Diego+Velasquez%22+1st+Bowman+Chrome+auto&hash=item3bfd5fe3b1:g:U2MAAeSwrptqbXhH,https://www.ebay.com/itm/257653990321?_skw=%22Diego+Velasquez%22+1st+Bowman+Chrome+auto&hash=item3bfd5fe3b1:g:U2MAAeSwrptqbXhH,Diego Velasquez 1st Bowman Chrome Auto San Francisco Giants,1,2026-09-19
ifa_694230,Hendry Mendez,2021,0,11,0,11,9.95,27.49,39.99,41.26,49.99,89.99,9.95,https://www.ebay.com/itm/406979306771?_skw=%22Hendry+Mendez%22+1st+Bowman+Chrome+auto&hash=item5ec1db6513:g:wCAAAeSwk1BqJERZ,https://www.ebay.com/itm/406979306771?_skw=%22Hendry+Mendez%22+1st+Bowman+Chrome+auto&hash=item5ec1db6513:g:wCAAAeSwk1BqJERZ,2022 Bowman Chrome Prospects - Hendry Mendez #BCP-88 Auto Autograph MIL PHI 1st,1,2026-09-19
draft_2025_tate_southisene_r1p22,Tate Southisene,2026,0,12,1,12,46.74,54.9975,58.495000000000005,63.806666666666665,71.24249999999999,99.99,46.74,https://www.ebay.com/itm/336792776296?_skw=%22Tate+Southisene%22+1st+Bowman+Chrome+auto&hash=item4e6a69ee68:g:qjUAAeSwLgNqp1Ks,https://www.ebay.com/itm/336792776296?_skw=%22Tate+Southisene%22+1st+Bowman+Chrome+auto&hash=item4e6a69ee68:g:qjUAAeSwLgNqp1Ks,2025 Bowman Chrome Draft Tate Southisene Auto 1st #CPA-TS Atlanta Braves,1,2026-09-19
ifa_815897,Robert Arias,2024,0,9,0,9,22.5,39.99,45.0,47.82888888888889,56.99,68.0,22.5,https://www.ebay.com/itm/147539286492?_skw=%22Robert+Arias%22+1st+Bowman+Chrome+auto&hash=item225a06d9dc:g:AfUAAeSwkhFqlRQv,https://www.ebay.com/itm/147539286492?_skw=%22Robert+Arias%22+1st+Bowman+Chrome+auto&hash=item225a06d9dc:g:AfUAAeSwkhFqlRQv,Topps 2024 Bowman Chrome Prospect Autographs Robert Arias CPA-RA Auto 1st RC,1,2026-09-19
draft_2024_dillon_lewis_r13p391,Dillon Lewis,2025,0,0,0,0,,,,,,,,,,,0,2026-09-19
draft_2024_kash_mayfield_r1p25,Kash Mayfield,2025,0,17,0,17,18.99,24.0,31.49,33.83294117647059,39.3,66.0,18.99,https://www.ebay.com/itm/168675289109?_skw=%22Kash+Mayfield%22+1st+Bowman+Chrome+auto&hash=item2745d4a815:g:N9kAAeSwFu5qoQ3L,https://www.ebay.com/itm/168675289109?_skw=%22Kash+Mayfield%22+1st+Bowman+Chrome+auto&hash=item2745d4a815:g:N9kAAeSwFu5qoQ3L,Kash Mayfield 2024 Bowman Draft Chrome 1st Auto #CPA-KM Padres,1,2026-09-19
draft_2024_austin_gordon_r4p110,Austin Gordon,2025,0,0,0,0,,,,,,,,,,,0,2026-09-19
draft_2024_jacob_kisting_r14p428,Jacob Kisting,2025,0,0,0,0,,,,,,,,,,,0,2026-09-19
draft_2025_luke_hill_r4p132,Luke Hill,2026,0,0,0,0,,,,,,,,,,,0,2026-09-19
draft_2023_braxton_bragg_r8p241,Braxton Bragg,2024,0,0,0,0,,,,,,,,,,,0,2026-09-19
ifa_808024,Carlos Virahonda,2023,0,20,0,20,20.0,23.1225,28.99,31.883,36.75,65.0,20.0,https://www.ebay.com/itm/257658947300?_skw=%22Carlos+Virahonda%22+1st+Bowman+Chrome+auto&hash=item3bfdab86e4:g:LH0AAeSwEmJqGRPh,https://www.ebay.com/itm/257658947300?_skw=%22Carlos+Virahonda%22+1st+Bowman+Chrome+auto&hash=item3bfdab86e4:g:LH0AAeSwEmJqGRPh,2026 Bowman Chrome 1st Carlos Virahonda Prospect Autograph Auto D'Backs,1,2026-09-19
ifa_823369,Yhoiker Fajardo,2024,0,0,0,0,,,,,,,,,,,0,2026-09-19
draft_2023_tai_peete_r1p30,Tai Peete,2024,0,10,0,10,34.99,41.75,50.0,58.297,73.7475,100.0,34.99,https://www.ebay.com/itm/178450809341?_skw=%22Tai+Peete%22+1st+Bowman+Chrome+auto&hash=item298c7f41fd:g:iMcAAeSwe9ZqkyPD,https://www.ebay.com/itm/178450809341?_skw=%22Tai+Peete%22+1st+Bowman+Chrome+auto&hash=item298c7f41fd:g:iMcAAeSwe9ZqkyPD,Tai Peete 2023 Bowman Draft Chrome 1st Auto RC #CDA-TP - St. Louis Cardinals,1,2026-09-19
draft_2023_jackson_nezuh_r14p434,Jackson Nezuh,2024,0,0,0,0,,,,,,,,,,,0,2026-09-19
draft_2024_luke_sinnard_r3p99,Luke Sinnard,2025,0,0,0,0,,,,,,,,,,,0,2026-09-19
draft_2023_cam_minacci_r6p174,Cam Minacci,2024,0,0,0,0,,,,,,,,,,,0,2026-09-19
draft_2023_garrett_baumann_r4p126,Garrett Baumann,2024,0,0,0,0,,,,,,,,,,,0,2026-09-19
ifa_699114,Leo Balcazar,2021,0,0,0,0,,,,,,,,,,,0,2026-09-19
draft_2024_khal_stephen_r2p59,Khal Stephen,2025,0,8,1,8,12.5,12.99,14.120000000000001,17.4,18.115,35.0,12.5,https://www.ebay.com/itm/800547704374?_skw=%22Khal+Stephen%22+1st+Bowman+Chrome+auto&hash=itemba645c8e36:g:stsAAeSwv9NqiTk3,https://www.ebay.com/itm/800547704374?_skw=%22Khal+Stephen%22+1st+Bowman+Chrome+auto&hash=itemba645c8e36:g:stsAAeSwv9NqiTk3,2024 Topps Bowman Chrome Prospect Autos Khal Stephen 1st Bowman Auto CPA-KS,1,2026-09-19
draft_2025_colby_shelton_r6p166,Colby Shelton,2026,0,0,0,0,,,,,,,,,,,0,2026-09-19
draft_2025_rory_fox_r6p194,Rory Fox,2026,0,0,0,0,,,,,,,,,,,0,2026-09-19
draft_2023_javen_coleman_r16p490,Javen Coleman,2024,0,0,0,0,,,,,,,,,,,0,2026-09-19
draft_2024_mason_molina_r7p215,Mason Molina,2025,0,0,0,0,,,,,,,,,,,0,2026-09-19
draft_2025_ethan_petry_r2p49,Ethan Petry,2026,0,12,0,12,24.95,37.2425,52.5,58.16,75.0,100.0,24.95,https://www.ebay.com/itm/307167741990?_skw=%22Ethan+Petry%22+1st+Bowman+Chrome+auto&hash=item47849fc826:g:e5UAAeSwvr5qmh4N,https://www.ebay.com/itm/307167741990?_skw=%22Ethan+Petry%22+1st+Bowman+Chrome+auto&hash=item47849fc826:g:e5UAAeSwvr5qmh4N,2025 Bowman Chrome 1st Ethan Petry 1st Bowman Chrome Auto Autograph,1,2026-09-19
ifa_703190,Johanfran Garcia,2022,0,4,0,4,17.98,26.995,31.25,145.12,149.375,500.0,17.98,https://www.ebay.com/itm/237060395690?_skw=%22Johanfran+Garcia%22+1st+Bowman+Chrome+auto&hash=item3731e692aa:g:RzoAAeSwD1Vqohfa,https://www.ebay.com/itm/237060395690?_skw=%22Johanfran+Garcia%22+1st+Bowman+Chrome+auto&hash=item3731e692aa:g:RzoAAeSwD1Vqohfa,2024 Bowman Chrome 1st Auto Johanfran Garcia CPA-JG,1,2026-09-19
draft_2024_sam_petersen_r8p230,Sam Petersen,2025,0,20,0,20,10.0,18.0,18.0,25.5985,33.5,75.0,10.0,https://www.ebay.com/itm/407201240920?_skw=%22Sam+Petersen%22+1st+Bowman+Chrome+auto&hash=item5ecf15d758:g:aAoAAeSwWEVqn8mu,https://www.ebay.com/itm/407201240920?_skw=%22Sam+Petersen%22+1st+Bowman+Chrome+auto&hash=item5ecf15d758:g:aAoAAeSwWEVqn8mu,Sam Petersen 2026 Bowman Chrome Auto Washington Nationals #CPA-SP 1st EZ38,1,2026-09-19
ifa_821171,Dauri Fernandez,2024,0,45,0,45,8.99,12.0,15.0,17.031111111111112,19.99,39.99,8.99,https://www.ebay.com/itm/307170529495?_skw=%22Dauri+Fernandez%22+1st+Bowman+Chrome+auto&hash=item4784ca50d7:g:sckAAeSwFh9qnjb0,https://www.ebay.com/itm/307170529495?_skw=%22Dauri+Fernandez%22+1st+Bowman+Chrome+auto&hash=item4784ca50d7:g:sckAAeSwFh9qnjb0,2026 Bowman Chrome 1st Dauri Fernandez 1st Bowman Chrome Auto Autograph,1,2026-09-19
draft_2024_jacob_cozart_r2p48,Jacob Cozart,2025,0,25,0,25,2.75,7.99,9.99,14.0304,12.99,39.99,2.75,https://www.ebay.com/itm/176790332612?_skw=%22Jacob+Cozart%22+1st+Bowman+Chrome+auto&hash=item29298664c4:g:I5AAAOSwAjlnhqAc,https://www.ebay.com/itm/176790332612?_skw=%22Jacob+Cozart%22+1st+Bowman+Chrome+auto&hash=item29298664c4:g:I5AAAOSwAjlnhqAc,2024 Topps Chrome Jacob Cozart 1st Bowman Auto,1,2026-09-19
draft_2023_levi_wells_r4p118,Levi Wells,2024,0,0,0,0,,,,,,,,,,,0,2026-09-19
ifa_829037,Kevin Alvarez,2025,0,20,0,20,49.99,55.9925,71.99,101.5315,88.75,349.99,49.99,https://www.ebay.com/itm/800236601192?_skw=%22Kevin+Alvarez%22+1st+Bowman+Chrome+auto&hash=itemba51d17f68:g:khMAAeSwlhpqO-Hq,https://www.ebay.com/itm/800236601192?_skw=%22Kevin+Alvarez%22+1st+Bowman+Chrome+auto&hash=itemba51d17f68:g:khMAAeSwlhpqO-Hq,2026 Bowman Chrome Mojo- Kevin Alvarez 1st Bowman Auto,1,2026-09-19
draft_2024_micah_ashman_r11p326,Micah Ashman,2025,0,0,0,0,,,,,,,,,,,0,2026-09-19
ifa_800286,Wellington Aracena,2022,0,37,2,37,7.59,10.0,15.99,15.832972972972973,19.99,35.0,7.59,https://www.ebay.com/itm/366676891611?_skw=%22Wellington+Aracena%22+1st+Bowman+Chrome+auto&hash=item555fa557db:g:04EAAeSw2aZqrVkh,https://www.ebay.com/itm/366676891611?_skw=%22Wellington+Aracena%22+1st+Bowman+Chrome+auto&hash=item555fa557db:g:04EAAeSw2aZqrVkh,2026 Bowman Chrome - Wellington Aracena Auto 1st Bowman Diamondbacks,1,2026-09-19
ifa_806994,Luis Guanipa,2023,0,15,0,15,27.99,29.99,29.99,45.056666666666665,43.975,139.99,27.99,https://www.ebay.com/itm/398159136041?_skw=%22Luis+Guanipa%22+1st+Bowman+Chrome+auto&hash=item5cb4224529:g:L84AAeSwNF1qUC4G,https://www.ebay.com/itm/398159136041?_skw=%22Luis+Guanipa%22+1st+Bowman+Chrome+auto&hash=item5cb4224529:g:L84AAeSwNF1qUC4G,2023 Bowman Chrome LUIS GUANIPA #CPA-LG 1st Auto,1,2026-09-19
draft_2025_gabe_davis_r5p137,Gabe Davis,2026,0,0,0,0,,,,,,,,,,,0,2026-09-19
draft_2024_joseph_sullivan_r7p223,Joseph Sullivan,2025,0,30,1,30,5.0,14.99,18.99,18.925666666666665,19.99,75.0,5.0,https://www.ebay.com/itm/398407637503?_skw=%22Joseph+Sullivan%22+1st+Bowman+Chrome+auto&hash=item5cc2f219ff:g:E34AAeSwN55qrU02,https://www.ebay.com/itm/398407637503?_skw=%22Joseph+Sullivan%22+1st+Bowman+Chrome+auto&hash=item5cc2f219ff:g:E34AAeSwN55qrU02,2026 Bowman 1st Chrome Joseph Sullivan Rookie Auto #CPA-JSU Houston Astros,1,2026-09-19
draft_2024_davis_diaz_r8p226,Davis Diaz,2025,0,0,0,0,,,,,,,,,,,0,2026-09-19
ifa_802018,Ryan Burrowes,2022,0,24,0,24,2.99,9.212499999999999,12.99,23.9425,30.740000000000002,75.0,2.99,https://www.ebay.com/itm/227181098429?_skw=%22Ryan+Burrowes%22+1st+Bowman+Chrome+auto&hash=item34e50c75bd:g:iT0AAeSw8TNpbqZX,https://www.ebay.com/itm/227181098429?_skw=%22Ryan+Burrowes%22+1st+Bowman+Chrome+auto&hash=item34e50c75bd:g:iT0AAeSw8TNpbqZX,2024 Bowman Chrome RYAN BURROWES 1st Auto RC #CPA-RBU White Sox 45+ SB,1,2026-09-19
draft_2024_ryan_cesarini_r14p415,Ryan Cesarini,2025,0,0,0,0,,,,,,,,,,,0,2026-09-19
draft_2023_jonathon_long_r9p266,Jonathon Long,2024,0,17,0,17,24.99,24.99,29.99,39.247058823529414,39.99,99.99,24.99,https://www.ebay.com/itm/365991920815?_skw=%22Jonathon+Long%22+1st+Bowman+Chrome+auto&hash=item5536d184af:g:GngAAeSwPN9pGTJK,https://www.ebay.com/itm/365991920815?_skw=%22Jonathon+Long%22+1st+Bowman+Chrome+auto&hash=item5536d184af:g:GngAAeSwPN9pGTJK,Jonathon Long Cubs Auto Signed 2025 1st Bowman Chrome,1,2026-09-19
draft_2023_jacob_bresnahan_r13p398,Jacob Bresnahan,2024,0,7,0,7,19.99,20.005000000000003,24.99,28.282857142857143,26.5,59.99,19.99,https://www.ebay.com/itm/820123170080?_skw=%22Jacob+Bresnahan%22+1st+Bowman+Chrome+auto&hash=itembef3267520:g:-SkAAeSwfBJqpwv0,https://www.ebay.com/itm/820123170080?_skw=%22Jacob+Bresnahan%22+1st+Bowman+Chrome+auto&hash=itembef3267520:g:-SkAAeSwfBJqpwv0,2025 Bowman | Jacob Bresnahan | 1st Bowman Chrome Auto | Giants,1,2026-09-19
draft_2023_brett_wichrowski_r13p392,Brett Wichrowski,2024,0,0,0,0,,,,,,,,,,,0,2026-09-19
draft_2023_kyle_carr_r3p97,Kyle Carr,2024,0,31,2,31,9.99,22.884999999999998,32.99,32.71612903225807,37.75,99.0,9.99,https://www.ebay.com/itm/820139986755?_skw=%22Kyle+Carr%22+1st+Bowman+Chrome+auto&hash=itembef4270f43:g:EHwAAeSwcGZqrGkP,https://www.ebay.com/itm/820139986755?_skw=%22Kyle+Carr%22+1st+Bowman+Chrome+auto&hash=itembef4270f43:g:EHwAAeSwcGZqrGkP,2026 Bowman Chrome Kyle Carr 1st Bowman Prospect Auto CPA-KCA NY Yankees,1,2026-09-19
draft_2023_blake_wehunt_r9p268,Blake Wehunt,2024,0,0,0,0,,,,,,,,,,,0,2026-09-19
draft_2024_kyle_debarge_r1p33,Kyle DeBarge,2025,0,35,0,35,4.99,8.495000000000001,12.99,15.599142857142857,20.0,39.99,4.99,https://www.ebay.com/itm/366652924431?_skw=%22Kyle+DeBarge%22+1st+Bowman+Chrome+auto&hash=item555e37a20f:g:zLMAAeSwi0Vqnbr5,https://www.ebay.com/itm/366652924431?_skw=%22Kyle+DeBarge%22+1st+Bowman+Chrome+auto&hash=item555e37a20f:g:zLMAAeSwi0Vqnbr5,2025 Bowman Kyle DeBarge Chrome Auto Autograph 1st Prospect #CPA-KD Twins,1,2026-09-19
draft_2025_cody_bowker_r3p100,Cody Bowker,2026,0,1,0,1,8.0,8.0,8.0,8.0,8.0,8.0,8.0,https://www.ebay.com/itm/366498124290?_skw=%22Cody+Bowker%22+1st+Bowman+auto&hash=item5554fd9202:g:oMcAAeSw37pqOgcm,https://www.ebay.com/itm/366498124290?_skw=%22Cody+Bowker%22+1st+Bowman+auto&hash=item5554fd9202:g:oMcAAeSw37pqOgcm,Bowman 2025 Bowman Draft Cody Bowker Phillies 1st Bowman Prospects Auto BD-140,1,2026-09-19
draft_2024_malcolm_moore_r1p30,Malcolm Moore,2025,0,3,0,3,35.0,72.5,110.0,106.66666666666667,142.5,175.0,35.0,https://www.ebay.com/itm/318870590229?_skw=%22Malcolm+Moore%22+1st+Bowman+Chrome+auto&hash=item4a3e2b1315:g:ArcAAeSw3qdqqCKV,https://www.ebay.com/itm/318870590229?_skw=%22Malcolm+Moore%22+1st+Bowman+Chrome+auto&hash=item4a3e2b1315:g:ArcAAeSw3qdqqCKV,Topps 2024 Bowman Chrome Malcolm Moore Rangers Auto 1st RC CPA-MMO,1,2026-09-19
draft_2023_nigel_belgrave_r15p443,Nigel Belgrave,2024,0,0,0,0,,,,,,,,,,,0,2026-09-19
ifa_829398,Franklin Primera,2025,0,0,0,0,,,,,,,,,,,0,2026-09-19
draft_2023_jaden_woods_r7p197,Jaden Woods,2024,0,0,0,0,,,,,,,,,,,0,2026-09-19
ifa_804614,Marco Vargas,2022,0,15,0,15,6.46,12.99,15.0,21.024,29.475,44.99,6.46,https://www.ebay.com/itm/318092981330?_skw=%22Marco+Vargas%22+1st+Bowman+Chrome+auto&hash=item4a0fd1b452:g:tMgAAeSwvfdoq9HU,https://www.ebay.com/itm/318092981330?_skw=%22Marco+Vargas%22+1st+Bowman+Chrome+auto&hash=item4a0fd1b452:g:tMgAAeSwvfdoq9HU,2023 Bowman Chrome 1st Bowman Marco Vargas Chrome Auto / #CPA-MVA / Marlins ,1,2026-09-19
draft_2025_brady_ebel_r1p32,Brady Ebel,2026,0,10,0,10,59.99,69.49,79.99,111.342,89.99,402.5,59.99,https://www.ebay.com/itm/336774981089?_skw=%22Brady+Ebel%22+1st+Bowman+Chrome+auto&hash=item4e695a65e1:g:rSkAAeSw6wNqmF5u,https://www.ebay.com/itm/336774981089?_skw=%22Brady+Ebel%22+1st+Bowman+Chrome+auto&hash=item4e695a65e1:g:rSkAAeSw6wNqmF5u,Brady Ebel 2025 Bowman Draft Chrome 1st Prospect Auto NEAR MINT OR BETTER,1,2026-09-19
draft_2025_ethan_conrad_r1p17,Ethan Conrad,2026,0,21,0,21,34.99,55.0,74.99,76.84904761904762,99.99,150.0,34.99,https://www.ebay.com/itm/137749185833?_skw=%22Ethan+Conrad%22+1st+Bowman+Chrome+auto&hash=item20127dc529:g:oJYAAeSw0l5qrHGK,https://www.ebay.com/itm/137749185833?_skw=%22Ethan+Conrad%22+1st+Bowman+Chrome+auto&hash=item20127dc529:g:oJYAAeSw0l5qrHGK,Ethan Conrad 2025 Bowman Chrome Draft Signed Auto 1st Prospect Rookie Cubs,1,2026-09-19
draft_2024_jason_schiavone_r11p343,Jason Schiavone,2025,0,0,0,0,,,,,,,,,,,0,2026-09-19
draft_2024_ariel_armas_r5p153,Ariel Armas,2025,0,23,1,23,3.49,5.5,10.0,12.913478260869566,23.744999999999997,24.99,3.49,https://www.ebay.com/itm/397067590911?_skw=%22Ariel+Armas%22+1st+Bowman+Chrome+auto&hash=item5c73129cff:g:tAwAAeSwO~loy6bn,https://www.ebay.com/itm/397067590911?_skw=%22Ariel+Armas%22+1st+Bowman+Chrome+auto&hash=item5c73129cff:g:tAwAAeSwO~loy6bn,2024 Bowman Draft Ariel Armas Chrome Prospect Auto 1st #CPA-AA,1,2026-09-19
draft_2023_owen_wild_r7p213,Owen Wild,2024,0,0,0,0,,,,,,,,,,,0,2026-09-19
draft_2025_jack_gurevitch_r3p89,Jack Gurevitch,2026,0,12,0,12,25.0,29.99,34.995000000000005,53.995,99.99249999999999,100.0,25.0,https://www.ebay.com/itm/278381049752?_skw=%22Jack+Gurevitch%22+1st+Bowman+Chrome+auto&hash=item40d0cdb798:g:0aMAAeSwbbpqqraT,https://www.ebay.com/itm/278381049752?_skw=%22Jack+Gurevitch%22+1st+Bowman+Chrome+auto&hash=item40d0cdb798:g:0aMAAeSwbbpqqraT,Jack Gurevitch 2025 Bowman Draft Chrome AUTO 1st Bowman - St. Louis Cardinals,1,2026-09-19
draft_2024_caleb_lomavita_r1p39,Caleb Lomavita,2025,0,0,0,0,,,,,,,,,,,0,2026-09-19
draft_2024_bryce_cunningham_r2p53,Bryce Cunningham,2025,0,7,0,7,12.0,17.75,22.0,35.85285714285714,28.24,124.99,12.0,https://www.ebay.com/itm/206509550168?_skw=%22Bryce+Cunningham%22+1st+Bowman+Chrome+auto&hash=item3014edaa58:g:pC0AAeSwQKZqiTDk,https://www.ebay.com/itm/206509550168?_skw=%22Bryce+Cunningham%22+1st+Bowman+Chrome+auto&hash=item3014edaa58:g:pC0AAeSwQKZqiTDk,Topps 2024 Bowman Draft Chrome Prospect Auto 1st Bowman Bryce Cunningham CPA-BC,1,2026-09-19
draft_2023_jack_mahoney_r3p77,Jack Mahoney,2024,0,44,0,44,2.99,4.0,5.145,8.327045454545454,9.99,29.99,2.99,https://www.ebay.com/itm/146468986098?_skw=%22Jack+Mahoney%22+1st+Bowman+Chrome+auto&hash=item221a3b5cf2:g:HikAAeSwBJJn33it,https://www.ebay.com/itm/146468986098?_skw=%22Jack+Mahoney%22+1st+Bowman+Chrome+auto&hash=item221a3b5cf2:g:HikAAeSwBJJn33it,2023 Bowman Draft Chrome Prospect Auto 1st Jack Mahoney #CDA-JM,1,2026-09-19
draft_2022_jackson_cox_r2p50,Jackson Cox,2023,0,0,0,0,,,,,,,,,,,0,2026-09-19
draft_2024_caden_kendle_r5p159,Caden Kendle,2025,0,5,0,5,8.0,9.0,9.99,10.394,11.99,12.99,8.0,https://www.ebay.com/itm/389046805068?_skw=%22Caden+Kendle%22+1st+Bowman+Chrome+auto&hash=item5a94ff224c:g:tRsAAeSw7Uho4BJg,https://www.ebay.com/itm/389046805068?_skw=%22Caden+Kendle%22+1st+Bowman+Chrome+auto&hash=item5a94ff224c:g:tRsAAeSw7Uho4BJg,CADEN KENDLE 2025 BOWMAN CHROME 1ST AUTOGRAPH BASEBALL TWINS AUTO,1,2026-09-19
draft_2025_josiah_ragsdale_r7p215,Josiah Ragsdale,2026,0,0,0,0,,,,,,,,,,,0,2026-09-19
draft_2025_nolan_schubart_r3p101,Nolan Schubart,2026,0,19,0,19,21.99,29.99,59.85,66.73894736842105,100.0,100.0,21.99,https://www.ebay.com/itm/278385639707?_skw=%22Nolan+Schubart%22+1st+Bowman+Chrome+auto&hash=item40d113c11b:g:RaEAAeSwyWFqVpye,https://www.ebay.com/itm/278385639707?_skw=%22Nolan+Schubart%22+1st+Bowman+Chrome+auto&hash=item40d113c11b:g:RaEAAeSwyWFqVpye,Nolan Schubart 2025 Bowman Chrome AUTO RC 1st Cleveland Autographs Qty avail SP,1,2026-09-19
draft_2025_jace_laviolette_r1p27,Jace LaViolette,2026,0,0,0,0,,,,,,,,,,,0,2026-09-19
draft_2023_alfonsin_rosario_r6p176,Alfonsin Rosario,2024,0,5,0,5,14.99,19.99,29.99,49.914,44.6,140.0,14.99,https://www.ebay.com/itm/158250678109?_skw=%22Alfonsin+Rosario%22+1st+Bowman+Chrome+auto&hash=item24d879b75d:g:aFAAAeSw1INqmGXl,https://www.ebay.com/itm/158250678109?_skw=%22Alfonsin+Rosario%22+1st+Bowman+Chrome+auto&hash=item24d879b75d:g:aFAAAeSw1INqmGXl,Alfonsin Rosario 2024 Bowman #CPA-ARO Chrome 1st Prospect Auto,1,2026-09-19
draft_2024_deniel_ortiz_r16p471,Deniel Ortiz,2025,0,29,0,29,10.0,15.95,19.99,30.801724137931032,25.0,100.0,10.0,https://www.ebay.com/itm/198646705656?_skw=%22Deniel+Ortiz%22+1st+Bowman+Chrome+auto&hash=item2e40442df8:g:lUgAAeSwaw5qqxwp,https://www.ebay.com/itm/198646705656?_skw=%22Deniel+Ortiz%22+1st+Bowman+Chrome+auto&hash=item2e40442df8:g:lUgAAeSwaw5qqxwp,2026 Bowman Chrome Deniel Ortiz Auto #CPA-DOR 1st Bowman Chrome Autograph,1,2026-09-19
draft_2023_tj_nichols_r6p183,TJ Nichols,2024,0,0,0,0,,,,,,,,,,,0,2026-09-19
ifa_699043,Yamal Encarnacion,2021,0,0,0,0,,,,,,,,,,,0,2026-09-19
draft_2023_charlie_pagliarini_r19p577,Charlie Pagliarini,2024,0,0,0,0,,,,,,,,,,,0,2026-09-19
draft_2025_danny_thompson_jr_r8p232,Danny Thompson Jr.,2026,0,0,0,0,,,,,,,,,,,0,2026-09-19
draft_2025_patrick_forbes_r1p29,Patrick Forbes,2026,0,25,0,25,16.28,19.99,20.0,27.872799999999998,29.99,79.95,16.28,https://www.ebay.com/itm/198447981427?_skw=%22Patrick+Forbes%22+1st+Bowman+Chrome+auto&hash=item2e346be373:g:vycAAeSwwlRqOkjG,https://www.ebay.com/itm/198447981427?_skw=%22Patrick+Forbes%22+1st+Bowman+Chrome+auto&hash=item2e346be373:g:vycAAeSwwlRqOkjG,2025 Bowman Draft Patrick Forbes 1st Bowman Chrome Auto,1,2026-09-19
draft_2024_herick_hernandez_r4p129,Herick Hernandez,2025,0,12,0,12,14.99,18.9625,19.97,21.281666666666666,24.9925,29.99,14.99,https://www.ebay.com/itm/158281566266?_skw=%22Herick+Hernandez%22+1st+Bowman+Chrome+auto&hash=item24da51083a:g:ef8AAeSwqcpqpDCj,https://www.ebay.com/itm/158281566266?_skw=%22Herick+Hernandez%22+1st+Bowman+Chrome+auto&hash=item24da51083a:g:ef8AAeSwqcpqpDCj,Herick Hernandez 2024 Bowman Draft #CPA-HH Chrome Prospect Auto 1st,1,2026-09-19
draft_2022_ashton_izzi_r4p126,Ashton Izzi,2023,0,0,0,0,,,,,,,,,,,0,2026-09-19
draft_2023_matthew_etzel_r10p301,Matthew Etzel,2024,0,44,0,44,2.99,4.99,5.609999999999999,6.347272727272728,7.24,10.0,2.99,https://www.ebay.com/itm/366614001238?_skw=%22Matthew+Etzel%22+1st+Bowman+Chrome+auto&hash=item555be5b656:g:YTwAAeSw2G9qhJ9o,https://www.ebay.com/itm/366614001238?_skw=%22Matthew+Etzel%22+1st+Bowman+Chrome+auto&hash=item555be5b656:g:YTwAAeSw2G9qhJ9o,2025 Bowman Chrome Auto #CPA-ME MATTHEW ETZEL 1st Prospect Rays,1,2026-09-19
draft_2023_will_sanders_r4p113,Will Sanders,2024,0,0,0,0,,,,,,,,,,,0,2026-09-19
ifa_800571,Santiago Suarez,2022,0,0,0,0,,,,,,,,,,,0,2026-09-19
draft_2023_zach_franklin_r10p299,Zach Franklin,2024,0,0,0,0,,,,,,,,,,,0,2026-09-19
ifa_813536,Juan Valera,2023,0,0,0,0,,,,,,,,,,,0,2026-09-19
draft_2025_riley_quick_r1p36,Riley Quick,2026,0,31,0,31,14.99,24.49,29.99,27.751612903225805,29.994999999999997,40.0,14.99,https://www.ebay.com/itm/227503420783?_skw=%22Riley+Quick%22+1st+Bowman+Chrome+auto&hash=item34f842b56f:g:WLQAAeSwIMRqmQD4,https://www.ebay.com/itm/227503420783?_skw=%22Riley+Quick%22+1st+Bowman+Chrome+auto&hash=item34f842b56f:g:WLQAAeSwIMRqmQD4,2025 Bowman Chrome Draft Riley Quick Auto 1st #CPA-RQ Minnesota Twins,1,2026-09-19
draft_2025_jt_quinn_r2p69,JT Quinn,2026,0,23,0,23,14.99,19.99,20.0,33.21478260869565,29.994999999999997,100.0,14.99,https://www.ebay.com/itm/227484788759?_skw=%22JT+Quinn%22+1st+Bowman+Chrome+auto&hash=item34f7266817:g:fwIAAeSw04tqh6RV,https://www.ebay.com/itm/227484788759?_skw=%22JT+Quinn%22+1st+Bowman+Chrome+auto&hash=item34f7266817:g:fwIAAeSw04tqh6RV,2025 Bowman Chrome Draft JT Quinn Auto 1st #CPA-JQ Baltimore Orioles,1,2026-09-19
draft_2025_jaiden_lo_re_r5p154,Jaiden Lo Re,2026,0,32,0,32,49.89,78.7125,89.99,86.0840625,99.2475,135.0,49.89,https://www.ebay.com/itm/117418928198?_skw=%22Jaiden+Lo+Re%22+1st+Bowman+Chrome+auto&hash=item1b56b6a846:g:bOQAAeSw8SBqrVKo,https://www.ebay.com/itm/117418928198?_skw=%22Jaiden+Lo+Re%22+1st+Bowman+Chrome+auto&hash=item1b56b6a846:g:bOQAAeSw8SBqrVKo,2026 Bowman Chrome 1st Jaiden Lo Re Auto Baltimore Orioles #CPA-JLO,1,2026-09-19
draft_2024_boston_bateman_r2p52,Boston Bateman,2025,0,19,0,19,14.22,14.99,20.0,22.72421052631579,29.95,45.0,14.22,https://www.ebay.com/itm/277332193714?_skw=%22Boston+Bateman%22+1st+Bowman+Chrome+auto&hash=item40924971b2:g:R-IAAeSwZ~9oot4o,https://www.ebay.com/itm/277332193714?_skw=%22Boston+Bateman%22+1st+Bowman+Chrome+auto&hash=item40924971b2:g:R-IAAeSwZ~9oot4o,2024 Bowman Draft - Boston Bateman  Chrome 1st Base Auto - Padres #CPA-BBA,1,2026-09-19
draft_2024_ryan_campos_r4p109,Ryan Campos,2025,0,20,0,20,2.99,9.74,14.7,14.4285,15.9375,29.99,2.99,https://www.ebay.com/itm/278362993535?_skw=%22Ryan+Campos%22+1st+Bowman+Chrome+auto&hash=item40cfba337f:g:ZRQAAeSw3vtqkL93,https://www.ebay.com/itm/278362993535?_skw=%22Ryan+Campos%22+1st+Bowman+Chrome+auto&hash=item40cfba337f:g:ZRQAAeSw3vtqkL93,2024 Bowman Baseball - Chrome 1st Auto #CPA-RCA Cardinals - RYAN CAMPOS,1,2026-09-19
draft_2024_nick_mitchell_r4p136,Nick Mitchell,2025,0,15,0,15,3.75,8.49,10.5,17.908,23.479999999999997,68.0,3.75,https://www.ebay.com/itm/128049734836?_skw=%22Nick+Mitchell%22+1st+Bowman+Chrome+auto&hash=item1dd05be4b4:g:4e4AAeSwJmhqkgJ0,https://www.ebay.com/itm/128049734836?_skw=%22Nick+Mitchell%22+1st+Bowman+Chrome+auto&hash=item1dd05be4b4:g:4e4AAeSwJmhqkgJ0,2024 1st Bowman Draft Nick Mitchell Chrome Prospect Auto #CPA-NMI RC,1,2026-09-19
draft_2023_jackson_baumeister_r2p63,Jackson Baumeister,2024,0,15,0,15,5.99,8.975,9.99,11.489333333333333,12.375,25.0,5.99,https://www.ebay.com/itm/166978290690?_skw=%22Jackson+Baumeister%22+1st+Bowman+Chrome+auto&hash=item26e0ae8402:g:lY8AAOSwWH9m6vM0,https://www.ebay.com/itm/166978290690?_skw=%22Jackson+Baumeister%22+1st+Bowman+Chrome+auto&hash=item26e0ae8402:g:lY8AAOSwWH9m6vM0,2023 Bowman Draft Jackson Baumeister Chrome Prospect Auto Orioles 1st Autograph,1,2026-09-19
ifa_808087,Junior Sanchez,2023,0,13,0,13,1.95,2.99,4.99,7.11,6.99,29.99,1.95,https://www.ebay.com/itm/267288612326?_skw=%22Junior+Sanchez%22+1st+Bowman+Chrome+auto&hash=item3e3ba48de6:g:1v0AAeSwG~loS0Mj,https://www.ebay.com/itm/267288612326?_skw=%22Junior+Sanchez%22+1st+Bowman+Chrome+auto&hash=item3e3ba48de6:g:1v0AAeSwG~loS0Mj,2022 1st Bowman Chrome Junior Sanchez Prospect RC SP Auto #CPA-JSZ Marlins,1,2026-09-19
draft_2024_gage_miller_r3p92,Gage Miller,2025,0,20,0,20,4.5,11.9975,15.495000000000001,19.3575,19.99,68.0,4.5,https://www.ebay.com/itm/177822392894?_skw=%22Gage+Miller%22+1st+Bowman+Chrome+auto&hash=item29670a623e:g:v7YAAeSwlQFpfTfO,https://www.ebay.com/itm/177822392894?_skw=%22Gage+Miller%22+1st+Bowman+Chrome+auto&hash=item29670a623e:g:v7YAAeSwlQFpfTfO,2024 Bowman Draft Gage Miller 1st Bowman Chrome Auto Marlins,1,2026-09-19
draft_2023_anthony_huezo_r12p374,Anthony Huezo,2024,0,9,0,9,16.0,29.0,30.0,39.82555555555555,32.99,99.95,16.0,https://www.ebay.com/itm/168694526914?_skw=%22Anthony+Huezo%22+1st+Bowman+Chrome+auto&hash=item2746fa33c2:g:TZwAAeSwYWxqq2ev,https://www.ebay.com/itm/168694526914?_skw=%22Anthony+Huezo%22+1st+Bowman+Chrome+auto&hash=item2746fa33c2:g:TZwAAeSwYWxqq2ev,Topps 2024 Bowman Chrome 1st Bowman Prospect Auto RC Anthony Huezo Astros,1,2026-09-19
draft_2025_kyle_lodise_r3p76,Kyle Lodise,2026,0,25,0,25,10.0,18.49,24.99,35.6372,34.99,100.0,10.0,https://www.ebay.com/itm/358266511170?_skw=%22Kyle+Lodise%22+1st+Bowman+Chrome+auto&hash=item536a591f42:g:ouwAAeSwat9pjw2I,https://www.ebay.com/itm/358266511170?_skw=%22Kyle+Lodise%22+1st+Bowman+Chrome+auto&hash=item536a591f42:g:ouwAAeSwat9pjw2I,2025 Bowman Chrome Draft Autographs #CPA-KL Kyle Lodise 1st AUTO White Sox,1,2026-09-19
draft_2024_johnny_king_r3p95,Johnny King,2025,0,9,0,9,29.99,39.99,39.99,57.754444444444445,75.0,119.85,29.99,https://www.ebay.com/itm/158281566346?_skw=%22Johnny+King%22+1st+Bowman+Chrome+auto&hash=item24da51088a:g:LAAAAeSwVyhqpDCu,https://www.ebay.com/itm/158281566346?_skw=%22Johnny+King%22+1st+Bowman+Chrome+auto&hash=item24da51088a:g:LAAAAeSwVyhqpDCu,Johnny King 2024 Bowman Draft #CPA-JKI Chrome Prospect Auto 1st,1,2026-09-19
draft_2023_jared_dickey_r11p319,Jared Dickey,2024,0,21,0,21,3.99,5.99,12.39,13.76952380952381,14.99,68.0,3.99,https://www.ebay.com/itm/137628640723?_skw=%22Jared+Dickey%22+1st+Bowman+Chrome+auto&hash=item200b4e65d3:g:~x4AAeSwBclqgdmZ,https://www.ebay.com/itm/137628640723?_skw=%22Jared+Dickey%22+1st+Bowman+Chrome+auto&hash=item200b4e65d3:g:~x4AAeSwBclqgdmZ,2024 Bowman Chrome #CPA-JDI Jared Dickey 1st Auto Royals,1,2026-09-19
draft_2025_luke_hill_r4p143,Luke Hill,2026,0,0,0,0,,,,,,,,,,,0,2026-09-19
draft_2023_dylan_campbell_r4p136,Dylan Campbell,2024,0,20,0,20,3.95,9.98,14.92,20.302,16.4675,98.88,3.95,https://www.ebay.com/itm/257708306374?_skw=%22Dylan+Campbell%22+1st+Bowman+Chrome+auto&hash=item3c009cafc6:g:XpIAAeSwPdNqkZsT,https://www.ebay.com/itm/257708306374?_skw=%22Dylan+Campbell%22+1st+Bowman+Chrome+auto&hash=item3c009cafc6:g:XpIAAeSwPdNqkZsT,2024 Bowman Chrome Mega Ref Auto #BMA-DCA Dylan Campbell 1st (DODGERS) !,1,2026-09-19
draft_2024_drew_beam_r3p76,Drew Beam,2025,0,19,0,19,4.99,7.5649999999999995,10.0,15.062631578947368,14.75,70.0,4.99,https://www.ebay.com/itm/278369937254?_skw=%22Drew+Beam%22+1st+Bowman+Chrome+auto&hash=item40d0242766:g:JH4AAeSw-KZqpibG,https://www.ebay.com/itm/278369937254?_skw=%22Drew+Beam%22+1st+Bowman+Chrome+auto&hash=item40d0242766:g:JH4AAeSw-KZqpibG,Topps 2024 Bowman Draft Drew Beam 1st Bowman Chrome Auto CPA-DB,1,2026-09-19
draft_2025_luke_nowak_r17p518,Luke Nowak,2026,0,0,0,0,,,,,,,,,,,0,2026-09-19
draft_2023_braylen_wimmer_r8p232,Braylen Wimmer,2024,0,28,0,28,6.99,13.712499999999999,15.0,18.885714285714286,21.2425,59.95,6.99,https://www.ebay.com/itm/377504549001?_skw=%22Braylen+Wimmer%22+1st+Bowman+Chrome+auto&hash=item57e5064889:g:EwoAAeSwAwdqqegQ,https://www.ebay.com/itm/377504549001?_skw=%22Braylen+Wimmer%22+1st+Bowman+Chrome+auto&hash=item57e5064889:g:EwoAAeSwAwdqqegQ,2026 Topps Bowman Chrome Prospect Auto Braylen Wimmer Rockies 1st RC CPA-BW,1,2026-09-19
draft_2023_tre_richardson_r15p455,Tre Richardson,2024,0,0,0,0,,,,,,,,,,,0,2026-09-19
draft_2022_nolan_perry_r12p368,Nolan Perry,2023,0,0,0,0,,,,,,,,,,,0,2026-09-19
draft_2024_pierce_george_r13p379,Pierce George,2025,0,0,0,0,,,,,,,,,,,0,2026-09-19
draft_2024_brock_moore_r7p213,Brock Moore,2025,0,0,0,0,,,,,,,,,,,0,2026-09-19
draft_2024_brett_sears_r7p221,Brett Sears,2025,0,0,0,0,,,,,,,,,,,0,2026-09-19
draft_2023_brandon_winokur_r3p82,Brandon Winokur,2024,0,28,0,28,12.14,22.99,24.99,30.09857142857143,33.46,65.0,12.14,https://www.ebay.com/itm/178459191106?_skw=%22Brandon+Winokur%22+1st+Bowman+Chrome+auto&hash=item298cff2742:g:yQUAAeSwhYZqlwPV,https://www.ebay.com/itm/178459191106?_skw=%22Brandon+Winokur%22+1st+Bowman+Chrome+auto&hash=item298cff2742:g:yQUAAeSwhYZqlwPV,2023 Bowman Draft Brandon Winokur Chrome Auto 1st Prospect #CDA-BWN - Twins RC,1,2026-09-19
ifa_808675,Ramon Ramirez,2023,0,23,0,23,18.0,24.88,27.99,34.76608695652174,41.5,95.0,18.0,https://www.ebay.com/itm/315448651926?_skw=%22Ramon+Ramirez%22+1st+Bowman+Chrome+auto&hash=item4972347096:g:qGwAAOSw~9Zmcbsf,https://www.ebay.com/itm/315448651926?_skw=%22Ramon+Ramirez%22+1st+Bowman+Chrome+auto&hash=item4972347096:g:qGwAAOSw~9Zmcbsf,Ramon Ramirez 2024 1st Bowman Chrome Auto,1,2026-09-19
ifa_800176,Carlos Sanchez,2022,0,11,0,11,4.5,4.995,5.99,7.88,9.11,20.0,4.5,https://www.ebay.com/itm/267189370360?_skw=%22Carlos+Sanchez%22+1st+Bowman+Chrome+auto&hash=item3e35ba3df8:g:8dwAAeSwGg9n1Msu,https://www.ebay.com/itm/267189370360?_skw=%22Carlos+Sanchez%22+1st+Bowman+Chrome+auto&hash=item3e35ba3df8:g:8dwAAeSwGg9n1Msu,2024 Bowman Chrome - Prospect Autographs Carlos Sanchez 1st Bowman Auto #CPA-CS,1,2026-09-19
draft_2025_zane_taylor_r5p141,Zane Taylor,2026,0,0,0,0,,,,,,,,,,,0,2026-09-19
draft_2023_isaac_gallegos_r16p489,Isaac Gallegos,2024,0,0,0,0,,,,,,,,,,,0,2026-09-19
draft_2025_ethan_frey_r3p95,Ethan Frey,2026,0,23,0,23,14.99,24.99,39.99,39.5295652173913,51.795,70.0,14.99,https://www.ebay.com/itm/298640246405?_skw=%22Ethan+Frey%22+1st+Bowman+Chrome+auto&hash=item4588588685:g:MLcAAeSwijdqmK9Y,https://www.ebay.com/itm/298640246405?_skw=%22Ethan+Frey%22+1st+Bowman+Chrome+auto&hash=item4588588685:g:MLcAAeSwijdqmK9Y,2025 Bowman Draft Ethan Frey Chrome Auto Autograph 1st Prospect #CPA-EF Astros,1,2026-09-19
draft_2024_victor_figueroa_r18p540,Victor Figueroa,2025,0,36,1,36,1.99,18.2125,20.0,29.47861111111111,26.25,100.0,1.99,https://www.ebay.com/itm/117288600595?_skw=%22Victor+Figueroa%22+1st+Bowman+Chrome+auto&hash=item1b4ef20413:g:4ngAAeSwrHNqTG0T,https://www.ebay.com/itm/117288600595?_skw=%22Victor+Figueroa%22+1st+Bowman+Chrome+auto&hash=item1b4ef20413:g:4ngAAeSwrHNqTG0T,Bowman 2026 Bowman Chrome Victor Figueroa 1st Bowman Auto Orioles #CPA-VF,1,2026-09-19
draft_2024_aaron_parker_r6p187,Aaron Parker,2025,0,10,0,10,5.99,7.7475000000000005,9.995000000000001,14.091999999999999,21.74,29.99,5.99,https://www.ebay.com/itm/335785898308?_skw=%22Aaron+Parker%22+1st+Bowman+Chrome+auto&hash=item4e2e663144:g:W8gAAOSwGcRnlo--,https://www.ebay.com/itm/335785898308?_skw=%22Aaron+Parker%22+1st+Bowman+Chrome+auto&hash=item4e2e663144:g:W8gAAOSwGcRnlo--,AARON PARKER 2024 Bowman Chrome Auto 1st CPA-AP,1,2026-09-19
draft_2025_josh_hammond_r1p28,Josh Hammond,2026,0,15,0,15,34.99,40.0,53.99,61.856,60.0,199.99,34.99,https://www.ebay.com/itm/336787168145?_skw=%22Josh+Hammond%22+1st+Bowman+Chrome+auto&hash=item4e6a145b91:g:ae0AAeSw9P9qodo8,https://www.ebay.com/itm/336787168145?_skw=%22Josh+Hammond%22+1st+Bowman+Chrome+auto&hash=item4e6a145b91:g:ae0AAeSw9P9qodo8,Josh Hammond 2025 Bowman Draft Chrome 1st Auto Kansas City Royals RC,1,2026-09-19
draft_2025_dylan_palmer_r11p323,Dylan Palmer,2026,0,0,0,0,,,,,,,,,,,0,2026-09-19
draft_2024_brandon_clarke_r5p148,Brandon Clarke,2025,0,25,0,25,34.99,42.99,50.0,52.8332,55.0,100.0,34.99,https://www.ebay.com/itm/336795653894?_skw=%22Brandon+Clarke%22+1st+Bowman+Chrome+auto&hash=item4e6a95d706:g:WGsAAeSwjBpqqfpF,https://www.ebay.com/itm/336795653894?_skw=%22Brandon+Clarke%22+1st+Bowman+Chrome+auto&hash=item4e6a95d706:g:WGsAAeSwjBpqqfpF,2026 Bowman Chrome Brandon Clarke Auto Autograph 1st Prospect #CPA-BC Cardinals,1,2026-09-19
draft_2023_josh_trentadue_r14p411,Josh Trentadue,2024,0,0,0,0,,,,,,,,,,,0,2026-09-19
draft_2025_core_jackson_r5p164,Core Jackson,2026,0,0,0,0,,,,,,,,,,,0,2026-09-19
draft_2024_dakota_jordan_r4p116,Dakota Jordan,2025,0,8,0,8,29.0,35.0,39.995000000000005,40.115,45.455,49.99,29.0,https://www.ebay.com/itm/800578941847?_skw=%22Dakota+Jordan%22+1st+Bowman+Chrome+auto&hash=itemba66393397:g:GecAAeSwxKZqkjec,https://www.ebay.com/itm/800578941847?_skw=%22Dakota+Jordan%22+1st+Bowman+Chrome+auto&hash=itemba66393397:g:GecAAeSwxKZqkjec,2024 Bowman Draft DAKOTA JORDAN 1st Chrome Auto CPA-DJ - SF Giants Prospect RC,1,2026-09-19
ifa_699130,Jadher Areinamo,2021,0,7,0,7,7.98,12.5,20.0,18.982857142857142,24.975,29.95,7.98,https://www.ebay.com/itm/188517830424?_skw=%22Jadher+Areinamo%22+1st+Bowman+Chrome+auto&hash=item2be489cf18:g:fyIAAeSwKNZqMLlU,https://www.ebay.com/itm/188517830424?_skw=%22Jadher+Areinamo%22+1st+Bowman+Chrome+auto&hash=item2be489cf18:g:fyIAAeSwKNZqMLlU,Jadher Areinamo 2024 Bowman 1st Chrome Prospect Auto #CPA-JA Tampa Bay Rays,1,2026-09-19
draft_2024_payton_green_r6p184,Payton Green,2025,0,0,0,0,,,,,,,,,,,0,2026-09-19
draft_2024_yoel_tejeda_jr_r14p410,Yoel Tejeda Jr.,2025,0,0,0,0,,,,,,,,,,,0,2026-09-19
draft_2024_émilien_pitre_r2p58,Émilien Pitre,2025,0,10,0,10,7.99,24.9925,29.99,31.793,37.49,65.0,7.99,https://www.ebay.com/itm/298396954561?_skw=%22Emilien+Pitre%22+1st+Bowman+Chrome+auto&hash=item4579d82fc1:g:vGQAAeSwv8dqJwfo,https://www.ebay.com/itm/298396954561?_skw=%22Emilien+Pitre%22+1st+Bowman+Chrome+auto&hash=item4579d82fc1:g:vGQAAeSwv8dqJwfo,EMILIEN PITRE 2025 BOWMAN CHROME 1ST SIGNED AUTO TAMPA BAY RAYS BCP-83,1,2026-09-19
draft_2025_jd_thompson_r2p59,J.D. Thompson,2026,0,12,0,12,12.0,16.4925,19.994999999999997,21.3425,26.1725,29.99,12.0,https://www.ebay.com/itm/178405040173?_skw=%22JD+Thompson%22+1st+Bowman+Chrome+auto&hash=item2989c4e02d:g:dmAAAeSws4lqfoxa,https://www.ebay.com/itm/178405040173?_skw=%22JD+Thompson%22+1st+Bowman+Chrome+auto&hash=item2989c4e02d:g:dmAAAeSws4lqfoxa,2025 Bowman Draft 1st Chrome Prospect Auto JD Thompson #CPA-JT Brewers,1,2026-09-19
draft_2025_daniel_dickinson_r6p185,Daniel Dickinson,2026,0,27,0,27,10.99,19.0,20.0,23.137777777777778,24.994999999999997,54.0,10.99,https://www.ebay.com/itm/117226914570?_skw=%22Daniel+Dickinson%22+1st+Bowman+Chrome+auto&hash=item1b4b44c30a:g:BZwAAeSw3t1qHd~l,https://www.ebay.com/itm/117226914570?_skw=%22Daniel+Dickinson%22+1st+Bowman+Chrome+auto&hash=item1b4b44c30a:g:BZwAAeSw3t1qHd~l,Daniel Dickinson signed auto 2026 Bowman 1st Chrome baseball card BDC105,1,2026-09-19
ifa_692294,Luis Gutierrez,2021,0,0,0,0,,,,,,,,,,,0,2026-09-19
draft_2024_brooks_auger_r6p190,Brooks Auger,2025,0,0,0,0,,,,,,,,,,,0,2026-09-19
draft_2025_aj_russell_r2p52,AJ Russell,2026,0,15,0,15,14.99,21.49,29.99,51.39066666666667,72.5,149.99,14.99,https://www.ebay.com/itm/820128415394?_skw=%22AJ+Russell%22+1st+Bowman+Chrome+auto&hash=itembef3767ea2:g:4wAAAeSwNyZqqK-m,https://www.ebay.com/itm/820128415394?_skw=%22AJ+Russell%22+1st+Bowman+Chrome+auto&hash=itembef3767ea2:g:4wAAAeSwNyZqqK-m,2025 Bowman Draft | AJ Russell | 1st Bowman Chrome Auto | Rangers,1,2026-09-19
draft_2025_justin_thomas_r11p336,Justin Thomas,2026,0,0,0,0,,,,,,,,,,,0,2026-09-19
draft_2025_anthony_depino_r7p196,Anthony DePino,2026,0,0,0,0,,,,,,,,,,,0,2026-09-19
ifa_811139,Sandro Santana,2023,0,0,0,0,,,,,,,,,,,0,2026-09-19
draft_2023_sabin_ceballos_r3p94,Sabin Ceballos,2024,0,9,0,9,6.99,14.99,20.0,22.852222222222224,25.0,50.0,6.99,https://www.ebay.com/itm/128033350663?_skw=%22Sabin+Ceballos%22+1st+Bowman+Chrome+auto&hash=item1dcf61e407:g:oQYAAeSwUl5pxHF~,https://www.ebay.com/itm/128033350663?_skw=%22Sabin+Ceballos%22+1st+Bowman+Chrome+auto&hash=item1dcf61e407:g:oQYAAeSwUl5pxHF~,2023 Bowman Chrome SABIN CEBALLOS Atlanta Braves Rookie Prospect 1st Auto,1,2026-09-19
draft_2023_ryan_galanie_r13p389,Ryan Galanie,2024,0,0,0,0,,,,,,,,,,,0,2026-09-19
ifa_800569,Alberto Barriga,2022,0,0,0,0,,,,,,,,,,,0,2026-09-19
draft_2023_mathias_lacombe_r12p359,Mathias LaCombe,2024,0,0,0,0,,,,,,,,,,,0,2026-09-19
ifa_808232,Alirio Ferrebus,2023,0,24,0,24,12.0,19.9575,24.99,26.78,34.9925,59.99,12.0,https://www.ebay.com/itm/298401742722?_skw=%22Alirio+Ferrebus%22+1st+Bowman+Chrome+auto&hash=item457a213f82:g:BGsAAeSwlUFqKRKA,https://www.ebay.com/itm/298401742722?_skw=%22Alirio+Ferrebus%22+1st+Bowman+Chrome+auto&hash=item457a213f82:g:BGsAAeSwlUFqKRKA,Bowman Chrome 2025 Prospects 1st Bowman ip Auto Alirio Ferrebus BCP-198,1,2026-09-19
draft_2023_jay_harry_r6p177,Jay Harry,2024,0,0,0,0,,,,,,,,,,,0,2026-09-19
ifa_829052,Breyson Guedez,2025,0,17,1,17,20.0,28.88,34.99,41.27882352941177,50.0,79.0,20.0,https://www.ebay.com/itm/327345029659?_skw=%22Breyson+Guedez%22+1st+Bowman+Chrome+auto&hash=item4c3748c21b:g:6rMAAeSwUxNqnXI6,https://www.ebay.com/itm/327345029659?_skw=%22Breyson+Guedez%22+1st+Bowman+Chrome+auto&hash=item4c3748c21b:g:6rMAAeSwUxNqnXI6,2026 Bowman Breyson Guedez 1st Chrome Prospect Auto CPA-BG Athletics,1,2026-09-19
draft_2025_mason_peters_r4p122,Mason Peters,2026,0,0,0,0,,,,,,,,,,,0,2026-09-19
ifa_814372,Brad Pacheco,2024,0,0,0,0,,,,,,,,,,,0,2026-09-19
draft_2024_josh_caron_r4p121,Josh Caron,2025,0,6,0,6,4.99,6.359999999999999,12.46,13.315,14.8625,29.99,4.99,https://www.ebay.com/itm/407212497483?_skw=%22Josh+Caron%22+1st+Bowman+Chrome+auto&hash=item5ecfc19a4b:g:WTcAAeSwr2JqpeGp,https://www.ebay.com/itm/407212497483?_skw=%22Josh+Caron%22+1st+Bowman+Chrome+auto&hash=item5ecfc19a4b:g:WTcAAeSwr2JqpeGp,2024 Bowman Draft #CPA-JCA Josh Caron 1st Chrome Prospect Autograph Auto,1,2026-09-19
ifa_800485,Wande Torres,2022,0,0,0,0,,,,,,,,,,,0,2026-09-19
draft_2024_brody_brecht_r1p38,Brody Brecht,2025,0,15,0,15,7.49,14.120000000000001,19.99,25.508666666666667,29.994999999999997,100.0,7.49,https://www.ebay.com/itm/398344815053?_skw=%22Brody+Brecht%22+1st+Bowman+Chrome+auto&hash=item5cbf3381cd:g:js4AAeSwskFqlewz,https://www.ebay.com/itm/398344815053?_skw=%22Brody+Brecht%22+1st+Bowman+Chrome+auto&hash=item5cbf3381cd:g:js4AAeSwskFqlewz,2024 Bowman Draft Chrome Rockies Brody Brecht 1st Bowman Auto #CPA-BBR,1,2026-09-19
draft_2025_korbyn_dickerson_r5p152,Korbyn Dickerson,2026,0,1,0,1,20.0,20.0,20.0,20.0,20.0,20.0,20.0,https://www.ebay.com/itm/257657972142?_skw=%22Korbyn+Dickerson%22+1st+Bowman+Chrome+auto&hash=item3bfd9ca5ae:g:OP8AAeSwPpdqcAIZ,https://www.ebay.com/itm/257657972142?_skw=%22Korbyn+Dickerson%22+1st+Bowman+Chrome+auto&hash=item3bfd9ca5ae:g:OP8AAeSwPpdqcAIZ,Korbyn Dickerson Autograph Signed 2025 1st Bowman Chrome #BDC-69 Auto Mariners,1,2026-09-19
draft_2025_slater_de_brun_r1p37,Slater de Brun,2026,0,19,0,19,25.0,42.495000000000005,50.0,57.25631578947368,59.995000000000005,149.99,25.0,https://www.ebay.com/itm/407227889527?_skw=%22Slater+de+Brun%22+1st+Bowman+Chrome+auto&hash=item5ed0ac7777:g:zPEAAeSwfohqrcSp,https://www.ebay.com/itm/407227889527?_skw=%22Slater+de+Brun%22+1st+Bowman+Chrome+auto&hash=item5ed0ac7777:g:zPEAAeSwfohqrcSp,2026 Bowman Chrome Slater de Brun 1st Auto #CPA-SDE Rays,1,2026-09-19
ifa_808129,Juan Flores,2023,0,4,0,4,9.99,17.31,22.369999999999997,19.9325,24.9925,25.0,9.99,https://www.ebay.com/itm/336755001983?_skw=%22Juan+Flores%22+1st+Bowman+Chrome+auto&hash=item4e68298a7f:g:xeMAAeSwALdqiNBg,https://www.ebay.com/itm/336755001983?_skw=%22Juan+Flores%22+1st+Bowman+Chrome+auto&hash=item4e68298a7f:g:xeMAAeSwALdqiNBg,Juan Flores - 2024 Bowman Chrome Auto 1st Bowman,1,2026-09-19
draft_2024_rafe_schlesinger_r4p113,Rafe Schlesinger,2025,0,14,0,14,5.99,7.2475000000000005,9.995000000000001,19.63642857142857,19.9975,68.0,5.99,https://www.ebay.com/itm/147097038151?_skw=%22Rafe+Schlesinger%22+1st+Bowman+Chrome+auto&hash=item223faaad47:g:Y~MAAeSw3Kdpam-Z,https://www.ebay.com/itm/147097038151?_skw=%22Rafe+Schlesinger%22+1st+Bowman+Chrome+auto&hash=item223faaad47:g:Y~MAAeSw3Kdpam-Z,2024 Bowman Draft Rafe Schlesinger Chrome Auto 1st Prospect Guardians,1,2026-09-19
draft_2023_bishop_letson_r11p332,Bishop Letson,2024,0,0,0,0,,,,,,,,,,,0,2026-09-19
ifa_703177,Jhonny Severino,2022,0,15,0,15,14.99,19.9,19.99,20.378,20.0,30.0,14.99,https://www.ebay.com/itm/800652320760?_skw=%22Jhonny+Severino%22+1st+Bowman+Chrome+auto&hash=itemba6a98dff8:g:aOgAAeSwkUhqpd1t,https://www.ebay.com/itm/800652320760?_skw=%22Jhonny+Severino%22+1st+Bowman+Chrome+auto&hash=itemba6a98dff8:g:aOgAAeSwkUhqpd1t,2025 Bowman Chrome #CPA-JS Jhonny Severino Prospect 1st AUTO Autographs,1,2026-09-19
draft_2023_ty_langenberg_r11p327,Ty Langenberg,2024,0,0,0,0,,,,,,,,,,,0,2026-09-19
draft_2025_rj_austin_r3p93,RJ Austin,2026,0,0,0,0,,,,,,,,,,,0,2026-09-19
draft_2023_ixan_henderson_r8p245,Ixan Henderson,2024,0,0,0,0,,,,,,,,,,,0,2026-09-19
draft_2025_ryan_wideman_r3p99,Ryan Wideman,2026,0,24,0,24,18.75,25.0,29.97,40.47875,55.6175,129.95,18.75,https://www.ebay.com/itm/318887635736?_skw=%22Ryan+Wideman%22+1st+Bowman+Chrome+auto&hash=item4a3f2f2b18:g:B-gAAeSw5B5qg4Tb,https://www.ebay.com/itm/318887635736?_skw=%22Ryan+Wideman%22+1st+Bowman+Chrome+auto&hash=item4a3f2f2b18:g:B-gAAeSw5B5qg4Tb,2025 Bowman Draft Ryan Wideman Chrome Auto Autograph 1st Prospect #CPA-RW Padres,1,2026-09-19
draft_2024_robert_cranz_r7p200,Robert Cranz,2025,0,0,0,0,,,,,,,,,,,0,2026-09-19
draft_2024_ryan_gallagher_r6p182,Ryan Gallagher,2025,0,0,0,0,,,,,,,,,,,0,2026-09-19
draft_2025_boston_smith_r6p171,Boston Smith,2026,0,0,0,0,,,,,,,,,,,0,2026-09-19
ifa_815464,Lisbel Diaz,2023,0,4,0,4,14.22,18.555,22.494999999999997,22.3,26.24,29.99,14.22,https://www.ebay.com/itm/375745910437?_skw=%22Lisbel+Diaz%22+1st+Bowman+Chrome+auto&hash=item577c3396a5:g:7WYAAeSwv9Nqkfpf,https://www.ebay.com/itm/375745910437?_skw=%22Lisbel+Diaz%22+1st+Bowman+Chrome+auto&hash=item577c3396a5:g:7WYAAeSwv9Nqkfpf,Lisbel Diaz 2024 Bowman Chrome CPA-LDI 1st Auto RC,1,2026-09-19
draft_2024_billy_amick_r2p60,Billy Amick,2025,0,19,0,19,19.99,26.5,32.99,36.88789473684211,41.49,110.0,19.99,https://www.ebay.com/itm/158281566270?_skw=%22Billy+Amick%22+1st+Bowman+Chrome+auto&hash=item24da51083e:g:SPAAAeSwMXRqpDCo,https://www.ebay.com/itm/158281566270?_skw=%22Billy+Amick%22+1st+Bowman+Chrome+auto&hash=item24da51083e:g:SPAAAeSwMXRqpDCo,Billy Amick 2024 Bowman Draft #CPA-BA Chrome Prospect Auto 1st,1,2026-09-19
draft_2024_ryan_lambert_r8p233,Ryan Lambert,2025,0,0,0,0,,,,,,,,,,,0,2026-09-19
draft_2025_garrett_stratton_r20p613,Garrett Stratton,2026,0,0,0,0,,,,,,,,,,,0,2026-09-19
draft_2025_michael_lombardi_r2p61,Michael Lombardi,2026,0,17,0,17,15.0,17.99,20.0,39.16823529411765,30.0,134.99,15.0,https://www.ebay.com/itm/307142830015?_skw=%22Michael+Lombardi%22+1st+Bowman+Chrome+auto&hash=item478323a7bf:g:u2YAAeSw5rdqi4tx,https://www.ebay.com/itm/307142830015?_skw=%22Michael+Lombardi%22+1st+Bowman+Chrome+auto&hash=item478323a7bf:g:u2YAAeSw5rdqi4tx,2025 Bowman 1st Auto Chrome Prospect Auto Michael Lombardi RC #CPA-ML Royals,1,2026-09-19
draft_2025_xavier_neyens_r1p21,Xavier Neyens,2026,0,17,0,17,49.99,60.0,75.0,75.87529411764706,84.99,125.0,49.99,https://www.ebay.com/itm/398328741844?_skw=%22Xavier+Neyens%22+1st+Bowman+Chrome+auto&hash=item5cbe3e3fd4:g:lr8AAeSwD~1qj7FX,https://www.ebay.com/itm/398328741844?_skw=%22Xavier+Neyens%22+1st+Bowman+Chrome+auto&hash=item5cbe3e3fd4:g:lr8AAeSwD~1qj7FX,2025 Bowman Draft #CPA-XN Xavier Neyens Chrome Auto 1st Bowman,1,2026-09-19
draft_2023_jaron_elkins_r8p250,Jaron Elkins,2024,0,8,0,8,17.49,19.7125,21.4,23.0175,26.2475,29.99,17.49,https://www.ebay.com/itm/800682096899?_skw=%22Jaron+Elkins%22+1st+Bowman+Chrome+auto&hash=itemba6c5f3903:g:LnYAAeSwnLRqrZgf,https://www.ebay.com/itm/800682096899?_skw=%22Jaron+Elkins%22+1st+Bowman+Chrome+auto&hash=itemba6c5f3903:g:LnYAAeSwnLRqrZgf,Jaron Elkins 2024 Bowman Chrome Auto #CPA-JE 1st Prospect Los Angeles Dodgers,1,2026-09-19
draft_2025_malachi_witherspoon_r2p62,Malachi Witherspoon,2026,0,19,0,19,14.54,15.0,24.99,28.378947368421052,32.495,74.98,14.54,https://www.ebay.com/itm/137050255438?_skw=%22Malachi+Witherspoon%22+1st+Bowman+Chrome+auto&hash=item1fe8d4f04e:g:LWIAAeSwtJJpgWy9,https://www.ebay.com/itm/137050255438?_skw=%22Malachi+Witherspoon%22+1st+Bowman+Chrome+auto&hash=item1fe8d4f04e:g:LWIAAeSwtJJpgWy9,2025 Bowman Draft Chrome - Malachi Witherspoon - Base 1st Bowman Auto - CPA-MW,1,2026-09-19
ifa_821116,Reinold Navarro,2024,0,0,0,0,,,,,,,,,,,0,2026-09-19
draft_2025_dylan_brown_r8p238,Dylan Brown,2026,0,1,0,1,14.99,14.99,14.99,14.99,14.99,14.99,14.99,https://www.ebay.com/itm/800657577522?_skw=Dylan+Brown+Bowman+auto&hash=itemba6ae91632:g:LPgAAeSwyXtqpy0q,https://www.ebay.com/itm/800657577522?_skw=Dylan+Brown+Bowman+auto&hash=itemba6ae91632:g:LPgAAeSwyXtqpy0q,2024 Bowman U Chrome Dylan Sampson 1st Chrome Prospect Auto!! Tennessee / Browns,1,2026-09-19
draft_2025_brian_curley_r3p92,Brian Curley,2026,0,0,0,0,,,,,,,,,,,0,2026-09-19
ifa_702436,Luis Serna,2021,0,5,0,5,9.99,9.99,10.72,17.736,14.99,42.99,9.99,https://www.ebay.com/itm/298657398661?_skw=%22Luis+Serna%22+1st+Bowman+Chrome+auto&hash=item45895e3f85:g:uPIAAeSwcvZqoJJh,https://www.ebay.com/itm/298657398661?_skw=%22Luis+Serna%22+1st+Bowman+Chrome+auto&hash=item45895e3f85:g:uPIAAeSwcvZqoJJh,2023 Bowman Chrome Luis Serna Auto Autograph 1st Prospect #CPA-LS Yankees,1,2026-09-19
ifa_699712,Raylin Heredia,2021,0,9,0,9,6.99,12.5,19.98,22.836666666666666,20.0,68.0,6.99,https://www.ebay.com/itm/297581658331?_skw=%22Raylin+Heredia%22+1st+Bowman+Chrome+auto&hash=item45493fc0db:g:nH0AAeSwE31otPSD,https://www.ebay.com/itm/297581658331?_skw=%22Raylin+Heredia%22+1st+Bowman+Chrome+auto&hash=item45493fc0db:g:nH0AAeSwE31otPSD,2024 Bowman Chrome 1st BCP-145 Raylin Heredia Signed Philadelphia Phillies Auto,1,2026-09-19
draft_2023_josh_bostick_r8p240,Josh Bostick,2024,0,0,0,0,,,,,,,,,,,0,2026-09-19
ifa_808250,Jose Urbina,2023,0,33,0,33,7.75,9.0,11.99,21.812121212121212,19.99,100.0,7.75,https://www.ebay.com/itm/398016910122?_skw=%22Jose+Urbina%22+1st+Bowman+Chrome+auto&hash=item5caba8132a:g:5ucAAeSw16xqHkDd,https://www.ebay.com/itm/398016910122?_skw=%22Jose+Urbina%22+1st+Bowman+Chrome+auto&hash=item5caba8132a:g:5ucAAeSw16xqHkDd,2026 Bowman Jose Urbina Chrome Auto Mini Diamond Refractor 1st Rays #BCP-81,1,2026-09-19
ifa_800208,Axiel Plaz,2022,0,19,0,19,19.99,37.49,49.99,52.357894736842105,72.495,89.99,19.99,https://www.ebay.com/itm/407047933876?_skw=%22Axiel+Plaz%22+1st+Bowman+Chrome+auto&hash=item5ec5f28fb4:g:aVsAAeSwN~dqSQoV,https://www.ebay.com/itm/407047933876?_skw=%22Axiel+Plaz%22+1st+Bowman+Chrome+auto&hash=item5ec5f28fb4:g:aVsAAeSwN~dqSQoV,Topps 2023 Bowman Chrome Prospects 1st Bowman Axiel Plaz Pirates sapphire auto,1,2026-09-19
draft_2024_ryan_magdic_r14p406,Ryan Magdic,2025,0,0,0,0,,,,,,,,,,,0,2026-09-19
ifa_800419,Jeral Perez,2022,0,0,0,0,,,,,,,,,,,0,2026-09-19
draft_2024_dasan_hill_r2p69,Dasan Hill,2025,0,29,0,29,13.99,17.0,19.99,32.69655172413793,25.0,142.49,13.99,https://www.ebay.com/itm/407099989781?_skw=%22Dasan+Hill%22+1st+Bowman+Chrome+auto&hash=item5ec90cdf15:g:RhoAAeSw2OBqZlEd,https://www.ebay.com/itm/407099989781?_skw=%22Dasan+Hill%22+1st+Bowman+Chrome+auto&hash=item5ec90cdf15:g:RhoAAeSw2OBqZlEd,2026 Bowman Chrome Dasan Hill 1st Auto #CPA-DH Minnesota Twins,1,2026-09-19
draft_2024_elijah_hainline_r7p220,Elijah Hainline,2025,0,0,0,0,,,,,,,,,,,0,2026-09-19
draft_2025_jordan_yost_r1p24,Jordan Yost,2026,0,20,1,20,24.99,43.7425,49.99,67.2935,81.24249999999999,239.99,24.99,https://www.ebay.com/itm/800472469917?_skw=%22Jordan+Yost%22+1st+Bowman+Chrome+auto&hash=itemba5fe0919d:g:Y9MAAeSwlC5qdOuE,https://www.ebay.com/itm/800472469917?_skw=%22Jordan+Yost%22+1st+Bowman+Chrome+auto&hash=itemba5fe0919d:g:Y9MAAeSwlC5qdOuE,JORDAN YOST 2025 Bowman Chrome Draft 1st Rookie RC Autograph Auto #CPA-JY,1,2026-09-19
draft_2025_jack_cebert_r15p464,Jack Cebert,2026,0,0,0,0,,,,,,,,,,,0,2026-09-19
draft_2025_braylon_owens_r10p305,Braylon Owens,2026,0,0,0,0,,,,,,,,,,,0,2026-09-19
draft_2024_gage_ziehl_r4p119,Gage Ziehl,2025,0,4,0,4,10.99,19.2475,22.494999999999997,21.4925,24.74,29.99,10.99,https://www.ebay.com/itm/307165184011?_skw=%22Gage+Ziehl%22+1st+Bowman+Chrome+auto&hash=item478478c00b:g:ytEAAeSwi0pqnL6y,https://www.ebay.com/itm/307165184011?_skw=%22Gage+Ziehl%22+1st+Bowman+Chrome+auto&hash=item478478c00b:g:ytEAAeSwi0pqnL6y,2025 Bowman Chrome GAGE ZIEHL 1st Bowman Auto YANKEES,1,2026-09-19
ifa_692478,Victor Arias,2021,0,10,0,10,7.99,7.99,9.995000000000001,10.733,12.9675,14.99,7.99,https://www.ebay.com/itm/236910365813?_skw=%22Victor+Arias%22+1st+Bowman+Chrome+auto&hash=item3728f54c75:g:7qsAAeSwpdZqRVfc,https://www.ebay.com/itm/236910365813?_skw=%22Victor+Arias%22+1st+Bowman+Chrome+auto&hash=item3728f54c75:g:7qsAAeSwpdZqRVfc,VICTOR ARIAS 2026 Bowman Chrome Auto 1st CPA-VA,1,2026-09-19
ifa_806611,Jancel Villarroel,2022,0,9,0,9,7.99,8.0,9.47,16.903333333333332,14.99,69.99,7.99,https://www.ebay.com/itm/389446897799?_skw=%22Jancel+Villarroel%22+1st+Bowman+Chrome+auto&hash=item5aacd81087:g:UEEAAeSwouNpWFnp,https://www.ebay.com/itm/389446897799?_skw=%22Jancel+Villarroel%22+1st+Bowman+Chrome+auto&hash=item5aacd81087:g:UEEAAeSwouNpWFnp,2025 Bowman Jancel Villarroel Chrome Auto Houston Astros 1st Autograph CPA-JV ,1,2026-09-19
ifa_698973,Jose Astudillo,2021,0,0,0,0,,,,,,,,,,,0,2026-09-19
ifa_806884,Luis Escudero,2023,0,0,0,0,,,,,,,,,,,0,2026-09-19
draft_2024_kevin_bazzell_r3p79,Kevin Bazzell,2025,0,0,0,0,,,,,,,,,,,0,2026-09-19
draft_2022_mikey_romero_r1p24,Mikey Romero,2023,0,0,0,0,,,,,,,,,,,0,2026-09-19
draft_2025_isaac_lyon_r10p302,Isaac Lyon,2026,0,0,0,0,,,,,,,,,,,0,2026-09-19
draft_2023_alex_clemmey_r2p58,Alex Clemmey,2024,0,7,0,7,14.99,17.5,20.0,23.567142857142855,29.99,35.0,14.99,https://www.ebay.com/itm/407137255544?_skw=%22Alex+Clemmey%22+1st+Bowman+Chrome+auto&hash=item5ecb458078:g:ELQAAeSwhKZqe5F7,https://www.ebay.com/itm/407137255544?_skw=%22Alex+Clemmey%22+1st+Bowman+Chrome+auto&hash=item5ecb458078:g:ELQAAeSwhKZqe5F7,"2023 Bowman Draft Alex Clemmey 1st Bowman Chrome Auto #CDA-AC (AU,RC)",1,2026-09-19
ifa_800338,Franklin Gómez,2022,0,0,0,0,,,,,,,,,,,0,2026-09-19
ifa_702882,Eybersson Polanco,2022,0,0,0,0,,,,,,,,,,,0,2026-09-19
draft_2025_ben_grable_r11p344,Ben Grable,2026,0,0,0,0,,,,,,,,,,,0,2026-09-19
draft_2025_aiden_taurek_r13p392,Aiden Taurek,2026,0,0,0,0,,,,,,,,,,,0,2026-09-19
draft_2024_josh_hartle_r3p83,Josh Hartle,2025,0,0,0,0,,,,,,,,,,,0,2026-09-19
draft_2024_ali_camarillo_r12p346,Ali Camarillo,2025,0,0,0,0,,,,,,,,,,,0,2026-09-19
draft_2025_lucas_kelly_r6p182,Lucas Kelly,2026,0,0,0,0,,,,,,,,,,,0,2026-09-19
draft_2023_joe_redfield_r4p111,Joe Redfield,2024,0,38,0,38,1.69,2.6225,4.245,5.616578947368421,7.25,19.99,1.69,https://www.ebay.com/itm/307154891217?_skw=%22Joe+Redfield%22+1st+Bowman+Chrome+auto&hash=item4783dbb1d1:g:j5cAAeSw1LlqlT7v,https://www.ebay.com/itm/307154891217?_skw=%22Joe+Redfield%22+1st+Bowman+Chrome+auto&hash=item4783dbb1d1:g:j5cAAeSw1LlqlT7v,2023 Topps Bowman Draft JOE REDFIELD 1st Bowman Chrome Auto #CDA-JRE,1,2026-09-19
ifa_801249,Julio Mendez,2022,0,0,0,0,,,,,,,,,,,0,2026-09-19
draft_2023_ben_simon_r13p396,Ben Simon,2024,0,0,0,0,,,,,,,,,,,0,2026-09-19
draft_2023_eric_bitonti_r3p87,Eric Bitonti,2024,0,4,0,4,50.0,50.0,54.995000000000005,56.245,61.239999999999995,64.99,50.0,https://www.ebay.com/itm/820114706369?_skw=%22Eric+Bitonti%22+1st+Bowman+Chrome+auto&hash=itembef2a54fc1:g:0rUAAeSwR7VqpBxo,https://www.ebay.com/itm/820114706369?_skw=%22Eric+Bitonti%22+1st+Bowman+Chrome+auto&hash=itembef2a54fc1:g:0rUAAeSwR7VqpBxo,2023 1st Bowman Draft Chrome Auto Eric Bitonti #CDA-EB Brewers Autograph ,1,2026-09-19
draft_2024_bennett_thompson_r13p385,Bennett Thompson,2025,0,0,0,0,,,,,,,,,,,0,2026-09-19
draft_2025_jaden_fauske_r2p44,Jaden Fauske,2026,0,0,0,0,,,,,,,,,,,0,2026-09-19
draft_2024_rj_gordon_r13p383,R.J. Gordon,2025,0,0,0,0,,,,,,,,,,,0,2026-09-19
draft_2025_kien_vu_r9p264,Kien Vu,2026,0,0,0,0,,,,,,,,,,,0,2026-09-19
draft_2025_chase_shores_r2p47,Chase Shores,2026,0,20,0,20,8.99,12.375,16.0,25.3405,25.0,100.0,8.99,https://www.ebay.com/itm/198604634304?_skw=%22Chase+Shores%22+1st+Bowman+Chrome+auto&hash=item2e3dc238c0:g:1yUAAeSwALdqk4S2,https://www.ebay.com/itm/198604634304?_skw=%22Chase+Shores%22+1st+Bowman+Chrome+auto&hash=item2e3dc238c0:g:1yUAAeSwALdqk4S2,2025 Bowman Draft Chase Shores 1st Bowman Chrome Auto #CPA-CS Angels,1,2026-09-19
ifa_815906,Angel Feliz,2024,0,4,0,4,5.0,9.68,13.120000000000001,13.3075,16.7475,21.99,5.0,https://www.ebay.com/itm/257713702362?_skw=%22Angel+Feliz%22+1st+Bowman+Chrome+auto&hash=item3c00ef05da:g:w4MAAeSwMf5qlRXO,https://www.ebay.com/itm/257713702362?_skw=%22Angel+Feliz%22+1st+Bowman+Chrome+auto&hash=item3c00ef05da:g:w4MAAeSwMf5qlRXO,2024 Bowman Chrome #CPA-AF Auto 1st Prospect Angel Feliz B,1,2026-09-19
ifa_808706,Asbel Gonzalez,2023,0,35,0,35,4.99,11.99,14.95,16.274571428571427,19.99,49.95,4.99,https://www.ebay.com/itm/168699008154?_skw=%22Asbel+Gonzalez%22+1st+Bowman+Chrome+auto&hash=item27473e949a:g:9wUAAeSwgQFqrd5Z,https://www.ebay.com/itm/168699008154?_skw=%22Asbel+Gonzalez%22+1st+Bowman+Chrome+auto&hash=item27473e949a:g:9wUAAeSwgQFqrd5Z,2025 Bowman Chrome #CPA-AG Asbel Gonzalez 1st Auto,1,2026-09-19
ifa_821187,Juan Ortuno,2024,0,0,0,0,,,,,,,,,,,0,2026-09-19
ifa_821073,Jirvin Morillo,2024,0,0,0,0,,,,,,,,,,,0,2026-09-19
ifa_699232,Anderdson Rojas,2021,0,0,0,0,,,,,,,,,,,0,2026-09-19
draft_2025_cam_leiter_r2p65,Cam Leiter,2026,0,0,0,0,,,,,,,,,,,0,2026-09-19
draft_2023_kiefer_lord_r3p86,Kiefer Lord,2024,0,0,0,0,,,,,,,,,,,0,2026-09-19
ifa_808383,Kelvis Salcedo,2023,0,0,0,0,,,,,,,,,,,0,2026-09-19
ifa_700731,Keiner Delgado,2022,0,24,0,24,9.99,15.0875,19.55,27.08625,22.4975,69.99,9.99,https://www.ebay.com/itm/236233225390?_skw=%22Keiner+Delgado%22+1st+Bowman+Chrome+auto&hash=item370098f4ae:g:sV8AAeSwI8xodrfE,https://www.ebay.com/itm/236233225390?_skw=%22Keiner+Delgado%22+1st+Bowman+Chrome+auto&hash=item370098f4ae:g:sV8AAeSwI8xodrfE,KEINER DELGADO 2023 BOWMAN CHROME 1ST RC AUTO #CPA-KD,1,2026-09-19
draft_2024_owen_carey_r15p461,Owen Carey,2025,0,21,0,21,23.99,27.89,29.99,36.749047619047616,33.0,75.0,23.99,https://www.ebay.com/itm/267783105231?_skw=%22Owen+Carey%22+1st+Bowman+Chrome+auto&hash=item3e591deacf:g:f4IAAeSwqmVqpQmJ,https://www.ebay.com/itm/267783105231?_skw=%22Owen+Carey%22+1st+Bowman+Chrome+auto&hash=item3e591deacf:g:f4IAAeSwqmVqpQmJ,2026 Bowman Braves Owen Carey 1st Chrome Prospect Auto Autograph #CPA-OC !!,1,2026-09-19
draft_2025_dean_curley_r2p64,Dean Curley,2026,0,18,0,18,15.0,22.3275,26.494999999999997,39.85388888888889,41.5,100.0,15.0,https://www.ebay.com/itm/377495435340?_skw=%22Dean+Curley%22+1st+Bowman+Chrome+auto&hash=item57e47b384c:g:QHUAAeSwMyBqqFOH,https://www.ebay.com/itm/377495435340?_skw=%22Dean+Curley%22+1st+Bowman+Chrome+auto&hash=item57e47b384c:g:QHUAAeSwMyBqqFOH,DEAN CURLEY 2025 BOWMAN CHROME 1ST AUTOGRAPH AUTO #CPA-DC GUARDIANS ,1,2026-09-19
draft_2023_coby_morales_r18p552,Coby Morales,2024,0,0,0,0,,,,,,,,,,,0,2026-09-19
draft_2025_nate_snead_r3p105,Nate Snead,2026,0,18,0,18,5.99,9.9925,17.74,24.54722222222222,22.232499999999998,100.0,5.99,https://www.ebay.com/itm/287554898948?_skw=%22Nate+Snead%22+1st+Bowman+Chrome+auto&hash=item42f39b8c04:g:AuwAAeSw0FZqlJkc,https://www.ebay.com/itm/287554898948?_skw=%22Nate+Snead%22+1st+Bowman+Chrome+auto&hash=item42f39b8c04:g:AuwAAeSw0FZqlJkc,2025 Bowman Draft Nate Snead #CPA-NSN Chrome Auto 1st Prospect Angels,1,2026-09-19
draft_2023_kyle_amendt_r9p265,Kyle Amendt,2024,0,0,0,0,,,,,,,,,,,0,2026-09-19
draft_2025_edian_espinal_r10p309,Edian Espinal,2026,0,0,0,0,,,,,,,,,,,0,2026-09-19
draft_2024_trey_gregory-alford_r11p322,Trey Gregory-Alford,2025,0,0,0,0,,,,,,,,,,,0,2026-09-19
ifa_800393,Yeremy Cabrera,2022,0,1,0,1,34.0,34.0,34.0,34.0,34.0,34.0,34.0,https://www.ebay.com/itm/147348314391?_skw=%22Yeremy+Cabrera%22+1st+Bowman+Chrome+auto&hash=item224ea4d917:g:hI8AAeSwXk5qH5g4,https://www.ebay.com/itm/147348314391?_skw=%22Yeremy+Cabrera%22+1st+Bowman+Chrome+auto&hash=item224ea4d917:g:hI8AAeSwXk5qH5g4,2025 Bowman Chrome 1st Autographs Yeremy Cabrera Yeremi Cabrera #CPA-YC Auto,1,2026-09-19
draft_2023_travis_honeyman_r3p90,Travis Honeyman,2024,0,19,0,19,7.95,9.975,12.4,16.89315789473684,21.47,45.0,7.95,https://www.ebay.com/itm/327205598978?_skw=%22Travis+Honeyman%22+1st+Bowman+Chrome+auto&hash=item4c2ef93702:g:uhwAAeSwsS5qKNr~,https://www.ebay.com/itm/327205598978?_skw=%22Travis+Honeyman%22+1st+Bowman+Chrome+auto&hash=item4c2ef93702:g:uhwAAeSwsS5qKNr~,Travis Honeyman 2023 Bowman Draft 1st Chrome Auto Autograph #CDA-TH Cardinals,1,2026-09-19
draft_2025_cooper_flemming_r2p53,Cooper Flemming,2026,0,15,0,15,36.99,46.245000000000005,60.0,64.29533333333333,79.995,100.0,36.99,https://www.ebay.com/itm/188851214069?_skw=%22Cooper+Flemming%22+1st+Bowman+Chrome+auto&hash=item2bf868d6f5:g:Ys4AAeSwA-tqkPTX,https://www.ebay.com/itm/188851214069?_skw=%22Cooper+Flemming%22+1st+Bowman+Chrome+auto&hash=item2bf868d6f5:g:Ys4AAeSwA-tqkPTX,Cooper Flemming 2025 1st Bowman Chrome Auto #CPA-CF Tampa Bay Rays,1,2026-09-19
draft_2023_drue_hackenberg_r2p59,Drue Hackenberg,2024,0,6,0,6,11.35,15.747499999999999,18.57,17.161666666666665,19.405,19.99,11.35,https://www.ebay.com/itm/287565956314?_skw=%22Drue+Hackenberg%22+1st+Bowman+Chrome+auto&hash=item42f44444da:g:VfQAAeSwS7ZqmzrG,https://www.ebay.com/itm/287565956314?_skw=%22Drue+Hackenberg%22+1st+Bowman+Chrome+auto&hash=item42f44444da:g:VfQAAeSwS7ZqmzrG,2023 Bowman Draft Chrome Drue Hackenberg #CDA-DH Braves 1st Bowman AUTO RC,1,2026-09-19
draft_2024_ronny_cruz_r3p90,Ronny Cruz,2025,0,28,0,28,19.99,31.49,37.495000000000005,48.60178571428571,64.99,125.0,19.99,https://www.ebay.com/itm/800628164152?_skw=%22Ronny+Cruz%22+1st+Bowman+Chrome+auto&hash=itemba69284638:g:BDMAAeSwIp1qn1Qc,https://www.ebay.com/itm/800628164152?_skw=%22Ronny+Cruz%22+1st+Bowman+Chrome+auto&hash=itemba69284638:g:BDMAAeSwIp1qn1Qc,2025 Bowman Chrome 1st #CPA-RCR Ronny Cruz Chrome Auto Cubs,1,2026-09-19
draft_2023_ethan_odonnell_r6p168,Ethan O'Donnell,2024,0,21,0,21,1.95,4.0,4.49,6.58952380952381,6.79,25.0,1.95,https://www.ebay.com/itm/128000768025?_skw=%22Ethan+O%27Donnell%22+1st+Bowman+Chrome+auto&hash=item1dcd70b819:g:5-0AAeSwafFqURrm,https://www.ebay.com/itm/128000768025?_skw=%22Ethan+O%27Donnell%22+1st+Bowman+Chrome+auto&hash=item1dcd70b819:g:5-0AAeSwafFqURrm,2023 Bowman Baseball Draft Ethan O'Donnell Chrome Auto #CDA-EOD 1st Prospect,1,2026-09-19
draft_2024_aidan_foeller_r11p340,Aidan Foeller,2025,0,0,0,0,,,,,,,,,,,0,2026-09-19
ifa_699126,Gregory Barrios,2021,0,28,0,28,3.0,5.6225000000000005,7.33,7.897857142857143,8.99,20.0,3.0,https://www.ebay.com/itm/317015517303?_skw=%22Gregory+Barrios%22+1st+Bowman+Chrome+auto&hash=item49cf98e877:g:wjIAAeSwtLRoJ8PZ,https://www.ebay.com/itm/317015517303?_skw=%22Gregory+Barrios%22+1st+Bowman+Chrome+auto&hash=item49cf98e877:g:wjIAAeSwtLRoJ8PZ,GREGORY BARRIOS 2025 BOWMAN CHROME 1ST AUTOGRAPH BASEBALL AUTO Q1940,1,2026-09-19
draft_2025_brooks_bryan_r8p248,Brooks Bryan,2026,0,0,0,0,,,,,,,,,,,0,2026-09-19
ifa_807974,Adrian Bohorquez,2023,0,0,0,0,,,,,,,,,,,0,2026-09-19
draft_2024_niko_mazza_r8p238,Niko Mazza,2025,0,0,0,0,,,,,,,,,,,0,2026-09-19
ifa_800421,Marvin Alcantara,2022,0,0,0,0,,,,,,,,,,,0,2026-09-19
draft_2023_jace_bohrofen_r6p184,Jace Bohrofen,2024,0,6,0,6,5.99,5.99,5.99,14.141666666666667,17.1725,39.99,5.99,https://www.ebay.com/itm/128056001887?_skw=%22Jace+Bohrofen%22+1st+Bowman+Chrome+auto&hash=item1dd0bb855f:g:iVUAAeSw94NqlxQ0,https://www.ebay.com/itm/128056001887?_skw=%22Jace+Bohrofen%22+1st+Bowman+Chrome+auto&hash=item1dd0bb855f:g:iVUAAeSw94NqlxQ0,2023 Bowman Draft Chrome Prospect Autographs Jace Bohrofen #CDA-JBO RC Auto 1st,1,2026-09-19
draft_2025_max_williams_r3p78,Max Williams,2026,0,15,0,15,16.99,34.995000000000005,65.0,68.12866666666666,100.0,124.99,16.99,https://www.ebay.com/itm/407227478145?_skw=%22Max+Williams%22+1st+Bowman+Chrome+auto&hash=item5ed0a63081:g:Gt8AAeSwOydqrYQQ,https://www.ebay.com/itm/407227478145?_skw=%22Max+Williams%22+1st+Bowman+Chrome+auto&hash=item5ed0a63081:g:Gt8AAeSwOydqrYQQ,2025 1st Bowman Chrome ~ Max Williams ~ Auto ~ #CPA-MWI ~ Miami Marlins,1,2026-09-19
ifa_821197,Juan Martinez,2024,0,0,0,0,,,,,,,,,,,0,2026-09-19
draft_2025_griffin_hugus_r3p91,Griffin Hugus,2026,0,16,0,16,6.95,11.1775,13.969999999999999,22.361875,19.2425,100.0,6.95,https://www.ebay.com/itm/127709200255?_skw=%22Griffin+Hugus%22+1st+Bowman+Chrome+auto&hash=item1dbc0fbf7f:g:~7wAAeSw2ZtpojLG,https://www.ebay.com/itm/127709200255?_skw=%22Griffin+Hugus%22+1st+Bowman+Chrome+auto&hash=item1dbc0fbf7f:g:~7wAAeSw2ZtpojLG,2025 Bowman Draft Chrome Griffin Hugus Auto #CPA-GH 1st Bowman Mariners SP,1,2026-09-19
draft_2023_tate_kuehner_r7p212,Tate Kuehner,2024,0,0,0,0,,,,,,,,,,,0,2026-09-19
draft_2024_david_shields_r2p41,David Shields,2025,0,35,0,35,19.99,27.99,29.99,37.454,39.5,100.0,19.99,https://www.ebay.com/itm/407212081019?_skw=%22David+Shields%22+1st+Bowman+Chrome+auto&hash=item5ecfbb3f7b:g:tmQAAeSwHahqpZdj,https://www.ebay.com/itm/407212081019?_skw=%22David+Shields%22+1st+Bowman+Chrome+auto&hash=item5ecfbb3f7b:g:tmQAAeSwHahqpZdj,2026 Bowman Chrome David Shields CPA-DSH 1st Auto - Kansas City Royals,1,2026-09-19
draft_2025_james_ellwanger_r3p88,James Ellwanger,2026,0,0,0,0,,,,,,,,,,,0,2026-09-19
ifa_801179,Yu-Min Lin,2022,0,0,0,0,,,,,,,,,,,0,2026-09-19
ifa_694218,Yeison Morrobel,2021,0,38,0,38,9.99,12.4975,18.994999999999997,19.470526315789474,21.97,49.99,9.99,https://www.ebay.com/itm/306823009778?_skw=%22Yeison+Morrobel%22+1st+Bowman+Chrome+auto&hash=item47701395f2:g:ZDkAAeSw0fxptmtp,https://www.ebay.com/itm/306823009778?_skw=%22Yeison+Morrobel%22+1st+Bowman+Chrome+auto&hash=item47701395f2:g:ZDkAAeSw0fxptmtp,2022 Bowman Chrome Yeison Morrobel Prospect 1st Auto Autograph Texas Rangers,1,2026-09-19
draft_2024_jacob_friend_r6p179,Jacob Friend,2025,0,0,0,0,,,,,,,,,,,0,2026-09-19
ifa_822177,Jose Cerice,2024,0,0,0,0,,,,,,,,,,,0,2026-09-19
draft_2023_christian_oppor_r5p152,Christian Oppor,2024,0,0,0,0,,,,,,,,,,,0,2026-09-19
draft_2023_jack_hurley_r3p80,Jack Hurley,2024,0,23,0,23,3.95,5.0,8.99,15.469565217391304,17.49,69.99,3.95,https://www.ebay.com/itm/397937288052?_skw=%22Jack+Hurley%22+1st+Bowman+Chrome+auto&hash=item5ca6e92374:g:dlwAAeSwGgVqAktw,https://www.ebay.com/itm/397937288052?_skw=%22Jack+Hurley%22+1st+Bowman+Chrome+auto&hash=item5ca6e92374:g:dlwAAeSwGgVqAktw,2023 Bowman Draft Jack Hurley 1st Chrome Prospect Auto #CDA-JH Diamondbacks,1,2026-09-19
draft_2023_sam_shaw_r9p274,Sam Shaw,2024,0,7,0,7,5.0,11.105,15.0,14.027142857142858,17.99,20.0,5.0,https://www.ebay.com/itm/398314897979?_skw=%22Sam+Shaw%22+1st+Bowman+Chrome+auto&hash=item5cbd6b023b:g:xPkAAeSwYtNqijd3,https://www.ebay.com/itm/398314897979?_skw=%22Sam+Shaw%22+1st+Bowman+Chrome+auto&hash=item5cbd6b023b:g:xPkAAeSwYtNqijd3,Topps 2024 Bowman Chrome Prospect Autos Sam Shaw 1st Bowman Auto RC #CPA-SS,1,2026-09-19
draft_2023_matt_jachec_r18p548,Matt Jachec,2024,0,0,0,0,,,,,,,,,,,0,2026-09-19
draft_2023_logan_martin_r12p349,Logan Martin,2024,0,0,0,0,,,,,,,,,,,0,2026-09-19
draft_2023_izack_tiger_r7p201,Izack Tiger,2024,0,0,0,0,,,,,,,,,,,0,2026-09-19
