{
  "0": 3.765424168596219,
  "1": 1.8915059574093862,
  "2": 2.4513446345143692,
  "3": 3.5621881592712006,
  "4": 2.974118905900271,
  "5": 3.9914690411510017,
  "6": 3.445411056880124
}