season,team_id,abbr,level,parent
2005,512,TOL,AAA,116.0
2005,579,OAX,AAA,11.0
2005,451,IOW,AAA,112.0
2005,259,FRE,AAA,137.0
2005,520,PUE,AAA,11.0
2005,523,CAM,AAA,11.0
2005,588,NEW,AAA,120.0
2005,528,AGU,AAA,11.0
2005,400,LV,AAA,119.0
2005,529,TAC,AAA,136.0
2005,531,SWB,AAA,143.0
2005,532,MXO,AAA,11.0
2005,533,PAW,AAA,111.0
2005,342,ABQ,AAA,146.0
2005,534,ROC,AAA,142.0
2005,536,VRA,AAA,11.0
2005,541,OMA,AAA,118.0
2005,416,LOU,AAA,113.0
2005,484,IND,AAA,134.0
2005,549,TUC,AAA,109.0
2005,102,RR,AAA,117.0
2005,422,BUF,AAA,114.0
2005,551,COL,AAA,115.0
2005,552,SYR,AAA,141.0
2005,105,SAC,AAA,133.0
2005,234,DUR,AAA,139.0
2005,235,MEM,AAA,138.0
2005,556,NAS,AAA,158.0
2005,494,CLT,AAA,145.0
2005,238,OKL,AAA,140.0
2005,431,RIC,AAA,144.0
2005,496,YUC,AAA,11.0
2005,560,MVA,AAA,11.0
2005,497,CAN,AAA,11.0
2005,561,SLC,AAA,108.0
2005,562,MTY,AAA,11.0
2005,434,TIJ,AAA,11.0
2005,501,OTT,AAA,110.0
2005,502,SLT,AAA,11.0
2005,248,POR,AAA,135.0
2005,568,NOR,AAA,121.0
2005,569,TIG,AAA,11.0
2005,442,TAB,AAA,11.0
2005,445,COL,AAA,147.0
2005,575,SLP,AAA,11.0
2005,447,VAQ,AAA,11.0
2005,514,NOR,AA,137.0
2005,452,ALT,AA,134.0
2005,260,TUL,AA,115.0
2005,585,WIC,AA,118.0
2005,522,REA,AA,143.0
2005,463,NH,AA,141.0
2005,402,AKR,AA,114.0
2005,538,NBR,AA,142.0
2005,540,FRI,AA,140.0
2005,417,MOB,AA,135.0
2005,546,POR,AA,111.0
2005,482,CC,AA,117.0
2005,418,BOW,AA,110.0
2005,547,HBG,AA,120.0
2005,421,MTG,AA,139.0
2005,104,WTN,AA,112.0
2005,553,TNS,AA,109.0
2005,106,ERI,AA,116.0
2005,237,MID,AA,133.0
2005,430,MIS,AA,144.0
2005,559,HVL,AA,158.0
2005,498,CHA,AA,113.0
2005,564,JAX,AA,119.0
2005,567,TRN,AA,147.0
2005,247,BIR,AA,145.0
2005,440,SPR,AA,138.0
2005,505,BNG,AA,121.0
2005,249,CAR,AA,146.0
2005,574,ARK,AA,108.0
2005,510,SA,AA,136.0
2005,450,DAY,A+,112.0
2005,515,MOD,A+,115.0
2005,580,WS,A+,145.0
2005,516,VIS,A+,139.0
2005,521,MB,A+,144.0
2005,457,VER,A+,119.0
2005,587,TAM,A+,147.0
2005,524,STK,A+,133.0
2005,526,RC,A+,108.0
2005,401,IE,A+,136.0
2005,535,SAR,A+,113.0
2005,279,PMB,A+,138.0
2005,476,SJ,A+,137.0
2005,414,SAL,A+,117.0
2005,479,JUP,A+,146.0
2005,481,LYN,A+,134.0
2005,485,KIN,A+,114.0
2005,423,BAK,A+,140.0
2005,103,LE,A+,135.0
2005,424,DUN,A+,141.0
2005,426,WIL,A+,111.0
2005,491,LAN,A+,109.0
2005,493,FRE,A+,110.0
2005,436,POT,A+,120.0
2005,566,CLR,A+,143.0
2005,503,BRV,A+,158.0
2005,504,HD,A+,118.0
2005,570,LAK,A+,116.0
2005,507,SLU,A+,121.0
2005,509,FTM,A+,142.0
2005,448,HIC,A,134.0
2005,582,WM,A,116.0
2005,584,FW,A,135.0
2005,456,SWM,A,139.0
2005,459,DAY,A,113.0
2005,525,WV,A,158.0
2005,477,GBO,A,146.0
2005,478,AUG,A,137.0
2005,543,SAV,A,120.0
2005,548,DEL,A,110.0
2005,420,BUR,A,118.0
2005,550,SB,A,109.0
2005,487,KAN,A,145.0
2005,233,CHS,A,147.0
2005,554,BEL,A,142.0
2005,427,LWD,A,143.0
2005,492,CR,A,108.0
2005,428,GVL,A,111.0
2005,495,LEX,A,117.0
2005,432,ROM,A,144.0
2005,563,HAG,A,121.0
2005,499,LAN,A,141.0
2005,500,CLI,A,140.0
2005,565,QC,A,138.0
2005,437,LC,A,114.0
2005,441,COL,A,119.0
2005,443,PEO,A,112.0
2005,572,WIS,A,136.0
2005,573,ASH,A,115.0
2005,446,KC,A,133.0
2005,480,BOI,A-,112.0
2005,545,MV,A-,114.0
2005,577,TRI,A-,117.0
2005,449,WIL,A-,134.0
2005,578,SK,A-,137.0
2005,419,YAK,A-,109.0
2005,453,BRK,A-,121.0
2005,486,SPO,A-,140.0
2005,488,ABD,A-,110.0
2005,489,JAM,A-,146.0
2005,586,SI,A-,147.0
2005,458,AUB,A-,141.0
2005,460,TRI,A-,115.0
2005,461,EUG,A-,135.0
2005,558,LOW,A-,111.0
2005,462,VER,A-,120.0
2005,435,VAN,A-,133.0
2005,403,EVE,A-,136.0
2005,439,NJC,A-,138.0
2005,537,HV,A-,139.0
2005,571,ONE,A-,116.0
2005,511,BAT,A-,143.0
2005,513,BIL,RK,113.0
2005,517,BLU,RK,110.0
2005,518,MIS,RK,109.0
2005,519,ORM,RK,108.0
2005,648,V-AST,RK,117.0
2005,649,V-BLU,RK,141.0
2005,650,V-BRW,RK,158.0
2005,651,V-CAR,RK,138.0
2005,652,V-CUB,RK,112.0
2005,653,V-DOD,RK,119.0
2005,654,V-NAT,RK,120.0
2005,655,V-IND,RK,114.0
2005,656,V-MRN,RK,136.0
2005,657,V-MRL,RK,146.0
2005,658,V-MET,RK,121.0
2005,530,OGD,RK,119.0
2005,659,V-ORI,RK,110.0
2005,660,V-PAD,RK,135.0
2005,404,A-ANG,RK,108.0
2005,661,V-PHI,RK,143.0
2005,405,A-ATH,RK,133.0
2005,662,V-PIR,RK,134.0
2005,406,A-BRW,RK,158.0
2005,663,V-RSX,RK,111.0
2005,407,A-CUB,RK,112.0
2005,664,V-RED,RK,113.0
2005,408,A-GIA,RK,137.0
2005,665,V-RCK,RK,115.0
2005,409,A-MRN,RK,136.0
2005,666,V-TWI,RK,142.0
2005,410,A-PAD,RK,135.0
2005,411,A-RAN,RK,140.0
2005,539,CAS,RK,115.0
2005,412,A-ROY,RK,118.0
2005,413,GRN,RK,117.0
2005,425,PUL,RK,141.0
2005,429,DAN,RK,144.0
2005,557,BRI,RK,145.0
2005,433,HEL,RK,158.0
2005,438,JC,RK,138.0
2005,444,IDF,RK,118.0
2005,576,ELZ,RK,142.0
2005,581,GRF,RK,145.0
2005,455,PRN,RK,139.0
2005,716,V-RSP,RK,
2005,717,V-MAN,RK,
2005,1231,G-IND,RK,114.0
2005,464,G-BRV,RK,144.0
2005,465,G-DOD,RK,119.0
2005,466,G-NAT,RK,120.0
2005,467,G-MRL,RK,146.0
2005,468,G-MET,RK,121.0
2005,469,G-PHI,RK,143.0
2005,470,G-PIR,RK,134.0
2005,471,G-RSX,RK,111.0
2005,599,G-ORI,RK,110.0
2005,472,G-RED,RK,113.0
2005,600,D-ANG,RK,108.0
2005,473,G-TIG,RK,116.0
2005,601,D-AST,RK,117.0
2005,474,G-TWI,RK,142.0
2005,1370,G-CAR,RK,138.0
2005,602,D-AT1,RK,133.0
2005,475,G-YAN,RK,147.0
2005,603,D-AT2,RK,133.0
2005,604,D-BLJ,RK,141.0
2005,605,D-BR1,RK,144.0
2005,606,D-BR2,RK,144.0
2005,607,D-BRW,RK,158.0
2005,608,D-CAR,RK,138.0
2005,609,D-CUB,RK,112.0
2005,610,D-DBA,RK,109.0
2005,483,BUR,RK,114.0
2005,611,D-DOD,RK,119.0
2005,615,D-GIA,RK,137.0
2005,616,D-IN1,RK,114.0
2005,617,D-IN2,RK,114.0
2005,618,D-MRN,RK,136.0
2005,619,D-MRL,RK,146.0
2005,620,D-MET,RK,121.0
2005,621,D-ORI,RK,110.0
2005,1390,G-BLU,RK,141.0
2005,622,D-PAD,RK,135.0
2005,623,D-PHI,RK,143.0
2005,624,D-PIR,RK,134.0
2005,625,D-RNG,RK,140.0
2005,626,D-RSX,RK,111.0
2005,628,D-RED,RK,113.0
2005,629,D-RCK,RK,115.0
2005,1270,D-NAT,RK,120.0
2005,630,D-ROY,RK,118.0
2005,631,D-TIG,RK,116.0
2005,632,D-TWI,RK,142.0
2005,633,D-WSX,RK,145.0
2005,506,KNG,RK,121.0
2005,634,D-YA1,RK,147.0
2005,635,D-YA2,RK,147.0
2006,512,TOL,AAA,116.0
2006,451,IOW,AAA,112.0
2006,579,OAX,AAA,11.0
2006,259,FRE,AAA,137.0
2006,520,PUE,AAA,11.0
2006,523,CAM,AAA,11.0
2006,588,NEW,AAA,120.0
2006,400,LV,AAA,119.0
2006,528,AGU,AAA,11.0
2006,529,TAC,AAA,136.0
2006,531,SWB,AAA,143.0
2006,532,MXO,AAA,11.0
2006,533,PAW,AAA,111.0
2006,342,ABQ,AAA,146.0
2006,534,ROC,AAA,142.0
2006,536,VRA,AAA,11.0
2006,541,OMA,AAA,118.0
2006,416,LOU,AAA,113.0
2006,484,IND,AAA,134.0
2006,549,TUC,AAA,109.0
2006,102,RR,AAA,117.0
2006,422,BUF,AAA,114.0
2006,551,COL,AAA,115.0
2006,552,SYR,AAA,141.0
2006,105,SAC,AAA,133.0
2006,234,DUR,AAA,139.0
2006,235,MEM,AAA,138.0
2006,556,NAS,AAA,158.0
2006,494,CLT,AAA,145.0
2006,238,OKL,AAA,140.0
2006,431,RIC,AAA,144.0
2006,496,YUC,AAA,11.0
2006,560,MVA,AAA,11.0
2006,561,SL,AAA,108.0
2006,434,TIJ,AAA,11.0
2006,562,MTY,AAA,11.0
2006,501,OTT,AAA,110.0
2006,502,SLT,AAA,11.0
2006,248,POR,AAA,135.0
2006,568,NOR,AAA,121.0
2006,569,TIG,AAA,11.0
2006,1210,COR,AAA,11.0
2006,442,TAB,AAA,11.0
2006,445,COL,AAA,147.0
2006,447,VAQ,AAA,11.0
2006,575,SLP,AAA,11.0
2006,514,CON,AA,137.0
2006,452,ALT,AA,134.0
2006,260,TUL,AA,115.0
2006,585,WIC,AA,118.0
2006,522,REA,AA,143.0
2006,463,NH,AA,141.0
2006,402,AKR,AA,114.0
2006,538,NBR,AA,142.0
2006,540,FRI,AA,140.0
2006,417,MOB,AA,135.0
2006,482,CC,AA,117.0
2006,418,BOW,AA,110.0
2006,546,POR,AA,111.0
2006,547,HBG,AA,120.0
2006,421,MTG,AA,139.0
2006,104,WTN,AA,112.0
2006,553,TNS,AA,109.0
2006,106,ERI,AA,116.0
2006,237,MID,AA,133.0
2006,430,MIS,AA,144.0
2006,559,HVL,AA,158.0
2006,498,CHA,AA,113.0
2006,564,JAX,AA,119.0
2006,247,BIR,AA,145.0
2006,567,TRN,AA,147.0
2006,440,SPR,AA,138.0
2006,505,BNG,AA,121.0
2006,249,CAR,AA,146.0
2006,510,SA,AA,136.0
2006,574,ARK,AA,108.0
2006,450,DAY,A+,112.0
2006,515,MOD,A+,115.0
2006,580,WS,A+,145.0
2006,516,VIS,A+,139.0
2006,521,MB,A+,144.0
2006,457,VER,A+,119.0
2006,587,TAM,A+,147.0
2006,524,STK,A+,133.0
2006,526,RC,A+,108.0
2006,401,IE,A+,136.0
2006,535,SAR,A+,113.0
2006,279,PMB,A+,138.0
2006,476,SJ,A+,137.0
2006,414,SAL,A+,117.0
2006,479,JUP,A+,146.0
2006,481,LYN,A+,134.0
2006,485,KIN,A+,114.0
2006,423,BAK,A+,140.0
2006,103,LE,A+,135.0
2006,424,DUN,A+,141.0
2006,426,WIL,A+,111.0
2006,491,LAN,A+,109.0
2006,493,FRE,A+,110.0
2006,436,POT,A+,120.0
2006,566,CLR,A+,143.0
2006,503,BRV,A+,158.0
2006,504,HD,A+,118.0
2006,570,LAK,A+,116.0
2006,507,SLU,A+,121.0
2006,509,FTM,A+,142.0
2006,448,HIC,A,134.0
2006,582,WM,A,116.0
2006,584,FW,A,135.0
2006,456,SWM,A,139.0
2006,459,DAY,A,113.0
2006,525,WV,A,158.0
2006,477,GBO,A,146.0
2006,478,AUG,A,137.0
2006,543,SAV,A,120.0
2006,548,DEL,A,110.0
2006,420,BUR,A,118.0
2006,550,SB,A,109.0
2006,487,KAN,A,145.0
2006,233,CHS,A,147.0
2006,554,BEL,A,142.0
2006,427,LWD,A,143.0
2006,492,CR,A,108.0
2006,428,GVL,A,111.0
2006,495,LEX,A,117.0
2006,432,ROM,A,144.0
2006,563,HAG,A,121.0
2006,499,LAN,A,141.0
2006,500,CLI,A,140.0
2006,565,QC,A,138.0
2006,437,LC,A,114.0
2006,441,COL,A,119.0
2006,443,PEO,A,112.0
2006,572,WIS,A,136.0
2006,573,ASH,A,115.0
2006,446,KC,A,133.0
2006,480,BOI,A-,112.0
2006,545,MV,A-,114.0
2006,449,WIL,A-,134.0
2006,577,TRI,A-,117.0
2006,578,SK,A-,137.0
2006,419,YAK,A-,109.0
2006,453,BRK,A-,121.0
2006,486,SPO,A-,140.0
2006,488,ABD,A-,110.0
2006,489,JAM,A-,146.0
2006,458,AUB,A-,141.0
2006,586,SI,A-,147.0
2006,460,TRI,A-,115.0
2006,461,EUG,A-,135.0
2006,558,LOW,A-,111.0
2006,462,VER,A-,120.0
2006,435,VAN,A-,133.0
2006,403,EVE,A-,136.0
2006,1174,SC,A-,138.0
2006,537,HV,A-,139.0
2006,571,ONE,A-,116.0
2006,511,BAT,A-,143.0
2006,513,BIL,RK,113.0
2006,517,BLU,RK,110.0
2006,518,MIS,RK,109.0
2006,519,ORM,RK,108.0
2006,648,V-AST,RK,117.0
2006,649,V-BLU,RK,141.0
2006,650,V-BRW,RK,158.0
2006,651,V-CAR,RK,138.0
2006,652,V-CUB,RK,112.0
2006,653,V-DOD,RK,119.0
2006,654,V-NAT,RK,120.0
2006,655,V-IND,RK,114.0
2006,656,V-MRN,RK,136.0
2006,657,V-MRL,RK,146.0
2006,658,V-MET,RK,121.0
2006,530,OGD,RK,119.0
2006,660,V-PAD,RK,135.0
2006,404,A-ANG,RK,108.0
2006,661,V-PHI,RK,143.0
2006,405,A-ATH,RK,133.0
2006,662,V-PIR,RK,134.0
2006,406,A-BRW,RK,158.0
2006,663,V-RSX,RK,111.0
2006,407,A-CUB,RK,112.0
2006,664,V-RED,RK,113.0
2006,408,A-GIA,RK,137.0
2006,665,V-RCK,RK,115.0
2006,409,A-MRN,RK,136.0
2006,666,V-TWI,RK,142.0
2006,410,A-PAD,RK,135.0
2006,411,A-RAN,RK,140.0
2006,539,CAS,RK,115.0
2006,412,A-ROY,RK,118.0
2006,413,GRN,RK,117.0
2006,425,PUL,RK,141.0
2006,429,DAN,RK,144.0
2006,557,BRI,RK,145.0
2006,433,HEL,RK,158.0
2006,438,JC,RK,138.0
2006,444,IDF,RK,118.0
2006,576,ELZ,RK,142.0
2006,581,GRF,RK,145.0
2006,455,PRN,RK,139.0
2006,1231,G-IND,RK,114.0
2006,464,G-BRV,RK,144.0
2006,465,G-DOD,RK,119.0
2006,466,G-NAT,RK,120.0
2006,467,G-MRL,RK,146.0
2006,468,G-MET,RK,121.0
2006,469,G-PHI,RK,143.0
2006,470,G-PIR,RK,134.0
2006,471,G-RSX,RK,111.0
2006,599,G-ORI,RK,110.0
2006,472,G-RED,RK,113.0
2006,600,D-ANG,RK,108.0
2006,473,G-TIG,RK,116.0
2006,601,D-AST,RK,117.0
2006,474,G-TWI,RK,142.0
2006,1370,G-CAR,RK,138.0
2006,602,D-AT1,RK,133.0
2006,475,G-YAN,RK,147.0
2006,603,D-AT2,RK,133.0
2006,604,D-BLJ,RK,141.0
2006,605,D-BRV,RK,144.0
2006,607,D-BRW,RK,158.0
2006,608,D-CAR,RK,138.0
2006,609,D-CUB,RK,112.0
2006,610,D-DBA,RK,109.0
2006,483,BUR,RK,114.0
2006,611,D-DOD,RK,119.0
2006,1253,V-TIM,RK,
2006,1254,V-TBJ,RK,
2006,1255,V-OWS,RK,
2006,615,D-GIA,RK,137.0
2006,616,D-IND,RK,114.0
2006,618,D-MRN,RK,136.0
2006,619,D-MRL,RK,146.0
2006,620,D-MET,RK,121.0
2006,621,D-ORI,RK,110.0
2006,1390,G-BLU,RK,141.0
2006,622,D-PAD,RK,135.0
2006,623,D-PHI,RK,143.0
2006,624,D-PIR,RK,134.0
2006,625,D-RNG,RK,140.0
2006,626,D-RSX,RK,111.0
2006,628,D-RED,RK,113.0
2006,629,D-RCK,RK,115.0
2006,1270,D-NA1,RK,120.0
2006,630,D-ROY,RK,118.0
2006,1271,D-NA2,RK,120.0
2006,631,D-TIG,RK,116.0
2006,632,D-TWI,RK,142.0
2006,633,D-WSX,RK,145.0
2006,506,KNG,RK,121.0
2006,634,D-YA1,RK,147.0
2006,635,D-YA2,RK,147.0
2007,512,TOL,AAA,116.0
2007,579,OAX,AAA,11.0
2007,451,IOW,AAA,112.0
2007,259,FRE,AAA,137.0
2007,520,PUE,AAA,11.0
2007,523,CAM,AAA,11.0
2007,588,NEW,AAA,121.0
2007,528,AGU,AAA,11.0
2007,400,LV,AAA,119.0
2007,529,TAC,AAA,136.0
2007,531,SWB,AAA,147.0
2007,532,MXO,AAA,11.0
2007,533,PAW,AAA,111.0
2007,342,ABQ,AAA,146.0
2007,534,ROC,AAA,142.0
2007,536,VRA,AAA,11.0
2007,541,OMA,AAA,118.0
2007,416,LOU,AAA,113.0
2007,484,IND,AAA,134.0
2007,549,TUC,AAA,109.0
2007,102,RR,AAA,117.0
2007,422,BUF,AAA,114.0
2007,551,COL,AAA,115.0
2007,552,SYR,AAA,141.0
2007,105,SAC,AAA,133.0
2007,234,DUR,AAA,139.0
2007,235,MEM,AAA,138.0
2007,556,NAS,AAA,158.0
2007,494,CLT,AAA,145.0
2007,238,OKL,AAA,140.0
2007,431,RIC,AAA,144.0
2007,496,YUC,AAA,11.0
2007,560,MVA,AAA,11.0
2007,561,SL,AAA,108.0
2007,562,MTY,AAA,11.0
2007,434,TIJ,AAA,11.0
2007,501,OTT,AAA,143.0
2007,502,SLT,AAA,11.0
2007,248,POR,AAA,135.0
2007,568,NOR,AAA,110.0
2007,569,QR,AAA,11.0
2007,1210,MIN,AAA,11.0
2007,442,TAB,AAA,11.0
2007,445,COL,AAA,120.0
2007,575,CHI,AAA,11.0
2007,447,VAQ,AAA,11.0
2007,514,CON,AA,137.0
2007,452,ALT,AA,134.0
2007,260,TUL,AA,115.0
2007,585,WIC,AA,118.0
2007,522,REA,AA,143.0
2007,463,NH,AA,141.0
2007,402,AKR,AA,114.0
2007,538,NBR,AA,142.0
2007,540,FRI,AA,140.0
2007,417,MOB,AA,109.0
2007,482,CC,AA,117.0
2007,546,POR,AA,111.0
2007,418,BOW,AA,110.0
2007,547,HBG,AA,120.0
2007,421,MTG,AA,139.0
2007,104,WTN,AA,136.0
2007,553,TNS,AA,112.0
2007,106,ERI,AA,116.0
2007,237,MID,AA,133.0
2007,430,MIS,AA,144.0
2007,559,HVL,AA,158.0
2007,498,CHA,AA,113.0
2007,564,JAX,AA,119.0
2007,247,BIR,AA,145.0
2007,567,TRN,AA,147.0
2007,440,SPR,AA,138.0
2007,505,BNG,AA,121.0
2007,249,CAR,AA,146.0
2007,510,SA,AA,135.0
2007,574,ARK,AA,108.0
2007,450,DAY,A+,112.0
2007,515,MOD,A+,115.0
2007,580,WS,A+,145.0
2007,516,VIS,A+,109.0
2007,457,VER,A+,139.0
2007,521,MB,A+,144.0
2007,587,TAM,A+,147.0
2007,524,STK,A+,133.0
2007,526,RC,A+,108.0
2007,401,IE,A+,119.0
2007,535,SAR,A+,113.0
2007,279,PMB,A+,138.0
2007,476,SJ,A+,137.0
2007,414,SAL,A+,117.0
2007,479,JUP,A+,146.0
2007,481,LYN,A+,134.0
2007,485,KIN,A+,114.0
2007,103,LE,A+,135.0
2007,423,BAK,A+,140.0
2007,424,DUN,A+,141.0
2007,426,WIL,A+,118.0
2007,491,LAN,A+,111.0
2007,493,FRE,A+,110.0
2007,436,POT,A+,120.0
2007,566,CLR,A+,143.0
2007,503,BRV,A+,158.0
2007,504,HD,A+,136.0
2007,570,LAK,A+,116.0
2007,507,SLU,A+,121.0
2007,509,FTM,A+,142.0
2007,448,HIC,A,134.0
2007,582,WM,A,116.0
2007,584,FW,A,135.0
2007,456,GL,A,119.0
2007,459,DAY,A,113.0
2007,525,WV,A,158.0
2007,477,GBO,A,146.0
2007,478,AUG,A,137.0
2007,543,SAV,A,121.0
2007,548,DEL,A,110.0
2007,420,BUR,A,118.0
2007,550,SB,A,109.0
2007,487,KAN,A,145.0
2007,233,CHS,A,147.0
2007,554,BEL,A,142.0
2007,427,LWD,A,143.0
2007,492,CR,A,108.0
2007,428,GVL,A,111.0
2007,495,LEX,A,117.0
2007,432,ROM,A,144.0
2007,563,HAG,A,120.0
2007,499,LAN,A,141.0
2007,500,CLI,A,140.0
2007,565,QC,A,138.0
2007,437,LC,A,114.0
2007,441,COL,A,139.0
2007,443,PEO,A,112.0
2007,572,WIS,A,136.0
2007,573,ASH,A,115.0
2007,446,KC,A,133.0
2007,480,BOI,A-,112.0
2007,545,MV,A-,114.0
2007,577,TRI,A-,117.0
2007,449,WIL,A-,143.0
2007,578,SK,A-,137.0
2007,419,YAK,A-,109.0
2007,453,BRK,A-,121.0
2007,486,SPO,A-,140.0
2007,488,ABD,A-,110.0
2007,489,JAM,A-,146.0
2007,586,SI,A-,147.0
2007,458,AUB,A-,141.0
2007,460,TRI,A-,115.0
2007,461,EUG,A-,135.0
2007,558,LOW,A-,111.0
2007,462,VER,A-,120.0
2007,435,VAN,A-,133.0
2007,403,EVE,A-,136.0
2007,1174,SC,A-,134.0
2007,537,HV,A-,139.0
2007,571,ONE,A-,116.0
2007,511,BAT,A-,138.0
2007,513,BIL,RK,113.0
2007,517,BLU,RK,110.0
2007,518,MIS,RK,109.0
2007,519,ORM,RK,108.0
2007,530,OGD,RK,119.0
2007,539,CAS,RK,115.0
2007,557,BRI,RK,145.0
2007,1590,V-DRR,RK,
2007,1591,V-CTW,RK,
2007,1592,V-TIG,RK,116.0
2007,576,ELZ,RK,142.0
2007,581,GRF,RK,145.0
2007,1610,D-BJ2,RK,141.0
2007,1611,D-DEV,RK,139.0
2007,1612,D-WS2,RK,145.0
2007,599,G-ORI,RK,110.0
2007,600,D-ANG,RK,108.0
2007,601,D-AST,RK,117.0
2007,1370,G-CAR,RK,138.0
2007,602,D-AT1,RK,133.0
2007,603,D-AT2,RK,133.0
2007,604,D-BJ1,RK,141.0
2007,605,D-BRV,RK,144.0
2007,607,D-BRW,RK,158.0
2007,608,D-CAR,RK,138.0
2007,609,D-CUB,RK,112.0
2007,610,D-DBA,RK,109.0
2007,611,D-DOD,RK,119.0
2007,615,D-GIA,RK,137.0
2007,616,D-IND,RK,114.0
2007,618,D-MRN,RK,136.0
2007,619,D-MRL,RK,146.0
2007,620,D-MET,RK,121.0
2007,621,D-ORI,RK,110.0
2007,1390,G-BLU,RK,141.0
2007,622,D-PAD,RK,135.0
2007,623,D-PHI,RK,143.0
2007,624,D-PIR,RK,134.0
2007,625,D-RNG,RK,140.0
2007,626,D-RSX,RK,111.0
2007,628,D-RED,RK,113.0
2007,629,D-RCK,RK,115.0
2007,630,D-ROY,RK,118.0
2007,631,D-TIG,RK,116.0
2007,632,D-TWI,RK,142.0
2007,633,D-WS1,RK,145.0
2007,634,D-YA1,RK,147.0
2007,635,D-YA2,RK,147.0
2007,648,V-AST,RK,117.0
2007,649,V-BLU,RK,141.0
2007,650,V-BRW,RK,158.0
2007,651,V-CAR,RK,138.0
2007,652,V-CUB,RK,112.0
2007,653,V-DOD,RK,119.0
2007,654,V-NAT,RK,120.0
2007,655,V-IND,RK,114.0
2007,656,V-MRN,RK,136.0
2007,657,V-MRL,RK,146.0
2007,658,V-MET,RK,121.0
2007,660,V-PAD,RK,135.0
2007,404,A-ANG,RK,108.0
2007,661,V-PHI,RK,143.0
2007,405,A-ATH,RK,133.0
2007,662,V-PIR,RK,134.0
2007,406,A-BRW,RK,158.0
2007,663,V-RSX,RK,111.0
2007,407,A-CUB,RK,112.0
2007,664,V-RED,RK,113.0
2007,408,A-GIA,RK,137.0
2007,665,V-RCK,RK,115.0
2007,409,A-MRN,RK,136.0
2007,666,V-TWI,RK,142.0
2007,410,A-PAD,RK,135.0
2007,411,A-RAN,RK,140.0
2007,412,A-ROY,RK,118.0
2007,413,GRN,RK,117.0
2007,429,DAN,RK,144.0
2007,433,HEL,RK,158.0
2007,438,JC,RK,138.0
2007,444,IDF,RK,118.0
2007,455,PRN,RK,139.0
2007,1231,G-IND,RK,114.0
2007,464,G-BRV,RK,144.0
2007,465,G-DOD,RK,119.0
2007,466,G-NAT,RK,120.0
2007,467,G-MRL,RK,146.0
2007,468,G-MET,RK,121.0
2007,469,G-PHI,RK,143.0
2007,470,G-PIR,RK,134.0
2007,471,G-RSX,RK,111.0
2007,472,G-RED,RK,113.0
2007,473,G-TIG,RK,116.0
2007,474,G-TWI,RK,142.0
2007,475,G-YAN,RK,147.0
2007,483,BUR,RK,118.0
2007,1270,D-NA1,RK,120.0
2007,1271,D-NA2,RK,120.0
2007,506,KNG,RK,121.0
2008,512,TOL,AAA,116.0
2008,1410,LHV,AAA,143.0
2008,579,OAX,AAA,11.0
2008,451,IOW,AAA,112.0
2008,259,FRE,AAA,137.0
2008,520,PUE,AAA,11.0
2008,523,CAM,AAA,11.0
2008,588,NEW,AAA,121.0
2008,528,LAR,AAA,11.0
2008,400,LV,AAA,119.0
2008,529,TAC,AAA,136.0
2008,531,SWB,AAA,147.0
2008,532,MXO,AAA,11.0
2008,533,PAW,AAA,111.0
2008,342,ABQ,AAA,146.0
2008,534,ROC,AAA,142.0
2008,536,VRA,AAA,11.0
2008,541,OMA,AAA,118.0
2008,416,LOU,AAA,113.0
2008,484,IND,AAA,134.0
2008,549,TUC,AAA,109.0
2008,102,RR,AAA,117.0
2008,422,BUF,AAA,114.0
2008,551,COL,AAA,115.0
2008,552,SYR,AAA,141.0
2008,105,SAC,AAA,133.0
2008,234,DUR,AAA,139.0
2008,235,MEM,AAA,138.0
2008,556,NAS,AAA,158.0
2008,494,CLT,AAA,145.0
2008,238,OKL,AAA,140.0
2008,431,RIC,AAA,144.0
2008,496,YUC,AAA,11.0
2008,560,MVA,AAA,11.0
2008,561,SL,AAA,108.0
2008,562,MTY,AAA,11.0
2008,434,TIJ,AAA,11.0
2008,502,SLT,AAA,11.0
2008,248,POR,AAA,135.0
2008,568,NOR,AAA,110.0
2008,569,QR,AAA,11.0
2008,1210,MIN,AAA,11.0
2008,442,TAB,AAA,11.0
2008,445,COL,AAA,120.0
2008,575,CHI,AAA,11.0
2008,447,VAQ,AAA,11.0
2008,514,CON,AA,137.0
2008,452,ALT,AA,134.0
2008,260,TUL,AA,115.0
2008,1350,NWA,AA,118.0
2008,522,REA,AA,143.0
2008,463,NH,AA,141.0
2008,402,AKR,AA,114.0
2008,538,NBR,AA,142.0
2008,540,FRI,AA,140.0
2008,417,MOB,AA,109.0
2008,482,CC,AA,117.0
2008,546,POR,AA,111.0
2008,418,BOW,AA,110.0
2008,547,HBG,AA,120.0
2008,421,MTG,AA,139.0
2008,104,WTN,AA,136.0
2008,553,TNS,AA,112.0
2008,106,ERI,AA,116.0
2008,237,MID,AA,133.0
2008,430,MIS,AA,144.0
2008,559,HVL,AA,158.0
2008,498,CHA,AA,113.0
2008,564,JAX,AA,119.0
2008,247,BIR,AA,145.0
2008,567,TRN,AA,147.0
2008,440,SPR,AA,138.0
2008,505,BNG,AA,121.0
2008,249,CAR,AA,146.0
2008,510,SA,AA,135.0
2008,574,ARK,AA,108.0
2008,450,DAY,A+,112.0
2008,515,MOD,A+,115.0
2008,580,WS,A+,145.0
2008,516,VIS,A+,109.0
2008,457,VER,A+,139.0
2008,521,MB,A+,144.0
2008,587,TAM,A+,147.0
2008,524,STK,A+,133.0
2008,526,RC,A+,108.0
2008,401,IE,A+,119.0
2008,535,SAR,A+,113.0
2008,279,PMB,A+,138.0
2008,476,SJ,A+,137.0
2008,414,SAL,A+,117.0
2008,479,JUP,A+,146.0
2008,481,LYN,A+,134.0
2008,485,KIN,A+,114.0
2008,103,LE,A+,135.0
2008,423,BAK,A+,140.0
2008,424,DUN,A+,141.0
2008,426,WIL,A+,118.0
2008,491,LAN,A+,111.0
2008,493,FRE,A+,110.0
2008,436,POT,A+,120.0
2008,566,CLR,A+,143.0
2008,503,BRV,A+,158.0
2008,504,HD,A+,136.0
2008,570,LAK,A+,116.0
2008,507,SLU,A+,121.0
2008,509,FTM,A+,142.0
2008,448,HIC,A,134.0
2008,582,WM,A,116.0
2008,584,FW,A,135.0
2008,456,GL,A,119.0
2008,459,DAY,A,113.0
2008,525,WV,A,158.0
2008,477,GBO,A,146.0
2008,478,AUG,A,137.0
2008,543,SAV,A,121.0
2008,548,DEL,A,110.0
2008,420,BUR,A,118.0
2008,550,SB,A,109.0
2008,487,KAN,A,145.0
2008,233,CHS,A,147.0
2008,554,BEL,A,142.0
2008,427,LWD,A,143.0
2008,492,CR,A,108.0
2008,428,GVL,A,111.0
2008,495,LEX,A,117.0
2008,432,ROM,A,144.0
2008,563,HAG,A,120.0
2008,499,LAN,A,141.0
2008,500,CLI,A,140.0
2008,565,QC,A,138.0
2008,437,LC,A,114.0
2008,441,COL,A,139.0
2008,443,PEO,A,112.0
2008,572,WIS,A,136.0
2008,573,ASH,A,115.0
2008,446,KC,A,133.0
2008,480,BOI,A-,112.0
2008,545,MV,A-,114.0
2008,577,TRI,A-,117.0
2008,449,WIL,A-,143.0
2008,578,SK,A-,137.0
2008,419,YAK,A-,109.0
2008,453,BRK,A-,121.0
2008,486,SPO,A-,140.0
2008,488,ABD,A-,110.0
2008,489,JAM,A-,146.0
2008,586,SI,A-,147.0
2008,458,AUB,A-,141.0
2008,460,TRI,A-,115.0
2008,461,EUG,A-,135.0
2008,558,LOW,A-,111.0
2008,462,VER,A-,120.0
2008,435,VAN,A-,133.0
2008,403,EVE,A-,136.0
2008,1174,SC,A-,134.0
2008,537,HV,A-,139.0
2008,571,ONE,A-,116.0
2008,511,BAT,A-,138.0
2008,513,BIL,RK,113.0
2008,517,BLU,RK,110.0
2008,518,MIS,RK,109.0
2008,519,ORM,RK,108.0
2008,530,OGD,RK,119.0
2008,539,CAS,RK,115.0
2008,557,BRI,RK,145.0
2008,1590,V-RAY,RK,139.0
2008,1592,V-TIG,RK,116.0
2008,576,ELZ,RK,142.0
2008,581,GRF,RK,145.0
2008,1610,D-BJ2,RK,141.0
2008,1611,D-RAY,RK,139.0
2008,1612,D-WS2,RK,145.0
2008,599,G-ORI,RK,110.0
2008,600,D-ANG,RK,108.0
2008,601,D-AST,RK,117.0
2008,1370,G-CAR,RK,138.0
2008,602,D-AT1,RK,133.0
2008,603,D-AT2,RK,133.0
2008,604,D-BJ1,RK,141.0
2008,605,D-BRV,RK,144.0
2008,607,D-BRW,RK,158.0
2008,608,D-CAR,RK,138.0
2008,609,D-CU1,RK,112.0
2008,610,D-DBA,RK,109.0
2008,611,D-DOD,RK,119.0
2008,615,D-GIA,RK,137.0
2008,616,D-IND,RK,114.0
2008,618,D-MRN,RK,136.0
2008,619,D-MRL,RK,146.0
2008,2412,D-DBR,RK,
2008,620,D-MET,RK,121.0
2008,2413,D-RN2,RK,140.0
2008,621,D-ORI,RK,110.0
2008,1390,G-BLU,RK,141.0
2008,622,D-PAD,RK,135.0
2008,623,D-PHI,RK,143.0
2008,624,D-PIR,RK,134.0
2008,625,D-RN1,RK,140.0
2008,626,D-RSX,RK,111.0
2008,628,D-RED,RK,113.0
2008,629,D-RCK,RK,115.0
2008,630,D-ROY,RK,118.0
2008,631,D-TIG,RK,116.0
2008,632,D-TWI,RK,142.0
2008,633,D-WS1,RK,145.0
2008,634,D-YA1,RK,147.0
2008,635,D-YA2,RK,147.0
2008,648,V-AST,RK,117.0
2008,649,V-BLU,RK,141.0
2008,650,V-BRW,RK,158.0
2008,651,V-CAR,RK,138.0
2008,652,V-CUB,RK,112.0
2008,653,V-DOD,RK,119.0
2008,654,V-NAT,RK,120.0
2008,655,V-IND,RK,114.0
2008,656,V-MRN,RK,136.0
2008,657,V-MRL,RK,146.0
2008,658,V-MET,RK,121.0
2008,660,V-PAD,RK,135.0
2008,404,A-ANG,RK,108.0
2008,661,V-PHI,RK,143.0
2008,405,A-ATH,RK,133.0
2008,662,V-PIR,RK,134.0
2008,406,A-BRW,RK,158.0
2008,663,V-RSX,RK,111.0
2008,407,A-CUB,RK,112.0
2008,664,V-RED,RK,113.0
2008,408,A-GIA,RK,137.0
2008,665,V-RCK,RK,115.0
2008,409,A-MRN,RK,136.0
2008,666,V-TWI,RK,142.0
2008,410,A-PAD,RK,135.0
2008,411,A-RAN,RK,140.0
2008,412,A-ROY,RK,118.0
2008,413,GRN,RK,117.0
2008,425,PUL,RK,136.0
2008,429,DAN,RK,144.0
2008,433,HEL,RK,158.0
2008,438,JC,RK,138.0
2008,444,IDF,RK,118.0
2008,455,PRN,RK,139.0
2008,1231,G-IND,RK,114.0
2008,464,G-BRV,RK,144.0
2008,465,G-DOD,RK,119.0
2008,466,G-NAT,RK,120.0
2008,467,G-MRL,RK,146.0
2008,468,G-MET,RK,121.0
2008,469,G-PHI,RK,143.0
2008,470,G-PIR,RK,134.0
2008,471,G-RSX,RK,111.0
2008,472,G-RED,RK,113.0
2008,473,G-TIG,RK,116.0
2008,474,G-TWI,RK,142.0
2008,475,G-YAN,RK,147.0
2008,2270,D-CU2,RK,112.0
2008,483,BUR,RK,118.0
2008,1270,D-NA1,RK,120.0
2008,1271,D-NA2,RK,120.0
2008,506,KNG,RK,121.0
2009,512,TOL,AAA,116.0
2009,1410,LHV,AAA,143.0
2009,579,OAX,AAA,11.0
2009,451,IOW,AAA,112.0
2009,259,FRE,AAA,137.0
2009,2310,RNO,AAA,109.0
2009,520,PUE,AAA,11.0
2009,523,CAM,AAA,11.0
2009,588,NEW,AAA,146.0
2009,528,LAR,AAA,11.0
2009,400,LV,AAA,141.0
2009,529,TAC,AAA,136.0
2009,531,SWB,AAA,147.0
2009,532,MEX,AAA,11.0
2009,533,PAW,AAA,111.0
2009,342,ABQ,AAA,119.0
2009,534,ROC,AAA,142.0
2009,536,VER,AAA,11.0
2009,541,OMA,AAA,118.0
2009,416,LOU,AAA,113.0
2009,484,IND,AAA,134.0
2009,102,RR,AAA,117.0
2009,422,BUF,AAA,121.0
2009,551,COL,AAA,115.0
2009,552,SYR,AAA,120.0
2009,105,SAC,AAA,133.0
2009,234,DUR,AAA,139.0
2009,235,MEM,AAA,138.0
2009,556,NAS,AAA,158.0
2009,494,CLT,AAA,145.0
2009,238,OKC,AAA,140.0
2009,431,GWN,AAA,144.0
2009,496,YUC,AAA,11.0
2009,560,MVA,AAA,11.0
2009,561,SL,AAA,108.0
2009,562,MTY,AAA,11.0
2009,434,REY,AAA,11.0
2009,502,SLT,AAA,11.0
2009,248,POR,AAA,135.0
2009,568,NOR,AAA,110.0
2009,569,TIG,AAA,11.0
2009,1210,MIN,AAA,11.0
2009,442,TAB,AAA,11.0
2009,445,COL,AAA,114.0
2009,575,CHI,AAA,11.0
2009,447,LAG,AAA,11.0
2009,514,CON,AA,137.0
2009,452,ALT,AA,134.0
2009,260,TUL,AA,115.0
2009,1350,NWA,AA,118.0
2009,522,REA,AA,143.0
2009,463,NH,AA,141.0
2009,402,AKR,AA,114.0
2009,538,NBR,AA,142.0
2009,540,FRI,AA,140.0
2009,417,MOB,AA,109.0
2009,482,CC,AA,117.0
2009,546,POR,AA,111.0
2009,418,BOW,AA,110.0
2009,547,HBG,AA,120.0
2009,421,MTG,AA,139.0
2009,104,WTN,AA,136.0
2009,553,TNS,AA,112.0
2009,106,ERI,AA,116.0
2009,237,MID,AA,133.0
2009,430,MIS,AA,144.0
2009,559,HVL,AA,158.0
2009,498,CHA,AA,119.0
2009,564,JAX,AA,146.0
2009,247,BIR,AA,145.0
2009,567,TRN,AA,147.0
2009,440,SPR,AA,138.0
2009,505,BNG,AA,121.0
2009,249,CAR,AA,113.0
2009,510,SA,AA,135.0
2009,574,ARK,AA,108.0
2009,450,DAY,A+,112.0
2009,515,MOD,A+,115.0
2009,580,WS,A+,145.0
2009,516,VIS,A+,109.0
2009,521,MB,A+,144.0
2009,587,TAM,A+,147.0
2009,524,STK,A+,133.0
2009,526,RC,A+,108.0
2009,401,IE,A+,119.0
2009,535,SAR,A+,113.0
2009,279,PMB,A+,138.0
2009,476,SJ,A+,137.0
2009,414,SAL,A+,111.0
2009,479,JUP,A+,146.0
2009,481,LYN,A+,134.0
2009,485,KIN,A+,114.0
2009,423,BAK,A+,140.0
2009,103,LE,A+,135.0
2009,424,DUN,A+,141.0
2009,2730,CHA,A+,139.0
2009,426,WIL,A+,118.0
2009,491,LAN,A+,117.0
2009,493,FRE,A+,110.0
2009,436,POT,A+,120.0
2009,566,CLR,A+,143.0
2009,503,BRV,A+,158.0
2009,504,HD,A+,136.0
2009,570,LAK,A+,116.0
2009,507,SLU,A+,121.0
2009,509,FTM,A+,142.0
2009,448,HIC,A,140.0
2009,2498,BG,A,139.0
2009,582,WM,A,116.0
2009,584,FW,A,135.0
2009,456,GL,A,119.0
2009,459,DAY,A,113.0
2009,525,WV,A,134.0
2009,477,GBO,A,146.0
2009,478,AUG,A,137.0
2009,543,SAV,A,121.0
2009,548,DEL,A,110.0
2009,420,BUR,A,118.0
2009,550,SB,A,109.0
2009,487,KAN,A,145.0
2009,233,CHS,A,147.0
2009,554,BEL,A,142.0
2009,427,LWD,A,143.0
2009,492,CR,A,108.0
2009,428,GVL,A,111.0
2009,495,LEX,A,117.0
2009,432,ROM,A,144.0
2009,563,HAG,A,120.0
2009,499,LAN,A,141.0
2009,500,CLI,A,136.0
2009,565,QC,A,138.0
2009,437,LC,A,114.0
2009,443,PEO,A,112.0
2009,572,WIS,A,158.0
2009,573,ASH,A,115.0
2009,446,KC,A,133.0
2009,480,BOI,A-,112.0
2009,545,MV,A-,114.0
2009,577,TRI,A-,117.0
2009,449,WIL,A-,143.0
2009,578,SK,A-,137.0
2009,419,YAK,A-,109.0
2009,453,BRK,A-,121.0
2009,486,SPO,A-,140.0
2009,488,ABD,A-,110.0
2009,489,JAM,A-,146.0
2009,586,SI,A-,147.0
2009,458,AUB,A-,141.0
2009,460,TRI,A-,115.0
2009,461,EUG,A-,135.0
2009,558,LOW,A-,111.0
2009,462,VER,A-,120.0
2009,435,VAN,A-,133.0
2009,403,EVE,A-,136.0
2009,1174,SC,A-,134.0
2009,537,HV,A-,139.0
2009,571,ONE,A-,116.0
2009,511,BAT,A-,138.0
2009,513,BIL,RK,113.0
2009,517,BLU,RK,110.0
2009,518,MIS,RK,109.0
2009,519,ORM,RK,108.0
2009,530,OGD,RK,119.0
2009,539,CAS,RK,115.0
2009,557,BRS,RK,145.0
2009,1590,V-RAY,RK,139.0
2009,1592,V-TIG,RK,116.0
2009,3130,D-ORB,RK,
2009,576,ELZ,RK,142.0
2009,581,GRF,RK,145.0
2009,1611,D-RAY,RK,139.0
2009,599,G-ORI,RK,110.0
2009,600,D-ANG,RK,108.0
2009,601,D-AST,RK,117.0
2009,1370,G-CAR,RK,138.0
2009,602,D-ATH,RK,133.0
2009,604,D-BLJ,RK,141.0
2009,605,D-BRV,RK,144.0
2009,607,D-BRW,RK,158.0
2009,608,D-CAR,RK,138.0
2009,609,D-CU1,RK,112.0
2009,610,D-DBA,RK,109.0
2009,611,D-DOD,RK,119.0
2009,615,D-GIA,RK,137.0
2009,616,D-IND,RK,114.0
2009,618,D-MRN,RK,136.0
2009,619,D-MRL,RK,146.0
2009,620,D-MET,RK,121.0
2009,2413,D-RN2,RK,140.0
2009,621,D-ORI,RK,110.0
2009,1390,G-BLU,RK,141.0
2009,622,D-PAD,RK,135.0
2009,623,D-PHI,RK,143.0
2009,624,D-PIR,RK,134.0
2009,625,D-RN1,RK,140.0
2009,626,D-RSX,RK,111.0
2009,628,D-RED,RK,113.0
2009,629,D-RCK,RK,115.0
2009,630,D-ROY,RK,118.0
2009,631,D-TIG,RK,116.0
2009,632,D-TWI,RK,142.0
2009,633,D-WSX,RK,145.0
2009,634,D-YA1,RK,147.0
2009,635,D-YA2,RK,147.0
2009,2690,A-DOD,RK,119.0
2009,649,V-BLU,RK,141.0
2009,650,V-BRW,RK,158.0
2009,651,V-CAR,RK,138.0
2009,652,V-CUB,RK,112.0
2009,653,V-DOD,RK,119.0
2009,654,V-NAT,RK,120.0
2009,655,V-IND,RK,114.0
2009,656,V-MRN,RK,136.0
2009,657,V-MRL,RK,146.0
2009,658,V-MET,RK,121.0
2009,660,V-PAD,RK,135.0
2009,404,A-ANG,RK,108.0
2009,661,V-PHI,RK,143.0
2009,405,A-ATH,RK,133.0
2009,662,V-PIR,RK,134.0
2009,406,A-BRW,RK,158.0
2009,663,V-RSX,RK,111.0
2009,407,A-CUB,RK,112.0
2009,664,V-RED,RK,113.0
2009,408,A-GIA,RK,137.0
2009,665,V-RCK,RK,115.0
2009,409,A-MRN,RK,136.0
2009,666,V-TWI,RK,142.0
2009,410,A-PAD,RK,135.0
2009,411,A-RAN,RK,140.0
2009,412,A-ROY,RK,118.0
2009,413,GRN,RK,117.0
2009,425,PUL,RK,136.0
2009,429,DAN,RK,144.0
2009,433,HEL,RK,158.0
2009,438,JC,RK,138.0
2009,444,IDF,RK,118.0
2009,455,PRN,RK,139.0
2009,1998,G-AST,RK,117.0
2009,464,G-BRV,RK,144.0
2009,2770,A-IND,RK,114.0
2009,466,G-NAT,RK,120.0
2009,2003,G-RAY,RK,139.0
2009,467,G-MRL,RK,146.0
2009,468,G-MET,RK,121.0
2009,469,G-PHI,RK,143.0
2009,470,G-PIR,RK,134.0
2009,471,G-RSX,RK,111.0
2009,472,G-RED,RK,113.0
2009,473,G-TIG,RK,116.0
2009,474,G-TWI,RK,142.0
2009,475,G-YAN,RK,147.0
2009,2270,D-CU2,RK,112.0
2009,483,BUR,RK,118.0
2009,1270,D-NAT,RK,120.0
2009,506,KNG,RK,121.0
2010,512,TOL,AAA,116.0
2010,1410,LHV,AAA,143.0
2010,579,OAX,AAA,11.0
2010,451,IOW,AAA,112.0
2010,259,FRE,AAA,137.0
2010,2310,RNO,AAA,109.0
2010,520,PUE,AAA,11.0
2010,523,CAM,AAA,11.0
2010,588,NEW,AAA,146.0
2010,528,LAR,AAA,11.0
2010,400,LV,AAA,141.0
2010,529,TAC,AAA,136.0
2010,531,SWB,AAA,147.0
2010,532,MEX,AAA,11.0
2010,533,PAW,AAA,111.0
2010,342,ABQ,AAA,119.0
2010,534,ROC,AAA,142.0
2010,536,VER,AAA,11.0
2010,541,OMA,AAA,118.0
2010,416,LOU,AAA,113.0
2010,484,IND,AAA,134.0
2010,102,RR,AAA,117.0
2010,422,BUF,AAA,121.0
2010,551,COL,AAA,115.0
2010,552,SYR,AAA,120.0
2010,105,SAC,AAA,133.0
2010,234,DUR,AAA,139.0
2010,235,MEM,AAA,138.0
2010,556,NAS,AAA,158.0
2010,494,CLT,AAA,145.0
2010,238,OKC,AAA,140.0
2010,431,GWN,AAA,144.0
2010,496,YUC,AAA,11.0
2010,560,MVA,AAA,11.0
2010,561,SL,AAA,108.0
2010,562,MTY,AAA,11.0
2010,434,REY,AAA,11.0
2010,502,SLT,AAA,11.0
2010,248,POR,AAA,135.0
2010,568,NOR,AAA,110.0
2010,569,TIG,AAA,11.0
2010,1210,MIN,AAA,11.0
2010,442,TAB,AAA,11.0
2010,445,COL,AAA,114.0
2010,575,CHI,AAA,11.0
2010,447,LAG,AAA,11.0
2010,452,ALT,AA,134.0
2010,260,TUL,AA,115.0
2010,1350,NWA,AA,118.0
2010,522,REA,AA,143.0
2010,463,NH,AA,141.0
2010,3410,RIC,AA,137.0
2010,402,AKR,AA,114.0
2010,538,NBR,AA,142.0
2010,540,FRI,AA,140.0
2010,417,MOB,AA,109.0
2010,482,CC,AA,117.0
2010,546,POR,AA,111.0
2010,418,BOW,AA,110.0
2010,547,HBG,AA,120.0
2010,421,MTG,AA,139.0
2010,104,WTN,AA,136.0
2010,553,TNS,AA,112.0
2010,106,ERI,AA,116.0
2010,237,MID,AA,133.0
2010,430,MIS,AA,144.0
2010,559,HVL,AA,158.0
2010,498,CHA,AA,119.0
2010,564,JAX,AA,146.0
2010,247,BIR,AA,145.0
2010,567,TRN,AA,147.0
2010,440,SPR,AA,138.0
2010,505,BNG,AA,121.0
2010,249,CAR,AA,113.0
2010,510,SA,AA,135.0
2010,574,ARK,AA,108.0
2010,450,DAY,A+,112.0
2010,515,MOD,A+,115.0
2010,580,WS,A+,145.0
2010,516,VIS,A+,109.0
2010,521,MB,A+,144.0
2010,587,TAM,A+,147.0
2010,524,STK,A+,133.0
2010,526,RC,A+,108.0
2010,401,IE,A+,119.0
2010,279,PMB,A+,138.0
2010,476,SJ,A+,137.0
2010,414,SAL,A+,111.0
2010,479,JUP,A+,146.0
2010,481,LYN,A+,113.0
2010,485,KIN,A+,114.0
2010,423,BAK,A+,140.0
2010,103,LE,A+,135.0
2010,424,DUN,A+,141.0
2010,2730,CHA,A+,139.0
2010,426,WIL,A+,118.0
2010,491,LAN,A+,117.0
2010,493,FRE,A+,110.0
2010,436,POT,A+,120.0
2010,566,CLR,A+,143.0
2010,503,BRV,A+,158.0
2010,504,HD,A+,136.0
2010,570,LAK,A+,116.0
2010,507,SLU,A+,121.0
2010,509,FTM,A+,142.0
2010,3390,BRD,A+,134.0
2010,448,HIC,A,140.0
2010,2498,BG,A,139.0
2010,582,WM,A,116.0
2010,584,FW,A,135.0
2010,456,GL,A,119.0
2010,459,DAY,A,113.0
2010,525,WV,A,134.0
2010,477,GBO,A,146.0
2010,478,AUG,A,137.0
2010,543,SAV,A,121.0
2010,548,DEL,A,110.0
2010,420,BUR,A,118.0
2010,550,SB,A,109.0
2010,487,KAN,A,145.0
2010,233,CHS,A,147.0
2010,554,BEL,A,142.0
2010,427,LWD,A,143.0
2010,492,CR,A,108.0
2010,428,GVL,A,111.0
2010,495,LEX,A,117.0
2010,432,ROM,A,144.0
2010,563,HAG,A,120.0
2010,499,LAN,A,141.0
2010,500,CLI,A,136.0
2010,565,QC,A,138.0
2010,437,LC,A,114.0
2010,443,PEO,A,112.0
2010,572,WIS,A,158.0
2010,573,ASH,A,115.0
2010,446,KC,A,133.0
2010,480,BOI,A-,112.0
2010,545,MV,A-,114.0
2010,577,TRI,A-,117.0
2010,449,WIL,A-,143.0
2010,578,SK,A-,137.0
2010,419,YAK,A-,109.0
2010,453,BRK,A-,121.0
2010,486,SPO,A-,140.0
2010,488,ABD,A-,110.0
2010,489,JAM,A-,146.0
2010,586,SI,A-,147.0
2010,458,AUB,A-,141.0
2010,460,TRI,A-,115.0
2010,461,EUG,A-,135.0
2010,558,LOW,A-,111.0
2010,462,VER,A-,120.0
2010,435,VAN,A-,133.0
2010,403,EVE,A-,136.0
2010,1174,SC,A-,134.0
2010,537,HV,A-,139.0
2010,571,CT,A-,116.0
2010,511,BAT,A-,138.0
2010,513,BIL,RK,113.0
2010,2690,A-DOD,RK,119.0
2010,517,BLU,RK,110.0
2010,518,MIS,RK,109.0
2010,519,ORM,RK,108.0
2010,649,V-BLU,RK,141.0
2010,650,V-BRW,RK,158.0
2010,651,V-CAR,RK,138.0
2010,652,V-CUB,RK,112.0
2010,653,V-DOD,RK,119.0
2010,654,V-NAT,RK,120.0
2010,655,V-IND,RK,114.0
2010,656,V-MRN,RK,136.0
2010,657,V-MRL,RK,146.0
2010,530,OGD,RK,119.0
2010,660,V-PAD,RK,135.0
2010,404,A-ANG,RK,108.0
2010,661,V-PHI,RK,143.0
2010,405,A-ATH,RK,133.0
2010,662,V-PIR,RK,134.0
2010,406,A-BRW,RK,158.0
2010,663,V-RSX,RK,111.0
2010,407,A-CUB,RK,112.0
2010,664,V-RED,RK,113.0
2010,408,A-GIA,RK,137.0
2010,665,V-RCK,RK,115.0
2010,409,A-MRN,RK,136.0
2010,666,V-TWI,RK,142.0
2010,410,A-PAD,RK,135.0
2010,411,A-RAN,RK,140.0
2010,539,CAS,RK,115.0
2010,412,A-ROY,RK,118.0
2010,413,GRN,RK,117.0
2010,425,PUL,RK,136.0
2010,429,DAN,RK,144.0
2010,557,BRS,RK,145.0
2010,433,HEL,RK,158.0
2010,438,JC,RK,138.0
2010,1590,V-RAY,RK,139.0
2010,1592,V-TIG,RK,116.0
2010,3130,D-OR2,RK,110.0
2010,444,IDF,RK,118.0
2010,576,ELZ,RK,142.0
2010,2117,D-ME2,RK,121.0
2010,581,GTF,RK,145.0
2010,455,PRN,RK,139.0
2010,1611,D-RAY,RK,139.0
2010,1998,G-AST,RK,117.0
2010,464,G-BRV,RK,144.0
2010,2770,A-IND,RK,114.0
2010,466,G-NAT,RK,120.0
2010,2003,G-RAY,RK,139.0
2010,467,G-MRL,RK,146.0
2010,468,G-MET,RK,121.0
2010,469,G-PHI,RK,143.0
2010,470,G-PIR,RK,134.0
2010,471,G-RSX,RK,111.0
2010,599,G-ORI,RK,110.0
2010,600,D-ANG,RK,108.0
2010,473,G-TIG,RK,116.0
2010,601,D-AST,RK,117.0
2010,474,G-TWI,RK,142.0
2010,1370,G-CAR,RK,138.0
2010,602,D-ATH,RK,133.0
2010,475,G-YAN,RK,147.0
2010,604,D-BLJ,RK,141.0
2010,605,D-BRV,RK,144.0
2010,2270,D-CU2,RK,112.0
2010,607,D-BRW,RK,158.0
2010,608,D-CAR,RK,138.0
2010,609,D-CU1,RK,112.0
2010,610,D-DBA,RK,109.0
2010,483,BUR,RK,118.0
2010,611,D-DOD,RK,119.0
2010,3430,A-RED,RK,113.0
2010,615,D-GIA,RK,137.0
2010,616,D-IND,RK,114.0
2010,618,D-MRN,RK,136.0
2010,619,D-MRL,RK,146.0
2010,620,D-ME1,RK,121.0
2010,621,D-OR1,RK,110.0
2010,1390,G-BLU,RK,141.0
2010,622,D-PAD,RK,135.0
2010,623,D-PHI,RK,143.0
2010,624,D-PIR,RK,134.0
2010,625,D-RNG,RK,140.0
2010,626,D-RSX,RK,111.0
2010,628,D-RED,RK,113.0
2010,629,D-RCK,RK,115.0
2010,1270,D-NAT,RK,120.0
2010,630,D-ROY,RK,118.0
2010,631,D-TIG,RK,116.0
2010,632,D-TWI,RK,142.0
2010,633,D-WSX,RK,145.0
2010,506,KNG,RK,121.0
2010,634,D-YA1,RK,147.0
2010,635,D-YA2,RK,147.0
2011,512,TOL,AAA,116.0
2011,1410,LHV,AAA,143.0
2011,579,OAX,AAA,11.0
2011,451,IOW,AAA,112.0
2011,259,FRE,AAA,137.0
2011,2310,RNO,AAA,109.0
2011,520,PUE,AAA,11.0
2011,523,CAM,AAA,11.0
2011,588,NEW,AAA,146.0
2011,400,LV,AAA,141.0
2011,529,TAC,AAA,136.0
2011,531,SWB,AAA,147.0
2011,532,MEX,AAA,11.0
2011,533,PAW,AAA,111.0
2011,342,ABQ,AAA,119.0
2011,534,ROC,AAA,142.0
2011,536,VER,AAA,11.0
2011,541,OMA,AAA,118.0
2011,416,LOU,AAA,113.0
2011,484,IND,AAA,134.0
2011,549,TUC,AAA,135.0
2011,102,RR,AAA,140.0
2011,422,BUF,AAA,121.0
2011,551,COL,AAA,115.0
2011,552,SYR,AAA,120.0
2011,105,SAC,AAA,133.0
2011,234,DUR,AAA,139.0
2011,235,MEM,AAA,138.0
2011,556,NAS,AAA,158.0
2011,494,CLT,AAA,145.0
2011,238,OKC,AAA,117.0
2011,431,GWN,AAA,144.0
2011,496,YUC,AAA,11.0
2011,560,MVA,AAA,11.0
2011,561,SL,AAA,108.0
2011,562,MTY,AAA,11.0
2011,434,REY,AAA,11.0
2011,502,SLT,AAA,11.0
2011,568,NOR,AAA,110.0
2011,569,TIG,AAA,11.0
2011,1210,MIN,AAA,11.0
2011,442,TAB,AAA,11.0
2011,445,COL,AAA,114.0
2011,447,LAG,AAA,11.0
2011,452,ALT,AA,134.0
2011,260,TUL,AA,115.0
2011,1350,NWA,AA,118.0
2011,522,REA,AA,143.0
2011,463,NH,AA,141.0
2011,3410,RIC,AA,137.0
2011,402,AKR,AA,114.0
2011,538,NBR,AA,142.0
2011,540,FRI,AA,140.0
2011,417,MOB,AA,109.0
2011,546,POR,AA,111.0
2011,482,CC,AA,117.0
2011,418,BOW,AA,110.0
2011,547,HBG,AA,120.0
2011,421,MTG,AA,139.0
2011,104,JXN,AA,136.0
2011,553,TNS,AA,112.0
2011,106,ERI,AA,116.0
2011,237,MID,AA,133.0
2011,430,MIS,AA,144.0
2011,559,HVL,AA,158.0
2011,498,CHA,AA,119.0
2011,564,JAX,AA,146.0
2011,567,TRN,AA,147.0
2011,247,BIR,AA,145.0
2011,440,SPR,AA,138.0
2011,505,BNG,AA,121.0
2011,249,CAR,AA,113.0
2011,574,ARK,AA,108.0
2011,510,SA,AA,135.0
2011,450,DAY,A+,112.0
2011,515,MOD,A+,115.0
2011,580,WS,A+,145.0
2011,516,VIS,A+,109.0
2011,521,MB,A+,140.0
2011,587,TAM,A+,147.0
2011,524,STK,A+,133.0
2011,526,RC,A+,119.0
2011,401,IE,A+,108.0
2011,279,PMB,A+,138.0
2011,476,SJ,A+,137.0
2011,414,SAL,A+,111.0
2011,479,JUP,A+,146.0
2011,481,LYN,A+,144.0
2011,485,KIN,A+,114.0
2011,423,BAK,A+,113.0
2011,103,LE,A+,135.0
2011,424,DUN,A+,141.0
2011,2730,CHA,A+,139.0
2011,426,WIL,A+,118.0
2011,491,LAN,A+,117.0
2011,493,FRE,A+,110.0
2011,436,POT,A+,120.0
2011,566,CLR,A+,143.0
2011,503,BRV,A+,158.0
2011,504,HD,A+,136.0
2011,570,LAK,A+,116.0
2011,507,SLU,A+,121.0
2011,509,FTM,A+,142.0
2011,3390,BRD,A+,134.0
2011,448,HIC,A,140.0
2011,2498,BG,A,139.0
2011,582,WM,A,116.0
2011,584,FW,A,135.0
2011,456,GL,A,119.0
2011,459,DAY,A,113.0
2011,525,WV,A,134.0
2011,477,GBO,A,146.0
2011,478,AUG,A,137.0
2011,543,SAV,A,121.0
2011,548,DEL,A,110.0
2011,420,BUR,A,133.0
2011,550,SB,A,109.0
2011,487,KAN,A,145.0
2011,233,CHS,A,147.0
2011,554,BEL,A,142.0
2011,427,LWD,A,143.0
2011,492,CR,A,108.0
2011,428,GVL,A,111.0
2011,495,LEX,A,117.0
2011,432,ROM,A,144.0
2011,563,HAG,A,120.0
2011,499,LAN,A,141.0
2011,500,CLI,A,136.0
2011,565,QC,A,138.0
2011,437,LC,A,114.0
2011,443,PEO,A,112.0
2011,572,WIS,A,158.0
2011,573,ASH,A,115.0
2011,446,KC,A,118.0
2011,480,BOI,A-,112.0
2011,545,MV,A-,114.0
2011,577,TRI,A-,117.0
2011,449,WIL,A-,143.0
2011,578,SK,A-,137.0
2011,419,YAK,A-,109.0
2011,453,BRK,A-,121.0
2011,486,SPO,A-,140.0
2011,488,ABD,A-,110.0
2011,489,JAM,A-,146.0
2011,586,SI,A-,147.0
2011,458,AUB,A-,120.0
2011,460,TRI,A-,115.0
2011,461,EUG,A-,135.0
2011,558,LOW,A-,111.0
2011,462,VER,A-,133.0
2011,435,VAN,A-,141.0
2011,403,EVE,A-,136.0
2011,1174,SC,A-,134.0
2011,537,HV,A-,139.0
2011,571,CT,A-,116.0
2011,511,BAT,A-,138.0
2011,513,BIL,RK,113.0
2011,2690,A-DOD,RK,119.0
2011,517,BLU,RK,141.0
2011,518,MIS,RK,109.0
2011,519,ORM,RK,108.0
2011,649,V-BLU,RK,141.0
2011,650,V-BRW,RK,158.0
2011,652,V-CUB,RK,112.0
2011,653,V-DOD,RK,119.0
2011,654,V-NAT,RK,120.0
2011,655,V-IND,RK,114.0
2011,656,V-MRN,RK,136.0
2011,657,V-MRL,RK,146.0
2011,530,OGD,RK,119.0
2011,660,V-PAD,RK,135.0
2011,404,A-ANG,RK,108.0
2011,661,V-PHI,RK,143.0
2011,405,A-ATH,RK,133.0
2011,662,V-PIR,RK,134.0
2011,406,A-BRW,RK,158.0
2011,663,V-RSX,RK,111.0
2011,407,A-CUB,RK,112.0
2011,664,V-RED,RK,113.0
2011,408,A-GIA,RK,137.0
2011,665,V-RCK,RK,115.0
2011,409,A-MRN,RK,136.0
2011,666,V-TWI,RK,142.0
2011,410,A-PAD,RK,135.0
2011,411,A-RAN,RK,140.0
2011,539,CAS,RK,115.0
2011,412,A-ROY,RK,118.0
2011,413,GRN,RK,117.0
2011,425,PUL,RK,136.0
2011,429,DAN,RK,144.0
2011,557,BRS,RK,145.0
2011,433,HEL,RK,158.0
2011,438,JC,RK,138.0
2011,1590,V-RAY,RK,139.0
2011,1592,V-TIG,RK,116.0
2011,3130,D-OR2,RK,110.0
2011,444,IDF,RK,118.0
2011,576,ELZ,RK,142.0
2011,2117,D-ME2,RK,121.0
2011,581,GTF,RK,145.0
2011,1991,A-DBA,RK,109.0
2011,455,PRN,RK,139.0
2011,1611,D-RAY,RK,139.0
2011,1998,G-AST,RK,117.0
2011,464,G-BRV,RK,144.0
2011,2770,A-IND,RK,114.0
2011,466,G-NAT,RK,120.0
2011,2003,G-RAY,RK,139.0
2011,467,G-MRL,RK,146.0
2011,468,G-MET,RK,121.0
2011,469,G-PHI,RK,143.0
2011,470,G-PIR,RK,134.0
2011,471,G-RSX,RK,111.0
2011,599,G-ORI,RK,110.0
2011,600,D-ANG,RK,108.0
2011,473,G-TIG,RK,116.0
2011,601,D-AST,RK,117.0
2011,474,G-TWI,RK,142.0
2011,1370,G-CAR,RK,138.0
2011,602,D-ATH,RK,133.0
2011,475,G-YAN,RK,147.0
2011,604,D-BLJ,RK,141.0
2011,605,D-BRV,RK,144.0
2011,2270,D-CU2,RK,112.0
2011,607,D-BRW,RK,158.0
2011,608,D-CAR,RK,138.0
2011,609,D-CU1,RK,112.0
2011,610,D-DBA,RK,109.0
2011,483,BUR,RK,118.0
2011,611,D-DOD,RK,119.0
2011,3430,A-RED,RK,113.0
2011,615,D-GIA,RK,137.0
2011,616,D-IND,RK,114.0
2011,618,D-MRN,RK,136.0
2011,619,D-MRL,RK,146.0
2011,620,D-ME1,RK,121.0
2011,621,D-ORI,RK,110.0
2011,1390,G-BLU,RK,141.0
2011,622,D-PAD,RK,135.0
2011,623,D-PHI,RK,143.0
2011,624,D-PIR,RK,134.0
2011,625,D-RNG,RK,140.0
2011,626,D-RSX,RK,111.0
2011,628,D-RED,RK,113.0
2011,629,D-RCK,RK,115.0
2011,1270,D-NAT,RK,120.0
2011,630,D-ROY,RK,118.0
2011,631,D-TIG,RK,116.0
2011,632,D-TWI,RK,142.0
2011,633,D-WSX,RK,145.0
2011,506,KNG,RK,121.0
2011,634,D-YA1,RK,147.0
2011,635,D-YA2,RK,147.0
2012,512,TOL,AAA,116.0
2012,1410,LHV,AAA,143.0
2012,579,OAX,AAA,11.0
2012,451,IOW,AAA,112.0
2012,259,FRE,AAA,137.0
2012,2310,RNO,AAA,109.0
2012,520,PUE,AAA,11.0
2012,523,CAM,AAA,11.0
2012,588,NEW,AAA,146.0
2012,528,AGS,AAA,11.0
2012,400,LV,AAA,141.0
2012,529,TAC,AAA,136.0
2012,531,SWB,AAA,147.0
2012,532,MEX,AAA,11.0
2012,533,PAW,AAA,111.0
2012,342,ABQ,AAA,119.0
2012,534,ROC,AAA,142.0
2012,536,VER,AAA,11.0
2012,4444,CDC,AAA,11.0
2012,541,OMA,AAA,118.0
2012,416,LOU,AAA,113.0
2012,484,IND,AAA,134.0
2012,549,TUC,AAA,135.0
2012,102,RR,AAA,140.0
2012,422,BUF,AAA,121.0
2012,551,COL,AAA,115.0
2012,552,SYR,AAA,120.0
2012,105,SAC,AAA,133.0
2012,234,DUR,AAA,139.0
2012,235,MEM,AAA,138.0
2012,556,NAS,AAA,158.0
2012,494,CLT,AAA,145.0
2012,238,OKC,AAA,117.0
2012,431,GWN,AAA,144.0
2012,496,YUC,AAA,11.0
2012,560,MVA,AAA,11.0
2012,561,SL,AAA,108.0
2012,562,MTY,AAA,11.0
2012,434,REY,AAA,11.0
2012,502,SLT,AAA,11.0
2012,568,NOR,AAA,110.0
2012,569,TIG,AAA,11.0
2012,1210,MIN,AAA,11.0
2012,442,TAB,AAA,11.0
2012,445,COL,AAA,114.0
2012,447,LAG,AAA,11.0
2012,452,ALT,AA,134.0
2012,260,TUL,AA,115.0
2012,1350,NWA,AA,118.0
2012,522,REA,AA,143.0
2012,463,NH,AA,141.0
2012,3410,RIC,AA,137.0
2012,402,AKR,AA,114.0
2012,538,NBR,AA,142.0
2012,4124,PNS,AA,113.0
2012,540,FRI,AA,140.0
2012,417,MOB,AA,109.0
2012,482,CC,AA,117.0
2012,546,POR,AA,111.0
2012,418,BOW,AA,110.0
2012,547,HBG,AA,120.0
2012,421,MTG,AA,139.0
2012,104,JXN,AA,136.0
2012,553,TNS,AA,112.0
2012,106,ERI,AA,116.0
2012,237,MID,AA,133.0
2012,430,MIS,AA,144.0
2012,559,HVL,AA,158.0
2012,498,CHA,AA,119.0
2012,564,JAX,AA,146.0
2012,247,BIR,AA,145.0
2012,567,TRN,AA,147.0
2012,440,SPR,AA,138.0
2012,505,BNG,AA,121.0
2012,510,SA,AA,135.0
2012,574,ARK,AA,108.0
2012,450,DAY,A+,112.0
2012,515,MOD,A+,115.0
2012,580,WS,A+,145.0
2012,516,VIS,A+,109.0
2012,521,MB,A+,140.0
2012,587,TAM,A+,147.0
2012,524,STK,A+,133.0
2012,526,RC,A+,119.0
2012,401,IE,A+,108.0
2012,279,PMB,A+,138.0
2012,476,SJ,A+,137.0
2012,414,SAL,A+,111.0
2012,479,JUP,A+,146.0
2012,481,LYN,A+,144.0
2012,423,BAK,A+,113.0
2012,103,LE,A+,135.0
2012,424,DUN,A+,141.0
2012,2730,CHA,A+,139.0
2012,426,WIL,A+,118.0
2012,491,LAN,A+,117.0
2012,493,FRE,A+,110.0
2012,436,POT,A+,120.0
2012,566,CLR,A+,143.0
2012,503,BRV,A+,158.0
2012,504,HD,A+,136.0
2012,249,CAR,A+,114.0
2012,570,LAK,A+,116.0
2012,507,SLU,A+,121.0
2012,509,FTM,A+,142.0
2012,3390,BRD,A+,134.0
2012,448,HIC,A,140.0
2012,2498,BG,A,139.0
2012,582,WM,A,116.0
2012,584,FW,A,135.0
2012,456,GL,A,119.0
2012,459,DAY,A,113.0
2012,525,WV,A,134.0
2012,477,GBO,A,146.0
2012,478,AUG,A,137.0
2012,543,SAV,A,121.0
2012,548,DEL,A,110.0
2012,420,BUR,A,133.0
2012,550,SB,A,109.0
2012,487,KAN,A,145.0
2012,233,CHS,A,147.0
2012,554,BEL,A,142.0
2012,427,LWD,A,143.0
2012,492,CR,A,108.0
2012,428,GVL,A,111.0
2012,495,LEX,A,117.0
2012,432,ROM,A,144.0
2012,563,HAG,A,120.0
2012,499,LAN,A,141.0
2012,500,CLI,A,136.0
2012,565,QC,A,138.0
2012,437,LC,A,114.0
2012,443,PEO,A,112.0
2012,572,WIS,A,158.0
2012,573,ASH,A,115.0
2012,446,KC,A,118.0
2012,480,BOI,A-,112.0
2012,545,MV,A-,114.0
2012,577,TRI,A-,117.0
2012,449,WIL,A-,143.0
2012,578,SK,A-,137.0
2012,419,YAK,A-,109.0
2012,453,BRK,A-,121.0
2012,486,SPO,A-,140.0
2012,488,ABD,A-,110.0
2012,489,JAM,A-,146.0
2012,586,SI,A-,147.0
2012,458,AUB,A-,120.0
2012,460,TRI,A-,115.0
2012,461,EUG,A-,135.0
2012,558,LOW,A-,111.0
2012,462,VER,A-,133.0
2012,435,VAN,A-,141.0
2012,403,EVE,A-,136.0
2012,1174,SC,A-,134.0
2012,537,HV,A-,139.0
2012,571,CT,A-,116.0
2012,511,BAT,A-,138.0
2012,513,BIL,RK,113.0
2012,2690,A-DOD,RK,119.0
2012,517,BLU,RK,141.0
2012,518,MIS,RK,109.0
2012,519,ORM,RK,108.0
2012,649,V-BLU,RK,141.0
2012,650,V-BRW,RK,158.0
2012,652,V-CUB,RK,112.0
2012,4364,GJ,RK,115.0
2012,653,V-DOD,RK,119.0
2012,654,V-NAT,RK,120.0
2012,655,V-IND,RK,114.0
2012,656,V-MRN,RK,136.0
2012,657,V-MRL,RK,146.0
2012,530,OGD,RK,119.0
2012,660,V-PAD,RK,135.0
2012,404,A-ANG,RK,108.0
2012,661,V-PHI,RK,143.0
2012,405,A-ATH,RK,133.0
2012,406,A-BRW,RK,158.0
2012,663,V-RSX,RK,111.0
2012,407,A-CUB,RK,112.0
2012,408,A-GIA,RK,137.0
2012,665,V-RCK,RK,115.0
2012,409,A-MRN,RK,136.0
2012,666,V-TWI,RK,142.0
2012,410,A-PAD,RK,135.0
2012,411,A-RAN,RK,140.0
2012,412,A-ROY,RK,118.0
2012,413,GRN,RK,117.0
2012,425,PUL,RK,136.0
2012,429,DAN,RK,144.0
2012,557,BRS,RK,145.0
2012,433,HEL,RK,158.0
2012,4404,D-PI2,RK,134.0
2012,438,JC,RK,138.0
2012,1590,V-RAY,RK,139.0
2012,1592,V-TIG,RK,116.0
2012,3130,D-OR2,RK,110.0
2012,444,IDF,RK,118.0
2012,576,ELZ,RK,142.0
2012,2117,D-ME2,RK,121.0
2012,581,GTF,RK,145.0
2012,1991,A-DBA,RK,109.0
2012,455,PRN,RK,139.0
2012,1611,D-RAY,RK,139.0
2012,1998,G-AST,RK,117.0
2012,464,G-BRV,RK,144.0
2012,2770,A-IND,RK,114.0
2012,466,G-NAT,RK,120.0
2012,2003,G-RAY,RK,139.0
2012,467,G-MRL,RK,146.0
2012,468,G-MET,RK,121.0
2012,469,G-PHI,RK,143.0
2012,470,G-PIR,RK,134.0
2012,471,G-RSX,RK,111.0
2012,599,G-ORI,RK,110.0
2012,600,D-ANG,RK,108.0
2012,473,G-TIG,RK,116.0
2012,601,D-AST,RK,117.0
2012,474,G-TWI,RK,142.0
2012,1370,G-CAR,RK,138.0
2012,602,D-ATH,RK,133.0
2012,475,G-YAN,RK,147.0
2012,604,D-BLJ,RK,141.0
2012,605,D-BRV,RK,144.0
2012,2270,D-CU2,RK,112.0
2012,607,D-BRW,RK,158.0
2012,608,D-CAR,RK,138.0
2012,609,D-CU1,RK,112.0
2012,610,D-DBA,RK,109.0
2012,483,BUR,RK,118.0
2012,611,D-DOD,RK,119.0
2012,3430,A-RED,RK,113.0
2012,615,D-GIA,RK,137.0
2012,616,D-IND,RK,114.0
2012,618,D-MRN,RK,136.0
2012,619,D-MRL,RK,146.0
2012,2412,D-DBR,RK,
2012,620,D-ME1,RK,121.0
2012,621,D-ORI,RK,110.0
2012,1390,G-BLU,RK,141.0
2012,622,D-PAD,RK,135.0
2012,623,D-PHI,RK,143.0
2012,624,D-PI1,RK,134.0
2012,625,D-RNG,RK,140.0
2012,626,D-RSX,RK,111.0
2012,628,D-RED,RK,113.0
2012,629,D-RCK,RK,115.0
2012,1270,D-NAT,RK,120.0
2012,630,D-ROY,RK,118.0
2012,631,D-TIG,RK,116.0
2012,632,D-TWI,RK,142.0
2012,633,D-WSX,RK,145.0
2012,506,KNG,RK,121.0
2012,634,D-YA1,RK,147.0
2012,635,D-YA2,RK,147.0
2013,512,TOL,AAA,116.0
2013,1410,LHV,AAA,143.0
2013,579,OAX,AAA,11.0
2013,451,IOW,AAA,112.0
2013,259,FRE,AAA,137.0
2013,2310,RNO,AAA,109.0
2013,520,PUE,AAA,11.0
2013,523,CAM,AAA,11.0
2013,588,NEW,AAA,146.0
2013,528,AGS,AAA,11.0
2013,400,LV,AAA,121.0
2013,529,TAC,AAA,136.0
2013,531,SWB,AAA,147.0
2013,532,MEX,AAA,11.0
2013,533,PAW,AAA,111.0
2013,342,ABQ,AAA,119.0
2013,534,ROC,AAA,142.0
2013,536,VER,AAA,11.0
2013,4444,CDC,AAA,11.0
2013,541,OMA,AAA,118.0
2013,416,LOU,AAA,113.0
2013,484,IND,AAA,134.0
2013,549,TUC,AAA,135.0
2013,102,RR,AAA,140.0
2013,422,BUF,AAA,141.0
2013,551,COL,AAA,115.0
2013,552,SYR,AAA,120.0
2013,105,SAC,AAA,133.0
2013,234,DUR,AAA,139.0
2013,235,MEM,AAA,138.0
2013,556,NAS,AAA,158.0
2013,494,CLT,AAA,145.0
2013,238,OKC,AAA,117.0
2013,431,GWN,AAA,144.0
2013,496,YUC,AAA,11.0
2013,560,MVA,AAA,11.0
2013,561,SL,AAA,108.0
2013,562,MTY,AAA,11.0
2013,434,REY,AAA,11.0
2013,502,SLT,AAA,11.0
2013,568,NOR,AAA,110.0
2013,569,TIG,AAA,11.0
2013,1210,MIN,AAA,11.0
2013,442,TAB,AAA,11.0
2013,445,COL,AAA,114.0
2013,447,LAG,AAA,11.0
2013,452,ALT,AA,134.0
2013,260,TUL,AA,115.0
2013,1350,NWA,AA,118.0
2013,522,REA,AA,143.0
2013,463,NH,AA,141.0
2013,3410,RIC,AA,137.0
2013,402,AKR,AA,114.0
2013,538,NBR,AA,142.0
2013,4124,PNS,AA,113.0
2013,540,FRI,AA,140.0
2013,417,MOB,AA,109.0
2013,546,POR,AA,111.0
2013,482,CC,AA,117.0
2013,418,BOW,AA,110.0
2013,547,HBG,AA,120.0
2013,421,MTG,AA,139.0
2013,104,JXN,AA,136.0
2013,553,TNS,AA,112.0
2013,106,ERI,AA,116.0
2013,237,MID,AA,133.0
2013,430,MIS,AA,144.0
2013,559,HVL,AA,158.0
2013,498,CHA,AA,119.0
2013,564,JAX,AA,146.0
2013,567,TRN,AA,147.0
2013,247,BIR,AA,145.0
2013,440,SPR,AA,138.0
2013,505,BNG,AA,121.0
2013,574,ARK,AA,108.0
2013,510,SA,AA,135.0
2013,450,DAY,A+,112.0
2013,515,MOD,A+,115.0
2013,580,WS,A+,145.0
2013,516,VIS,A+,109.0
2013,521,MB,A+,140.0
2013,587,TAM,A+,147.0
2013,524,STK,A+,133.0
2013,526,RC,A+,119.0
2013,401,IE,A+,108.0
2013,279,PMB,A+,138.0
2013,476,SJ,A+,137.0
2013,414,SAL,A+,111.0
2013,479,JUP,A+,146.0
2013,481,LYN,A+,144.0
2013,423,BAK,A+,113.0
2013,103,LE,A+,135.0
2013,424,DUN,A+,141.0
2013,2730,CHA,A+,139.0
2013,426,WIL,A+,118.0
2013,491,LAN,A+,117.0
2013,493,FRE,A+,110.0
2013,436,POT,A+,120.0
2013,566,CLR,A+,143.0
2013,503,BRV,A+,158.0
2013,504,HD,A+,136.0
2013,249,CAR,A+,114.0
2013,570,LAK,A+,116.0
2013,507,SLU,A+,121.0
2013,509,FTM,A+,142.0
2013,3390,BRD,A+,134.0
2013,448,HIC,A,140.0
2013,2498,BG,A,139.0
2013,582,WM,A,116.0
2013,584,FW,A,135.0
2013,456,GL,A,119.0
2013,459,DAY,A,113.0
2013,525,WV,A,134.0
2013,477,GBO,A,146.0
2013,478,AUG,A,137.0
2013,543,SAV,A,121.0
2013,548,DEL,A,110.0
2013,420,BUR,A,108.0
2013,550,SB,A,109.0
2013,487,KAN,A,145.0
2013,233,CHS,A,147.0
2013,554,BEL,A,133.0
2013,427,LWD,A,143.0
2013,492,CR,A,142.0
2013,428,GVL,A,111.0
2013,495,LEX,A,118.0
2013,432,ROM,A,144.0
2013,563,HAG,A,120.0
2013,499,LAN,A,141.0
2013,500,CLI,A,136.0
2013,565,QC,A,117.0
2013,437,LC,A,114.0
2013,443,PEO,A,138.0
2013,572,WIS,A,158.0
2013,573,ASH,A,115.0
2013,446,KC,A,112.0
2013,480,BOI,A-,112.0
2013,545,MV,A-,114.0
2013,577,TRI,A-,117.0
2013,449,WIL,A-,143.0
2013,578,SK,A-,137.0
2013,419,HIL,A-,109.0
2013,453,BRK,A-,121.0
2013,486,SPO,A-,140.0
2013,488,ABD,A-,110.0
2013,489,JAM,A-,134.0
2013,586,SI,A-,147.0
2013,458,AUB,A-,120.0
2013,460,TRI,A-,115.0
2013,461,EUG,A-,135.0
2013,558,LOW,A-,111.0
2013,462,VER,A-,133.0
2013,435,VAN,A-,141.0
2013,403,EVE,A-,136.0
2013,1174,SC,A-,138.0
2013,537,HV,A-,139.0
2013,571,CT,A-,116.0
2013,511,BAT,A-,146.0
2013,513,BIL,RK,113.0
2013,517,BLU,RK,141.0
2013,518,MIS,RK,109.0
2013,519,ORM,RK,108.0
2013,4364,GJ,RK,115.0
2013,530,OGD,RK,119.0
2013,557,BRS,RK,145.0
2013,4404,D-PI2,RK,134.0
2013,1590,V-RAY,RK,139.0
2013,1592,V-TIG,RK,116.0
2013,3130,D-OR2,RK,110.0
2013,576,ELZ,RK,142.0
2013,2117,D-ME2,RK,121.0
2013,581,GTF,RK,145.0
2013,1611,D-RAY,RK,139.0
2013,599,G-ORI,RK,110.0
2013,600,D-ANG,RK,108.0
2013,601,D-AST,RK,117.0
2013,1370,G-CAR,RK,138.0
2013,602,D-ATH,RK,133.0
2013,604,D-BLJ,RK,141.0
2013,605,D-BRV,RK,144.0
2013,607,D-BRW,RK,158.0
2013,608,D-CAR,RK,138.0
2013,609,D-CUB,RK,112.0
2013,610,D-DBA,RK,109.0
2013,611,D-DOD,RK,119.0
2013,3430,A-RED,RK,113.0
2013,615,D-GIA,RK,137.0
2013,616,D-IND,RK,114.0
2013,618,D-MRN,RK,136.0
2013,619,D-MRL,RK,146.0
2013,2412,D-ROJ,RK,113.0
2013,620,D-ME1,RK,121.0
2013,621,D-OR1,RK,110.0
2013,1390,G-BLU,RK,141.0
2013,622,D-PAD,RK,135.0
2013,623,D-PHI,RK,143.0
2013,624,D-PI1,RK,134.0
2013,625,D-RNG,RK,140.0
2013,626,D-RSX,RK,111.0
2013,628,D-RED,RK,113.0
2013,4725,G-YA2,RK,147.0
2013,629,D-RCK,RK,115.0
2013,630,D-ROY,RK,118.0
2013,631,D-TIG,RK,116.0
2013,632,D-TWI,RK,142.0
2013,633,D-WSX,RK,145.0
2013,634,D-YA1,RK,147.0
2013,635,D-YA2,RK,147.0
2013,2690,A-DOD,RK,119.0
2013,649,V-BLU,RK,141.0
2013,650,V-BRW,RK,158.0
2013,652,V-CUB,RK,112.0
2013,653,V-DOD,RK,119.0
2013,654,V-NAT,RK,120.0
2013,655,V-IND,RK,114.0
2013,656,V-MRN,RK,136.0
2013,657,V-MRL,RK,146.0
2013,660,V-PAD,RK,135.0
2013,404,A-ANG,RK,108.0
2013,661,V-PHI,RK,143.0
2013,405,A-ATH,RK,133.0
2013,406,A-BRW,RK,158.0
2013,663,V-RSX,RK,111.0
2013,407,A-CUB,RK,112.0
2013,408,A-GIA,RK,137.0
2013,665,V-RCK,RK,115.0
2013,409,A-MRN,RK,136.0
2013,666,V-TWI,RK,142.0
2013,410,A-PAD,RK,135.0
2013,411,A-RAN,RK,140.0
2013,412,A-ROY,RK,118.0
2013,413,GRN,RK,117.0
2013,425,PUL,RK,136.0
2013,429,DAN,RK,144.0
2013,433,HEL,RK,158.0
2013,438,JC,RK,138.0
2013,444,IDF,RK,118.0
2013,1991,A-DBA,RK,109.0
2013,455,PRN,RK,139.0
2013,1998,G-AST,RK,117.0
2013,464,G-BRV,RK,144.0
2013,2770,A-IND,RK,114.0
2013,466,G-NAT,RK,120.0
2013,2003,G-RAY,RK,139.0
2013,467,G-MRL,RK,146.0
2013,468,G-MET,RK,121.0
2013,469,G-PHI,RK,143.0
2013,470,G-PIR,RK,134.0
2013,471,G-RSX,RK,111.0
2013,473,G-TIG,RK,116.0
2013,474,G-TWI,RK,142.0
2013,475,G-YA1,RK,147.0
2013,2270,D-CU2,RK,112.0
2013,483,BUR,RK,118.0
2013,1270,D-NAT,RK,120.0
2013,506,KNG,RK,121.0
2014,512,TOL,AAA,116.0
2014,1410,LHV,AAA,143.0
2014,579,OAX,AAA,11.0
2014,451,IOW,AAA,112.0
2014,259,FRE,AAA,137.0
2014,2310,RNO,AAA,109.0
2014,520,PUE,AAA,11.0
2014,523,CAM,AAA,11.0
2014,588,NEW,AAA,146.0
2014,528,AGS,AAA,11.0
2014,400,LV,AAA,121.0
2014,529,TAC,AAA,136.0
2014,5010,TIJ,AAA,11.0
2014,531,SWB,AAA,147.0
2014,532,MEX,AAA,11.0
2014,533,PAW,AAA,111.0
2014,342,ABQ,AAA,119.0
2014,534,ROC,AAA,142.0
2014,536,VER,AAA,11.0
2014,4444,CDC,AAA,11.0
2014,541,OMA,AAA,118.0
2014,416,LOU,AAA,113.0
2014,484,IND,AAA,134.0
2014,102,RR,AAA,140.0
2014,422,BUF,AAA,141.0
2014,551,COL,AAA,115.0
2014,4904,ELP,AAA,135.0
2014,552,SYR,AAA,120.0
2014,105,SAC,AAA,133.0
2014,234,DUR,AAA,139.0
2014,235,MEM,AAA,138.0
2014,556,NAS,AAA,158.0
2014,494,CLT,AAA,145.0
2014,238,OKC,AAA,117.0
2014,431,GWN,AAA,144.0
2014,496,YUC,AAA,11.0
2014,560,MVA,AAA,11.0
2014,561,SL,AAA,108.0
2014,562,MTY,AAA,11.0
2014,434,REY,AAA,11.0
2014,502,SLT,AAA,11.0
2014,568,NOR,AAA,110.0
2014,569,TIG,AAA,11.0
2014,442,TAB,AAA,11.0
2014,445,COL,AAA,114.0
2014,447,LAG,AAA,11.0
2014,452,ALT,AA,134.0
2014,260,TUL,AA,115.0
2014,1350,NWA,AA,118.0
2014,522,REA,AA,143.0
2014,463,NH,AA,141.0
2014,3410,RIC,AA,137.0
2014,402,AKR,AA,114.0
2014,538,NBR,AA,142.0
2014,4124,PNS,AA,113.0
2014,540,FRI,AA,140.0
2014,417,MOB,AA,109.0
2014,482,CC,AA,117.0
2014,546,POR,AA,111.0
2014,418,BOW,AA,110.0
2014,547,HBG,AA,120.0
2014,421,MTG,AA,139.0
2014,104,JXN,AA,136.0
2014,553,TNS,AA,112.0
2014,106,ERI,AA,116.0
2014,237,MID,AA,133.0
2014,430,MIS,AA,144.0
2014,559,HVL,AA,158.0
2014,498,CHA,AA,119.0
2014,564,JAX,AA,146.0
2014,247,BIR,AA,145.0
2014,567,TRN,AA,147.0
2014,440,SPR,AA,138.0
2014,505,BNG,AA,121.0
2014,510,SA,AA,135.0
2014,574,ARK,AA,108.0
2014,450,DAY,A+,112.0
2014,515,MOD,A+,115.0
2014,580,WS,A+,145.0
2014,516,VIS,A+,109.0
2014,521,MB,A+,140.0
2014,587,TAM,A+,147.0
2014,524,STK,A+,133.0
2014,526,RC,A+,119.0
2014,401,IE,A+,108.0
2014,279,PMB,A+,138.0
2014,476,SJ,A+,137.0
2014,414,SAL,A+,111.0
2014,479,JUP,A+,146.0
2014,481,LYN,A+,144.0
2014,423,BAK,A+,113.0
2014,103,LE,A+,135.0
2014,424,DUN,A+,141.0
2014,2730,CHA,A+,139.0
2014,426,WIL,A+,118.0
2014,491,LAN,A+,117.0
2014,493,FRE,A+,110.0
2014,436,POT,A+,120.0
2014,566,CLR,A+,143.0
2014,503,BRV,A+,158.0
2014,504,HD,A+,136.0
2014,249,CAR,A+,114.0
2014,570,LAK,A+,116.0
2014,507,SLU,A+,121.0
2014,509,FTM,A+,142.0
2014,3390,BRD,A+,134.0
2014,448,HIC,A,140.0
2014,2498,BG,A,139.0
2014,582,WM,A,116.0
2014,584,FW,A,135.0
2014,456,GL,A,119.0
2014,459,DAY,A,113.0
2014,525,WV,A,134.0
2014,477,GBO,A,146.0
2014,478,AUG,A,137.0
2014,543,SAV,A,121.0
2014,548,DEL,A,110.0
2014,420,BUR,A,108.0
2014,550,SB,A,109.0
2014,487,KAN,A,145.0
2014,233,CHS,A,147.0
2014,554,BEL,A,133.0
2014,427,LWD,A,143.0
2014,492,CR,A,142.0
2014,428,GVL,A,111.0
2014,495,LEX,A,118.0
2014,432,ROM,A,144.0
2014,563,HAG,A,120.0
2014,499,LAN,A,141.0
2014,500,CLI,A,136.0
2014,565,QC,A,117.0
2014,437,LC,A,114.0
2014,443,PEO,A,138.0
2014,572,WIS,A,158.0
2014,573,ASH,A,115.0
2014,446,KC,A,112.0
2014,480,BOI,A-,112.0
2014,545,MV,A-,114.0
2014,577,TRI,A-,117.0
2014,449,WIL,A-,143.0
2014,578,SK,A-,137.0
2014,419,HIL,A-,109.0
2014,453,BRK,A-,121.0
2014,486,SPO,A-,140.0
2014,488,ABD,A-,110.0
2014,489,JAM,A-,134.0
2014,586,SI,A-,147.0
2014,458,AUB,A-,120.0
2014,460,TRI,A-,115.0
2014,461,EUG,A-,135.0
2014,558,LOW,A-,111.0
2014,462,VER,A-,133.0
2014,435,VAN,A-,141.0
2014,403,EVE,A-,136.0
2014,1174,SC,A-,138.0
2014,537,HV,A-,139.0
2014,571,CT,A-,116.0
2014,511,BAT,A-,146.0
2014,513,BIL,RK,113.0
2014,2690,A-DOD,RK,119.0
2014,517,BLU,RK,141.0
2014,518,MIS,RK,109.0
2014,519,ORM,RK,108.0
2014,652,V-CUB,RK,112.0
2014,4364,GJ,RK,115.0
2014,5005,D-ASO,RK,117.0
2014,656,V-MRN,RK,136.0
2014,530,OGD,RK,119.0
2014,404,A-ANG,RK,108.0
2014,661,V-PHI,RK,143.0
2014,405,A-ATH,RK,133.0
2014,406,A-BRW,RK,158.0
2014,407,A-CUB,RK,112.0
2014,408,A-GIA,RK,137.0
2014,409,A-MRN,RK,136.0
2014,410,A-PAD,RK,135.0
2014,411,A-RAN,RK,140.0
2014,412,A-ROY,RK,118.0
2014,413,GRN,RK,117.0
2014,425,PUL,RK,136.0
2014,429,DAN,RK,144.0
2014,557,BRS,RK,134.0
2014,433,HEL,RK,158.0
2014,438,JC,RK,138.0
2014,1590,V-RAY,RK,139.0
2014,1592,V-TIG,RK,116.0
2014,3130,D-OR2,RK,110.0
2014,444,IDF,RK,118.0
2014,576,ELZ,RK,142.0
2014,2117,D-ME2,RK,121.0
2014,581,GTF,RK,145.0
2014,1991,A-DBA,RK,109.0
2014,455,PRN,RK,139.0
2014,1611,D-RAY,RK,139.0
2014,1997,A-WSX,RK,145.0
2014,1998,G-AST,RK,117.0
2014,464,G-BRV,RK,144.0
2014,2770,A-IND,RK,114.0
2014,466,G-NAT,RK,120.0
2014,2003,G-RAY,RK,139.0
2014,467,G-MRL,RK,146.0
2014,468,G-MET,RK,121.0
2014,469,G-PHI,RK,143.0
2014,470,G-PIR,RK,134.0
2014,471,G-RSX,RK,111.0
2014,599,G-ORI,RK,110.0
2014,600,D-ANG,RK,108.0
2014,473,G-TIG,RK,116.0
2014,601,D-ASB,RK,117.0
2014,474,G-TWI,RK,142.0
2014,1370,G-CAR,RK,138.0
2014,602,D-ATH,RK,133.0
2014,475,G-YA1,RK,147.0
2014,604,D-BLJ,RK,141.0
2014,605,D-BRV,RK,144.0
2014,2270,D-CU2,RK,112.0
2014,607,D-BRW,RK,158.0
2014,608,D-CAR,RK,138.0
2014,609,D-CUB,RK,112.0
2014,610,D-DBA,RK,109.0
2014,483,BUR,RK,118.0
2014,611,D-DOD,RK,119.0
2014,3430,A-RED,RK,113.0
2014,615,D-GIA,RK,137.0
2014,616,D-IND,RK,114.0
2014,618,D-MRN,RK,136.0
2014,619,D-MRL,RK,146.0
2014,2412,D-ROJ,RK,113.0
2014,620,D-ME1,RK,121.0
2014,2413,D-RN2,RK,140.0
2014,621,D-OR1,RK,110.0
2014,1390,G-BLU,RK,141.0
2014,622,D-PAD,RK,135.0
2014,623,D-PHI,RK,143.0
2014,624,D-PIR,RK,134.0
2014,625,D-RN1,RK,140.0
2014,626,D-RSX,RK,111.0
2014,628,D-RED,RK,113.0
2014,4725,G-YA2,RK,147.0
2014,629,D-RCK,RK,115.0
2014,1270,D-NAT,RK,120.0
2014,630,D-ROY,RK,118.0
2014,631,D-TIG,RK,116.0
2014,632,D-TWI,RK,142.0
2014,633,D-WSX,RK,145.0
2014,506,KNG,RK,121.0
2014,634,D-YA1,RK,147.0
2014,635,D-YA2,RK,147.0
2015,512,TOL,AAA,116.0
2015,1410,LHV,AAA,143.0
2015,579,OAX,AAA,11.0
2015,451,IOW,AAA,112.0
2015,259,FRE,AAA,117.0
2015,2310,RNO,AAA,109.0
2015,520,PUE,AAA,11.0
2015,523,CAM,AAA,11.0
2015,588,NEW,AAA,146.0
2015,528,AGS,AAA,11.0
2015,400,LV,AAA,121.0
2015,529,TAC,AAA,136.0
2015,5010,TIJ,AAA,11.0
2015,531,SWB,AAA,147.0
2015,532,MEX,AAA,11.0
2015,533,PAW,AAA,111.0
2015,342,ABQ,AAA,115.0
2015,534,ROC,AAA,142.0
2015,536,VER,AAA,11.0
2015,4444,CDC,AAA,11.0
2015,541,OMA,AAA,118.0
2015,416,LOU,AAA,113.0
2015,484,IND,AAA,134.0
2015,102,RR,AAA,140.0
2015,422,BUF,AAA,141.0
2015,551,COL,AAA,158.0
2015,4904,ELP,AAA,135.0
2015,552,SYR,AAA,120.0
2015,105,SAC,AAA,137.0
2015,234,DUR,AAA,139.0
2015,235,MEM,AAA,138.0
2015,556,NAS,AAA,133.0
2015,494,CLT,AAA,145.0
2015,238,OKC,AAA,119.0
2015,431,GWN,AAA,144.0
2015,496,YUC,AAA,11.0
2015,560,MVA,AAA,11.0
2015,561,SL,AAA,108.0
2015,562,MTY,AAA,11.0
2015,434,TAM,AAA,11.0
2015,502,SLT,AAA,11.0
2015,568,NOR,AAA,110.0
2015,569,TIG,AAA,11.0
2015,442,TAB,AAA,11.0
2015,445,COL,AAA,114.0
2015,447,LAG,AAA,11.0
2015,452,ALT,AA,134.0
2015,260,TUL,AA,119.0
2015,1350,NWA,AA,118.0
2015,522,REA,AA,143.0
2015,463,NH,AA,141.0
2015,3410,RIC,AA,137.0
2015,402,AKR,AA,114.0
2015,5015,BLX,AA,158.0
2015,538,NBR,AA,115.0
2015,4124,PNS,AA,113.0
2015,540,FRI,AA,140.0
2015,417,MOB,AA,109.0
2015,546,POR,AA,111.0
2015,482,CC,AA,117.0
2015,418,BOW,AA,110.0
2015,547,HBG,AA,120.0
2015,421,MTG,AA,139.0
2015,104,JXN,AA,136.0
2015,553,TNS,AA,112.0
2015,106,ERI,AA,116.0
2015,237,MID,AA,133.0
2015,430,MIS,AA,144.0
2015,498,CHA,AA,142.0
2015,564,JAX,AA,146.0
2015,567,TRN,AA,147.0
2015,247,BIR,AA,145.0
2015,440,SPR,AA,138.0
2015,505,BNG,AA,121.0
2015,574,ARK,AA,108.0
2015,510,SA,AA,135.0
2015,450,DBT,A+,113.0
2015,515,MOD,A+,115.0
2015,580,WS,A+,145.0
2015,516,VIS,A+,109.0
2015,521,MB,A+,112.0
2015,587,TAM,A+,147.0
2015,524,STK,A+,133.0
2015,526,RC,A+,119.0
2015,401,IE,A+,108.0
2015,279,PMB,A+,138.0
2015,476,SJ,A+,137.0
2015,414,SAL,A+,111.0
2015,479,JUP,A+,146.0
2015,481,LYN,A+,114.0
2015,423,BAK,A+,136.0
2015,103,LE,A+,135.0
2015,424,DUN,A+,141.0
2015,2730,CHA,A+,139.0
2015,426,WIL,A+,118.0
2015,491,LAN,A+,117.0
2015,493,FRE,A+,110.0
2015,436,POT,A+,120.0
2015,566,CLR,A+,143.0
2015,503,BRV,A+,158.0
2015,504,HD,A+,140.0
2015,249,CAR,A+,144.0
2015,570,LAK,A+,116.0
2015,507,SLU,A+,121.0
2015,509,FTM,A+,142.0
2015,3390,BRD,A+,134.0
2015,448,HIC,A,140.0
2015,2498,BG,A,139.0
2015,582,WM,A,116.0
2015,584,FW,A,135.0
2015,456,GL,A,119.0
2015,459,DAY,A,113.0
2015,525,WV,A,134.0
2015,477,GBO,A,146.0
2015,478,AUG,A,137.0
2015,543,SAV,A,121.0
2015,548,DEL,A,110.0
2015,420,BUR,A,108.0
2015,550,SB,A,112.0
2015,487,KAN,A,145.0
2015,233,CHS,A,147.0
2015,554,BEL,A,133.0
2015,427,LWD,A,143.0
2015,492,CR,A,142.0
2015,428,GVL,A,111.0
2015,495,LEX,A,118.0
2015,432,ROM,A,144.0
2015,563,HAG,A,120.0
2015,499,LAN,A,141.0
2015,500,CLI,A,136.0
2015,565,QC,A,117.0
2015,437,LC,A,114.0
2015,443,PEO,A,138.0
2015,572,WIS,A,158.0
2015,573,ASH,A,115.0
2015,446,KC,A,109.0
2015,480,BOI,A-,115.0
2015,545,MV,A-,114.0
2015,577,TRI,A-,117.0
2015,449,WIL,A-,143.0
2015,578,SK,A-,137.0
2015,419,HIL,A-,109.0
2015,453,BRK,A-,121.0
2015,486,SPO,A-,140.0
2015,488,ABD,A-,110.0
2015,586,SI,A-,147.0
2015,458,AUB,A-,120.0
2015,460,TRI,A-,135.0
2015,461,EUG,A-,112.0
2015,558,LOW,A-,111.0
2015,462,VER,A-,133.0
2015,435,VAN,A-,141.0
2015,403,EVE,A-,136.0
2015,1174,SC,A-,138.0
2015,537,HV,A-,139.0
2015,571,CT,A-,116.0
2015,5020,WV,A-,134.0
2015,511,BAT,A-,146.0
2015,513,BIL,RK,113.0
2015,2690,A-DOD,RK,119.0
2015,517,BLU,RK,141.0
2015,518,MIS,RK,109.0
2015,519,ORM,RK,108.0
2015,652,V-CUB,RK,112.0
2015,4364,GJ,RK,115.0
2015,5005,D-ASO,RK,117.0
2015,530,OGD,RK,119.0
2015,404,A-ANG,RK,108.0
2015,661,V-PHI,RK,143.0
2015,405,A-ATH,RK,133.0
2015,406,A-BRW,RK,158.0
2015,407,A-CUB,RK,112.0
2015,408,A-GIA,RK,137.0
2015,409,A-MRN,RK,136.0
2015,410,A-PAD,RK,135.0
2015,411,A-RAN,RK,140.0
2015,412,A-ROY,RK,118.0
2015,413,GRN,RK,117.0
2015,425,PUL,RK,147.0
2015,429,DAN,RK,144.0
2015,557,BRS,RK,134.0
2015,433,HEL,RK,158.0
2015,438,JC,RK,138.0
2015,1590,V-RAY,RK,139.0
2015,1592,V-TIG,RK,116.0
2015,3130,D-OR2,RK,110.0
2015,444,IDF,RK,118.0
2015,576,ELZ,RK,142.0
2015,2116,D-MA2,RK,136.0
2015,2117,D-ME2,RK,121.0
2015,581,GTF,RK,145.0
2015,1991,A-DBA,RK,109.0
2015,455,PRN,RK,139.0
2015,1611,D-RAY,RK,139.0
2015,1997,A-WSX,RK,145.0
2015,1998,G-AST,RK,117.0
2015,464,G-BRV,RK,144.0
2015,2770,A-IND,RK,114.0
2015,466,G-NAT,RK,120.0
2015,2003,G-RAY,RK,139.0
2015,467,G-MRL,RK,146.0
2015,468,G-MET,RK,121.0
2015,469,G-PHI,RK,143.0
2015,470,G-PIR,RK,134.0
2015,471,G-RSX,RK,111.0
2015,599,G-ORI,RK,110.0
2015,600,D-ANG,RK,108.0
2015,473,G-TIG,RK,116.0
2015,601,D-ASB,RK,117.0
2015,474,G-TWI,RK,142.0
2015,1370,G-CAR,RK,138.0
2015,602,D-ATH,RK,133.0
2015,475,G-YA1,RK,147.0
2015,604,D-BLJ,RK,141.0
2015,605,D-BRV,RK,144.0
2015,2270,D-CU2,RK,112.0
2015,607,D-BRW,RK,158.0
2015,608,D-CAR,RK,138.0
2015,609,D-CUB,RK,112.0
2015,610,D-DBA,RK,109.0
2015,483,BUR,RK,118.0
2015,611,D-DOD,RK,119.0
2015,3430,A-RED,RK,113.0
2015,615,D-GIA,RK,137.0
2015,616,D-IND,RK,114.0
2015,618,D-MR1,RK,136.0
2015,619,D-MRL,RK,146.0
2015,2412,D-ROJ,RK,113.0
2015,620,D-ME1,RK,121.0
2015,2413,D-RN2,RK,140.0
2015,621,D-OR1,RK,110.0
2015,1390,G-BLU,RK,141.0
2015,622,D-PAD,RK,135.0
2015,623,D-PHI,RK,143.0
2015,624,D-PIR,RK,134.0
2015,625,D-RN1,RK,140.0
2015,626,D-RS1,RK,111.0
2015,627,D-RS2,RK,111.0
2015,628,D-RED,RK,113.0
2015,4725,G-YA2,RK,147.0
2015,629,D-RCK,RK,115.0
2015,1270,D-NAT,RK,120.0
2015,630,D-ROY,RK,118.0
2015,631,D-TIG,RK,116.0
2015,632,D-TWI,RK,142.0
2015,633,D-WSX,RK,145.0
2015,506,KNG,RK,121.0
2015,634,D-YA1,RK,147.0
2015,635,D-YA2,RK,147.0
2016,512,TOL,AAA,116.0
2016,1410,LHV,AAA,143.0
2016,579,OAX,AAA,11.0
2016,451,IOW,AAA,112.0
2016,259,FRE,AAA,117.0
2016,2310,RNO,AAA,109.0
2016,520,PUE,AAA,11.0
2016,523,CAM,AAA,11.0
2016,588,NEW,AAA,146.0
2016,528,AGS,AAA,11.0
2016,400,LV,AAA,121.0
2016,529,TAC,AAA,136.0
2016,5010,TIJ,AAA,11.0
2016,531,SWB,AAA,147.0
2016,532,MEX,AAA,11.0
2016,533,PAW,AAA,111.0
2016,342,ABQ,AAA,115.0
2016,534,ROC,AAA,142.0
2016,536,VER,AAA,11.0
2016,4444,CDC,AAA,11.0
2016,541,OMA,AAA,118.0
2016,416,LOU,AAA,113.0
2016,484,IND,AAA,134.0
2016,102,RR,AAA,140.0
2016,422,BUF,AAA,141.0
2016,551,COL,AAA,158.0
2016,4904,ELP,AAA,135.0
2016,552,SYR,AAA,120.0
2016,105,SAC,AAA,137.0
2016,234,DUR,AAA,139.0
2016,235,MEM,AAA,138.0
2016,556,NAS,AAA,133.0
2016,494,CLT,AAA,145.0
2016,238,OKC,AAA,119.0
2016,431,GWN,AAA,144.0
2016,496,YUC,AAA,11.0
2016,560,MVA,AAA,11.0
2016,561,SL,AAA,108.0
2016,562,MTY,AAA,11.0
2016,434,REY,AAA,11.0
2016,502,SLT,AAA,11.0
2016,568,NOR,AAA,110.0
2016,569,TIG,AAA,11.0
2016,442,TAB,AAA,11.0
2016,445,COL,AAA,114.0
2016,447,LAG,AAA,11.0
2016,452,ALT,AA,134.0
2016,260,TUL,AA,119.0
2016,1350,NWA,AA,118.0
2016,522,REA,AA,143.0
2016,463,NH,AA,141.0
2016,3410,RIC,AA,137.0
2016,402,AKR,AA,114.0
2016,5015,BLX,AA,158.0
2016,538,HFD,AA,115.0
2016,4124,PNS,AA,113.0
2016,540,FRI,AA,140.0
2016,417,MOB,AA,109.0
2016,482,CC,AA,117.0
2016,546,POR,AA,111.0
2016,418,BOW,AA,110.0
2016,547,HBG,AA,120.0
2016,421,MTG,AA,139.0
2016,104,JXN,AA,136.0
2016,553,TNS,AA,112.0
2016,106,ERI,AA,116.0
2016,237,MID,AA,133.0
2016,430,MIS,AA,144.0
2016,498,CHA,AA,142.0
2016,564,JAX,AA,146.0
2016,247,BIR,AA,145.0
2016,567,TRN,AA,147.0
2016,440,SPR,AA,138.0
2016,505,BNG,AA,121.0
2016,510,SA,AA,135.0
2016,574,ARK,AA,108.0
2016,450,DBT,A+,113.0
2016,515,MOD,A+,115.0
2016,580,WS,A+,145.0
2016,516,VIS,A+,109.0
2016,521,MB,A+,112.0
2016,587,TAM,A+,147.0
2016,524,STK,A+,133.0
2016,526,RC,A+,119.0
2016,401,IE,A+,108.0
2016,279,PMB,A+,138.0
2016,476,SJ,A+,137.0
2016,414,SAL,A+,111.0
2016,479,JUP,A+,146.0
2016,481,LYN,A+,114.0
2016,423,BAK,A+,136.0
2016,103,LE,A+,135.0
2016,424,DUN,A+,141.0
2016,2730,CHA,A+,139.0
2016,426,WIL,A+,118.0
2016,491,LAN,A+,117.0
2016,493,FRE,A+,110.0
2016,436,POT,A+,120.0
2016,566,CLR,A+,143.0
2016,503,BRV,A+,158.0
2016,504,HD,A+,140.0
2016,249,CAR,A+,144.0
2016,570,LAK,A+,116.0
2016,507,SLU,A+,121.0
2016,509,FTM,A+,142.0
2016,3390,BRD,A+,134.0
2016,448,HIC,A,140.0
2016,2498,BG,A,139.0
2016,582,WM,A,116.0
2016,584,FW,A,135.0
2016,456,GL,A,119.0
2016,459,DAY,A,113.0
2016,525,WV,A,134.0
2016,477,GBO,A,146.0
2016,478,AUG,A,137.0
2016,548,DEL,A,110.0
2016,420,BUR,A,108.0
2016,550,SB,A,112.0
2016,487,KAN,A,145.0
2016,233,CHS,A,147.0
2016,554,BEL,A,133.0
2016,427,LWD,A,143.0
2016,492,CR,A,142.0
2016,428,GVL,A,111.0
2016,495,LEX,A,118.0
2016,432,ROM,A,144.0
2016,563,HAG,A,120.0
2016,499,LAN,A,141.0
2016,500,CLI,A,136.0
2016,565,QC,A,117.0
2016,437,LC,A,114.0
2016,3705,COL,A,121.0
2016,443,PEO,A,138.0
2016,572,WIS,A,158.0
2016,573,ASH,A,115.0
2016,446,KC,A,109.0
2016,480,BOI,A-,115.0
2016,545,MV,A-,114.0
2016,577,TRI,A-,117.0
2016,449,WIL,A-,143.0
2016,578,SK,A-,137.0
2016,419,HIL,A-,109.0
2016,453,BRK,A-,121.0
2016,486,SPO,A-,140.0
2016,488,ABD,A-,110.0
2016,586,SI,A-,147.0
2016,458,AUB,A-,120.0
2016,460,TRI,A-,135.0
2016,461,EUG,A-,112.0
2016,558,LOW,A-,111.0
2016,462,VER,A-,133.0
2016,435,VAN,A-,141.0
2016,403,EVE,A-,136.0
2016,1174,SC,A-,138.0
2016,537,HV,A-,139.0
2016,571,CT,A-,116.0
2016,5020,WV,A-,134.0
2016,511,BAT,A-,146.0
2016,513,BIL,RK,113.0
2016,2690,A-DOD,RK,119.0
2016,517,BLU,RK,141.0
2016,518,MIS,RK,109.0
2016,519,ORM,RK,108.0
2016,4364,GJ,RK,115.0
2016,5005,D-ASO,RK,117.0
2016,530,OGD,RK,119.0
2016,404,A-ANG,RK,108.0
2016,405,A-ATH,RK,133.0
2016,406,A-BRW,RK,158.0
2016,407,A-CUB,RK,112.0
2016,408,A-GIA,RK,137.0
2016,409,A-MRN,RK,136.0
2016,410,A-PAD,RK,135.0
2016,411,A-RAN,RK,140.0
2016,412,A-ROY,RK,118.0
2016,413,GRN,RK,117.0
2016,425,PUL,RK,147.0
2016,429,DAN,RK,144.0
2016,557,BRS,RK,134.0
2016,433,HEL,RK,158.0
2016,438,JC,RK,138.0
2016,3130,D-OR2,RK,110.0
2016,444,IDF,RK,118.0
2016,576,ELZ,RK,142.0
2016,2117,D-ME2,RK,121.0
2016,581,GTF,RK,145.0
2016,1991,A-DBA,RK,109.0
2016,455,PRN,RK,139.0
2016,1611,D-RA1,RK,139.0
2016,1997,A-WSX,RK,145.0
2016,1998,G-AST,RK,117.0
2016,5071,G-TIW,RK,116.0
2016,464,G-BRV,RK,144.0
2016,2770,A-IND,RK,114.0
2016,466,G-NAT,RK,120.0
2016,2003,G-RAY,RK,139.0
2016,467,G-MRL,RK,146.0
2016,468,G-MET,RK,121.0
2016,469,G-PHI,RK,143.0
2016,470,G-PIR,RK,134.0
2016,471,G-RSX,RK,111.0
2016,599,G-ORI,RK,110.0
2016,600,D-ANG,RK,108.0
2016,473,F-TIE,RK,116.0
2016,601,D-ASB,RK,117.0
2016,474,G-TWI,RK,142.0
2016,1370,G-CAR,RK,138.0
2016,602,D-ATH,RK,133.0
2016,475,G-YAE,RK,147.0
2016,604,D-BLJ,RK,141.0
2016,5085,D-PH2,RK,143.0
2016,605,D-BRV,RK,144.0
2016,5086,D-RA2,RK,139.0
2016,2270,D-CU2,RK,112.0
2016,5087,D-DB2,RK,109.0
2016,607,D-BRW,RK,158.0
2016,608,D-CAR,RK,138.0
2016,609,D-CU1,RK,112.0
2016,610,D-DBA,RK,109.0
2016,483,BUR,RK,118.0
2016,611,D-DO1,RK,119.0
2016,612,D-DO2,RK,119.0
2016,3430,A-RED,RK,113.0
2016,615,D-GIA,RK,137.0
2016,616,D-IND,RK,114.0
2016,618,D-MR1,RK,136.0
2016,619,D-MRL,RK,146.0
2016,2412,D-ROJ,RK,113.0
2016,620,D-ME1,RK,121.0
2016,2413,D-RN2,RK,140.0
2016,621,D-OR1,RK,110.0
2016,1390,G-BLU,RK,141.0
2016,622,D-PAD,RK,135.0
2016,623,D-PHI,RK,143.0
2016,624,D-PIR,RK,134.0
2016,625,D-RN1,RK,140.0
2016,626,D-RS1,RK,111.0
2016,627,D-RS2,RK,111.0
2016,628,D-RED,RK,113.0
2016,4725,G-YAW,RK,147.0
2016,629,D-RCK,RK,115.0
2016,1270,D-NAT,RK,120.0
2016,630,D-ROY,RK,118.0
2016,631,D-TIG,RK,116.0
2016,632,D-TWI,RK,142.0
2016,633,D-WSX,RK,145.0
2016,506,KNG,RK,121.0
2016,634,D-YA1,RK,147.0
2016,635,D-YA2,RK,147.0
2017,512,TOL,AAA,116.0
2017,1410,LHV,AAA,143.0
2017,579,OAX,AAA,11.0
2017,451,IOW,AAA,112.0
2017,259,FRE,AAA,117.0
2017,2310,RNO,AAA,109.0
2017,520,PUE,AAA,11.0
2017,523,CAM,AAA,11.0
2017,588,NO,AAA,146.0
2017,528,AGS,AAA,11.0
2017,400,LV,AAA,121.0
2017,529,TAC,AAA,136.0
2017,5010,TIJ,AAA,11.0
2017,531,SWB,AAA,147.0
2017,532,MEX,AAA,11.0
2017,533,PAW,AAA,111.0
2017,342,ABQ,AAA,115.0
2017,534,ROC,AAA,142.0
2017,536,VER,AAA,11.0
2017,4444,DUR,AAA,11.0
2017,541,OMA,AAA,118.0
2017,416,LOU,AAA,113.0
2017,484,IND,AAA,134.0
2017,102,RR,AAA,140.0
2017,422,BUF,AAA,141.0
2017,551,COS,AAA,158.0
2017,4904,ELP,AAA,135.0
2017,552,SYR,AAA,120.0
2017,105,SAC,AAA,137.0
2017,234,DUR,AAA,139.0
2017,235,MEM,AAA,138.0
2017,556,NAS,AAA,133.0
2017,494,CLT,AAA,145.0
2017,238,OKC,AAA,119.0
2017,431,GWN,AAA,144.0
2017,496,YUC,AAA,11.0
2017,560,MVA,AAA,11.0
2017,561,SL,AAA,108.0
2017,562,MTY,AAA,11.0
2017,434,LEO,AAA,11.0
2017,502,SLT,AAA,11.0
2017,568,NOR,AAA,110.0
2017,569,TIG,AAA,11.0
2017,442,TAB,AAA,11.0
2017,445,COL,AAA,114.0
2017,447,LAG,AAA,11.0
2017,452,ALT,AA,134.0
2017,260,TUL,AA,119.0
2017,1350,NWA,AA,118.0
2017,522,REA,AA,143.0
2017,463,NH,AA,141.0
2017,3410,RIC,AA,137.0
2017,402,AKR,AA,114.0
2017,5015,BLX,AA,158.0
2017,538,HFD,AA,115.0
2017,4124,PNS,AA,113.0
2017,540,FRI,AA,140.0
2017,417,MOB,AA,108.0
2017,546,POR,AA,111.0
2017,482,CC,AA,117.0
2017,418,BOW,AA,110.0
2017,547,HBG,AA,120.0
2017,421,MTG,AA,139.0
2017,104,JXN,AA,109.0
2017,553,TNS,AA,112.0
2017,106,ERI,AA,116.0
2017,237,MID,AA,133.0
2017,430,MIS,AA,144.0
2017,498,CHA,AA,142.0
2017,564,JAX,AA,146.0
2017,567,TRN,AA,147.0
2017,247,BIR,AA,145.0
2017,440,SPR,AA,138.0
2017,505,BNG,AA,121.0
2017,574,ARK,AA,136.0
2017,510,SA,AA,135.0
2017,3712,BC,A+,117.0
2017,450,DBT,A+,113.0
2017,515,MOD,A+,136.0
2017,580,WS,A+,145.0
2017,516,VIS,A+,109.0
2017,521,MB,A+,112.0
2017,587,TAM,A+,147.0
2017,524,STK,A+,133.0
2017,526,RC,A+,119.0
2017,401,IE,A+,108.0
2017,279,PMB,A+,138.0
2017,476,SJ,A+,137.0
2017,414,SAL,A+,111.0
2017,479,JUP,A+,146.0
2017,481,LYN,A+,114.0
2017,485,DE,A+,140.0
2017,103,LE,A+,135.0
2017,424,DUN,A+,141.0
2017,2730,CHA,A+,139.0
2017,426,WIL,A+,118.0
2017,491,LAN,A+,115.0
2017,493,FRE,A+,110.0
2017,436,POT,A+,120.0
2017,566,CLR,A+,143.0
2017,503,FLO,A+,144.0
2017,249,CAR,A+,158.0
2017,570,LAK,A+,116.0
2017,507,SLU,A+,121.0
2017,509,FTM,A+,142.0
2017,3390,BRD,A+,134.0
2017,448,HIC,A,140.0
2017,2498,BG,A,139.0
2017,582,WM,A,116.0
2017,584,FW,A,135.0
2017,456,GL,A,119.0
2017,459,DAY,A,113.0
2017,525,WV,A,134.0
2017,477,GBO,A,146.0
2017,478,AUG,A,137.0
2017,548,DEL,A,110.0
2017,420,BUR,A,108.0
2017,550,SB,A,112.0
2017,487,KAN,A,145.0
2017,233,CHS,A,147.0
2017,554,BEL,A,133.0
2017,427,LWD,A,143.0
2017,492,CR,A,142.0
2017,428,GVL,A,111.0
2017,495,LEX,A,118.0
2017,432,ROM,A,144.0
2017,563,HAG,A,120.0
2017,499,LAN,A,141.0
2017,500,CLI,A,136.0
2017,565,QC,A,117.0
2017,437,LC,A,114.0
2017,3705,COL,A,121.0
2017,443,PEO,A,138.0
2017,572,WIS,A,158.0
2017,573,ASH,A,115.0
2017,446,KC,A,109.0
2017,480,BOI,A-,115.0
2017,545,MV,A-,114.0
2017,577,TRI,A-,117.0
2017,449,WIL,A-,143.0
2017,578,SK,A-,137.0
2017,419,HIL,A-,109.0
2017,453,BRK,A-,121.0
2017,486,SPO,A-,140.0
2017,488,ABD,A-,110.0
2017,586,SI,A-,147.0
2017,458,AUB,A-,120.0
2017,460,TRI,A-,135.0
2017,461,EUG,A-,112.0
2017,558,LOW,A-,111.0
2017,462,VER,A-,133.0
2017,435,VAN,A-,141.0
2017,403,EVE,A-,136.0
2017,1174,SC,A-,138.0
2017,537,HV,A-,139.0
2017,571,CT,A-,116.0
2017,5020,WV,A-,134.0
2017,511,BAT,A-,146.0
2017,513,BIL,RK,113.0
2017,2690,A-DOD,RK,119.0
2017,517,BLU,RK,141.0
2017,518,MIS,RK,109.0
2017,519,ORM,RK,108.0
2017,4364,GJ,RK,115.0
2017,5005,D-ASO,RK,117.0
2017,530,OGD,RK,119.0
2017,404,A-ANG,RK,108.0
2017,405,A-ATH,RK,133.0
2017,406,A-BRW,RK,158.0
2017,407,A-CUB,RK,112.0
2017,408,A-GIA,RK,137.0
2017,409,A-MRN,RK,136.0
2017,410,A-PAD,RK,135.0
2017,411,A-RAN,RK,140.0
2017,412,A-ROY,RK,118.0
2017,413,GRN,RK,117.0
2017,425,PUL,RK,147.0
2017,429,DAN,RK,144.0
2017,557,BRS,RK,134.0
2017,433,HEL,RK,158.0
2017,438,JC,RK,138.0
2017,444,IDF,RK,118.0
2017,576,ELZ,RK,142.0
2017,5316,A-PA2,RK,135.0
2017,2117,D-ME2,RK,121.0
2017,581,GTF,RK,145.0
2017,1991,A-DBA,RK,109.0
2017,455,PRN,RK,139.0
2017,1611,D-RA1,RK,139.0
2017,1997,A-WSX,RK,145.0
2017,1998,G-AST,RK,117.0
2017,5071,G-TIW,RK,116.0
2017,464,G-BRV,RK,144.0
2017,2770,A-IND,RK,114.0
2017,466,G-NAT,RK,120.0
2017,2003,G-RAY,RK,139.0
2017,467,G-MRL,RK,146.0
2017,468,G-MET,RK,121.0
2017,469,G-PHI,RK,143.0
2017,470,G-PIR,RK,134.0
2017,471,G-RSX,RK,111.0
2017,599,G-ORI,RK,110.0
2017,600,D-ANG,RK,108.0
2017,473,F-TIE,RK,116.0
2017,601,D-ASB,RK,117.0
2017,474,G-TWI,RK,142.0
2017,1370,G-CAR,RK,138.0
2017,602,D-ATH,RK,133.0
2017,475,G-YAE,RK,147.0
2017,604,D-BLJ,RK,141.0
2017,5085,D-PHW,RK,143.0
2017,605,D-BRV,RK,144.0
2017,5086,D-RA2,RK,139.0
2017,2270,D-CU2,RK,112.0
2017,5087,D-DB2,RK,109.0
2017,607,D-BRW,RK,158.0
2017,608,D-CAR,RK,138.0
2017,609,D-CU1,RK,112.0
2017,610,D-DB1,RK,109.0
2017,483,BUR,RK,118.0
2017,611,D-DO1,RK,119.0
2017,612,D-DO2,RK,119.0
2017,3430,A-RED,RK,113.0
2017,615,D-GIA,RK,137.0
2017,616,D-IND,RK,114.0
2017,617,D-INB,RK,
2017,618,D-MRN,RK,136.0
2017,619,D-MRL,RK,146.0
2017,2412,D-ROJ,RK,113.0
2017,620,D-ME1,RK,121.0
2017,2413,D-RN2,RK,140.0
2017,621,D-ORI,RK,110.0
2017,1390,G-BLU,RK,141.0
2017,622,D-PAD,RK,135.0
2017,623,D-PHR,RK,143.0
2017,624,D-PIR,RK,134.0
2017,625,D-RN1,RK,140.0
2017,626,D-RSX,RK,111.0
2017,628,D-RED,RK,113.0
2017,4725,G-YAW,RK,147.0
2017,629,D-RCK,RK,115.0
2017,1270,D-NAT,RK,120.0
2017,630,D-ROY,RK,118.0
2017,631,D-TIG,RK,116.0
2017,632,D-TWI,RK,142.0
2017,633,D-WSX,RK,145.0
2017,506,KNG,RK,121.0
2017,634,D-YAN,RK,147.0
2018,512,TOL,AAA,116.0
2018,1410,LHV,AAA,143.0
2018,579,OAX,AAA,11.0
2018,451,IOW,AAA,112.0
2018,259,FRE,AAA,117.0
2018,2310,RNO,AAA,109.0
2018,520,PUE,AAA,11.0
2018,523,CAM,AAA,11.0
2018,588,NO,AAA,146.0
2018,528,AGS,AAA,11.0
2018,400,LV,AAA,121.0
2018,529,TAC,AAA,136.0
2018,5010,TIJ,AAA,11.0
2018,531,SWB,AAA,147.0
2018,532,MEX,AAA,11.0
2018,533,PAW,AAA,111.0
2018,342,ABQ,AAA,115.0
2018,534,ROC,AAA,142.0
2018,536,LAR,AAA,11.0
2018,4444,DUR,AAA,11.0
2018,541,OMA,AAA,118.0
2018,416,LOU,AAA,113.0
2018,484,IND,AAA,134.0
2018,102,RR,AAA,140.0
2018,422,BUF,AAA,141.0
2018,551,COS,AAA,158.0
2018,4904,ELP,AAA,135.0
2018,552,SYR,AAA,120.0
2018,105,SAC,AAA,137.0
2018,234,DUR,AAA,139.0
2018,235,MEM,AAA,138.0
2018,556,NAS,AAA,133.0
2018,494,CLT,AAA,145.0
2018,238,OKC,AAA,119.0
2018,431,GWN,AAA,144.0
2018,496,YUC,AAA,11.0
2018,560,MVA,AAA,11.0
2018,561,SL,AAA,108.0
2018,562,MTY,AAA,11.0
2018,434,LEO,AAA,11.0
2018,502,SLT,AAA,11.0
2018,568,NOR,AAA,110.0
2018,569,TIG,AAA,11.0
2018,442,TAB,AAA,11.0
2018,445,COL,AAA,114.0
2018,447,LAG,AAA,11.0
2018,452,ALT,AA,134.0
2018,260,TUL,AA,119.0
2018,1350,NWA,AA,118.0
2018,522,REA,AA,143.0
2018,463,NH,AA,141.0
2018,3410,RIC,AA,137.0
2018,402,AKR,AA,114.0
2018,5015,BLX,AA,158.0
2018,538,HFD,AA,115.0
2018,4124,PNS,AA,113.0
2018,540,FRI,AA,140.0
2018,417,MOB,AA,108.0
2018,546,POR,AA,111.0
2018,482,CC,AA,117.0
2018,418,BOW,AA,110.0
2018,547,HBG,AA,120.0
2018,421,MTG,AA,139.0
2018,104,JXN,AA,109.0
2018,553,TNS,AA,112.0
2018,106,ERI,AA,116.0
2018,237,MID,AA,133.0
2018,430,MIS,AA,144.0
2018,498,CHA,AA,142.0
2018,564,JAX,AA,146.0
2018,567,TRN,AA,147.0
2018,247,BIR,AA,145.0
2018,5368,AMA,AA,135.0
2018,440,SPR,AA,138.0
2018,505,BNG,AA,121.0
2018,574,ARK,AA,136.0
2018,510,SA,AA,135.0
2018,3712,BC,A+,117.0
2018,450,DBT,A+,113.0
2018,515,MOD,A+,136.0
2018,580,WS,A+,145.0
2018,516,VIS,A+,109.0
2018,521,MB,A+,112.0
2018,587,TAM,A+,147.0
2018,524,STK,A+,133.0
2018,526,RC,A+,119.0
2018,401,IE,A+,108.0
2018,279,PMB,A+,138.0
2018,476,SJ,A+,137.0
2018,414,SAL,A+,111.0
2018,479,JUP,A+,146.0
2018,481,LYN,A+,114.0
2018,485,DE,A+,140.0
2018,103,LE,A+,135.0
2018,424,DUN,A+,141.0
2018,2730,CHA,A+,139.0
2018,426,WIL,A+,118.0
2018,491,LAN,A+,115.0
2018,493,FRE,A+,110.0
2018,436,POT,A+,120.0
2018,566,CLR,A+,143.0
2018,503,FLO,A+,144.0
2018,249,CAR,A+,158.0
2018,570,LAK,A+,116.0
2018,507,SLU,A+,121.0
2018,509,FTM,A+,142.0
2018,3390,BRD,A+,134.0
2018,448,HIC,A,140.0
2018,2498,BG,A,139.0
2018,582,WM,A,116.0
2018,584,FW,A,135.0
2018,456,GL,A,119.0
2018,459,DAY,A,113.0
2018,525,WV,A,134.0
2018,477,GBO,A,146.0
2018,478,AUG,A,137.0
2018,548,DEL,A,110.0
2018,420,BUR,A,108.0
2018,550,SB,A,112.0
2018,487,KAN,A,145.0
2018,233,CHS,A,147.0
2018,554,BEL,A,133.0
2018,427,LWD,A,143.0
2018,492,CR,A,142.0
2018,428,GVL,A,111.0
2018,495,LEX,A,118.0
2018,432,ROM,A,144.0
2018,563,HAG,A,120.0
2018,499,LAN,A,141.0
2018,500,CLI,A,136.0
2018,565,QC,A,117.0
2018,437,LC,A,114.0
2018,3705,COL,A,121.0
2018,443,PEO,A,138.0
2018,572,WIS,A,158.0
2018,573,ASH,A,115.0
2018,446,KC,A,109.0
2018,480,BOI,A-,115.0
2018,545,MV,A-,114.0
2018,577,TRI,A-,117.0
2018,449,WIL,A-,143.0
2018,578,SK,A-,137.0
2018,419,HIL,A-,109.0
2018,453,BRK,A-,121.0
2018,486,SPO,A-,140.0
2018,488,ABD,A-,110.0
2018,586,SI,A-,147.0
2018,458,AUB,A-,120.0
2018,460,TRI,A-,135.0
2018,461,EUG,A-,112.0
2018,558,LOW,A-,111.0
2018,462,VER,A-,133.0
2018,435,VAN,A-,141.0
2018,403,EVE,A-,136.0
2018,1174,SC,A-,138.0
2018,537,HV,A-,139.0
2018,571,CON,A-,116.0
2018,5020,WV,A-,134.0
2018,511,BAT,A-,146.0
2018,513,BIL,RK,113.0
2018,517,BLU,RK,141.0
2018,518,MIS,RK,109.0
2018,519,ORM,RK,108.0
2018,4364,GJ,RK,115.0
2018,530,OGD,RK,119.0
2018,557,BRS,RK,134.0
2018,2097,D-CAR,RK,138.0
2018,4404,D-PI2,RK,134.0
2018,576,ELZ,RK,142.0
2018,2117,D-ME2,RK,121.0
2018,581,GTF,RK,145.0
2018,1611,D-RA1,RK,139.0
2018,2128,D-RO2,RK,118.0
2018,2131,D-COL,RK,115.0
2018,2132,D-TI2,RK,116.0
2018,599,G-ORI,RK,110.0
2018,600,D-ANG,RK,108.0
2018,601,D-AST,RK,117.0
2018,1370,G-CAR,RK,138.0
2018,602,D-ATH,RK,133.0
2018,604,D-BLJ,RK,141.0
2018,605,D-BRV,RK,144.0
2018,607,D-BRW,RK,158.0
2018,608,D-CAB,RK,138.0
2018,609,D-CU1,RK,112.0
2018,610,D-DB1,RK,109.0
2018,611,D-DOR,RK,119.0
2018,612,D-DOG,RK,119.0
2018,3430,A-RED,RK,113.0
2018,615,D-GIA,RK,137.0
2018,616,D-IND,RK,114.0
2018,617,D-INB,RK,
2018,618,D-MRN,RK,136.0
2018,619,D-MRL,RK,146.0
2018,620,D-ME1,RK,121.0
2018,2413,D-RN2,RK,140.0
2018,621,D-ORI,RK,110.0
2018,1390,G-BLU,RK,141.0
2018,622,D-PAD,RK,135.0
2018,623,D-PHR,RK,143.0
2018,624,D-PI1,RK,134.0
2018,625,D-RN1,RK,140.0
2018,626,D-RS1,RK,111.0
2018,627,D-RS2,RK,111.0
2018,628,D-RED,RK,113.0
2018,4725,G-YAW,RK,147.0
2018,629,D-RCK,RK,115.0
2018,630,D-RO1,RK,118.0
2018,631,D-TI1,RK,116.0
2018,632,D-TWI,RK,142.0
2018,633,D-WSX,RK,145.0
2018,634,D-YAN,RK,147.0
2018,2690,A-DOD,RK,119.0
2018,404,A-ANG,RK,108.0
2018,405,A-ATH,RK,133.0
2018,406,A-BRW,RK,158.0
2018,407,A-CUB,RK,112.0
2018,408,A-GIB,RK,137.0
2018,409,A-MRN,RK,136.0
2018,410,A-PA1,RK,135.0
2018,411,A-RAN,RK,140.0
2018,412,A-ROY,RK,118.0
2018,413,GRN,RK,113.0
2018,425,PUL,RK,147.0
2018,429,DAN,RK,144.0
2018,433,HEL,RK,158.0
2018,438,JC,RK,138.0
2018,444,IDF,RK,118.0
2018,5316,A-PA2,RK,135.0
2018,1991,A-DBA,RK,109.0
2018,455,PRN,RK,139.0
2018,1995,A-CUB,RK,112.0
2018,1997,A-WSX,RK,145.0
2018,1998,G-AST,RK,117.0
2018,5071,G-TIW,RK,116.0
2018,464,G-BRV,RK,144.0
2018,2770,A-IN1,RK,114.0
2018,466,G-NAT,RK,120.0
2018,2003,G-RAY,RK,139.0
2018,467,G-MRL,RK,146.0
2018,468,G-MET,RK,121.0
2018,469,G-PHE,RK,143.0
2018,470,G-PIR,RK,134.0
2018,471,G-RSX,RK,111.0
2018,473,F-TIE,RK,116.0
2018,474,G-TWI,RK,142.0
2018,475,G-YAE,RK,147.0
2018,5085,D-PHW,RK,143.0
2018,5086,D-RA2,RK,139.0
2018,2270,D-CU2,RK,112.0
2018,5087,D-DB2,RK,109.0
2018,483,BUR,RK,118.0
2018,1270,D-NAT,RK,120.0
2018,5370,A-GIO,RK,137.0
2018,506,KNG,RK,121.0
2018,5372,G-PHW,RK,143.0
2018,5374,A-IN2,RK,114.0
2019,512,TOL,AAA,116.0
2019,1410,LHV,AAA,143.0
2019,579,OAX,AAA,11.0
2019,451,IOW,AAA,112.0
2019,259,FRE,AAA,120.0
2019,2310,RNO,AAA,109.0
2019,520,PUE,AAA,11.0
2019,523,CAM,AAA,11.0
2019,588,NO,AAA,146.0
2019,528,AGS,AAA,11.0
2019,400,LV,AAA,133.0
2019,529,TAC,AAA,136.0
2019,5010,TIJ,AAA,11.0
2019,531,SWB,AAA,147.0
2019,532,MEX,AAA,11.0
2019,533,PAW,AAA,111.0
2019,342,ABQ,AAA,115.0
2019,534,ROC,AAA,142.0
2019,536,LAR,AAA,11.0
2019,4444,DUR,AAA,11.0
2019,541,OMA,AAA,118.0
2019,416,LOU,AAA,113.0
2019,484,IND,AAA,134.0
2019,102,RR,AAA,117.0
2019,422,BUF,AAA,141.0
2019,4904,ELP,AAA,135.0
2019,552,SYR,AAA,121.0
2019,105,SAC,AAA,137.0
2019,234,DUR,AAA,139.0
2019,235,MEM,AAA,138.0
2019,556,NAS,AAA,140.0
2019,494,CLT,AAA,145.0
2019,238,OKC,AAA,119.0
2019,431,GWN,AAA,144.0
2019,496,YUC,AAA,11.0
2019,560,MVA,AAA,11.0
2019,561,SL,AAA,108.0
2019,562,MTY,AAA,11.0
2019,434,LEO,AAA,11.0
2019,502,SLT,AAA,11.0
2019,568,NOR,AAA,110.0
2019,569,TIG,AAA,11.0
2019,442,TAB,AAA,11.0
2019,445,COL,AAA,114.0
2019,510,SA,AAA,158.0
2019,447,LAG,AAA,11.0
2019,452,ALT,AA,134.0
2019,260,TUL,AA,119.0
2019,1350,NWA,AA,118.0
2019,522,REA,AA,143.0
2019,463,NH,AA,141.0
2019,3410,RIC,AA,137.0
2019,402,AKR,AA,114.0
2019,5015,BLX,AA,158.0
2019,538,HFD,AA,115.0
2019,4124,PNS,AA,142.0
2019,540,FRI,AA,140.0
2019,417,MOB,AA,108.0
2019,546,POR,AA,111.0
2019,482,CC,AA,117.0
2019,418,BOW,AA,110.0
2019,547,HBG,AA,120.0
2019,421,MTG,AA,139.0
2019,104,JXN,AA,109.0
2019,553,TNS,AA,112.0
2019,106,ERI,AA,116.0
2019,237,MID,AA,133.0
2019,430,MIS,AA,144.0
2019,498,CHA,AA,113.0
2019,564,JAX,AA,146.0
2019,567,TRN,AA,147.0
2019,247,BIR,AA,145.0
2019,5368,AMA,AA,135.0
2019,440,SPR,AA,138.0
2019,505,BNG,AA,121.0
2019,574,ARK,AA,136.0
2019,3712,FAY,A+,117.0
2019,450,DBT,A+,113.0
2019,515,MOD,A+,136.0
2019,580,WS,A+,145.0
2019,516,VIS,A+,109.0
2019,521,MB,A+,112.0
2019,587,TAM,A+,147.0
2019,524,STK,A+,133.0
2019,526,RC,A+,119.0
2019,401,IE,A+,108.0
2019,279,PMB,A+,138.0
2019,476,SJ,A+,137.0
2019,414,SAL,A+,111.0
2019,479,JUP,A+,146.0
2019,481,LYN,A+,114.0
2019,485,DE,A+,140.0
2019,103,LE,A+,135.0
2019,424,DUN,A+,141.0
2019,2730,CHA,A+,139.0
2019,426,WIL,A+,118.0
2019,491,LAN,A+,115.0
2019,493,FRE,A+,110.0
2019,436,POT,A+,120.0
2019,566,CLR,A+,143.0
2019,503,FLO,A+,144.0
2019,249,CAR,A+,158.0
2019,570,LAK,A+,116.0
2019,507,SLU,A+,121.0
2019,509,FTM,A+,142.0
2019,3390,BRD,A+,134.0
2019,448,HIC,A,140.0
2019,2498,BG,A,139.0
2019,582,WM,A,116.0
2019,584,FW,A,135.0
2019,456,GL,A,119.0
2019,459,DAY,A,113.0
2019,525,WV,A,136.0
2019,477,GBO,A,134.0
2019,478,AUG,A,137.0
2019,548,DEL,A,110.0
2019,420,BUR,A,108.0
2019,550,SB,A,112.0
2019,487,KAN,A,145.0
2019,233,CHS,A,147.0
2019,554,BEL,A,133.0
2019,427,LWD,A,143.0
2019,492,CR,A,142.0
2019,428,GVL,A,111.0
2019,495,LEX,A,118.0
2019,432,ROM,A,144.0
2019,563,HAG,A,120.0
2019,499,LAN,A,141.0
2019,500,CLI,A,146.0
2019,565,QC,A,117.0
2019,437,LC,A,114.0
2019,3705,COL,A,121.0
2019,443,PEO,A,138.0
2019,572,WIS,A,158.0
2019,573,ASH,A,115.0
2019,446,KC,A,109.0
2019,480,BOI,A-,115.0
2019,545,MV,A-,114.0
2019,577,TRI,A-,117.0
2019,449,WIL,A-,143.0
2019,578,SK,A-,137.0
2019,419,HIL,A-,109.0
2019,453,BRK,A-,121.0
2019,486,SPO,A-,140.0
2019,488,ABD,A-,110.0
2019,586,SI,A-,147.0
2019,458,AUB,A-,120.0
2019,460,TRI,A-,135.0
2019,461,EUG,A-,112.0
2019,558,LOW,A-,111.0
2019,462,VER,A-,133.0
2019,435,VAN,A-,141.0
2019,403,EVE,A-,136.0
2019,1174,SC,A-,138.0
2019,537,HV,A-,139.0
2019,571,CON,A-,116.0
2019,5020,WV,A-,134.0
2019,511,BAT,A-,146.0
2019,2690,A-DOM,RK,119.0
2019,404,A-ANG,RK,108.0
2019,405,A-AGR,RK,133.0
2019,406,A-BRG,RK,158.0
2019,407,A-CUB,RK,112.0
2019,408,A-GIB,RK,137.0
2019,409,A-MRN,RK,136.0
2019,410,A-PA1,RK,135.0
2019,411,A-RAN,RK,140.0
2019,412,A-ROY,RK,118.0
2019,2097,D-CAR,RK,138.0
2019,5426,A-AGO,RK,133.0
2019,5427,A-DOL,RK,119.0
2019,4404,D-PI2,RK,134.0
2019,5430,A-BRB,RK,158.0
2019,3130,D-OR2,RK,110.0
2019,5316,A-PA2,RK,135.0
2019,2117,D-ME2,RK,121.0
2019,1991,A-DBA,RK,109.0
2019,1995,A-CUB,RK,112.0
2019,1611,D-RA1,RK,139.0
2019,1997,A-WSX,RK,145.0
2019,1998,G-AST,RK,117.0
2019,5071,G-TIW,RK,116.0
2019,2128,D-RO2,RK,118.0
2019,464,G-BRV,RK,144.0
2019,2770,A-INR,RK,114.0
2019,466,G-NAT,RK,120.0
2019,2131,D-COL,RK,115.0
2019,2003,G-RAY,RK,139.0
2019,467,G-MRL,RK,146.0
2019,2132,D-TI2,RK,116.0
2019,468,G-MET,RK,121.0
2019,469,G-PHE,RK,143.0
2019,470,G-PIR,RK,134.0
2019,599,G-ORI,RK,110.0
2019,471,G-RSX,RK,111.0
2019,600,D-ANG,RK,108.0
2019,601,D-AST,RK,117.0
2019,473,F-TIE,RK,116.0
2019,1370,G-CAR,RK,138.0
2019,602,D-ATH,RK,133.0
2019,474,G-TWI,RK,142.0
2019,475,G-YAE,RK,147.0
2019,604,D-BLJ,RK,141.0
2019,5085,D-PHW,RK,143.0
2019,605,D-BRV,RK,144.0
2019,5086,D-RA2,RK,139.0
2019,2270,D-CU2,RK,112.0
2019,5087,D-DB2,RK,109.0
2019,607,D-BRW,RK,158.0
2019,608,D-CAB,RK,138.0
2019,609,D-CU1,RK,112.0
2019,610,D-DB1,RK,109.0
2019,611,D-LAB,RK,119.0
2019,612,D-DOS,RK,119.0
2019,3430,A-RED,RK,113.0
2019,615,D-GIA,RK,137.0
2019,616,D-IND,RK,114.0
2019,617,D-INB,RK,
2019,618,D-MRN,RK,136.0
2019,619,D-MRL,RK,146.0
2019,620,D-ME1,RK,121.0
2019,2413,D-RN2,RK,140.0
2019,621,D-OR1,RK,110.0
2019,1390,G-BLU,RK,141.0
2019,622,D-PAD,RK,135.0
2019,623,D-PHR,RK,143.0
2019,624,D-PI1,RK,134.0
2019,625,D-RN1,RK,140.0
2019,626,D-RS1,RK,111.0
2019,627,D-RS2,RK,111.0
2019,628,D-RED,RK,113.0
2019,4725,G-YAW,RK,147.0
2019,629,D-RCK,RK,115.0
2019,1270,D-NAT,RK,120.0
2019,630,D-RO1,RK,118.0
2019,631,D-TI1,RK,116.0
2019,632,D-TWI,RK,142.0
2019,633,D-WSX,RK,145.0
2019,5370,A-GIO,RK,137.0
2019,634,D-YAN,RK,147.0
2019,5372,G-PHW,RK,143.0
2019,5374,A-INB,RK,114.0
2020,512,TOL,AAA,116.0
2020,1410,LHV,AAA,143.0
2020,579,OAX,AAA,11.0
2020,451,IOW,AAA,112.0
2020,259,FRE,AAA,120.0
2020,2310,RNO,AAA,109.0
2020,520,PUE,AAA,11.0
2020,523,CAM,AAA,11.0
2020,528,AGS,AAA,11.0
2020,400,LV,AAA,133.0
2020,529,TAC,AAA,136.0
2020,5010,TIJ,AAA,11.0
2020,531,SWB,AAA,147.0
2020,532,MEX,AAA,11.0
2020,533,PAW,AAA,111.0
2020,342,ABQ,AAA,115.0
2020,534,ROC,AAA,142.0
2020,536,LAR,AAA,11.0
2020,4444,DUR,AAA,11.0
2020,541,OMA,AAA,118.0
2020,416,LOU,AAA,113.0
2020,484,IND,AAA,134.0
2020,102,RR,AAA,117.0
2020,422,BUF,AAA,141.0
2020,4904,ELP,AAA,135.0
2020,552,SYR,AAA,121.0
2020,105,SAC,AAA,137.0
2020,234,DUR,AAA,139.0
2020,235,MEM,AAA,138.0
2020,556,NAS,AAA,140.0
2020,494,CLT,AAA,145.0
2020,238,OKC,AAA,119.0
2020,431,GWN,AAA,144.0
2020,496,YUC,AAA,11.0
2020,560,MVA,AAA,11.0
2020,561,SL,AAA,108.0
2020,562,MTY,AAA,11.0
2020,434,LEO,AAA,11.0
2020,5428,WOR,AAA,11.0
2020,502,SLT,AAA,11.0
2020,568,NOR,AAA,110.0
2020,569,TIG,AAA,11.0
2020,3898,WCH,AAA,146.0
2020,442,TAB,AAA,11.0
2020,445,COL,AAA,114.0
2020,510,SA,AAA,158.0
2020,447,LAG,AAA,11.0
2020,452,ALT,AA,134.0
2020,260,TUL,AA,119.0
2020,1350,NWA,AA,118.0
2020,522,REA,AA,143.0
2020,463,NH,AA,141.0
2020,3410,RIC,AA,137.0
2020,402,AKR,AA,114.0
2020,5015,BLX,AA,158.0
2020,538,HFD,AA,115.0
2020,4124,PNS,AA,142.0
2020,540,FRI,AA,140.0
2020,546,POR,AA,111.0
2020,482,CC,AA,117.0
2020,418,BOW,AA,110.0
2020,547,HBG,AA,120.0
2020,421,MTG,AA,139.0
2020,104,JXN,AA,109.0
2020,553,TNS,AA,112.0
2020,106,ERI,AA,116.0
2020,237,MID,AA,133.0
2020,430,MIS,AA,144.0
2020,559,RCT,AA,108.0
2020,498,CHA,AA,113.0
2020,564,JAX,AA,146.0
2020,567,TRN,AA,147.0
2020,247,BIR,AA,145.0
2020,5368,AMA,AA,135.0
2020,440,SPR,AA,138.0
2020,505,BNG,AA,121.0
2020,574,ARK,AA,136.0
2020,3712,FAY,A+,117.0
2020,450,DBT,A+,113.0
2020,515,MOD,A+,136.0
2020,580,WS,A+,145.0
2020,516,VIS,A+,109.0
2020,521,MB,A+,112.0
2020,587,TAM,A+,147.0
2020,524,STK,A+,133.0
2020,526,RC,A+,119.0
2020,401,IE,A+,108.0
2020,279,PMB,A+,138.0
2020,476,SJ,A+,137.0
2020,414,SAL,A+,111.0
2020,479,JUP,A+,146.0
2020,481,LYN,A+,114.0
2020,485,DE,A+,140.0
2020,103,LE,A+,135.0
2020,424,DUN,A+,141.0
2020,2730,CHA,A+,139.0
2020,426,WIL,A+,118.0
2020,491,LAN,A+,115.0
2020,493,FRE,A+,110.0
2020,436,FBG,A+,120.0
2020,566,CLR,A+,143.0
2020,503,FLO,A+,144.0
2020,249,CAR,A+,158.0
2020,570,LAK,A+,116.0
2020,507,SLU,A+,121.0
2020,509,FTM,A+,142.0
2020,3390,BRD,A+,134.0
2020,448,HIC,A,140.0
2020,2498,BG,A,139.0
2020,582,WM,A,116.0
2020,584,FW,A,135.0
2020,456,GL,A,119.0
2020,459,DAY,A,113.0
2020,525,WV,A,136.0
2020,477,GBO,A,134.0
2020,478,AUG,A,137.0
2020,548,DEL,A,110.0
2020,420,BUR,A,108.0
2020,550,SB,A,112.0
2020,487,KAN,A,145.0
2020,233,CHS,A,147.0
2020,554,BEL,A,133.0
2020,427,LWD,A,143.0
2020,492,CR,A,142.0
2020,428,GVL,A,111.0
2020,495,LEX,A,118.0
2020,432,ROM,A,144.0
2020,563,HAG,A,120.0
2020,499,LAN,A,141.0
2020,500,CLI,A,146.0
2020,565,QC,A,117.0
2020,437,LC,A,114.0
2020,3705,COL,A,121.0
2020,443,PEO,A,138.0
2020,572,WIS,A,158.0
2020,573,ASH,A,115.0
2020,446,KC,A,109.0
2020,480,BOI,A-,115.0
2020,545,MV,A-,114.0
2020,577,TRI,A-,117.0
2020,449,WIL,A-,143.0
2020,578,SK,A-,137.0
2020,419,HIL,A-,109.0
2020,453,BRK,A-,121.0
2020,486,SPO,A-,140.0
2020,488,ABD,A-,110.0
2020,586,SI,A-,147.0
2020,458,AUB,A-,120.0
2020,460,TRI,A-,135.0
2020,461,EUG,A-,112.0
2020,558,LOW,A-,111.0
2020,462,VER,A-,133.0
2020,435,VAN,A-,141.0
2020,403,EVE,A-,136.0
2020,1174,SC,A-,138.0
2020,537,HV,A-,139.0
2020,571,NOR,A-,116.0
2020,5020,WV,A-,134.0
2020,511,BAT,A-,146.0
2020,5506,D-IN2,RK,114.0
2020,2690,A-DO2,RK,119.0
2020,404,A-ANG,RK,108.0
2020,405,A-AGR,RK,133.0
2020,406,A-BRG,RK,158.0
2020,407,A-CUB,RK,112.0
2020,408,A-GIB,RK,137.0
2020,409,A-MRN,RK,136.0
2020,410,A-PA1,RK,135.0
2020,411,A-RAN,RK,140.0
2020,412,A-ROY,RK,118.0
2020,2097,D-CAR,RK,138.0
2020,5426,A-AGO,RK,133.0
2020,5427,A-DO1,RK,119.0
2020,4404,D-PI2,RK,134.0
2020,5430,A-BRB,RK,158.0
2020,3130,D-OR2,RK,110.0
2020,5316,A-PA2,RK,135.0
2020,2117,D-ME2,RK,121.0
2020,1991,A-DBA,RK,109.0
2020,1995,A-CUB,RK,112.0
2020,1611,D-RA1,RK,139.0
2020,1997,A-WSX,RK,145.0
2020,1998,G-AST,RK,117.0
2020,5071,G-TIW,RK,116.0
2020,2128,D-RO2,RK,118.0
2020,464,G-BRV,RK,144.0
2020,2770,A-INR,RK,114.0
2020,466,G-NAT,RK,120.0
2020,2131,D-COL,RK,115.0
2020,2003,G-RAY,RK,139.0
2020,467,G-MRL,RK,146.0
2020,2132,D-TI2,RK,116.0
2020,468,G-MET,RK,121.0
2020,469,G-PHE,RK,143.0
2020,2134,D-GI2,RK,137.0
2020,470,G-PIR,RK,134.0
2020,599,G-ORI,RK,110.0
2020,471,G-RSX,RK,111.0
2020,600,D-ANG,RK,108.0
2020,601,D-AST,RK,117.0
2020,473,F-TIE,RK,116.0
2020,1370,G-CAR,RK,138.0
2020,602,D-ATH,RK,133.0
2020,474,G-TWI,RK,142.0
2020,475,G-YAE,RK,147.0
2020,604,D-BLJ,RK,141.0
2020,5085,D-PHW,RK,143.0
2020,605,D-BRV,RK,144.0
2020,5086,D-RA2,RK,139.0
2020,2270,D-CUR,RK,112.0
2020,5087,D-DB2,RK,109.0
2020,607,D-BRW,RK,158.0
2020,608,D-CAB,RK,138.0
2020,609,D-CUB,RK,112.0
2020,610,D-DB1,RK,109.0
2020,611,D-LAB,RK,119.0
2020,612,D-DOS,RK,119.0
2020,3430,A-RED,RK,113.0
2020,615,D-GI1,RK,137.0
2020,616,D-IN1,RK,114.0
2020,617,D-MIT,RK,
2020,618,D-MRN,RK,136.0
2020,619,D-MRL,RK,146.0
2020,620,D-ME1,RK,121.0
2020,2413,D-RN2,RK,140.0
2020,621,D-OR1,RK,110.0
2020,1390,G-BLU,RK,141.0
2020,622,D-PAD,RK,135.0
2020,623,D-PHR,RK,143.0
2020,624,D-PI1,RK,134.0
2020,625,D-RN1,RK,140.0
2020,626,D-BOB,RK,111.0
2020,627,D-BOR,RK,111.0
2020,628,D-RED,RK,113.0
2020,4725,G-YAW,RK,147.0
2020,629,D-RCK,RK,115.0
2020,1270,D-NAT,RK,120.0
2020,630,D-RO1,RK,118.0
2020,631,D-TI1,RK,116.0
2020,632,D-TWI,RK,142.0
2020,633,D-WSX,RK,145.0
2020,5370,A-GIO,RK,137.0
2020,634,D-YAN,RK,147.0
2020,5372,G-PHW,RK,143.0
2020,5374,A-INB,RK,114.0
2021,512,TOL,AAA,116.0
2021,1410,LHV,AAA,143.0
2021,451,IOW,AAA,112.0
2021,2310,RNO,AAA,109.0
2021,400,LV,AAA,133.0
2021,529,TAC,AAA,136.0
2021,531,SWB,AAA,147.0
2021,533,WOR,AAA,111.0
2021,534,ROC,AAA,120.0
2021,342,ABQ,AAA,115.0
2021,541,OMA,AAA,118.0
2021,416,LOU,AAA,113.0
2021,484,IND,AAA,134.0
2021,422,BUF,AAA,141.0
2021,102,RR,AAA,140.0
2021,4904,ELP,AAA,135.0
2021,1960,STP,AAA,142.0
2021,552,SYR,AAA,121.0
2021,105,SAC,AAA,137.0
2021,234,DUR,AAA,139.0
2021,235,MEM,AAA,138.0
2021,556,NAS,AAA,158.0
2021,494,CLT,AAA,145.0
2021,238,OKC,AAA,119.0
2021,431,GWN,AAA,144.0
2021,561,SL,AAA,108.0
2021,564,JAX,AAA,146.0
2021,568,NOR,AAA,110.0
2021,5434,SUG,AAA,117.0
2021,445,COL,AAA,114.0
2021,452,ALT,AA,134.0
2021,260,TUL,AA,119.0
2021,1350,NWA,AA,118.0
2021,522,REA,AA,143.0
2021,463,NH,AA,141.0
2021,3410,RIC,AA,137.0
2021,402,AKR,AA,114.0
2021,5015,BLX,AA,158.0
2021,538,HFD,AA,115.0
2021,4124,PNS,AA,146.0
2021,540,FRI,AA,140.0
2021,546,POR,AA,111.0
2021,482,CC,AA,117.0
2021,418,BOW,AA,110.0
2021,547,HBG,AA,120.0
2021,1956,SOM,AA,147.0
2021,421,MTG,AA,139.0
2021,553,TNS,AA,112.0
2021,106,ERI,AA,116.0
2021,237,MID,AA,133.0
2021,430,MIS,AA,144.0
2021,559,RCT,AA,108.0
2021,498,CHA,AA,113.0
2021,247,BIR,AA,145.0
2021,5368,AMA,AA,109.0
2021,440,SPR,AA,138.0
2021,505,BNG,AA,121.0
2021,3898,WCH,AA,142.0
2021,574,ARK,AA,136.0
2021,510,SA,AA,135.0
2021,448,HIC,A+,140.0
2021,2498,BG,A+,139.0
2021,580,WS,A+,145.0
2021,453,BRK,A+,121.0
2021,582,WM,A+,116.0
2021,584,FW,A+,135.0
2021,456,GL,A+,119.0
2021,459,DAY,A+,113.0
2021,460,TRI,A+,108.0
2021,461,EUG,A+,137.0
2021,403,EVE,A+,136.0
2021,537,HV,A+,147.0
2021,477,GBO,A+,134.0
2021,419,HIL,A+,109.0
2021,550,SB,A+,112.0
2021,486,SPO,A+,115.0
2021,488,ABD,A+,110.0
2021,554,BEL,A+,146.0
2021,426,WIL,A+,120.0
2021,427,JS,A+,143.0
2021,492,CR,A+,142.0
2021,428,GVL,A+,111.0
2021,432,ROM,A+,144.0
2021,499,LAN,A+,133.0
2021,435,VAN,A+,141.0
2021,565,QC,A+,118.0
2021,437,LC,A+,114.0
2021,443,PEO,A+,138.0
2021,572,WIS,A+,158.0
2021,573,ASH,A+,117.0
2021,3712,FAY,A,117.0
2021,450,DBT,A,113.0
2021,515,MOD,A,136.0
2021,259,FRE,A,115.0
2021,516,VIS,A,109.0
2021,521,MB,A,112.0
2021,587,TAM,A,147.0
2021,524,STK,A,133.0
2021,526,RC,A,119.0
2021,401,IE,A,108.0
2021,279,PMB,A,138.0
2021,476,SJ,A,137.0
2021,478,AUG,A,144.0
2021,414,SAL,A,111.0
2021,479,JUP,A,146.0
2021,481,LYN,A,114.0
2021,548,DEL,A,110.0
2021,485,DE,A,140.0
2021,487,KAN,A,145.0
2021,103,LE,A,135.0
2021,424,DUN,A,141.0
2021,233,CHS,A,139.0
2021,436,FBG,A,120.0
2021,566,CLR,A,143.0
2021,3705,COL,A,118.0
2021,249,CAR,A,158.0
2021,570,LAK,A,116.0
2021,507,SLU,A,121.0
2021,509,FTM,A,142.0
2021,3390,BRD,A,134.0
2021,5506,D-INR,RK,114.0
2021,404,A-ANG,RK,108.0
2021,406,A-BRG,RK,158.0
2021,407,A-CUB,RK,112.0
2021,408,A-GIB,RK,137.0
2021,409,A-MRN,RK,136.0
2021,410,A-PAD,RK,135.0
2021,411,A-RAN,RK,140.0
2021,412,A-ROB,RK,118.0
2021,2097,D-CAR,RK,138.0
2021,5426,A-ATH,RK,133.0
2021,5427,A-DOD,RK,119.0
2021,4404,D-PIG,RK,134.0
2021,2101,D-BW2,RK,158.0
2021,5430,A-BRB,RK,158.0
2021,3130,D-OR2,RK,110.0
2021,2117,D-ME2,RK,121.0
2021,1991,A-DBA,RK,109.0
2021,5578,F-ORO,RK,110.0
2021,1994,A-RCK,RK,115.0
2021,5579,F-PIG,RK,134.0
2021,1611,D-RA1,RK,139.0
2021,1996,A-ROG,RK,118.0
2021,1997,A-WSX,RK,145.0
2021,1998,F-AST,RK,117.0
2021,5071,F-TIW,RK,116.0
2021,2128,D-ROW,RK,118.0
2021,464,F-BRV,RK,144.0
2021,466,F-NAT,RK,120.0
2021,2131,D-COL,RK,115.0
2021,2003,F-RAY,RK,139.0
2021,467,F-MRL,RK,146.0
2021,468,F-MET,RK,121.0
2021,469,F-PHI,RK,143.0
2021,2134,D-GIB,RK,137.0
2021,470,F-PIB,RK,134.0
2021,599,F-ORB,RK,110.0
2021,471,F-RSX,RK,111.0
2021,600,D-ANG,RK,108.0
2021,601,D-AST,RK,117.0
2021,473,F-TIE,RK,116.0
2021,1370,F-CAR,RK,138.0
2021,602,D-ATH,RK,133.0
2021,474,F-TWI,RK,142.0
2021,475,F-YAN,RK,147.0
2021,604,D-BLJ,RK,141.0
2021,5085,D-PHW,RK,143.0
2021,605,D-BRV,RK,144.0
2021,5086,D-RA2,RK,139.0
2021,2270,D-CUR,RK,112.0
2021,5087,D-DB2,RK,109.0
2021,607,D-BW1,RK,158.0
2021,608,D-CAB,RK,138.0
2021,609,D-CUB,RK,112.0
2021,610,D-DB1,RK,109.0
2021,611,D-LAB,RK,119.0
2021,612,D-DOS,RK,119.0
2021,3430,A-RED,RK,113.0
2021,615,D-GIO,RK,137.0
2021,616,D-INB,RK,114.0
2021,618,D-MRN,RK,136.0
2021,619,D-MRL,RK,146.0
2021,620,D-ME1,RK,121.0
2021,2413,D-RN2,RK,140.0
2021,621,D-OR1,RK,110.0
2021,1390,F-BLU,RK,141.0
2021,622,D-PAD,RK,135.0
2021,623,D-PHR,RK,143.0
2021,624,D-PIB,RK,134.0
2021,625,D-RN1,RK,140.0
2021,626,D-BOB,RK,111.0
2021,627,D-BOR,RK,111.0
2021,628,D-RED,RK,113.0
2021,629,D-RCK,RK,115.0
2021,1270,D-NAT,RK,120.0
2021,630,D-ROB,RK,118.0
2021,631,D-TIG,RK,116.0
2021,632,D-TWI,RK,142.0
2021,633,D-WSX,RK,145.0
2021,5370,A-GIO,RK,137.0
2021,634,D-YA1,RK,147.0
2021,635,D-YA2,RK,147.0
2021,5374,A-IND,RK,114.0
2022,512,TOL,AAA,116.0
2022,1410,LHV,AAA,143.0
2022,451,IOW,AAA,112.0
2022,2310,RNO,AAA,109.0
2022,400,LV,AAA,133.0
2022,529,TAC,AAA,136.0
2022,531,SWB,AAA,147.0
2022,533,WOR,AAA,111.0
2022,534,ROC,AAA,120.0
2022,342,ABQ,AAA,115.0
2022,541,OMA,AAA,118.0
2022,416,LOU,AAA,113.0
2022,484,IND,AAA,134.0
2022,422,BUF,AAA,141.0
2022,102,RR,AAA,140.0
2022,4904,ELP,AAA,135.0
2022,1960,STP,AAA,142.0
2022,552,SYR,AAA,121.0
2022,105,SAC,AAA,137.0
2022,234,DUR,AAA,139.0
2022,235,MEM,AAA,138.0
2022,556,NAS,AAA,158.0
2022,494,CLT,AAA,145.0
2022,238,OKC,AAA,119.0
2022,431,GWN,AAA,144.0
2022,561,SL,AAA,108.0
2022,564,JAX,AAA,146.0
2022,568,NOR,AAA,110.0
2022,5434,SUG,AAA,117.0
2022,445,COL,AAA,114.0
2022,452,ALT,AA,134.0
2022,260,TUL,AA,119.0
2022,1350,NWA,AA,118.0
2022,522,REA,AA,143.0
2022,463,NH,AA,141.0
2022,3410,RIC,AA,137.0
2022,402,AKR,AA,114.0
2022,5015,BLX,AA,158.0
2022,538,HFD,AA,115.0
2022,4124,PNS,AA,146.0
2022,540,FRI,AA,140.0
2022,546,POR,AA,111.0
2022,482,CC,AA,117.0
2022,418,BOW,AA,110.0
2022,547,HBG,AA,120.0
2022,1956,SOM,AA,147.0
2022,421,MTG,AA,139.0
2022,553,TNS,AA,112.0
2022,106,ERI,AA,116.0
2022,237,MID,AA,133.0
2022,430,MIS,AA,144.0
2022,559,RCT,AA,108.0
2022,498,CHA,AA,113.0
2022,247,BIR,AA,145.0
2022,5368,AMA,AA,109.0
2022,440,SPR,AA,138.0
2022,505,BNG,AA,121.0
2022,3898,WCH,AA,142.0
2022,574,ARK,AA,136.0
2022,510,SA,AA,135.0
2022,448,HIC,A+,140.0
2022,2498,BG,A+,139.0
2022,580,WS,A+,145.0
2022,453,BRK,A+,121.0
2022,582,WM,A+,116.0
2022,584,FW,A+,135.0
2022,456,GL,A+,119.0
2022,459,DAY,A+,113.0
2022,460,TRI,A+,108.0
2022,461,EUG,A+,137.0
2022,403,EVE,A+,136.0
2022,537,HV,A+,147.0
2022,477,GBO,A+,134.0
2022,419,HIL,A+,109.0
2022,550,SB,A+,112.0
2022,486,SPO,A+,115.0
2022,488,ABD,A+,110.0
2022,554,BEL,A+,146.0
2022,426,WIL,A+,120.0
2022,427,JS,A+,143.0
2022,492,CR,A+,142.0
2022,428,GVL,A+,111.0
2022,432,ROM,A+,144.0
2022,499,LAN,A+,133.0
2022,435,VAN,A+,141.0
2022,565,QC,A+,118.0
2022,437,LC,A+,114.0
2022,443,PEO,A+,138.0
2022,572,WIS,A+,158.0
2022,573,ASH,A+,117.0
2022,3712,FAY,A,117.0
2022,450,DBT,A,113.0
2022,515,MOD,A,136.0
2022,259,FRE,A,115.0
2022,516,VIS,A,109.0
2022,521,MB,A,112.0
2022,587,TAM,A,147.0
2022,524,STK,A,133.0
2022,526,RC,A,119.0
2022,401,IE,A,108.0
2022,279,PMB,A,138.0
2022,476,SJ,A,137.0
2022,478,AUG,A,144.0
2022,414,SAL,A,111.0
2022,479,JUP,A,146.0
2022,481,LYN,A,114.0
2022,548,DEL,A,110.0
2022,485,DE,A,140.0
2022,487,KAN,A,145.0
2022,103,LE,A,135.0
2022,424,DUN,A,141.0
2022,233,CHS,A,139.0
2022,436,FBG,A,120.0
2022,566,CLR,A,143.0
2022,3705,COL,A,118.0
2022,249,CAR,A,158.0
2022,570,LAK,A,116.0
2022,507,SLU,A,121.0
2022,509,FTM,A,142.0
2022,3390,BRD,A,134.0
2022,5506,D-CLR,RK,114.0
2022,5005,D-HOO,RK,117.0
2022,404,A-ANG,RK,108.0
2022,6038,A-DBR,RK,109.0
2022,406,A-BRG,RK,158.0
2022,407,A-CUB,RK,112.0
2022,408,A-GIB,RK,137.0
2022,409,A-MRN,RK,136.0
2022,410,A-PAD,RK,135.0
2022,411,A-RAN,RK,140.0
2022,412,A-ROY,RK,118.0
2022,5426,A-ATH,RK,133.0
2022,5427,A-DOD,RK,119.0
2022,4404,D-PIG,RK,134.0
2022,2101,D-BW2,RK,158.0
2022,5430,A-BRB,RK,158.0
2022,3130,D-BAO,RK,110.0
2022,2117,D-ME2,RK,121.0
2022,1991,A-DBB,RK,109.0
2022,1994,A-RCK,RK,115.0
2022,1611,D-RAY,RK,139.0
2022,1997,A-WSX,RK,145.0
2022,1998,F-ASB,RK,117.0
2022,2127,D-MIA,RK,146.0
2022,2128,D-KCS,RK,118.0
2022,2000,F-ASO,RK,117.0
2022,464,F-BRV,RK,144.0
2022,466,F-NAT,RK,120.0
2022,2131,D-COL,RK,115.0
2022,2003,F-RAY,RK,139.0
2022,467,F-MRL,RK,146.0
2022,2132,D-TI2,RK,116.0
2022,468,F-MET,RK,121.0
2022,469,F-PHI,RK,143.0
2022,2134,D-GIB,RK,137.0
2022,470,F-PIR,RK,134.0
2022,599,F-ORI,RK,110.0
2022,471,F-RSX,RK,111.0
2022,600,D-ANG,RK,108.0
2022,601,D-HOB,RK,117.0
2022,473,F-TIG,RK,116.0
2022,1370,F-CAR,RK,138.0
2022,602,D-ATH,RK,133.0
2022,474,F-TWI,RK,142.0
2022,475,F-YAN,RK,147.0
2022,604,D-BLJ,RK,141.0
2022,5085,D-PHW,RK,143.0
2022,605,D-BRV,RK,144.0
2022,5086,D-TAM,RK,139.0
2022,2270,D-CUR,RK,112.0
2022,5087,D-DBR,RK,109.0
2022,607,D-BW1,RK,158.0
2022,608,D-CAR,RK,138.0
2022,609,D-CUB,RK,112.0
2022,610,D-DBB,RK,109.0
2022,611,D-LAB,RK,119.0
2022,612,D-LAM,RK,119.0
2022,3430,A-RED,RK,113.0
2022,615,D-GIO,RK,137.0
2022,616,D-CLB,RK,114.0
2022,618,D-MRN,RK,136.0
2022,619,D-MRL,RK,146.0
2022,620,D-ME1,RK,121.0
2022,2413,D-TXR,RK,140.0
2022,621,D-BAB,RK,110.0
2022,1390,F-BLU,RK,141.0
2022,622,D-PAD,RK,135.0
2022,623,D-PHR,RK,143.0
2022,624,D-PIB,RK,134.0
2022,625,D-TXB,RK,140.0
2022,626,D-BOB,RK,111.0
2022,627,D-BOR,RK,111.0
2022,628,D-RED,RK,113.0
2022,629,D-RCK,RK,115.0
2022,1270,D-NAT,RK,120.0
2022,630,D-KCG,RK,118.0
2022,631,D-TI1,RK,116.0
2022,632,D-TWI,RK,142.0
2022,633,D-WSX,RK,145.0
2022,5370,A-GIO,RK,137.0
2022,634,D-NYB,RK,147.0
2022,635,D-NYY,RK,147.0
2022,5374,A-GUA,RK,114.0
2023,512,TOL,AAA,116.0
2023,1410,LHV,AAA,143.0
2023,451,IOW,AAA,112.0
2023,2310,RNO,AAA,109.0
2023,400,LV,AAA,133.0
2023,529,TAC,AAA,136.0
2023,531,SWB,AAA,147.0
2023,533,WOR,AAA,111.0
2023,534,ROC,AAA,120.0
2023,342,ABQ,AAA,115.0
2023,541,OMA,AAA,118.0
2023,416,LOU,AAA,113.0
2023,484,IND,AAA,134.0
2023,422,BUF,AAA,141.0
2023,102,RR,AAA,140.0
2023,4904,ELP,AAA,135.0
2023,1960,STP,AAA,142.0
2023,552,SYR,AAA,121.0
2023,105,SAC,AAA,137.0
2023,234,DUR,AAA,139.0
2023,235,MEM,AAA,138.0
2023,556,NAS,AAA,158.0
2023,494,CLT,AAA,145.0
2023,238,OKC,AAA,119.0
2023,431,GWN,AAA,144.0
2023,561,SL,AAA,108.0
2023,564,JAX,AAA,146.0
2023,568,NOR,AAA,110.0
2023,5434,SUG,AAA,117.0
2023,445,COL,AAA,114.0
2023,452,ALT,AA,134.0
2023,260,TUL,AA,119.0
2023,1350,NWA,AA,118.0
2023,522,REA,AA,143.0
2023,463,NH,AA,141.0
2023,3410,RIC,AA,137.0
2023,402,AKR,AA,114.0
2023,5015,BLX,AA,158.0
2023,538,HFD,AA,115.0
2023,4124,PNS,AA,146.0
2023,540,FRI,AA,140.0
2023,546,POR,AA,111.0
2023,482,CC,AA,117.0
2023,418,BOW,AA,110.0
2023,547,HBG,AA,120.0
2023,1956,SOM,AA,147.0
2023,421,MTG,AA,139.0
2023,553,TNS,AA,112.0
2023,106,ERI,AA,116.0
2023,237,MID,AA,133.0
2023,430,MIS,AA,144.0
2023,559,RCT,AA,108.0
2023,498,CHA,AA,113.0
2023,247,BIR,AA,145.0
2023,5368,AMA,AA,109.0
2023,440,SPR,AA,138.0
2023,505,BNG,AA,121.0
2023,3898,WCH,AA,142.0
2023,574,ARK,AA,136.0
2023,510,SA,AA,135.0
2023,448,HIC,A+,140.0
2023,2498,BG,A+,139.0
2023,580,WS,A+,145.0
2023,453,BRK,A+,121.0
2023,582,WM,A+,116.0
2023,584,FW,A+,135.0
2023,456,GL,A+,119.0
2023,459,DAY,A+,113.0
2023,460,TRI,A+,108.0
2023,461,EUG,A+,137.0
2023,403,EVE,A+,136.0
2023,537,HV,A+,147.0
2023,477,GBO,A+,134.0
2023,419,HIL,A+,109.0
2023,550,SB,A+,112.0
2023,486,SPO,A+,115.0
2023,488,ABD,A+,110.0
2023,554,BEL,A+,146.0
2023,426,WIL,A+,120.0
2023,427,JS,A+,143.0
2023,492,CR,A+,142.0
2023,428,GVL,A+,111.0
2023,432,ROM,A+,144.0
2023,499,LAN,A+,133.0
2023,435,VAN,A+,141.0
2023,565,QC,A+,118.0
2023,437,LC,A+,114.0
2023,443,PEO,A+,138.0
2023,572,WIS,A+,158.0
2023,573,ASH,A+,117.0
2023,3712,FAY,A,117.0
2023,450,DBT,A,113.0
2023,515,MOD,A,136.0
2023,259,FRE,A,115.0
2023,516,VIS,A,109.0
2023,521,MB,A,112.0
2023,587,TAM,A,147.0
2023,524,STK,A,133.0
2023,526,RC,A,119.0
2023,401,IE,A,108.0
2023,279,PMB,A,138.0
2023,476,SJ,A,137.0
2023,478,AUG,A,144.0
2023,414,SAL,A,111.0
2023,479,JUP,A,146.0
2023,481,LYN,A,114.0
2023,548,DEL,A,110.0
2023,485,DE,A,140.0
2023,487,KAN,A,145.0
2023,103,LE,A,135.0
2023,424,DUN,A,141.0
2023,233,CHS,A,139.0
2023,436,FBG,A,120.0
2023,566,CLR,A,143.0
2023,3705,COL,A,118.0
2023,249,CAR,A,158.0
2023,570,LAK,A,116.0
2023,507,SLU,A,121.0
2023,509,FTM,A,142.0
2023,3390,BRD,A,134.0
2023,5506,D-GUR,RK,114.0
2023,5005,D-ASO,RK,117.0
2023,404,A-ANG,RK,108.0
2023,6038,A-DBR,RK,109.0
2023,406,A-BRW,RK,158.0
2023,407,A-CUB,RK,112.0
2023,408,A-GIB,RK,137.0
2023,409,A-MRN,RK,136.0
2023,410,A-PAD,RK,135.0
2023,411,A-RAN,RK,140.0
2023,412,A-ROY,RK,118.0
2023,5426,A-ATH,RK,133.0
2023,5427,A-DOD,RK,119.0
2023,4404,D-PIG,RK,134.0
2023,2101,D-BW2,RK,158.0
2023,3130,D-ORO,RK,110.0
2023,2117,D-MEO,RK,121.0
2023,1991,A-DBB,RK,109.0
2023,2122,D-PAG,RK,135.0
2023,1994,A-RCK,RK,115.0
2023,1611,D-RAY,RK,139.0
2023,1997,A-WSX,RK,145.0
2023,1998,F-AST,RK,117.0
2023,2127,D-MIA,RK,146.0
2023,2128,D-ROG,RK,118.0
2023,464,F-BRV,RK,144.0
2023,466,F-NAT,RK,120.0
2023,2131,D-COL,RK,115.0
2023,2003,F-RAY,RK,139.0
2023,467,F-MRL,RK,146.0
2023,2132,D-TI2,RK,116.0
2023,468,F-MET,RK,121.0
2023,469,F-PHI,RK,143.0
2023,2134,D-GIB,RK,137.0
2023,470,F-PIR,RK,134.0
2023,599,F-ORI,RK,110.0
2023,471,F-RSX,RK,111.0
2023,600,D-ANG,RK,108.0
2023,601,D-ASB,RK,117.0
2023,473,F-TIG,RK,116.0
2023,1370,F-CAR,RK,138.0
2023,602,D-ATH,RK,133.0
2023,474,F-TWI,RK,142.0
2023,475,F-YAN,RK,147.0
2023,604,D-BLJ,RK,141.0
2023,5085,D-PHW,RK,143.0
2023,605,D-BRV,RK,144.0
2023,5086,D-TAM,RK,139.0
2023,2270,D-CUR,RK,112.0
2023,5087,D-ARR,RK,109.0
2023,607,D-BW1,RK,158.0
2023,608,D-CAR,RK,138.0
2023,609,D-CUB,RK,112.0
2023,610,D-ARB,RK,109.0
2023,611,D-LAB,RK,119.0
2023,612,D-LAM,RK,119.0
2023,3430,A-RED,RK,113.0
2023,615,D-GIO,RK,137.0
2023,616,D-GUB,RK,114.0
2023,618,D-MRN,RK,136.0
2023,619,D-MRL,RK,146.0
2023,620,D-MEB,RK,121.0
2023,2413,D-RNR,RK,140.0
2023,621,D-ORB,RK,110.0
2023,1390,F-BLU,RK,141.0
2023,622,D-PAB,RK,135.0
2023,623,D-PHR,RK,143.0
2023,624,D-PIB,RK,134.0
2023,625,D-RNB,RK,140.0
2023,626,D-RSB,RK,111.0
2023,627,D-RSR,RK,111.0
2023,628,D-RED,RK,113.0
2023,629,D-RCK,RK,115.0
2023,1270,D-NAT,RK,120.0
2023,630,D-ROB,RK,118.0
2023,631,D-TI1,RK,116.0
2023,632,D-TWI,RK,142.0
2023,633,D-WSX,RK,145.0
2023,5370,A-GIO,RK,137.0
2023,634,D-NYB,RK,147.0
2023,635,D-NYY,RK,147.0
2023,5374,A-GUA,RK,114.0
2024,512,TOL,AAA,116.0
2024,1410,LHV,AAA,143.0
2024,451,IOW,AAA,112.0
2024,2310,RNO,AAA,109.0
2024,400,LV,AAA,133.0
2024,529,TAC,AAA,136.0
2024,531,SWB,AAA,147.0
2024,533,WOR,AAA,111.0
2024,534,ROC,AAA,120.0
2024,342,ABQ,AAA,115.0
2024,541,OMA,AAA,118.0
2024,416,LOU,AAA,113.0
2024,484,IND,AAA,134.0
2024,422,BUF,AAA,141.0
2024,102,RR,AAA,140.0
2024,4904,ELP,AAA,135.0
2024,1960,STP,AAA,142.0
2024,552,SYR,AAA,121.0
2024,105,SAC,AAA,137.0
2024,234,DUR,AAA,139.0
2024,235,MEM,AAA,138.0
2024,556,NAS,AAA,158.0
2024,494,CLT,AAA,145.0
2024,238,OKC,AAA,119.0
2024,431,GWN,AAA,144.0
2024,561,SL,AAA,108.0
2024,564,JAX,AAA,146.0
2024,568,NOR,AAA,110.0
2024,5434,SUG,AAA,117.0
2024,445,COL,AAA,114.0
2024,452,ALT,AA,134.0
2024,260,TUL,AA,119.0
2024,1350,NWA,AA,118.0
2024,522,REA,AA,143.0
2024,463,NH,AA,141.0
2024,3410,RIC,AA,137.0
2024,402,AKR,AA,114.0
2024,5015,BLX,AA,158.0
2024,538,HFD,AA,115.0
2024,4124,PNS,AA,146.0
2024,540,FRI,AA,140.0
2024,546,POR,AA,111.0
2024,482,CC,AA,117.0
2024,418,BOW,AA,110.0
2024,547,HBG,AA,120.0
2024,1956,SOM,AA,147.0
2024,421,MTG,AA,139.0
2024,553,TNS,AA,112.0
2024,106,ERI,AA,116.0
2024,237,MID,AA,133.0
2024,430,MIS,AA,144.0
2024,559,RCT,AA,108.0
2024,498,CHA,AA,113.0
2024,247,BIR,AA,145.0
2024,5368,AMA,AA,109.0
2024,440,SPR,AA,138.0
2024,505,BNG,AA,121.0
2024,3898,WCH,AA,142.0
2024,574,ARK,AA,136.0
2024,510,SA,AA,135.0
2024,448,HIC,A+,140.0
2024,2498,BG,A+,139.0
2024,580,WS,A+,145.0
2024,453,BRK,A+,121.0
2024,582,WM,A+,116.0
2024,584,FW,A+,135.0
2024,456,GL,A+,119.0
2024,459,DAY,A+,113.0
2024,460,TRI,A+,108.0
2024,461,EUG,A+,137.0
2024,403,EVE,A+,136.0
2024,537,HV,A+,147.0
2024,477,GBO,A+,134.0
2024,419,HIL,A+,109.0
2024,550,SB,A+,112.0
2024,486,SPO,A+,115.0
2024,488,ABD,A+,110.0
2024,554,BEL,A+,146.0
2024,426,WIL,A+,120.0
2024,427,JS,A+,143.0
2024,492,CR,A+,142.0
2024,428,GVL,A+,111.0
2024,432,ROM,A+,144.0
2024,499,LAN,A+,133.0
2024,435,VAN,A+,141.0
2024,565,QC,A+,118.0
2024,437,LC,A+,114.0
2024,443,PEO,A+,138.0
2024,572,WIS,A+,158.0
2024,573,ASH,A+,117.0
2024,3712,FAY,A,117.0
2024,450,DBT,A,113.0
2024,515,MOD,A,136.0
2024,259,FRE,A,115.0
2024,516,VIS,A,109.0
2024,521,MB,A,112.0
2024,587,TAM,A,147.0
2024,524,STK,A,133.0
2024,526,RC,A,119.0
2024,401,IE,A,108.0
2024,279,PMB,A,138.0
2024,476,SJ,A,137.0
2024,478,AUG,A,144.0
2024,414,SAL,A,111.0
2024,479,JUP,A,146.0
2024,481,LYN,A,114.0
2024,548,DEL,A,110.0
2024,485,DE,A,140.0
2024,487,KAN,A,145.0
2024,103,LE,A,135.0
2024,424,DUN,A,141.0
2024,233,CHS,A,139.0
2024,436,FBG,A,120.0
2024,566,CLR,A,143.0
2024,3705,COL,A,118.0
2024,249,CAR,A,158.0
2024,570,LAK,A,116.0
2024,507,SLU,A,121.0
2024,509,FTM,A,142.0
2024,3390,BRD,A,134.0
2024,5506,D-CLG,RK,114.0
2024,5005,D-ASO,RK,117.0
2024,404,A-ANG,RK,108.0
2024,406,A-BRW,RK,158.0
2024,407,A-CUB,RK,112.0
2024,408,A-GIA,RK,137.0
2024,409,A-MRN,RK,136.0
2024,410,A-PAD,RK,135.0
2024,411,A-RAN,RK,140.0
2024,412,A-ROY,RK,118.0
2024,5426,A-ATH,RK,133.0
2024,5427,A-DOD,RK,119.0
2024,4404,D-PIG,RK,134.0
2024,2101,D-BW2,RK,158.0
2024,3130,D-ORO,RK,110.0
2024,2117,D-MEO,RK,121.0
2024,1991,A-DBA,RK,109.0
2024,2122,D-PAG,RK,135.0
2024,1994,A-RCK,RK,115.0
2024,1611,D-RAY,RK,139.0
2024,1997,A-WSX,RK,145.0
2024,1998,F-AST,RK,117.0
2024,2127,D-MIA,RK,146.0
2024,2128,D-ROF,RK,118.0
2024,464,F-BRV,RK,144.0
2024,466,F-NAT,RK,120.0
2024,2131,D-COL,RK,115.0
2024,2003,F-RAY,RK,139.0
2024,467,F-MRL,RK,146.0
2024,2132,D-TI2,RK,116.0
2024,468,F-MET,RK,121.0
2024,469,F-PHI,RK,143.0
2024,2134,D-GIB,RK,137.0
2024,470,F-PIR,RK,134.0
2024,599,F-ORI,RK,110.0
2024,471,F-RSX,RK,111.0
2024,600,D-ANG,RK,108.0
2024,601,D-ASB,RK,117.0
2024,473,F-TIG,RK,116.0
2024,1370,F-CAR,RK,138.0
2024,602,D-ATH,RK,133.0
2024,474,F-TWI,RK,142.0
2024,475,F-YAN,RK,147.0
2024,604,D-BLJ,RK,141.0
2024,5085,D-PHW,RK,143.0
2024,605,D-BRV,RK,144.0
2024,5086,D-TAM,RK,139.0
2024,2270,D-CUR,RK,112.0
2024,5087,D-ARR,RK,109.0
2024,607,D-BW1,RK,158.0
2024,608,D-CAR,RK,138.0
2024,609,D-CUB,RK,112.0
2024,610,D-ARB,RK,109.0
2024,611,D-LAB,RK,119.0
2024,612,D-LAM,RK,119.0
2024,3430,A-RED,RK,113.0
2024,615,D-GIO,RK,137.0
2024,616,D-CLM,RK,114.0
2024,618,D-MRN,RK,136.0
2024,619,D-MRL,RK,146.0
2024,2412,D-ROJ,RK,113.0
2024,620,D-MEB,RK,121.0
2024,2413,D-RNR,RK,140.0
2024,621,D-ORB,RK,110.0
2024,1390,F-BLU,RK,141.0
2024,622,D-PAB,RK,135.0
2024,623,D-PHR,RK,143.0
2024,624,D-PIB,RK,134.0
2024,625,D-RNB,RK,140.0
2024,626,D-RSB,RK,111.0
2024,627,D-RSR,RK,111.0
2024,628,D-RED,RK,113.0
2024,629,D-RCK,RK,115.0
2024,1270,D-NAT,RK,120.0
2024,630,D-ROV,RK,118.0
2024,631,D-TI1,RK,116.0
2024,632,D-TWI,RK,142.0
2024,633,D-WSX,RK,145.0
2024,634,D-NYB,RK,147.0
2024,635,D-NYY,RK,147.0
2024,5374,A-GUA,RK,114.0
2025,512,TOL,AAA,116.0
2025,1410,LHV,AAA,143.0
2025,451,IOW,AAA,112.0
2025,2310,RNO,AAA,109.0
2025,400,LV,AAA,133.0
2025,529,TAC,AAA,136.0
2025,531,SWB,AAA,147.0
2025,533,WOR,AAA,111.0
2025,534,ROC,AAA,120.0
2025,342,ABQ,AAA,115.0
2025,541,OMA,AAA,118.0
2025,416,LOU,AAA,113.0
2025,484,IND,AAA,134.0
2025,422,BUF,AAA,141.0
2025,102,RR,AAA,140.0
2025,4904,ELP,AAA,135.0
2025,1960,STP,AAA,142.0
2025,552,SYR,AAA,121.0
2025,105,SAC,AAA,137.0
2025,234,DUR,AAA,139.0
2025,235,MEM,AAA,138.0
2025,556,NAS,AAA,158.0
2025,494,CLT,AAA,145.0
2025,238,OKC,AAA,119.0
2025,431,GWN,AAA,144.0
2025,561,SL,AAA,108.0
2025,564,JAX,AAA,146.0
2025,568,NOR,AAA,110.0
2025,5434,SUG,AAA,117.0
2025,445,COL,AAA,114.0
2025,452,ALT,AA,134.0
2025,260,TUL,AA,119.0
2025,1350,NWA,AA,118.0
2025,522,REA,AA,143.0
2025,463,NH,AA,141.0
2025,3410,RIC,AA,137.0
2025,402,AKR,AA,114.0
2025,5015,BLX,AA,158.0
2025,538,HFD,AA,115.0
2025,4124,PNS,AA,146.0
2025,540,FRI,AA,140.0
2025,546,POR,AA,111.0
2025,482,CC,AA,117.0
2025,418,CHE,AA,110.0
2025,547,HBG,AA,120.0
2025,1956,SOM,AA,147.0
2025,421,MTG,AA,139.0
2025,553,KNX,AA,112.0
2025,106,ERI,AA,116.0
2025,237,MID,AA,133.0
2025,559,RCT,AA,108.0
2025,498,CHA,AA,113.0
2025,6325,COL,AA,144.0
2025,247,BIR,AA,145.0
2025,5368,AMA,AA,109.0
2025,440,SPR,AA,138.0
2025,505,BNG,AA,121.0
2025,3898,WCH,AA,142.0
2025,574,ARK,AA,136.0
2025,510,SA,AA,135.0
2025,2498,BG,A+,139.0
2025,580,WS,A+,145.0
2025,453,BRK,A+,121.0
2025,582,WM,A+,116.0
2025,584,FW,A+,135.0
2025,456,GL,A+,119.0
2025,459,DAY,A+,113.0
2025,460,TRI,A+,108.0
2025,461,EUG,A+,137.0
2025,403,EVE,A+,136.0
2025,537,HV,A+,147.0
2025,477,GBO,A+,134.0
2025,419,HIL,A+,109.0
2025,550,SB,A+,112.0
2025,486,SPO,A+,115.0
2025,488,ABD,A+,110.0
2025,554,BEL,A+,146.0
2025,426,WIL,A+,120.0
2025,427,JS,A+,143.0
2025,492,CR,A+,142.0
2025,428,GVL,A+,111.0
2025,432,ROM,A+,144.0
2025,499,LAN,A+,133.0
2025,435,VAN,A+,141.0
2025,6324,HCS,A+,140.0
2025,565,QC,A+,118.0
2025,437,LC,A+,114.0
2025,443,PEO,A+,138.0
2025,572,WIS,A+,158.0
2025,573,ASH,A+,117.0
2025,3712,FAY,A,117.0
2025,448,HIC,A,140.0
2025,450,DBT,A,113.0
2025,515,MOD,A,136.0
2025,259,FRE,A,115.0
2025,516,VIS,A,109.0
2025,521,MB,A,112.0
2025,587,TAM,A,147.0
2025,524,STK,A,133.0
2025,526,RC,A,119.0
2025,401,IE,A,108.0
2025,279,PMB,A,138.0
2025,476,SJ,A,137.0
2025,478,AUG,A,144.0
2025,414,SAL,A,111.0
2025,479,JUP,A,146.0
2025,481,HC,A,114.0
2025,548,DEL,A,110.0
2025,487,KAN,A,145.0
2025,103,LE,A,135.0
2025,424,DUN,A,141.0
2025,233,CHS,A,139.0
2025,436,FBG,A,120.0
2025,566,CLR,A,143.0
2025,3705,COL,A,118.0
2025,249,CAR,A,158.0
2025,570,LAK,A,116.0
2025,507,SLU,A,121.0
2025,509,FTM,A,142.0
2025,3390,BRD,A,134.0
2025,5506,D-CLG,RK,114.0
2025,5005,D-ASO,RK,117.0
2025,404,A-ANG,RK,108.0
2025,406,A-BRW,RK,158.0
2025,407,A-CUB,RK,112.0
2025,408,A-GIA,RK,137.0
2025,409,A-MRN,RK,136.0
2025,410,A-PAD,RK,135.0
2025,411,A-RAN,RK,140.0
2025,412,A-ROY,RK,118.0
2025,5426,A-ATH,RK,133.0
2025,5427,A-DOD,RK,119.0
2025,4404,D-PIG,RK,134.0
2025,2101,D-BWG,RK,158.0
2025,3130,D-ORO,RK,110.0
2025,2117,D-MEO,RK,121.0
2025,1991,A-DBA,RK,109.0
2025,2122,D-PAG,RK,135.0
2025,1994,A-RCK,RK,115.0
2025,1610,D-BJR,RK,141.0
2025,1611,D-RAY,RK,139.0
2025,1997,A-WSX,RK,145.0
2025,1998,F-AST,RK,117.0
2025,2127,D-MIA,RK,146.0
2025,2128,D-ROF,RK,118.0
2025,464,F-BRV,RK,144.0
2025,466,F-NAT,RK,120.0
2025,2131,D-COL,RK,115.0
2025,2003,F-RAY,RK,139.0
2025,467,F-MRL,RK,146.0
2025,2132,D-TI2,RK,116.0
2025,468,F-MET,RK,121.0
2025,469,F-PHI,RK,143.0
2025,2134,D-GIB,RK,137.0
2025,470,F-PIR,RK,134.0
2025,599,F-ORI,RK,110.0
2025,471,F-RSX,RK,111.0
2025,600,D-ANG,RK,108.0
2025,601,D-ASB,RK,117.0
2025,473,F-TIG,RK,116.0
2025,1370,F-CAR,RK,138.0
2025,602,D-ATH,RK,133.0
2025,474,F-TWI,RK,142.0
2025,475,F-YAN,RK,147.0
2025,604,D-BJB,RK,141.0
2025,5085,D-PHW,RK,143.0
2025,605,D-BRV,RK,144.0
2025,5086,D-TAM,RK,139.0
2025,2270,D-CUR,RK,112.0
2025,5087,D-ARR,RK,109.0
2025,607,D-BWB,RK,158.0
2025,608,D-CAR,RK,138.0
2025,609,D-CUB,RK,112.0
2025,610,D-ARB,RK,109.0
2025,611,D-LAB,RK,119.0
2025,612,D-LAM,RK,119.0
2025,3430,A-RED,RK,113.0
2025,615,D-GIO,RK,137.0
2025,616,D-CLM,RK,114.0
2025,618,D-MRN,RK,136.0
2025,619,D-MRL,RK,146.0
2025,2412,D-ROJ,RK,113.0
2025,620,D-MEB,RK,121.0
2025,2413,D-RNR,RK,140.0
2025,621,D-ORB,RK,110.0
2025,1390,F-BLU,RK,141.0
2025,622,D-PAB,RK,135.0
2025,623,D-PHR,RK,143.0
2025,624,D-PIB,RK,134.0
2025,625,D-RNB,RK,140.0
2025,626,D-RSB,RK,111.0
2025,627,D-RSR,RK,111.0
2025,628,D-RED,RK,113.0
2025,629,D-RCK,RK,115.0
2025,1270,D-NAT,RK,120.0
2025,630,D-ROV,RK,118.0
2025,631,D-TI1,RK,116.0
2025,632,D-TWI,RK,142.0
2025,633,D-WSX,RK,145.0
2025,634,D-NYB,RK,147.0
2025,635,D-NYY,RK,147.0
2025,5374,A-GUA,RK,114.0
2026,512,TOL,AAA,116.0
2026,1410,LHV,AAA,143.0
2026,451,IOW,AAA,112.0
2026,2310,RNO,AAA,109.0
2026,400,LV,AAA,133.0
2026,529,TAC,AAA,136.0
2026,531,SWB,AAA,147.0
2026,533,WOR,AAA,111.0
2026,534,ROC,AAA,120.0
2026,342,ABQ,AAA,115.0
2026,541,OMA,AAA,118.0
2026,416,LOU,AAA,113.0
2026,484,IND,AAA,134.0
2026,422,BUF,AAA,141.0
2026,102,RR,AAA,140.0
2026,4904,ELP,AAA,135.0
2026,1960,STP,AAA,142.0
2026,552,SYR,AAA,121.0
2026,105,SAC,AAA,137.0
2026,234,DUR,AAA,139.0
2026,235,MEM,AAA,138.0
2026,556,NAS,AAA,158.0
2026,494,CLT,AAA,145.0
2026,238,OKC,AAA,119.0
2026,431,GWN,AAA,144.0
2026,561,SL,AAA,108.0
2026,564,JAX,AAA,146.0
2026,568,NOR,AAA,110.0
2026,5434,SUG,AAA,117.0
2026,445,COL,AAA,114.0
2026,452,ALT,AA,134.0
2026,260,TUL,AA,119.0
2026,1350,NWA,AA,118.0
2026,522,REA,AA,143.0
2026,463,NH,AA,141.0
2026,3410,RIC,AA,137.0
2026,402,AKR,AA,114.0
2026,5015,BLX,AA,158.0
2026,538,HFD,AA,115.0
2026,4124,PNS,AA,146.0
2026,540,FRI,AA,140.0
2026,546,POR,AA,111.0
2026,482,CC,AA,117.0
2026,418,CHE,AA,110.0
2026,547,HBG,AA,120.0
2026,1956,SOM,AA,147.0
2026,421,MTG,AA,139.0
2026,553,KNX,AA,112.0
2026,106,ERI,AA,116.0
2026,237,MID,AA,133.0
2026,559,RCT,AA,108.0
2026,498,CHA,AA,113.0
2026,6325,COL,AA,144.0
2026,247,BIR,AA,145.0
2026,5368,AMA,AA,109.0
2026,440,SPR,AA,138.0
2026,505,BNG,AA,121.0
2026,3898,WCH,AA,142.0
2026,574,ARK,AA,136.0
2026,510,SA,AA,135.0
2026,2498,BG,A+,139.0
2026,580,WS,A+,145.0
2026,453,BRK,A+,121.0
2026,582,WM,A+,116.0
2026,584,FW,A+,135.0
2026,456,GL,A+,119.0
2026,459,DAY,A+,113.0
2026,460,TRI,A+,108.0
2026,461,EUG,A+,137.0
2026,403,EVE,A+,136.0
2026,537,HV,A+,147.0
2026,477,GBO,A+,134.0
2026,419,HIL,A+,109.0
2026,550,SB,A+,112.0
2026,486,SPO,A+,115.0
2026,554,BEL,A+,146.0
2026,426,WIL,A+,120.0
2026,427,JS,A+,143.0
2026,492,CR,A+,142.0
2026,428,GVL,A+,111.0
2026,493,FRE,A+,110.0
2026,432,ROM,A+,144.0
2026,499,LAN,A+,133.0
2026,435,VAN,A+,141.0
2026,6324,HCS,A+,140.0
2026,565,QC,A+,118.0
2026,437,LC,A+,114.0
2026,443,PEO,A+,138.0
2026,572,WIS,A+,158.0
2026,573,ASH,A+,117.0
2026,3712,FAY,A,117.0
2026,448,HIC,A,140.0
2026,450,DBT,A,113.0
2026,259,FRE,A,115.0
2026,516,VIS,A,109.0
2026,521,MB,A,112.0
2026,587,TAM,A,147.0
2026,524,STK,A,133.0
2026,526,RC,A,108.0
2026,401,IE,A,136.0
2026,6482,ONT,A,119.0
2026,279,PMB,A,138.0
2026,476,SJ,A,137.0
2026,478,AUG,A,144.0
2026,414,SAL,A,111.0
2026,479,JUP,A,146.0
2026,481,HC,A,114.0
2026,548,DEL,A,110.0
2026,487,KAN,A,145.0
2026,103,LE,A,135.0
2026,424,DUN,A,141.0
2026,233,CHS,A,139.0
2026,436,FBG,A,120.0
2026,566,CLR,A,143.0
2026,3705,COL,A,118.0
2026,249,WIL,A,158.0
2026,570,LAK,A,116.0
2026,507,SLU,A,121.0
2026,509,FTM,A,142.0
2026,3390,BRD,A,134.0
2026,5506,D-CLG,RK,114.0
2026,5005,D-ASO,RK,117.0
2026,404,A-ANG,RK,108.0
2026,406,A-BRW,RK,158.0
2026,407,A-CUB,RK,112.0
2026,408,A-GIA,RK,137.0
2026,409,A-MRN,RK,136.0
2026,410,A-PAD,RK,135.0
2026,411,A-RAN,RK,140.0
2026,412,A-ROY,RK,118.0
2026,5426,A-ATH,RK,133.0
2026,5427,A-DOD,RK,119.0
2026,4404,D-PIG,RK,134.0
2026,2101,D-BWG,RK,158.0
2026,3130,D-ORO,RK,110.0
2026,2117,D-MEO,RK,121.0
2026,1991,A-DBA,RK,109.0
2026,2122,D-PAG,RK,135.0
2026,1994,A-RCK,RK,115.0
2026,1610,D-BJR,RK,141.0
2026,1611,D-RAY,RK,139.0
2026,1997,A-WSX,RK,145.0
2026,1998,F-AST,RK,117.0
2026,2127,D-MIA,RK,146.0
2026,2128,D-ROF,RK,118.0
2026,464,F-BRV,RK,144.0
2026,466,F-NAT,RK,120.0
2026,2131,D-COL,RK,115.0
2026,2003,F-RAY,RK,139.0
2026,467,F-MRL,RK,146.0
2026,2132,D-TI2,RK,116.0
2026,468,F-MET,RK,121.0
2026,469,F-PHI,RK,143.0
2026,2134,D-GIB,RK,137.0
2026,470,F-PIR,RK,134.0
2026,599,F-ORI,RK,110.0
2026,471,F-RSX,RK,111.0
2026,600,D-ANG,RK,108.0
2026,601,D-ASB,RK,117.0
2026,473,F-TIG,RK,116.0
2026,1370,F-CAR,RK,138.0
2026,602,D-ATH,RK,133.0
2026,474,F-TWI,RK,142.0
2026,475,F-YAN,RK,147.0
2026,604,D-BJB,RK,141.0
2026,605,D-BRV,RK,144.0
2026,5086,D-TAM,RK,139.0
2026,2270,D-CUR,RK,112.0
2026,5087,D-ARR,RK,109.0
2026,607,D-BWB,RK,158.0
2026,608,D-CAR,RK,138.0
2026,609,D-CUB,RK,112.0
2026,610,D-ARB,RK,109.0
2026,611,D-LAB,RK,119.0
2026,612,D-LAM,RK,119.0
2026,3430,A-RED,RK,113.0
2026,615,D-GIO,RK,137.0
2026,616,D-CLM,RK,114.0
2026,618,D-MRN,RK,136.0
2026,619,D-MRL,RK,146.0
2026,2412,D-ROJ,RK,113.0
2026,620,D-MEB,RK,121.0
2026,2413,D-RNR,RK,140.0
2026,621,D-ORB,RK,110.0
2026,1390,F-BLU,RK,141.0
2026,622,D-PAB,RK,135.0
2026,623,D-PHI,RK,143.0
2026,624,D-PIB,RK,134.0
2026,625,D-RNB,RK,140.0
2026,626,D-RSB,RK,111.0
2026,627,D-RSR,RK,111.0
2026,628,D-RED,RK,113.0
2026,629,D-RCK,RK,115.0
2026,1270,D-NAT,RK,120.0
2026,630,D-ROV,RK,118.0
2026,631,D-TI1,RK,116.0
2026,632,D-TWI,RK,142.0
2026,633,D-WSX,RK,145.0
2026,634,D-NYB,RK,147.0
2026,635,D-NYY,RK,147.0
2026,5374,A-GUA,RK,114.0
