{
  "model": "C:\\Users\\arisp\\Documents\\Research\\Surviving_the_show\\models\\joint_xgb_v2.0b_oof.pkl",
  "val_long": "C:\\Users\\arisp\\Documents\\Research\\Surviving_the_show\\results\\training\\v2.0b_oof_val_long.csv",
  "eval_horizon": 6,
  "weighted_ap": 0.4642958125322011,
  "per_event": [
    {
      "event": "TOP_100_PROSPECT",
      "ap": 0.4777030982301975,
      "auc": 0.9845447279112125,
      "ap_lift": 63.770875576761426
    },
    {
      "event": "MLB_DEBUT",
      "ap": 0.6530342878002671,
      "auc": 0.9526030740350026,
      "ap_lift": 11.156470618978222
    },
    {
      "event": "ESTABLISHED_MLB",
      "ap": 0.4026377161820962,
      "auc": 0.9718185184995336,
      "ap_lift": 28.243722841099544
    },
    {
      "event": "STAR_PLUS_ELITE",
      "ap": 0.13506967264817754,
      "auc": 0.969810820720053,
      "ap_lift": 44.70113499666738
    }
  ]
}