{
  "model": "C:\\Users\\arisp\\Documents\\Research\\Surviving_the_show\\models\\joint_xgb_v2.0b_prod.pkl",
  "val_long": "C:\\Users\\arisp\\Documents\\Research\\Surviving_the_show\\scratch\\v20b_oof\\val_long_tuned_hazards.csv",
  "weighted_ap": 0.4039313060277977,
  "per_event": [
    {
      "event": "TOP_100_PROSPECT",
      "ap": 0.41994784885726255,
      "auc": 0.9760411514935643,
      "ap_lift": 62.3786882972153
    },
    {
      "event": "MLB_DEBUT",
      "ap": 0.5340360125260479,
      "auc": 0.9359789282840677,
      "ap_lift": 10.524819640109806
    },
    {
      "event": "ESTABLISHED_MLB",
      "ap": 0.3594809319549973,
      "auc": 0.9748923598064441,
      "ap_lift": 32.1478662005469
    },
    {
      "event": "STAR_PLUS_ELITE",
      "ap": 0.17215572427463266,
      "auc": 0.9694981540423735,
      "ap_lift": 48.189606396549614
    }
  ]
}