yip,threshold,n_above,tp_above,precision,recall,n_total,n_pos_total
0,0.407949,308,185,0.600649,0.457921,3543,404
1,0.448057,286,172,0.601399,0.456233,3516,377
2,0.450518,296,178,0.601351,0.520468,3481,342
3,0.465927,208,125,0.600962,0.494071,3392,253
4,0.431081,126,76,0.603175,0.447059,3309,170
5,0.628796,28,17,0.607143,0.188889,3229,90
6,0.409151,26,16,0.615385,0.290909,3187,55
7,0.527508,1,1,1,0.0344828,2976,29
9,0.148669,5,3,0.6,0.375,2602,8
10,0.29566,1,1,1,0.333333,2417,3
