event,cur_level,mean_fwd_years,n,pos,base_rate,pred_mean,auc,auc_lo,auc_hi,ap,ap_lift,brier,brier_skill,ece,spiegelhalter_p,lift@1%,recall@1%,k@1%,lift@5%,recall@5%,k@5%,lift@10%,recall@10%,k@10%
MLB_DEBUT,ALL,11.6886,26042,1842,0.0707319,0.0715762,0.943279,0.937976,0.947927,0.68379,9.66735,0.0367706,0.440571,0.00290311,0.429769,14.0835,0.140608,260,10.0659,0.503257,1302,7.19925,0.71987,2604
MLB_DEBUT,RK,12.5971,3775,258,0.0683444,0.0750848,0.905561,0.885672,0.922936,0.551403,8.06801,0.0430314,0.324185,0.0103458,0.0312197,13.0916,0.131783,38,8.82552,0.44186,189,6.54172,0.655039,378
MLB_DEBUT,A-,12.8038,989,139,0.140546,0.14281,0.847033,0.817538,0.88247,0.541648,3.85389,0.08942,0.259724,0.02107,0.776096,6.4036,0.0647482,10,5.22743,0.258993,49,4.16845,0.417266,99
MLB_DEBUT,A,12.6395,1376,271,0.196948,0.192692,0.863367,0.841892,0.889132,0.678301,3.44407,0.104018,0.342321,0.0272361,0.536389,5.07749,0.0516605,14,4.85673,0.243542,69,3.86331,0.387454,138
MLB_DEBUT,A+,12.654,1373,280,0.203933,0.208615,0.846569,0.81514,0.87137,0.700544,3.43517,0.104531,0.356113,0.0434319,0.507469,4.90357,0.05,14,4.47717,0.225,69,4.04455,0.403571,137
MLB_DEBUT,AA,12.5183,1260,400,0.31746,0.292978,0.863799,0.841305,0.885865,0.801448,2.52456,0.130023,0.399928,0.0436846,0.00161422,3.15,0.0325,13,3.15,0.1575,63,3.1,0.31,126
MLB_DEBUT,AAA,12.4926,1486,307,0.206595,0.172478,0.902559,0.881025,0.91845,0.749284,3.62683,0.0958747,0.41509,0.035655,1.15171e-07,4.84039,0.0488599,15,4.64416,0.23127,74,4.06073,0.407166,149
MLB_DEBUT,NONE,11.0926,15783,187,0.0118482,0.0166176,0.937514,0.917544,0.953102,0.572239,48.2976,0.00720724,0.384408,0.00596682,1.2738e-07,50.7475,0.508021,158,14.3343,0.716578,789,7.91594,0.791444,1578
