event,cur_level,mean_fwd_years,n,pos,base_rate,pred_mean,auc,auc_lo,auc_hi,ap,ap_lift,brier,brier_skill,ece,spiegelhalter_p,lift@1%,recall@1%,k@1%,lift@5%,recall@5%,k@5%,lift@10%,recall@10%,k@10%
MLB_DEBUT,ALL,9.61049,34086,1842,0.0540398,0.0549339,0.950143,0.946082,0.954101,0.663664,12.281,0.029135,0.43006,0.00325159,0.288798,18.0165,0.180239,341,11.4461,0.572204,1704,7.75153,0.775244,3409
MLB_DEBUT,RK,12.2333,3931,258,0.0656322,0.0692335,0.907313,0.885772,0.926765,0.557183,8.48948,0.0412638,0.327124,0.00863232,0.229325,13.6737,0.135659,39,8.66234,0.434109,197,6.47452,0.647287,393
MLB_DEBUT,A-,12.8038,989,139,0.140546,0.139615,0.848684,0.816813,0.879144,0.549873,3.91241,0.0885398,0.267011,0.0187708,0.907275,6.4036,0.0647482,10,5.22743,0.258993,49,4.09658,0.410072,99
MLB_DEBUT,A,11.7092,1527,271,0.177472,0.176652,0.879419,0.851839,0.905134,0.67732,3.81648,0.0941314,0.355157,0.0228206,0.896625,5.63469,0.0553506,15,5.18984,0.258303,76,4.12474,0.413284,153
MLB_DEBUT,A+,11.5917,1538,280,0.182055,0.189484,0.852294,0.821232,0.873877,0.686697,3.77193,0.0961132,0.354558,0.0353411,0.258005,5.49286,0.0535714,15,5.13618,0.257143,77,4.45849,0.446429,154
MLB_DEBUT,AA,11.0939,1469,400,0.272294,0.25312,0.873356,0.849056,0.895103,0.786606,2.88881,0.116034,0.414412,0.0430904,0.00668083,3.6725,0.0375,15,3.6725,0.1825,73,3.5226,0.3525,147
MLB_DEBUT,AAA,11.3193,1685,307,0.182196,0.153459,0.891097,0.870085,0.910115,0.70829,3.88752,0.0917659,0.384123,0.0323195,2.21456e-06,5.4886,0.0553746,17,5.03122,0.250814,84,4.2798,0.42671,168
MLB_DEBUT,NONE,8.53066,22947,187,0.00814921,0.0117947,0.939767,0.921298,0.955036,0.490011,60.1299,0.00552063,0.316991,0.00406315,1.33754e-08,49.2988,0.491979,229,14.4429,0.721925,1147,7.96687,0.796791,2295
