event,cur_level,mean_fwd_years,n,pos,base_rate,pred_mean,auc,auc_lo,auc_hi,ap,ap_lift,brier,brier_skill,ece,spiegelhalter_p,lift@1%,recall@1%,k@1%,lift@5%,recall@5%,k@5%,lift@10%,recall@10%,k@10%
MLB_DEBUT,ALL,9.62155,34430,1747,0.0507406,0.0541094,0.937142,0.931781,0.94204,0.565062,11.1363,0.0317698,0.340411,0.00681361,8.84142e-05,17.2446,0.172295,344,10.6437,0.532341,1722,7.33257,0.733257,3443
MLB_DEBUT,RK,12.2325,3932,242,0.0615463,0.0653213,0.901246,0.878926,0.921027,0.539339,8.76314,0.0397071,0.31253,0.0102363,0.201653,14.1649,0.140496,39,9.15493,0.458678,197,6.65628,0.665289,393
MLB_DEBUT,A-,12.8038,989,126,0.127401,0.133536,0.835384,0.804797,0.868872,0.48679,3.82092,0.0864051,0.222768,0.0134896,0.431587,6.27937,0.0634921,10,4.64545,0.230159,49,4.04353,0.404762,99
MLB_DEBUT,A,11.7101,1528,256,0.167539,0.172068,0.858457,0.834421,0.881264,0.615104,3.6714,0.0982026,0.295887,0.0248494,0.475277,5.96875,0.0585938,15,5.02632,0.25,76,3.97917,0.398438,153
MLB_DEBUT,A+,11.5873,1541,260,0.168722,0.177173,0.820996,0.793764,0.85085,0.586483,3.47604,0.103724,0.260456,0.043777,0.20599,5.92692,0.0576923,15,4.61838,0.230769,77,4.0026,0.4,154
MLB_DEBUT,AA,11.1001,1478,376,0.254398,0.242358,0.83939,0.819174,0.861888,0.709609,2.78937,0.12982,0.315583,0.0616622,0.0981417,3.93085,0.0398936,15,3.93085,0.196809,74,3.3731,0.337766,148
MLB_DEBUT,AAA,11.333,1865,296,0.158713,0.147996,0.833803,0.809122,0.857823,0.537979,3.38963,0.103723,0.223182,0.0443299,0.0760802,6.30068,0.0641892,19,4.1327,0.206081,93,3.69233,0.368243,186
MLB_DEBUT,NONE,8.53868,23097,191,0.00826947,0.0131582,0.928418,0.906595,0.946554,0.337234,40.7806,0.00679912,0.170949,0.0049763,2.48024e-13,40.8324,0.408377,231,13.2967,0.664921,1155,7.85238,0.78534,2310
