event,cur_level,mean_fwd_years,n,pos,base_rate,pred_mean,auc,auc_lo,auc_hi,ap,ap_lift,brier,brier_skill,ece,spiegelhalter_p,lift@1%,recall@1%,k@1%,lift@5%,recall@5%,k@5%,lift@10%,recall@10%,k@10%
MLB_DEBUT,ALL,9.62155,34430,1747,0.0507406,0.0538674,0.937263,0.93178,0.942113,0.563967,11.1147,0.0317811,0.340175,0.00592879,0.000275037,17.3591,0.17344,344,10.5178,0.526045,1722,7.32685,0.732685,3443
MLB_DEBUT,RK,12.2325,3932,242,0.0615463,0.0657777,0.899786,0.877228,0.919398,0.53752,8.7336,0.0398703,0.309705,0.0100625,0.15356,13.7483,0.136364,39,8.82502,0.442149,197,6.65628,0.665289,393
MLB_DEBUT,A-,12.8038,989,126,0.127401,0.133437,0.834317,0.806055,0.868489,0.483277,3.79334,0.0865603,0.221372,0.0160791,0.43982,6.27937,0.0634921,10,4.80564,0.238095,49,4.2021,0.420635,99
MLB_DEBUT,A,11.7101,1528,256,0.167539,0.170938,0.857474,0.832794,0.87955,0.615505,3.67379,0.0979582,0.297639,0.0252576,0.591984,5.96875,0.0585938,15,4.94778,0.246094,76,4.05719,0.40625,153
MLB_DEBUT,A+,11.5873,1541,260,0.168722,0.176464,0.820144,0.792559,0.849728,0.585846,3.47226,0.103564,0.261602,0.0381148,0.244467,5.92692,0.0576923,15,4.77233,0.238462,77,4.0026,0.4,154
MLB_DEBUT,AA,11.1001,1478,376,0.254398,0.243587,0.8375,0.817149,0.85914,0.705161,2.77188,0.130739,0.310739,0.0540425,0.137363,3.93085,0.0398936,15,3.87773,0.194149,74,3.39965,0.340426,148
MLB_DEBUT,AAA,11.333,1865,296,0.158713,0.147222,0.836865,0.814759,0.860189,0.541704,3.4131,0.103472,0.225061,0.0464408,0.0574538,6.30068,0.0641892,19,4.5392,0.226351,93,3.72621,0.371622,186
MLB_DEBUT,NONE,8.53868,23097,191,0.00826947,0.0128298,0.929134,0.907303,0.947156,0.332648,40.226,0.00676999,0.174501,0.00477363,8.84048e-12,40.8324,0.408377,231,13.2967,0.664921,1155,8.00943,0.801047,2310
