event,cur_level,n,pos,base_pct,au_pr,lift@5,rate@5,lift@10,rate@10
MLB_DEBUT,NONE,23037,169,0.7336024655988193,0.32194455721658494,14.554317677514792,10.677083333333332,8.578764484714004,6.293402777777778
MLB_DEBUT,RK,3928,240,6.109979633401222,0.579358410321543,9.853401360544218,60.204081632653065,6.746564885496183,41.221374045801525
MLB_DEBUT,A-,987,125,12.664640324214794,0.5318821086547671,5.317714285714285,67.3469387755102,4.546181818181818,57.57575757575758
MLB_DEBUT,A,1503,237,15.768463073852296,0.6299766507593356,5.2425316455696205,82.66666666666667,4.227848101265822,66.66666666666666
MLB_DEBUT,A+,1510,241,15.960264900662253,0.6376673963150781,5.111378030137584,81.57894736842105,4.522821576763485,72.18543046357617
MLB_DEBUT,AA,1390,306,22.014388489208635,0.6801455573515258,4.34780578898226,95.71428571428572,3.5294117647058827,77.6978417266187
MLB_DEBUT,AAA,1809,264,14.593698175787729,0.6429574668602447,5.405681818181818,78.88888888888889,4.164364640883978,60.773480662983424
