season,abbrev,name,parent_org
1920,CUB,Cuban Stars West,Office of the Commissioner
1920,DAY,Dayton Marcos,Office of the Commissioner
1920,DTS,Detroit Stars,Office of the Commissioner
1920,SLG,St. Louis Giants,Office of the Commissioner
1920,ABC,Indianapolis ABC's,Office of the Commissioner
1920,KCM,Kansas City Monarchs,Office of the Commissioner
1920,CAG,Chicago American Giants,Office of the Commissioner
1920,CHG,Chicago Giants,Office of the Commissioner
1921,COL,Columbus Buckeyes,Office of the Commissioner
1921,CUB,Cincinnati Cuban Stars,Office of the Commissioner
1921,DAY,Dayton Marcos,Office of the Commissioner
1921,DTS,Detroit Stars,Office of the Commissioner
1921,SLG,St. Louis Giants,Office of the Commissioner
1921,ABC,Indianapolis ABC's,Office of the Commissioner
1921,KCM,Kansas City Monarchs,Office of the Commissioner
1921,CAG,Chicago American Giants,Office of the Commissioner
1921,CHG,Chicago Giants,Office of the Commissioner
1922,CTS,Cleveland Tate Stars,Office of the Commissioner
1922,PTK,Pittsburgh Keystones,Office of the Commissioner
1922,CUB,Cuban Stars West,Office of the Commissioner
1922,DAY,Dayton Marcos,Office of the Commissioner
1922,DTS,Detroit Stars,Office of the Commissioner
1922,SLS,St. Louis Stars,Office of the Commissioner
1922,ABC,Indianapolis ABC's,Office of the Commissioner
1922,KCM,Kansas City Monarchs,Office of the Commissioner
1922,CAG,Chicago American Giants,Office of the Commissioner
1923,CSE,Cuban Stars East,Office of the Commissioner
1923,SLS,St. Louis Stars,Office of the Commissioner
1923,TOL,Todelo Tigers,Office of the Commissioner
1923,BBS,Baltimore Black Sox,Office of the Commissioner
1923,BBB,Birmingham Black Barons,Office of the Commissioner
1923,BRG,Brooklyn Royal Giants,Office of the Commissioner
1923,CAG,Chicago American Giants,Office of the Commissioner
1923,CUB,Cuban Stars West,Office of the Commissioner
1923,DAY,Dayton Marcos,Office of the Commissioner
1923,DTS,Detroit Stars,Office of the Commissioner
1923,HIL,Hilldale Daisies,Office of the Commissioner
1923,ABC,Indianapolis ABC's,Office of the Commissioner
1923,KCM,Kansas City Monarchs,Office of the Commissioner
1923,MEM,Memphis Red Sox,Office of the Commissioner
1923,MIL,Milwaukee Bears,Office of the Commissioner
1923,NYL,New York Lincoln Giants,Office of the Commissioner
1923,BG,Atlantic City Bacharach Giants,Office of the Commissioner
1924,CSE,Cuban Stars East,Office of the Commissioner
1924,SLS,St. Louis Stars,Office of the Commissioner
1924,HBG,Harrisburg Giants,Office of the Commissioner
1924,WP,Washington Potomacs,Office of the Commissioner
1924,BBS,Baltimore Black Sox,Office of the Commissioner
1924,BBB,Birmingham Black Barons,Office of the Commissioner
1924,BRG,Brooklyn Royal Giants,Office of the Commissioner
1924,CAG,Chicago American Giants,Office of the Commissioner
1924,CLB,Cleveland Browns,Office of the Commissioner
1924,CUB,Cuban Stars West,Office of the Commissioner
1924,DAY,Dayton Marcos,Office of the Commissioner
1924,DTS,Detroit Stars,Office of the Commissioner
1924,HIL,Hilldale Daisies,Office of the Commissioner
1924,ABC,Indianapolis ABC's,Office of the Commissioner
1924,KCM,Kansas City Monarchs,Office of the Commissioner
1924,MEM,Memphis Red Sox,Office of the Commissioner
1924,NYL,New York Lincoln Giants,Office of the Commissioner
1924,BG,Atlantic City Bacharach Giants,Office of the Commissioner
1925,CSE,Cuban Stars East,Office of the Commissioner
1925,SLS,St. Louis Stars,Office of the Commissioner
1925,HBG,Harrisburg Giants,Office of the Commissioner
1925,WP,Wilmington Potomacs,Office of the Commissioner
1925,BBS,Baltimore Black Sox,Office of the Commissioner
1925,BBB,Birmingham Black Barons,Office of the Commissioner
1925,BRG,Brooklyn Royal Giants,Office of the Commissioner
1925,CAG,Chicago American Giants,Office of the Commissioner
1925,CUB,Cuban Stars West,Office of the Commissioner
1925,DAY,Dayton Marcos,Office of the Commissioner
1925,DTS,Detroit Stars,Office of the Commissioner
1925,HIL,Hilldale Daisies,Office of the Commissioner
1925,ABC,Indianapolis ABC's,Office of the Commissioner
1925,KCM,Kansas City Monarchs,Office of the Commissioner
1925,MEM,Memphis Red Sox,Office of the Commissioner
1925,NYL,New York Lincoln Giants,Office of the Commissioner
1925,BG,Atlantic City Bacharach Giants,Office of the Commissioner
1926,CSE,Cuban Stars East,Office of the Commissioner
1926,SLS,St. Louis Stars,Office of the Commissioner
1926,HBG,Harrisburg Giants,Office of the Commissioner
1926,NS,Newark Stars,Office of the Commissioner
1926,BBS,Baltimore Black Sox,Office of the Commissioner
1926,BBB,Birmingham Black Barons,Office of the Commissioner
1926,BRG,Brooklyn Royal Giants,Office of the Commissioner
1926,CAG,Chicago American Giants,Office of the Commissioner
1926,CLE,Cleveland Elites,Office of the Commissioner
1926,CUB,Cuban Stars West,Office of the Commissioner
1926,DAY,Dayton Marcos,Office of the Commissioner
1926,DTS,Detroit Stars,Office of the Commissioner
1926,HIL,Hilldale Daisies,Office of the Commissioner
1926,ABC,Indianapolis ABC's,Office of the Commissioner
1926,KCM,Kansas City Monarchs,Office of the Commissioner
1926,MEM,Memphis Red Sox,Office of the Commissioner
1926,NYL,New York Lincoln Giants,Office of the Commissioner
1926,BG,Atlantic City Bacharach Giants,Office of the Commissioner
1927,CSE,Cuban Stars East,Office of the Commissioner
1927,SLS,St. Louis Stars,Office of the Commissioner
1927,HBG,Harrisburg Giants,Office of the Commissioner
1927,BBS,Baltimore Black Sox,Office of the Commissioner
1927,BBB,Birmingham Black Barons,Office of the Commissioner
1927,BRG,Brooklyn Royal Giants,Office of the Commissioner
1927,CAG,Chicago American Giants,Office of the Commissioner
1927,CLH,Cleveland Hornets,Office of the Commissioner
1927,CUB,Cuban Stars West,Office of the Commissioner
1927,DTS,Detroit Stars,Office of the Commissioner
1927,HIL,Hilldale Daisies,Office of the Commissioner
1927,ABC,Indianapolis ABC's,Office of the Commissioner
1927,KCM,Kansas City Monarchs,Office of the Commissioner
1927,MEM,Memphis Red Sox,Office of the Commissioner
1927,NYL,New York Lincoln Giants,Office of the Commissioner
1927,BG,Atlantic City Bacharach Giants,Office of the Commissioner
1927,SYR,Syracuse Stars,St. Louis Cardinals
1928,CSE,Cuban Stars East,Office of the Commissioner
1928,CTG,Cleveland Tigers,Office of the Commissioner
1928,SLS,St. Louis Stars,Office of the Commissioner
1928,PTG,Philadelphia Tigers,Office of the Commissioner
1928,BBS,Baltimore Black Sox,Office of the Commissioner
1928,BBB,Birmingham Black Barons,Office of the Commissioner
1928,CAG,Chicago American Giants,Office of the Commissioner
1928,CUB,Cuban Stars West,Office of the Commissioner
1928,DTS,Detroit Stars,Office of the Commissioner
1928,HIL,Hilldale Daisies,Office of the Commissioner
1928,ABC,Indianapolis ABC's,Office of the Commissioner
1928,KCM,Kansas City Monarchs,Office of the Commissioner
1928,MEM,Memphis Red Sox,Office of the Commissioner
1928,NYL,New York Lincoln Giants,Office of the Commissioner
1928,BG,Atlantic City Bacharach Giants,Office of the Commissioner
1928,ROC,Rochester Red Wings,St. Louis Cardinals
1929,CSE,Cuban Stars East,Office of the Commissioner
1929,SLS,St. Louis Stars,Office of the Commissioner
1929,BBS,Baltimore Black Sox,Office of the Commissioner
1929,BBB,Birmingham Black Barons,Office of the Commissioner
1929,CAG,Chicago American Giants,Office of the Commissioner
1929,CUB,Cuban Stars West,Office of the Commissioner
1929,DTS,Detroit Stars,Office of the Commissioner
1929,HIL,Hilldale Daisies,Office of the Commissioner
1929,HOM,Homestead Grays,Office of the Commissioner
1929,ABC,Indianapolis ABC's,Office of the Commissioner
1929,KCM,Kansas City Monarchs,Office of the Commissioner
1929,MEM,Memphis Red Sox,Office of the Commissioner
1929,NYL,New York Lincoln Giants,Office of the Commissioner
1929,BG,Atlantic City Bacharach Giants,Office of the Commissioner
1929,ROC,Rochester Red Wings,St. Louis Cardinals
1930,SLS,St. Louis Stars,Office of the Commissioner
1930,NEG,Nashville Elite Giants,Office of the Commissioner
1930,BBB,Birmingham Black Barons,Office of the Commissioner
1930,CAG,Chicago American Giants,Office of the Commissioner
1930,CUB,Cuban Stars West,Office of the Commissioner
1930,DTS,Detroit Stars,Office of the Commissioner
1930,ABC,Indianapolis ABC's,Office of the Commissioner
1930,KCM,Kansas City Monarchs,Office of the Commissioner
1930,LBC,Louisville Black Caps,Office of the Commissioner
1930,MEM,Memphis Red Sox,Office of the Commissioner
1930,ROC,Rochester Red Wings,St. Louis Cardinals
1931,CCU,Cleveland Cubs,Office of the Commissioner
1931,DTS,Detroit Stars,Office of the Commissioner
1931,SLS,St. Louis Stars,Office of the Commissioner
1931,ABC,Indianapolis ABC's,Office of the Commissioner
1931,LWS,Louisville White Sox,Office of the Commissioner
1931,CAG,Chicago American Giants,Office of the Commissioner
1931,IND,Indianapolis ABC's,Office of the Commissioner
1931,ROC,Rochester Red Wings,St. Louis Cardinals
1932,COT,Columbus Turf Club,Office of the Commissioner
1932,CUP,Pollock's Cuban Stars,Office of the Commissioner
1932,LRG,Little Rock Grays,Office of the Commissioner
1932,WPI,Washington Pilots,Office of the Commissioner
1932,ATL,Atlanta Black Crackers,Office of the Commissioner
1932,BBS,Baltimore Black Sox,Office of the Commissioner
1932,NEG,Nashville Elite Giants,Office of the Commissioner
1932,BBB,Birmingham Black Barons,Office of the Commissioner
1932,CAG,Cole's American Giants,Office of the Commissioner
1932,CLS,Cleveland Stars,Office of the Commissioner
1932,DTW,Detroit Wolves,Office of the Commissioner
1932,HIL,Hilldale Daisies,Office of the Commissioner
1932,HOM,Homestead Grays,Office of the Commissioner
1932,ABC,Indianapolis ABC's,Office of the Commissioner
1932,LBC,Louisville Black Caps,Office of the Commissioner
1932,MEM,Memphis Red Sox,Office of the Commissioner
1932,MON,Monroe Monarchs,Office of the Commissioner
1932,MNT,Montgomery Grey Sox,Office of the Commissioner
1932,IND,Indianapolis ABC's,Office of the Commissioner
1932,NEW,Newark Browns,Office of the Commissioner
1932,ROC,Rochester Red Wings,St. Louis Cardinals
1932,POR,Portland Beavers,Philadelphia Athletics
1932,CHA,Chattanooga Lookouts,Washington Senators
1933,PC,Pittsburgh Crawfords,Office of the Commissioner
1933,SOX,Baltimore Sox,Office of the Commissioner
1933,NEG,Nashville Elite Giants,Office of the Commissioner
1933,BRG,Brooklyn Royal Giants,Office of the Commissioner
1933,CAG,Cole's American Giants,Office of the Commissioner
1933,CLG,Cleveland Giants,Office of the Commissioner
1933,DTS,Detroit Stars,Office of the Commissioner
1933,HOM,Homestead Grays,Office of the Commissioner
1933,ABC,Indianapolis ABC's,Office of the Commissioner
1933,IND,Indianapolis ABC's,Office of the Commissioner
1933,AKR,Akron Grays,Office of the Commissioner
1933,CBB,Columbus Blue Birds,Office of the Commissioner
1933,ROC,Rochester Red Wings,St. Louis Cardinals
1933,HBG,Harrisburg Senators,Boston Braves
1933,CHA,Chattanooga Lookouts,Washington Senators
1934,PC,Pittsburgh Crawfords,Office of the Commissioner
1934,ND,Newark Dodgers,Office of the Commissioner
1934,PBG,Philadelphia Bacharach Giants,Office of the Commissioner
1934,BBS,Baltimore Black Sox,Office of the Commissioner
1934,NEG,Nashville Elite Giants,Office of the Commissioner
1934,CAG,Cole's American Giants,Office of the Commissioner
1934,PHS,Philadelphia Stars,Office of the Commissioner
1934,CRS,Cleveland Red Sox,Office of the Commissioner
1934,SYR,Syracuse Chiefs,Boston Red Sox
1934,ROC,Rochester Red Wings,St. Louis Cardinals
1934,HBG,Harrisburg Senators,Boston Braves
1934,CHA,Chattanooga Lookouts,Washington Senators
1934,LR,Little Rock Travelers,Pittsburgh Pirates
1935,PC,Pittsburgh Crawfords,Office of the Commissioner
1935,ND,Newark Dodgers,Office of the Commissioner
1935,HOM,Homestead Grays,Office of the Commissioner
1935,BE,Brooklyn Eagles,Office of the Commissioner
1935,CEG,Columbus Elite Giants,Office of the Commissioner
1935,CAG,Cole's American Giants,Office of the Commissioner
1935,NYC,New York Cubans,Office of the Commissioner
1935,PHS,Philadelphia Stars,Office of the Commissioner
1935,SYR,Syracuse Chiefs,Boston Red Sox
1935,ROC,Rochester Red Wings,St. Louis Cardinals
1935,POR,Portland Beavers,Detroit Tigers
1935,HBG,Harrisburg Senators,Boston Braves
1935,KNO,Knoxville Smokies,Boston Red Sox
1935,CHA,Chattanooga Lookouts,Washington Senators
1935,BIR,Birmingham Barons,Pittsburgh Pirates
1936,PC,Pittsburgh Crawfords,Office of the Commissioner
1936,HOM,Homestead Grays,Office of the Commissioner
1936,NE,Newark Eagles,Office of the Commissioner
1936,WEG,Washington Elite Giants,Office of the Commissioner
1936,NBY,New York Black Yankees,Office of the Commissioner
1936,NYC,New York Cubans,Office of the Commissioner
1936,PHS,Philadelphia Stars,Office of the Commissioner
1936,SYR,Syracuse Chiefs,Boston Red Sox
1936,ROC,Rochester Red Wings,St. Louis Cardinals
1936,CHA,Chattanooga Lookouts,Washington Senators
1936,BIR,Birmingham Barons,Chicago Cubs
1936,KNO,Knoxville Smokies,Boston Bees
1936,LR,Little Rock Travelers,Boston Red Sox
1937,PC,Pittsburgh Crawfords,Office of the Commissioner
1937,DTS,Detroit Stars,Office of the Commissioner
1937,SLS,St. Louis Stars,Office of the Commissioner
1937,WEG,Washington Elite Giants,Office of the Commissioner
1937,BBB,Birmingham Black Barons,Office of the Commissioner
1937,CAG,Chicago American Giants,Office of the Commissioner
1937,CIN,Cincinnati Tigers,Office of the Commissioner
1937,HOM,Homestead Grays,Office of the Commissioner
1937,NE,Newark Eagles,Office of the Commissioner
1937,ATH,Indianapolis Athletics,Office of the Commissioner
1937,KCM,Kansas City Monarchs,Office of the Commissioner
1937,MEM,Memphis Red Sox,Office of the Commissioner
1937,NBY,New York Black Yankees,Office of the Commissioner
1937,NYC,New York Cubans,Office of the Commissioner
1937,PHS,Philadelphia Stars,Office of the Commissioner
1937,TOL,Toledo Mud Hens,Detroit Tigers
1937,SYR,Syracuse Chiefs,Cincinnati Reds
1937,ROC,Rochester Red Wings,St. Louis Cardinals
1937,CHA,Chattanooga Lookouts,Washington Senators
1937,BIR,Birmingham Barons,Chicago Cubs
1937,KNO,Knoxville Smokies,Brooklyn Dodgers
1937,LR,Little Rock Travelers,Boston Red Sox
1938,PC,Pittsburgh Crawfords,Office of the Commissioner
1938,WBS,Washington Black Senators,Office of the Commissioner
1938,ATL,Atlanta Black Crackers,Office of the Commissioner
1938,BEG,Baltimore Elite Giants,Office of the Commissioner
1938,BBB,Birmingham Black Barons,Office of the Commissioner
1938,CAG,Chicago American Giants,Office of the Commissioner
1938,ABC,Indianapolis ABC's,Office of the Commissioner
1938,HOM,Homestead Grays,Office of the Commissioner
1938,NE,Newark Eagles,Office of the Commissioner
1938,JRC,Jacksonville Red Caps,Office of the Commissioner
1938,KCM,Kansas City Monarchs,Office of the Commissioner
1938,MEM,Memphis Red Sox,Office of the Commissioner
1938,NBY,New York Black Yankees,Office of the Commissioner
1938,NYC,New York Cubans,Office of the Commissioner
1938,PHS,Philadelphia Stars,Office of the Commissioner
1938,TOL,Toledo Mud Hens,Detroit Tigers
1938,SYR,Syracuse Chiefs,Cincinnati Reds
1938,ROC,Rochester Red Wings,St. Louis Cardinals
1938,BIR,Birmingham Barons,Chicago Cubs
1938,KNO,Knoxville Smokies,Pittsburgh Pirates
1938,LR,Little Rock Travelers,Boston Red Sox
1939,TC,Toledo Crawfords,Office of the Commissioner
1939,ATL,Atlanta Black Crackers,Office of the Commissioner
1939,BEG,Baltimore Elite Giants,Office of the Commissioner
1939,BBB,Birmingham Black Barons,Office of the Commissioner
1939,CAG,Chicago American Giants,Office of the Commissioner
1939,SLS,St. Louis Stars,Office of the Commissioner
1939,HOM,Homestead Grays,Office of the Commissioner
1939,NE,Newark Eagles,Office of the Commissioner
1939,ABC,Indianapolis ABC's,Office of the Commissioner
1939,CBR,Cleveland Bears,Office of the Commissioner
1939,KCM,Kansas City Monarchs,Office of the Commissioner
1939,MEM,Memphis Red Sox,Office of the Commissioner
1939,NBY,New York Black Yankees,Office of the Commissioner
1939,NYC,New York Cubans,Office of the Commissioner
1939,PHS,Philadelphia Stars,Office of the Commissioner
1939,TOL,Toledo Mud Hens,Detroit Tigers
1939,IND,Indianapolis Indians,Cincinnati Reds
1939,BUF,Buffalo Bisons,Cleveland Indians
1939,ROC,Rochester Red Wings,St. Louis Cardinals
1939,KNO,Knoxville Smokies,Pittsburgh Pirates
1939,LR,Little Rock Travelers,Boston Red Sox
1940,TIC,Toledo-Indianapolis Crawfords,Office of the Commissioner
1940,ATL,Atlanta Black Crackers,Office of the Commissioner
1940,BEG,Baltimore Elite Giants,Office of the Commissioner
1940,BBB,Birmingham Black Barons,Office of the Commissioner
1940,CAG,Chicago American Giants,Office of the Commissioner
1940,TOL,Toledo Crawfords,Office of the Commissioner
1940,SNS,St. Louis-New Orleans Stars,Office of the Commissioner
1940,HOM,Homestead Grays,Office of the Commissioner
1940,NE,Newark Eagles,Office of the Commissioner
1940,CBR,Cleveland Bears,Office of the Commissioner
1940,KCM,Kansas City Monarchs,Office of the Commissioner
1940,MEM,Memphis Red Sox,Office of the Commissioner
1940,NBY,New York Black Yankees,Office of the Commissioner
1940,NYC,New York Cubans,Office of the Commissioner
1940,PHS,Philadelphia Stars,Office of the Commissioner
1940,TOL,Toledo Mud Hens,St. Louis Browns
1940,IND,Indianapolis Indians,Cincinnati Reds
1940,BUF,Buffalo Bisons,Detroit Tigers
1940,SYR,Syracuse Chiefs,Pittsburgh Pirates
1940,ROC,Rochester Red Wings,St. Louis Cardinals
1940,BIR,Birmingham Barons,Cincinnati Reds
1940,KNO,Knoxville Smokies,New York Giants
1940,LR,Little Rock Travelers,Boston Red Sox
1941,ATL,Atlanta Black Crackers,Office of the Commissioner
1941,BEG,Baltimore Elite Giants,Office of the Commissioner
1941,BBB,Birmingham Black Barons,Office of the Commissioner
1941,CAG,Chicago American Giants,Office of the Commissioner
1941,TOL,Toledo Crawfords,Office of the Commissioner
1941,SNS,St. Louis-New Orleans Stars,Office of the Commissioner
1941,HOM,Homestead Grays,Office of the Commissioner
1941,NE,Newark Eagles,Office of the Commissioner
1941,JRC,Jacksonville Red Caps,Office of the Commissioner
1941,KCM,Kansas City Monarchs,Office of the Commissioner
1941,MEM,Memphis Red Sox,Office of the Commissioner
1941,NBY,New York Black Yankees,Office of the Commissioner
1941,NYC,New York Cubans,Office of the Commissioner
1941,PHS,Philadelphia Stars,Office of the Commissioner
1941,TOL,Toledo Mud Hens,St. Louis Browns
1941,IND,Indianapolis Indians,Cincinnati Reds
1941,BUF,Buffalo Bisons,Detroit Tigers
1941,ROC,Rochester Red Wings,St. Louis Cardinals
1941,CHA,Chattanooga Lookouts,Washington Senators
1941,BIR,Birmingham Barons,Cincinnati Reds
1942,ATL,Atlanta Black Crackers,Office of the Commissioner
1942,BEG,Baltimore Elite Giants,Office of the Commissioner
1942,BBB,Birmingham Black Barons,Office of the Commissioner
1942,CAG,Chicago American Giants,Office of the Commissioner
1942,TOL,Toledo Crawfords,Office of the Commissioner
1942,HOM,Homestead Grays,Office of the Commissioner
1942,NE,Newark Eagles,Office of the Commissioner
1942,JRC,Jacksonville Red Caps,Office of the Commissioner
1942,KCM,Kansas City Monarchs,Office of the Commissioner
1942,CIB,Cincinnati Buckeyes,Office of the Commissioner
1942,MEM,Memphis Red Sox,Office of the Commissioner
1942,NBY,New York Black Yankees,Office of the Commissioner
1942,NYC,New York Cubans,Office of the Commissioner
1942,PHS,Philadelphia Stars,Office of the Commissioner
1942,TOL,Toledo Mud Hens,St. Louis Browns
1942,BUF,Buffalo Bisons,Detroit Tigers
1942,SYR,Syracuse Chiefs,Cincinnati Reds
1942,ROC,Rochester Red Wings,St. Louis Cardinals
1942,CHA,Chattanooga Lookouts,Washington Senators
1942,BIR,Birmingham Barons,Cincinnati Reds
1943,ATL,Atlanta Black Crackers,Office of the Commissioner
1943,BEG,Baltimore Elite Giants,Office of the Commissioner
1943,BBB,Birmingham Black Barons,Office of the Commissioner
1943,CAG,Chicago American Giants,Office of the Commissioner
1943,TOL,Toledo Crawfords,Office of the Commissioner
1943,HSL,Harrisburgh-St. Louis Stars,Office of the Commissioner
1943,HOM,Homestead Grays,Office of the Commissioner
1943,NE,Newark Eagles,Office of the Commissioner
1943,CC,Cincinnati Clowns,Office of the Commissioner
1943,KCM,Kansas City Monarchs,Office of the Commissioner
1943,CLB,Cleveland Buckeyes,Office of the Commissioner
1943,MEM,Memphis Red Sox,Office of the Commissioner
1943,NBY,New York Black Yankees,Office of the Commissioner
1943,NYC,New York Cubans,Office of the Commissioner
1943,PHS,Philadelphia Stars,Office of the Commissioner
1943,TOL,Toledo Mud Hens,St. Louis Browns
1943,BUF,Buffalo Bisons,Detroit Tigers
1943,SYR,Syracuse Chiefs,Cincinnati Reds
1943,ROC,Rochester Red Wings,St. Louis Cardinals
1943,CHA,Chattanooga Lookouts,Washington Senators
1943,BIR,Birmingham Barons,Cincinnati Reds
1944,ATL,Atlanta Black Crackers,Office of the Commissioner
1944,BEG,Baltimore Elite Giants,Office of the Commissioner
1944,BBB,Birmingham Black Barons,Office of the Commissioner
1944,CAG,Chicago American Giants,Office of the Commissioner
1944,TOL,Toledo Crawfords,Office of the Commissioner
1944,HOM,Homestead Grays,Office of the Commissioner
1944,NE,Newark Eagles,Office of the Commissioner
1944,CIC,Cincinnati-Indianapolis Clowns,Office of the Commissioner
1944,KCM,Kansas City Monarchs,Office of the Commissioner
1944,CLB,Cleveland Buckeyes,Office of the Commissioner
1944,MEM,Memphis Red Sox,Office of the Commissioner
1944,NBY,New York Black Yankees,Office of the Commissioner
1944,NYC,New York Cubans,Office of the Commissioner
1944,PHS,Philadelphia Stars,Office of the Commissioner
1944,TOL,Toledo Mud Hens,St. Louis Browns
1944,IND,Indianapolis Indians,Boston Braves
1944,BUF,Buffalo Bisons,Detroit Tigers
1944,SYR,Syracuse Chiefs,Cincinnati Reds
1944,ROC,Rochester Red Wings,St. Louis Cardinals
1944,CHA,Chattanooga Lookouts,Washington Senators
1944,BIR,Birmingham Barons,Cincinnati Reds
1944,LR,Little Rock Travelers,Chicago White Sox
1945,BEG,Baltimore Elite Giants,Office of the Commissioner
1945,BBB,Birmingham Black Barons,Office of the Commissioner
1945,CAG,Chicago American Giants,Office of the Commissioner
1945,TOL,Toledo Crawfords,Office of the Commissioner
1945,HOM,Homestead Grays,Office of the Commissioner
1945,NE,Newark Eagles,Office of the Commissioner
1945,CIC,Cincinnati-Indianapolis Clowns,Office of the Commissioner
1945,KCM,Kansas City Monarchs,Office of the Commissioner
1945,CLB,Cleveland Buckeyes,Office of the Commissioner
1945,MEM,Memphis Red Sox,Office of the Commissioner
1945,NBY,New York Black Yankees,Office of the Commissioner
1945,NYC,New York Cubans,Office of the Commissioner
1945,PHS,Philadelphia Stars,Office of the Commissioner
1945,TOL,Toledo Mud Hens,St. Louis Browns
1945,IND,Indianapolis Indians,Boston Braves
1945,BUF,Buffalo Bisons,Detroit Tigers
1945,SYR,Syracuse Chiefs,Cincinnati Reds
1945,ROC,Rochester Red Wings,St. Louis Cardinals
1945,CHA,Chattanooga Lookouts,Washington Senators
1945,LR,Little Rock Travelers,Chicago White Sox
1946,BEG,Baltimore Elite Giants,Office of the Commissioner
1946,BBB,Birmingham Black Barons,Office of the Commissioner
1946,CAG,Chicago American Giants,Office of the Commissioner
1946,TOL,Toledo Crawfords,Office of the Commissioner
1946,HOM,Homestead Grays,Office of the Commissioner
1946,NE,Newark Eagles,Office of the Commissioner
1946,CIC,Cincinnati-Indianapolis Clowns,Office of the Commissioner
1946,KCM,Kansas City Monarchs,Office of the Commissioner
1946,CLB,Cleveland Buckeyes,Office of the Commissioner
1946,MEM,Memphis Red Sox,Office of the Commissioner
1946,NBY,New York Black Yankees,Office of the Commissioner
1946,NYC,New York Cubans,Office of the Commissioner
1946,PHS,Philadelphia Stars,Office of the Commissioner
1946,TOL,Toledo Mud Hens,St. Louis Browns
1946,IND,Indianapolis Indians,Boston Braves
1946,BUF,Buffalo Bisons,Detroit Tigers
1946,SYR,Syracuse Chiefs,Cincinnati Reds
1946,MEX,Diablos Rojos del Mexico,Office of the Commissioner
1946,ROC,Rochester Red Wings,St. Louis Cardinals
1946,CHA,Chattanooga Lookouts,Washington Senators
1946,DAL,Dallas Rebels,Detroit Tigers
1946,BIR,Birmingham Barons,Pittsburgh Pirates
1946,LR,Little Rock Travelers,Chicago White Sox
1946,SA,San Antonio Missions,St. Louis Browns
1946,AUG,Augusta Tigers,New York Yankees
1946,SAV,Savannah Indians,Philadelphia Athletics
1947,BEG,Baltimore Elite Giants,Office of the Commissioner
1947,BBB,Birmingham Black Barons,Office of the Commissioner
1947,CAG,Chicago American Giants,Office of the Commissioner
1947,TOL,Toledo Crawfords,Office of the Commissioner
1947,HOM,Homestead Grays,Office of the Commissioner
1947,NE,Newark Eagles,Office of the Commissioner
1947,CIC,Cincinnati-Indianapolis Clowns,Office of the Commissioner
1947,KCM,Kansas City Monarchs,Office of the Commissioner
1947,CLB,Cleveland Buckeyes,Office of the Commissioner
1947,MEM,Memphis Red Sox,Office of the Commissioner
1947,NBY,New York Black Yankees,Office of the Commissioner
1947,NYC,New York Cubans,Office of the Commissioner
1947,PHS,Philadelphia Stars,Office of the Commissioner
1947,TOL,Toledo Mud Hens,St. Louis Browns
1947,IND,Indianapolis Indians,Pittsburgh Pirates
1947,BUF,Buffalo Bisons,Detroit Tigers
1947,SYR,Syracuse Chiefs,Cincinnati Reds
1947,MEX,Diablos Rojos del Mexico,Office of the Commissioner
1947,ROC,Rochester Red Wings,St. Louis Cardinals
1947,CHA,Chattanooga Lookouts,Washington Senators
1947,DAL,Dallas Rebels,Detroit Tigers
1947,BIR,Birmingham Barons,Philadelphia Athletics
1947,LR,Little Rock Travelers,Boston Braves
1947,SA,San Antonio Missions,St. Louis Browns
1947,AUG,Augusta Tigers,New York Yankees
1947,SAV,Savannah Indians,Philadelphia Athletics
1948,BEG,Baltimore Elite Giants,Office of the Commissioner
1948,BBB,Birmingham Black Barons,Office of the Commissioner
1948,CAG,Chicago American Giants,Office of the Commissioner
1948,TOL,Toledo Crawfords,Office of the Commissioner
1948,HOM,Homestead Grays,Office of the Commissioner
1948,NE,Newark Eagles,Office of the Commissioner
1948,IC,Indianapolis Clowns,Office of the Commissioner
1948,KCM,Kansas City Monarchs,Office of the Commissioner
1948,CLB,Cleveland Buckeyes,Office of the Commissioner
1948,MEM,Memphis Red Sox,Office of the Commissioner
1948,NBY,New York Black Yankees,Office of the Commissioner
1948,NYC,New York Cubans,Office of the Commissioner
1948,PHS,Philadelphia Stars,Office of the Commissioner
1948,TOL,Toledo Mud Hens,St. Louis Browns
1948,IND,Indianapolis Indians,Pittsburgh Pirates
1948,BUF,Buffalo Bisons,Detroit Tigers
1948,SYR,Syracuse Chiefs,Cincinnati Reds
1948,MEX,Diablos Rojos del Mexico,Office of the Commissioner
1948,ROC,Rochester Red Wings,St. Louis Cardinals
1948,CHA,Chattanooga Lookouts,Washington Senators
1948,BIR,Birmingham Barons,Boston Red Sox
1948,LR,Little Rock Travelers,Detroit Tigers
1948,SA,San Antonio Missions,St. Louis Browns
1948,AUG,Augusta Tigers,New York Yankees
1948,SAV,Savannah Indians,Philadelphia Athletics
1949,TOL,Toledo Mud Hens,Detroit Tigers
1949,IND,Indianapolis Indians,Pittsburgh Pirates
1949,BUF,Buffalo Bisons,Detroit Tigers
1949,SYR,Syracuse Chiefs,Cincinnati Reds
1949,MEX,Diablos Rojos del Mexico,Office of the Commissioner
1949,ROC,Rochester Red Wings,St. Louis Cardinals
1949,CHA,Chattanooga Lookouts,Washington Senators
1949,BIR,Birmingham Barons,Boston Red Sox
1949,LR,Little Rock Travelers,Detroit Tigers
1949,SA,San Antonio Missions,St. Louis Browns
1949,CHA,Charleston Senators,Cincinnati Reds
1949,AUG,Augusta Tigers,New York Yankees
1949,SAV,Savannah Indians,Philadelphia Athletics
1950,TOL,Toledo Mud Hens,Detroit Tigers
1950,IND,Indianapolis Indians,Pittsburgh Pirates
1950,BUF,Buffalo Bisons,Philadelphia Athletics
1950,SYR,Syracuse Chiefs,Cincinnati Reds
1950,MEX,Diablos Rojos del Mexico,Office of the Commissioner
1950,ROC,Rochester Red Wings,St. Louis Cardinals
1950,CHA,Chattanooga Lookouts,Washington Senators
1950,BIR,Birmingham Barons,Boston Red Sox
1950,LR,Little Rock Travelers,Detroit Tigers
1950,SA,San Antonio Missions,St. Louis Browns
1950,CHA,Charleston Senators,Cincinnati Reds
1950,AUG,Augusta Tigers,Washington Senators
1950,SAV,Savannah Indians,Philadelphia Athletics
1951,TOL,Toledo Mud Hens,Detroit Tigers
1951,IND,Indianapolis Indians,Pittsburgh Pirates
1951,MEX,Diablos Rojos del Mexico,Office of the Commissioner
1951,ROC,Rochester Red Wings,St. Louis Cardinals
1951,MTG,Montgomery Biscuits,Office of the Commissioner
1951,CHA,Chattanooga Lookouts,Washington Senators
1951,DAL,Dallas Eagles,Cleveland Indians
1951,BIR,Birmingham Barons,Boston Red Sox
1951,LR,Little Rock Travelers,Detroit Tigers
1951,SA,San Antonio Missions,St. Louis Browns
1951,CHA,Charleston Senators,Cincinnati Reds
1951,SAV,Savannah Indians,Philadelphia Athletics
1952,IND,Indianapolis Indians,Cleveland Indians
1952,BUF,Buffalo Bisons,Detroit Tigers
1952,MEX,Diablos Rojos del Mexico,Office of the Commissioner
1952,ROC,Rochester Red Wings,St. Louis Cardinals
1952,MTG,Montgomery Biscuits,Office of the Commissioner
1952,CHA,Chattanooga Lookouts,Washington Senators
1952,DAL,Dallas Eagles,Cleveland Indians
1952,BIR,Birmingham Barons,Boston Red Sox
1952,LR,Little Rock Travelers,Detroit Tigers
1952,SA,San Antonio Missions,St. Louis Browns
1952,REA,Reading Indians,Cleveland Indians
1952,SAV,Savannah Indians,Philadelphia Athletics
1953,TOL,Toledo Mud Hens,Milwaukee Braves
1953,IND,Indianapolis Indians,Cleveland Indians
1953,BUF,Buffalo Bisons,Detroit Tigers
1953,SYR,Syracuse Chiefs,New York Yankees
1953,CHA,Charleston Senators,Chicago White Sox
1953,MEX,Diablos Rojos del Mexico,Office of the Commissioner
1953,ROC,Rochester Red Wings,St. Louis Cardinals
1953,MTG,Montgomery Biscuits,Office of the Commissioner
1953,CHA,Chattanooga Lookouts,Washington Senators
1953,BIR,Birmingham Barons,New York Yankees
1953,LR,Little Rock Travelers,Detroit Tigers
1953,SA,San Antonio Missions,St. Louis Browns
1953,REA,Reading Indians,Cleveland Indians
1953,SAV,Savannah Indians,Philadelphia Athletics
1953,SPO,Spokane Indians,Philadelphia Phillies
1954,TOL,Toledo Mud Hens,Milwaukee Braves
1954,IND,Indianapolis Indians,Cleveland Indians
1954,BUF,Buffalo Bisons,Detroit Tigers
1954,SYR,Syracuse Chiefs,Philadelphia Phillies
1954,CHA,Charleston Senators,Chicago White Sox
1954,MEX,Diablos Rojos del Mexico,Office of the Commissioner
1954,ROC,Rochester Red Wings,St. Louis Cardinals
1954,MTG,Montgomery Biscuits,Office of the Commissioner
1954,CHA,Chattanooga Lookouts,Washington Senators
1954,BIR,Birmingham Barons,New York Yankees
1954,SA,San Antonio Missions,Baltimore Orioles
1954,LR,Little Rock Travelers,Detroit Tigers
1954,REA,Reading Indians,Cleveland Indians
1954,SAV,Savannah A's,Philadelphia Athletics
1954,CLT,Charlotte Hornets,Washington Senators
1955,TOL,Toledo Mud Hens,Milwaukee Braves
1955,IND,Indianapolis Indians,Cleveland Indians
1955,BUF,Buffalo Bisons,Detroit Tigers
1955,SYR,Syracuse Chiefs,Philadelphia Phillies
1955,MEX,Diablos Rojos del Mexico,Office of the Commissioner
1955,ROC,Rochester Red Wings,St. Louis Cardinals
1955,MTG,Montgomery Biscuits,Office of the Commissioner
1955,CHA,Chattanooga Lookouts,Washington Senators
1955,DAL,Dallas Eagles,New York Giants
1955,BIR,Birmingham Barons,New York Yankees
1955,LR,Little Rock Travelers,Detroit Tigers
1955,SA,San Antonio Missions,Baltimore Orioles
1955,REA,Reading Indians,Cleveland Indians
1955,CLT,Charlotte Hornets,Washington Senators
1955,AUG,Augusta Tigers,Detroit Tigers
1955,SAV,Savannah A's,Kansas City Athletics
1956,IND,Indianapolis Indians,Cleveland Indians
1956,CHA,Charleston Senators,Detroit Tigers
1956,MEX,Diablos Rojos del Mexico,Office of the Commissioner
1956,ROC,Rochester Red Wings,St. Louis Cardinals
1956,MTG,Montgomery Biscuits,Office of the Commissioner
1956,CHA,Chattanooga Lookouts,Washington Senators
1956,DAL,Dallas Eagles,New York Giants
1956,BIR,Birmingham Barons,New York Yankees
1956,SA,San Antonio Missions,Baltimore Orioles
1956,SYR,Syracuse Chiefs,Detroit Tigers
1956,REA,Reading Indians,Cleveland Indians
1956,CLT,Charlotte Hornets,Washington Senators
1956,AUG,Augusta Tigers,Detroit Tigers
1956,SAV,Savannah Redlegs,Cincinnati Redlegs
1957,IND,Indianapolis Indians,Chicago White Sox
1957,BUF,Buffalo Bisons,Kansas City Athletics
1957,CHA,Charleston Senators,Detroit Tigers
1957,MEX,Diablos Rojos del Mexico,Office of the Commissioner
1957,ROC,Rochester Red Wings,St. Louis Cardinals
1957,CHA,Chattanooga Lookouts,Washington Senators
1957,DAL,Dallas Eagles,New York Giants
1957,BIR,Birmingham Barons,Detroit Tigers
1957,LR,Little Rock Travelers,Kansas City Athletics
1957,SA,San Antonio Missions,Baltimore Orioles
1957,KNO,Knoxville Smokies,Baltimore Orioles
1957,REA,Reading Indians,Cleveland Indians
1957,CLT,Charlotte Hornets,Washington Senators
1957,AUG,Augusta Tigers,Detroit Tigers
1957,SAV,Savannah Redlegs,Cincinnati Redlegs
1958,IND,Indianapolis Indians,Chicago White Sox
1958,SPO,Spokane Indians,Los Angeles Dodgers
1958,BUF,Buffalo Bisons,Kansas City Athletics
1958,CHA,Charleston Senators,Detroit Tigers
1958,MEX,Diablos Rojos del Mexico,Office of the Commissioner
1958,ROC,Rochester Red Wings,St. Louis Cardinals
1958,POR,Portland Beavers,Chicago Cubs
1958,CHA,Chattanooga Lookouts,Washington Senators
1958,BIR,Birmingham Barons,Detroit Tigers
1958,LR,Little Rock Travelers,Kansas City Athletics
1958,SA,San Antonio Missions,Baltimore Orioles
1958,KNO,Knoxville Smokies,Baltimore Orioles
1958,REA,Reading Indians,Cleveland Indians
1958,CLT,Charlotte Hornets,Washington Senators
1958,AUG,Augusta Tigers,Detroit Tigers
1958,SAV,Savannah Redlegs,Cincinnati Redlegs
1959,CHA,Charleston Senators,Detroit Tigers
1959,MEX,Diablos Rojos del Mexico,Office of the Commissioner
1959,ROC,Rochester Red Wings,St. Louis Cardinals
1959,IND,Indianapolis Indians,Chicago White Sox
1959,SPO,Spokane Indians,Los Angeles Dodgers
1959,BUF,Buffalo Bisons,Philadelphia Phillies
1959,POR,Portland Beavers,Kansas City Athletics
1959,CHA,Chattanooga Lookouts,Washington Senators
1959,BIR,Birmingham Barons,Detroit Tigers
1959,SA,San Antonio Missions,Chicago Cubs
1959,KNO,Knoxville Smokies,Detroit Tigers
1959,REA,Reading Indians,Cleveland Indians
1959,CLT,Charlotte Hornets,Washington Senators
1959,ASH,Asheville Tourists,Philadelphia Phillies
1959,SAV,Savannah Reds,Cincinnati Redlegs
1960,OAX,Guerreros de Oaxaca,Office of the Commissioner
1960,PUE,Pericos de Puebla,Office of the Commissioner
1960,CAM,Piratas de Campeche,Office of the Commissioner
1960,CHA,Charleston Senators,Washington Senators
1960,AGS,Rieleros de Aguascalientes,Office of the Commissioner
1960,TAC,Tacoma Giants,San Francisco Giants
1960,MEX,Diablos Rojos del Mexico,Office of the Commissioner
1960,DFW,Dallas-Fort Worth Rangers,Kansas City Athletics
1960,ROC,Rochester Red Wings,St. Louis Cardinals
1960,VER,Rojos del Aguila de Veracruz,Office of the Commissioner
1960,IND,Indianapolis Indians,Philadelphia Phillies
1960,SPO,Spokane Indians,Los Angeles Dodgers
1960,BUF,Buffalo Bisons,Philadelphia Phillies
1960,YUC,Leones de Yucatan,Office of the Commissioner
1960,MVA,Acereros del Norte,Office of the Commissioner
1960,CAN,Langosteros de Cancun,Office of the Commissioner
1960,MTY,Sultanes de Monterrey,Office of the Commissioner
1960,SAL,Saraperos de Saltillo,Office of the Commissioner
1960,TAB,Olmecas de Tabasco,Office of the Commissioner
1960,CHI,Dorados de Chihuahua,Office of the Commissioner
1960,CHA,Chattanooga Lookouts,Philadelphia Phillies
1960,BIR,Birmingham Barons,Detroit Tigers
1960,SA,San Antonio Missions,Chicago Cubs
1960,KNO,Knoxville Smokies,Detroit Tigers
1960,REA,Reading Indians,Cleveland Indians
1960,CLT,Charlotte Hornets,Washington Senators
1960,ASH,Asheville Tourists,Philadelphia Phillies
1960,SAV,Savannah Pirates,Pittsburgh Pirates
1961,OAX,Guerreros de Oaxaca,Office of the Commissioner
1961,PUE,Pericos de Puebla,Office of the Commissioner
1961,CAM,Piratas de Campeche,Office of the Commissioner
1961,SJC,San Juan/Charleston Marlins,St. Louis Cardinals
1961,AGS,Rieleros de Aguascalientes,Office of the Commissioner
1961,TAC,Tacoma Giants,San Francisco Giants
1961,MEX,Diablos Rojos del Mexico,Office of the Commissioner
1961,DFW,Dallas-Fort Worth Rangers,Los Angeles Angels
1961,ROC,Rochester Red Wings,Baltimore Orioles
1961,VER,Rojos del Aguila de Veracruz,Office of the Commissioner
1961,IND,Indianapolis Indians,Cincinnati Reds
1961,SPO,Spokane Indians,Los Angeles Dodgers
1961,BUF,Buffalo Bisons,Philadelphia Phillies
1961,SYR,Syracuse Chiefs,Minnesota Twins
1961,YUC,Leones de Yucatan,Office of the Commissioner
1961,MVA,Acereros del Norte,Office of the Commissioner
1961,CAN,Langosteros de Cancun,Office of the Commissioner
1961,MTY,Sultanes de Monterrey,Office of the Commissioner
1961,SAL,Saraperos de Saltillo,Office of the Commissioner
1961,POR,Portland Beavers,St. Louis Cardinals
1961,TAB,Olmecas de Tabasco,Office of the Commissioner
1961,CHI,Dorados de Chihuahua,Office of the Commissioner
1961,CHA,Chattanooga Lookouts,Philadelphia Phillies
1961,BIR,Birmingham Barons,Detroit Tigers
1961,SA,San Antonio Missions,Chicago Cubs
1961,LR,Little Rock Travelers,Baltimore Orioles
1961,KNO,Knoxville Smokies,Detroit Tigers
1961,REA,Reading Indians,Cleveland Indians
1961,CLT,Charlotte Hornets,Minnesota Twins
1961,POR,Portsmouth-Norfolk Tides,Kansas City Athletics
1961,ASH,Asheville Tourists,Pittsburgh Pirates
1962,OAX,Guerreros de Oaxaca,Office of the Commissioner
1962,PUE,Pericos de Puebla,Office of the Commissioner
1962,CAM,Piratas de Campeche,Office of the Commissioner
1962,AGS,Rieleros de Aguascalientes,Office of the Commissioner
1962,TAC,Tacoma Giants,San Francisco Giants
1962,MEX,Diablos Rojos del Mexico,Office of the Commissioner
1962,ROC,Rochester Red Wings,Baltimore Orioles
1962,VER,Rojos del Aguila de Veracruz,Office of the Commissioner
1962,IND,Indianapolis Indians,Chicago White Sox
1962,SPO,Spokane Indians,Los Angeles Dodgers
1962,BUF,Buffalo Bisons,Philadelphia Phillies
1962,OKC,Oklahoma City 89ers,Houston Colt 45's
1962,MVA,Acereros del Norte,Office of the Commissioner
1962,YUC,Leones de Yucatan,Office of the Commissioner
1962,CAN,Langosteros de Cancun,Office of the Commissioner
1962,MTY,Sultanes de Monterrey,Office of the Commissioner
1962,SAL,Saraperos de Saltillo,Office of the Commissioner
1962,POR,Portland Beavers,Kansas City Athletics
1962,TAB,Olmecas de Tabasco,Office of the Commissioner
1962,CHI,Dorados de Chihuahua,Office of the Commissioner
1962,ELP,El Paso Sun Kings,San Francisco Giants
1962,SA,San Antonio Missions,Chicago Cubs
1962,KNO,Knoxville Smokies,Detroit Tigers
1962,REA,Reading Indians,Cleveland Indians
1962,CLT,Charlotte Hornets,Minnesota Twins
1962,POR,Portsmouth-Norfolk Tides,St. Louis Cardinals
1962,ASH,Asheville Tourists,Pittsburgh Pirates
1962,AUG,Augusta Yankees,New York Yankees
1962,SAV,Savannah/Lynchburg White Sox,Chicago White Sox
1963,OAX,Guerreros de Oaxaca,Office of the Commissioner
1963,PUE,Pericos de Puebla,Office of the Commissioner
1963,CAM,Piratas de Campeche,Office of the Commissioner
1963,AGS,Rieleros de Aguascalientes,Office of the Commissioner
1963,TAC,Tacoma Giants,San Francisco Giants
1963,MEX,Diablos Rojos del Mexico,Office of the Commissioner
1963,DFW,Dallas-Fort Worth Rangers,Minnesota Twins
1963,ROC,Rochester Red Wings,Baltimore Orioles
1963,VER,Rojos del Aguila de Veracruz,Office of the Commissioner
1963,IND,Indianapolis Indians,Chicago White Sox
1963,SPO,Spokane Indians,Los Angeles Dodgers
1963,BUF,Buffalo Bisons,New York Mets
1963,SYR,Syracuse Chiefs,Detroit Tigers
1963,OKC,Oklahoma City 89ers,Houston Colt 45's
1963,YUC,Leones de Yucatan,Office of the Commissioner
1963,MVA,Acereros del Norte,Office of the Commissioner
1963,CAN,Langosteros de Cancun,Office of the Commissioner
1963,MTY,Sultanes de Monterrey,Office of the Commissioner
1963,SAL,Saraperos de Saltillo,Office of the Commissioner
1963,POR,Portland Beavers,Kansas City Athletics
1963,TAB,Olmecas de Tabasco,Office of the Commissioner
1963,ARK,Arkansas Travelers,Philadelphia Phillies
1963,CHI,Dorados de Chihuahua,Office of the Commissioner
1963,KNO,Knoxville Smokies,Detroit Tigers
1963,REA,Reading Red Sox,Boston Red Sox
1963,CLT,Charlotte Hornets,Minnesota Twins
1963,CHA,Chattanooga Lookouts,Philadelphia Phillies
1963,ELP,El Paso Sun Kings,San Francisco Giants
1963,ASH,Asheville Tourists,Pittsburgh Pirates
1963,SA,San Antonio Bullets,Houston Colt 45's
1963,AUG,Augusta Yankees,New York Yankees
1963,FTL,Fort Lauderdale Yankees,New York Yankees
1963,DAY,Daytona Beach Islanders,Kansas City Athletics
1963,MOD,Modesto Colts,Houston Colt 45's
1963,WS,Winston-Salem Red Sox,Boston Red Sox
1963,STK,Stockton Ports,Baltimore Orioles
1963,MIA,Miami Marlins,Office of the Commissioner
1963,SJ,San Jose Bees,Los Angeles Angels
1963,GBO,Greensboro Yankees,New York Yankees
1963,KIN,Kinston Eagles,Pittsburgh Pirates
1963,BAK,Bakersfield Bears,Philadelphia Phillies
1963,DUR,Durham Bulls,Houston Colt 45's
1963,POR,Portsmouth Tides,Office of the Commissioner
1963,LAK,Lakeland Tigers,Detroit Tigers
1963,BUR,Burlington Bees,Kansas City Athletics
1963,CR,Cedar Rapids Red Raiders,Cincinnati Reds
1963,CLI,Clinton C-Sox,Chicago White Sox
1963,QC,Quad Cities Angels,Los Angeles Angels
1963,FOX,Fox Cities Foxes,Baltimore Orioles
1963,YAK,Yakima Braves,Milwaukee Braves
1963,ERI,Erie Sailors,Office of the Commissioner
1963,AUB,Auburn Mets,New York Mets
1963,EUG,Eugene Emeralds,Chicago White Sox
1963,JAM,Jamestown Tigers,Detroit Tigers
1963,BAT,Batavia Pirates,Pittsburgh Pirates
1963,BIL,Billings Mustangs,St. Louis Cardinals
1963,WYT,Wytheville Twins,Minnesota Twins
1963,GRF,Great Falls Electrics,Los Angeles Dodgers
1963,BLU,Bluefield Orioles,Baltimore Orioles
1963,IDF,Idaho Falls Yankees,New York Yankees
1963,SAL,Salem Rebels,San Francisco Giants
1964,OAX,Guerreros de Oaxaca,Office of the Commissioner
1964,PUE,Pericos de Puebla,Office of the Commissioner
1964,CAM,Piratas de Campeche,Office of the Commissioner
1964,AGS,Rieleros de Aguascalientes,Office of the Commissioner
1964,TAC,Tacoma Giants,San Francisco Giants
1964,MEX,Diablos Rojos del Mexico,Office of the Commissioner
1964,ROC,Rochester Red Wings,Baltimore Orioles
1964,DAL,Dallas Rangers,Kansas City Athletics
1964,VER,Rojos del Aguila de Veracruz,Office of the Commissioner
1964,IND,Indianapolis Indians,Chicago White Sox
1964,SPO,Spokane Indians,Los Angeles Dodgers
1964,BUF,Buffalo Bisons,New York Mets
1964,SYR,Syracuse Chiefs,Detroit Tigers
1964,OKC,Oklahoma City 89ers,Houston Colt 45's
1964,MVA,Acereros del Norte,Office of the Commissioner
1964,YUC,Leones de Yucatan,Office of the Commissioner
1964,CAN,Langosteros de Cancun,Office of the Commissioner
1964,MTY,Sultanes de Monterrey,Office of the Commissioner
1964,SAL,Saraperos de Saltillo,Office of the Commissioner
1964,POR,Portland Beavers,Cleveland Indians
1964,TAB,Olmecas de Tabasco,Office of the Commissioner
1964,ARK,Arkansas Travelers,Philadelphia Phillies
1964,CHI,Dorados de Chihuahua,Office of the Commissioner
1964,KNO,Knoxville Smokies,Detroit Tigers
1964,REA,Reading Red Sox,Boston Red Sox
1964,CLT,Charlotte Hornets,Minnesota Twins
1964,CHA,Chattanooga Lookouts,Philadelphia Phillies
1964,ELP,El Paso Sun Kings,San Francisco Giants
1964,BIR,Birmingham Barons,Kansas City Athletics
1964,ASH,Asheville Tourists,Pittsburgh Pirates
1964,SA,San Antonio Bullets,Houston Colt 45's
1964,FTL,Fort Lauderdale Yankees,New York Yankees
1964,DAY,Daytona Beach Islanders,Kansas City Athletics
1964,MOD,Modesto Colts,Houston Colt 45's
1964,WS,Winston-Salem Red Sox,Boston Red Sox
1964,STK,Stockton Ports,Baltimore Orioles
1964,MIA,Miami Marlins,Office of the Commissioner
1964,SJ,San Jose Bees,Los Angeles Angels
1964,GBO,Greensboro Yankees,New York Yankees
1964,KIN,Kinston Eagles,Pittsburgh Pirates
1964,BAK,Bakersfield Bears,Philadelphia Phillies
1964,DUR,Durham Bulls,Houston Colt 45's
1964,POR,Portsmouth Tides,Chicago White Sox
1964,LAK,Lakeland Tigers,Detroit Tigers
1964,BUR,Burlington Bees,Kansas City Athletics
1964,CR,Cedar Rapids Red Raiders,Cincinnati Reds
1964,CLI,Clinton C-Sox,Chicago White Sox
1964,QC,Quad Cities Angels,Los Angeles Angels
1964,FOX,Fox Cities Foxes,Baltimore Orioles
1964,YAK,Yakima Braves,Milwaukee Braves
1964,AUB,Auburn Mets,New York Mets
1964,EUG,Eugene Emeralds,Philadelphia Phillies
1964,JAM,Jamestown Tigers,Detroit Tigers
1964,BAT,Batavia Pirates,Pittsburgh Pirates
1964,WYT,Wytheville A's,Kansas City Athletics
1964,BLU,Bluefield Orioles,Baltimore Orioles
1964,JC,Johnson City Yankees,New York Yankees
1964,IDF,Idaho Falls Angels,Los Angeles Angels
1964,SAL,Salem Rebels,Pittsburgh Pirates
1965,TOL,Toledo Mud Hens,New York Yankees
1965,OAX,Guerreros de Oaxaca,Office of the Commissioner
1965,PUE,Pericos de Puebla,Office of the Commissioner
1965,CAM,Piratas de Campeche,Office of the Commissioner
1965,AGS,Rieleros de Aguascalientes,Office of the Commissioner
1965,TAC,Tacoma Giants,San Francisco Giants
1965,MEX,Diablos Rojos del Mexico,Office of the Commissioner
1965,VAN,Vancouver Mounties,Kansas City Athletics
1965,ROC,Rochester Red Wings,Baltimore Orioles
1965,VER,Rojos del Aguila de Veracruz,Office of the Commissioner
1965,IND,Indianapolis Indians,Chicago White Sox
1965,SPO,Spokane Indians,Los Angeles Dodgers
1965,BUF,Buffalo Bisons,New York Mets
1965,SYR,Syracuse Chiefs,Detroit Tigers
1965,OKC,Oklahoma City 89ers,Houston Astros
1965,YUC,Leones de Yucatan,Office of the Commissioner
1965,MVA,Acereros del Norte,Office of the Commissioner
1965,CAN,Langosteros de Cancun,Office of the Commissioner
1965,MTY,Sultanes de Monterrey,Office of the Commissioner
1965,SAL,Saraperos de Saltillo,Office of the Commissioner
1965,POR,Portland Beavers,Cleveland Indians
1965,TAB,Olmecas de Tabasco,Office of the Commissioner
1965,ARK,Arkansas Travelers,Philadelphia Phillies
1965,CHI,Dorados de Chihuahua,Office of the Commissioner
1965,KNO,Knoxville Smokies,Cincinnati Reds
1965,REA,Reading Indians,Cleveland Indians
1965,CLT,Charlotte Hornets,Minnesota Twins
1965,CHA,Chattanooga Lookouts,Philadelphia Phillies
1965,ELP,El Paso Sun Kings,Los Angeles Angels
1965,BIR,Birmingham Barons,Kansas City Athletics
1965,ASH,Asheville Tourists,Pittsburgh Pirates
1965,FTL,Fort Lauderdale Yankees,New York Yankees
1965,DAY,Daytona Beach Islanders,Detroit Tigers
1965,WS,Winston-Salem Red Sox,Boston Red Sox
1965,STK,Stockton Ports,Baltimore Orioles
1965,MIA,Miami Marlins,Office of the Commissioner
1965,SJ,San Jose Bees,Los Angeles Angels
1965,GBO,Greensboro Yankees,New York Yankees
1965,KIN,Kinston Eagles,Pittsburgh Pirates
1965,BAK,Bakersfield Bears,Philadelphia Phillies
1965,DUR,Durham Bulls,Houston Astros
1965,POR,Portsmouth Tides,Chicago White Sox
1965,LAK,Lakeland Tigers,Detroit Tigers
1965,BUR,Burlington Bees,Kansas City Athletics
1965,CR,Cedar Rapids Cardinals,St. Louis Cardinals
1965,CLI,Clinton C-Sox,Chicago White Sox
1965,QC,Quad Cities Angels,Los Angeles Angels
1965,FOX,Fox Cities Foxes,Baltimore Orioles
1965,YAK,Yakima Braves,Milwaukee Braves
1965,AUB,Auburn Mets,New York Mets
1965,EUG,Eugene Emeralds,Philadelphia Phillies
1965,JAM,Jamestown Tigers,Detroit Tigers
1965,BAT,Batavia Pirates,Pittsburgh Pirates
1965,WYT,Wytheville Senators,Minnesota Twins
1965,BLU,Bluefield Orioles,Baltimore Orioles
1965,JC,Johnson City Yankees,New York Yankees
1965,IDF,Idaho Falls Angels,Los Angeles Angels
1965,SAL,Salem Rebels,Pittsburgh Pirates
1966,TOL,Toledo Mud Hens,New York Yankees
1966,OAX,Guerreros de Oaxaca,Office of the Commissioner
1966,PUE,Pericos de Puebla,Office of the Commissioner
1966,CAM,Piratas de Campeche,Office of the Commissioner
1966,AGS,Rieleros de Aguascalientes,Office of the Commissioner
1966,TAC,Tacoma Cubs,Chicago Cubs
1966,MEX,Diablos Rojos del Mexico,Office of the Commissioner
1966,ROC,Rochester Red Wings,Baltimore Orioles
1966,VAN,Vancouver Mounties,Kansas City Athletics
1966,VER,Rojos del Aguila de Veracruz,Office of the Commissioner
1966,IND,Indianapolis Indians,Chicago White Sox
1966,SPO,Spokane Indians,Los Angeles Dodgers
1966,BUF,Buffalo Bisons,Cincinnati Reds
1966,SYR,Syracuse Chiefs,Detroit Tigers
1966,OKC,Oklahoma City 89ers,Houston Astros
1966,RIC,Richmond Braves,Atlanta Braves
1966,MVA,Acereros del Norte,Office of the Commissioner
1966,YUC,Leones de Yucatan,Office of the Commissioner
1966,CAN,Langosteros de Cancun,Office of the Commissioner
1966,MTY,Sultanes de Monterrey,Office of the Commissioner
1966,SAL,Saraperos de Saltillo,Office of the Commissioner
1966,POR,Portland Beavers,Cleveland Indians
1966,TAB,Olmecas de Tabasco,Office of the Commissioner
1966,CHI,Dorados de Chihuahua,Office of the Commissioner
1966,KNO,Knoxville Smokies,Cincinnati Reds
1966,CLT,Charlotte Hornets,Minnesota Twins
1966,ELP,El Paso Sun Kings,California Angels
1966,BIR,Birmingham Barons,Kansas City Athletics
1966,ASH,Asheville Tourists,Pittsburgh Pirates
1966,ARK,Arkansas Travelers,St. Louis Cardinals
1966,FTL,Fort Lauderdale Yankees,New York Yankees
1966,DAY,Daytona Beach Islanders,Detroit Tigers
1966,MOD,Modesto Reds,Kansas City Athletics
1966,WS,Winston-Salem Red Sox,Boston Red Sox
1966,STK,Stockton Ports,Baltimore Orioles
1966,LOD,Lodi Crushers,Chicago Cubs
1966,MIA,Miami Marlins,Office of the Commissioner
1966,SJ,San Jose Bees,California Angels
1966,GBO,Greensboro Yankees,New York Yankees
1966,KIN,Kinston Eagles,Atlanta Braves
1966,BAK,Bakersfield Bears,Philadelphia Phillies
1966,STP,St. Petersburg Cardinals,St. Louis Cardinals
1966,DUR,Durham Bulls,Houston Astros
1966,POR,Portsmouth Tides,Philadelphia Phillies
1966,LAK,Lakeland Tigers,Detroit Tigers
1966,BUR,Burlington Bees,Kansas City Athletics
1966,CR,Cedar Rapids Cardinals,St. Louis Cardinals
1966,CLI,Clinton Pilots,Pittsburgh Pirates
1966,QC,Quad Cities Angels,California Angels
1966,FOX,Fox Cities Foxes,Chicago White Sox
1966,YAK,Yakima Braves,Atlanta Braves
1966,AUB,Auburn Mets,New York Mets
1966,ONE,Oneonta Red Sox,Boston Red Sox
1966,EUG,Eugene Emeralds,Philadelphia Phillies
1966,JAM,Jamestown Dodgers,Los Angeles Dodgers
1966,BLU,Bluefield Orioles,Baltimore Orioles
1966,JC,Johnson City Yankees,New York Yankees
1966,G-WSX,GCL White Sox,Chicago White Sox
1966,IDF,Idaho Falls Angels,California Angels
1966,SAL,Salem Rebels,Pittsburgh Pirates
1967,TOL,Toledo Mud Hens,Detroit Tigers
1967,OAX,Guerreros de Oaxaca,Office of the Commissioner
1967,PUE,Pericos de Puebla,Office of the Commissioner
1967,CAM,Piratas de Campeche,Office of the Commissioner
1967,AGS,Rieleros de Aguascalientes,Office of the Commissioner
1967,TAC,Tacoma Cubs,Chicago Cubs
1967,MEX,Diablos Rojos del Mexico,Office of the Commissioner
1967,VAN,Vancouver Mounties,Kansas City Athletics
1967,ROC,Rochester Red Wings,Baltimore Orioles
1967,VER,Rojos del Aguila de Veracruz,Office of the Commissioner
1967,IND,Indianapolis Indians,Chicago White Sox
1967,SPO,Spokane Indians,Los Angeles Dodgers
1967,BUF,Buffalo Bisons,Cincinnati Reds
1967,SYR,Syracuse Chiefs,New York Yankees
1967,OKC,Oklahoma City 89ers,Houston Astros
1967,RIC,Richmond Braves,Atlanta Braves
1967,YUC,Leones de Yucatan,Office of the Commissioner
1967,MVA,Acereros del Norte,Office of the Commissioner
1967,CAN,Langosteros de Cancun,Office of the Commissioner
1967,MTY,Sultanes de Monterrey,Office of the Commissioner
1967,SAL,Saraperos de Saltillo,Office of the Commissioner
1967,POR,Portland Beavers,Cleveland Indians
1967,TAB,Olmecas de Tabasco,Office of the Commissioner
1967,CHI,Dorados de Chihuahua,Office of the Commissioner
1967,KNO,Knoxville Smokies,Cincinnati Reds
1967,REA,Reading Phillies,Philadelphia Phillies
1967,CLT,Charlotte Hornets,Minnesota Twins
1967,ELP,El Paso Sun Kings,California Angels
1967,BIR,Birmingham A's,Kansas City Athletics
1967,ARK,Arkansas Travelers,St. Louis Cardinals
1967,FTL,Fort Lauderdale Yankees,New York Yankees
1967,MOD,Modesto Reds,St. Louis Cardinals
1967,WS,Winston-Salem Red Sox,Boston Red Sox
1967,STK,Stockton Ports,Baltimore Orioles
1967,LOD,Lodi Crushers,Chicago Cubs
1967,MIA,Miami Marlins,Office of the Commissioner
1967,SJ,San Jose Bees,California Angels
1967,GBO,Greensboro Yankees,New York Yankees
1967,KIN,Kinston Eagles,Atlanta Braves
1967,BAK,Bakersfield Bears,Philadelphia Phillies
1967,STP,St. Petersburg Cardinals,St. Louis Cardinals
1967,DUR,Durham Bulls,New York Mets
1967,POR,Portsmouth Tides,Philadelphia Phillies
1967,LAK,Lakeland Tigers,Detroit Tigers
1967,ASH,Asheville Tourists,Houston Astros
1967,BUR,Burlington Bees,Kansas City Athletics
1967,CR,Cedar Rapids Cardinals,St. Louis Cardinals
1967,CLI,Clinton Pilots,Pittsburgh Pirates
1967,QC,Quad Cities Angels,California Angels
1967,APP,Appleton Foxes,Chicago White Sox
1967,MED,Medford Giants,San Francisco Giants
1967,ERI,Erie Tigers,Office of the Commissioner
1967,AUB,Auburn Twins,Minnesota Twins
1967,ONE,Oneonta Yankees,New York Yankees
1967,EUG,Eugene Emeralds,Philadelphia Phillies
1967,JAM,Jamestown Braves,Atlanta Braves
1967,BAT,Batavia Trojans,Philadelphia Phillies
1967,BLU,Bluefield Orioles,Baltimore Orioles
1967,G-BRV,GCL Braves,Atlanta Braves
1967,G-ATH,GCL Athletics,Kansas City Athletics
1967,G-DOD,GCL Dodgers,Los Angeles Dodgers
1967,WYT,Wytheville Reds,Cincinnati Reds
1967,G-MET,GCL Mets,New York Mets
1967,G-PHI,GCL Phillies,Philadelphia Phillies
1967,JC,Johnson City Yankees,New York Yankees
1967,G-PIR,GCL Pirates,Pittsburgh Pirates
1967,G-ORI,GCL Orioles,Baltimore Orioles
1967,G-RSX,GCL Red Sox,Boston Red Sox
1967,G-RED,GCL Reds,Cincinnati Reds
1967,G-TIG,GCL Tigers,Detroit Tigers
1967,G-TWI,GCL Twins,Minnesota Twins
1967,G-YAN,GCL Yankees,New York Yankees
1967,IDF,Idaho Falls Angels,California Angels
1967,G-WSX,GCL White Sox,Chicago White Sox
1967,SAL,Salem Rebels,Pittsburgh Pirates
1968,TOL,Toledo Mud Hens,Detroit Tigers
1968,OAX,Guerreros de Oaxaca,Office of the Commissioner
1968,PUE,Pericos de Puebla,Office of the Commissioner
1968,CAM,Piratas de Campeche,Office of the Commissioner
1968,AGS,Rieleros de Aguascalientes,Office of the Commissioner
1968,TAC,Tacoma Cubs,Chicago Cubs
1968,MEX,Diablos Rojos del Mexico,Office of the Commissioner
1968,VAN,Vancouver Mounties,Oakland Athletics
1968,ROC,Rochester Red Wings,Baltimore Orioles
1968,VER,Rojos del Aguila de Veracruz,Office of the Commissioner
1968,IND,Indianapolis Indians,Cincinnati Reds
1968,SPO,Spokane Indians,Los Angeles Dodgers
1968,BUF,Buffalo Bisons,Washington Senators
1968,SYR,Syracuse Chiefs,New York Yankees
1968,OKC,Oklahoma City 89ers,Houston Astros
1968,RIC,Richmond Braves,Atlanta Braves
1968,YUC,Leones de Yucatan,Office of the Commissioner
1968,MVA,Acereros del Norte,Office of the Commissioner
1968,CAN,Langosteros de Cancun,Office of the Commissioner
1968,MTY,Sultanes de Monterrey,Office of the Commissioner
1968,SAL,Saraperos de Saltillo,Office of the Commissioner
1968,POR,Portland Beavers,Cleveland Indians
1968,TAB,Olmecas de Tabasco,Office of the Commissioner
1968,CHI,Dorados de Chihuahua,Office of the Commissioner
1968,REA,Reading Phillies,Philadelphia Phillies
1968,CLT,Charlotte Hornets,Minnesota Twins
1968,ELP,El Paso Sun Kings,California Angels
1968,BIR,Birmingham A's,Oakland Athletics
1968,ASH,Asheville Tourists,Cincinnati Reds
1968,ARK,Arkansas Travelers,St. Louis Cardinals
1968,SA,San Antonio Missions,Chicago Cubs
1968,SAV,Savannah Senators,Washington Senators
1968,FTL,Fort Lauderdale Yankees,New York Yankees
1968,DAY,Daytona Beach Dodgers,Los Angeles Dodgers
1968,MOD,Modesto Reds,St. Louis Cardinals
1968,WS,Winston-Salem Red Sox,Boston Red Sox
1968,VIS,Visalia Mets,New York Mets
1968,STK,Stockton Ports,Baltimore Orioles
1968,LOD,Lodi Crushers,Chicago Cubs
1968,MIA,Miami Marlins,Office of the Commissioner
1968,SJ,San Jose Bees,California Angels
1968,GBO,Greensboro Patriots,Houston Astros
1968,SAL,Salem Rebels,Pittsburgh Pirates
1968,KIN,Kinston Eagles,New York Yankees
1968,BAK,Bakersfield Dodgers,Los Angeles Dodgers
1968,STP,St. Petersburg Cardinals,St. Louis Cardinals
1968,RDU,Raleigh-Durham Mets,New York Mets
1968,POR,Portsmouth Tides,Philadelphia Phillies
1968,LAK,Lakeland Tigers,Detroit Tigers
1968,BUR,Burlington Bees,Oakland Athletics
1968,CR,Cedar Rapids Cardinals,St. Louis Cardinals
1968,CLI,Clinton Pilots,Pittsburgh Pirates
1968,QC,Quad Cities Angels,California Angels
1968,APP,Appleton Foxes,Chicago White Sox
1968,MED,Medford Giants,San Francisco Giants
1968,AUB,Auburn Twins,Minnesota Twins
1968,ONE,Oneonta Yankees,New York Yankees
1968,EUG,Eugene Emeralds,Philadelphia Phillies
1968,JAM,Jamestown Falcons,Boston Red Sox
1968,BAT,Batavia Trojans,Detroit Tigers
1968,BLU,Bluefield Orioles,Baltimore Orioles
1968,G-BRV,GCL Braves,Atlanta Braves
1968,G-ATH,GCL Athletics,Oakland Athletics
1968,G-DOD,GCL Dodgers,Los Angeles Dodgers
1968,G-MET,GCL Mets,New York Mets
1968,G-PHI,GCL Phillies,Philadelphia Phillies
1968,JC,Johnson City Yankees,New York Yankees
1968,G-PIR,GCL Pirates,Pittsburgh Pirates
1968,G-ORI,GCL Orioles,Baltimore Orioles
1968,G-RSX,GCL Red Sox,Boston Red Sox
1968,G-RED,GCL Reds,Cincinnati Reds
1968,G-TIG,GCL Tigers,Detroit Tigers
1968,G-TWI,GCL Twins,Minnesota Twins
1968,G-YAN,GCL Yankees,New York Yankees
1968,IDF,Idaho Falls Angels,California Angels
1968,G-WSX,GCL White Sox,Chicago White Sox
1969,TOL,Toledo Mud Hens,Detroit Tigers
1969,OAX,Guerreros de Oaxaca,Office of the Commissioner
1969,IOW,Iowa Oaks,Oakland Athletics
1969,PUE,Pericos de Puebla,Office of the Commissioner
1969,CAM,Piratas de Campeche,Office of the Commissioner
1969,EUG,Eugene Emeralds,Philadelphia Phillies
1969,AGS,Rieleros de Aguascalientes,Office of the Commissioner
1969,TAC,Tacoma Cubs,Chicago Cubs
1969,MEX,Diablos Rojos del Mexico,Office of the Commissioner
1969,ROC,Rochester Red Wings,Baltimore Orioles
1969,VER,Rojos del Aguila de Veracruz,Office of the Commissioner
1969,OMA,Omaha Royals,Kansas City Royals
1969,IND,Indianapolis Indians,Cincinnati Reds
1969,TUC,Tucson Toros,Chicago White Sox
1969,SPO,Spokane Indians,Los Angeles Dodgers
1969,BUF,Buffalo Bisons,Washington Senators
1969,SYR,Syracuse Chiefs,New York Yankees
1969,OKC,Oklahoma City 89ers,Houston Astros
1969,RIC,Richmond Braves,Atlanta Braves
1969,YUC,Leones de Yucatan,Office of the Commissioner
1969,MVA,Acereros del Norte,Office of the Commissioner
1969,CAN,Langosteros de Cancun,Office of the Commissioner
1969,MTY,Sultanes de Monterrey,Office of the Commissioner
1969,SAL,Saraperos de Saltillo,Office of the Commissioner
1969,POR,Portland Beavers,Cleveland Indians
1969,TID,Tidewater Tides,New York Mets
1969,TAB,Olmecas de Tabasco,Office of the Commissioner
1969,CHI,Dorados de Chihuahua,Office of the Commissioner
1969,REA,Reading Phillies,Philadelphia Phillies
1969,CLT,Charlotte Hornets,Minnesota Twins
1969,ELP,El Paso Sun Kings,California Angels
1969,BIR,Birmingham A's,Oakland Athletics
1969,COL,Columbus White Sox,Chicago White Sox
1969,ASH,Asheville Tourists,Cincinnati Reds
1969,ARK,Arkansas Travelers,St. Louis Cardinals
1969,SA,San Antonio Missions,Chicago Cubs
1969,SAV,Savannah Senators,Washington Senators
1969,FTL,Fort Lauderdale Yankees,New York Yankees
1969,DAY,Daytona Beach Dodgers,Los Angeles Dodgers
1969,MOD,Modesto Reds,St. Louis Cardinals
1969,WS,Winston-Salem Red Sox,Boston Red Sox
1969,VIS,Visalia Mets,New York Mets
1969,STK,Stockton Ports,Baltimore Orioles
1969,LOD,Lodi Crushers,Oakland Athletics
1969,MIA,Miami Marlins,Office of the Commissioner
1969,SJ,San Jose Bees,California Angels
1969,SAL,Salem Rebels,Pittsburgh Pirates
1969,KIN,Kinston Eagles,New York Yankees
1969,BAK,Bakersfield Dodgers,Los Angeles Dodgers
1969,STP,St. Petersburg Cardinals,St. Louis Cardinals
1969,RDU,Raleigh-Durham Phillies,Philadelphia Phillies
1969,LAK,Lakeland Tigers,Detroit Tigers
1969,BUR,Burlington Bees,Oakland Athletics
1969,CR,Cedar Rapids Cardinals,St. Louis Cardinals
1969,CLI,Clinton Pilots,Seattle Pilots
1969,QC,Quad Cities Angels,California Angels
1969,APP,Appleton Foxes,Chicago White Sox
1969,RV,Rogue Valley Dodgers,Los Angeles Dodgers
1969,AUB,Auburn Twins,Minnesota Twins
1969,ONE,Oneonta Yankees,New York Yankees
1969,JAM,Jamestown Falcons,Boston Red Sox
1969,BAT,Batavia Trojans,Detroit Tigers
1969,BIL,Billings Mustangs,Seattle Pilots
1969,GRF,Great Falls Giants,San Francisco Giants
1969,BLU,Bluefield Orioles,Baltimore Orioles
1969,G-BRV,GCL Braves,Atlanta Braves
1969,G-DOD,GCL Dodgers,Los Angeles Dodgers
1969,WYT,Wytheville Senators,Minnesota Twins
1969,G-MET,GCL Mets,New York Mets
1969,G-PHI,GCL Phillies,Philadelphia Phillies
1969,G-PIR,GCL Pirates,Pittsburgh Pirates
1969,G-ORI,GCL Orioles,Baltimore Orioles
1969,G-RSX,GCL Red Sox,Boston Red Sox
1969,G-RED,GCL Reds,Cincinnati Reds
1969,G-TIG,GCL Tigers,Detroit Tigers
1969,G-TWI,GCL Twins,Minnesota Twins
1969,G-YAN,GCL Yankees,New York Yankees
1969,G-WSX,GCL White Sox,Chicago White Sox
1969,PUL,Pulaski Phillies,Philadelphia Phillies
1969,BRI,Bristol Tigers,Detroit Tigers
1969,JC,Johnson City Yankees,New York Yankees
1969,IDF,Idaho Falls Angels,California Angels
1970,TOL,Toledo Mud Hens,Detroit Tigers
1970,OAX,Guerreros de Oaxaca,Office of the Commissioner
1970,IOW,Iowa Oaks,Oakland Athletics
1970,PUE,Pericos de Puebla,Office of the Commissioner
1970,CAM,Piratas de Campeche,Office of the Commissioner
1970,EUG,Eugene Emeralds,Philadelphia Phillies
1970,AGS,Rieleros de Aguascalientes,Office of the Commissioner
1970,TAC,Tacoma Cubs,Chicago Cubs
1970,MEX,Diablos Rojos del Mexico,Office of the Commissioner
1970,ROC,Rochester Red Wings,Baltimore Orioles
1970,SLC,Salt Lake City Bees,San Diego Padres
1970,VER,Rojos del Aguila de Veracruz,Office of the Commissioner
1970,OMA,Omaha Royals,Kansas City Royals
1970,IND,Indianapolis Indians,Cincinnati Reds
1970,TUC,Tucson Toros,Chicago White Sox
1970,SPO,Spokane Indians,Los Angeles Dodgers
1970,BUF,Buffalo Bisons,Montreal Expos
1970,SYR,Syracuse Chiefs,New York Yankees
1970,OKC,Oklahoma City 89ers,Houston Astros
1970,RIC,Richmond Braves,Atlanta Braves
1970,MVA,Acereros del Norte,Office of the Commissioner
1970,YUC,Leones de Yucatan,Office of the Commissioner
1970,CAN,Langosteros de Cancun,Office of the Commissioner
1970,MTY,Sultanes de Monterrey,Office of the Commissioner
1970,SAL,Saraperos de Saltillo,Office of the Commissioner
1970,TID,Tidewater Tides,New York Mets
1970,POR,Portland Beavers,Milwaukee Brewers
1970,TAB,Olmecas de Tabasco,Office of the Commissioner
1970,CHI,Dorados de Chihuahua,Office of the Commissioner
1970,REA,Reading Phillies,Philadelphia Phillies
1970,CLT,Charlotte Hornets,Minnesota Twins
1970,PAW,Pawtucket Red Sox,Boston Red Sox
1970,ELP,El Paso Sun Kings,California Angels
1970,BIR,Birmingham A's,Oakland Athletics
1970,COL,Columbus Astros,Houston Astros
1970,ASH,Asheville Tourists,Cincinnati Reds
1970,ARK,Arkansas Travelers,St. Louis Cardinals
1970,SA,San Antonio Missions,Chicago Cubs
1970,SAV,Savannah Indians,Cleveland Indians
1970,FTL,Fort Lauderdale Yankees,New York Yankees
1970,DAY,Daytona Beach Dodgers,Los Angeles Dodgers
1970,MOD,Modesto Reds,St. Louis Cardinals
1970,WS,Winston-Salem Red Sox,Boston Red Sox
1970,VIS,Visalia Mets,New York Mets
1970,STK,Stockton Ports,Baltimore Orioles
1970,LOD,Lodi Padres,San Diego Padres
1970,MIA,Miami Marlins,Office of the Commissioner
1970,SJ,San Jose Bees,Kansas City Royals
1970,SAL,Salem Rebels,Pittsburgh Pirates
1970,LYN,Lynchburg Twins,Minnesota Twins
1970,KIN,Kinston Eagles,New York Yankees
1970,BAK,Bakersfield Dodgers,Los Angeles Dodgers
1970,STP,St. Petersburg Cardinals,St. Louis Cardinals
1970,LAK,Lakeland Tigers,Detroit Tigers
1970,BUR,Burlington Bees,Oakland Athletics
1970,CR,Cedar Rapids Cardinals,St. Louis Cardinals
1970,CLI,Clinton Pilots,Milwaukee Brewers
1970,QC,Quad Cities Angels,California Angels
1970,APP,Appleton Foxes,Chicago White Sox
1970,AUB,Auburn Twins,Minnesota Twins
1970,JAM,Jamestown Falcons,Boston Red Sox
1970,MED,Medford Dodgers,Los Angeles Dodgers
1970,ONE,Oneonta Yankees,New York Yankees
1970,BAT,Batavia Trojans,Detroit Tigers
1970,BIL,Billings Mustangs,Kansas City Royals
1970,GRF,Great Falls Giants,San Francisco Giants
1970,BLU,Bluefield Orioles,Baltimore Orioles
1970,G-BRV,GCL Braves,Atlanta Braves
1970,G-DOD,GCL Dodgers,Los Angeles Dodgers
1970,G-MET,GCL Mets,New York Mets
1970,G-PHI,GCL Phillies,Philadelphia Phillies
1970,G-PIR,GCL Pirates,Pittsburgh Pirates
1970,G-ORI,GCL Orioles,Baltimore Orioles
1970,G-RSX,GCL Red Sox,Boston Red Sox
1970,G-RED,GCL Reds,Cincinnati Reds
1970,G-TIG,GCL Tigers,Detroit Tigers
1970,G-TWI,GCL Twins,Minnesota Twins
1970,G-TOU,GCL Tourists,Pittsburgh Pirates
1970,G-YAN,GCL Yankees,New York Yankees
1970,G-WSX,GCL White Sox,Chicago White Sox
1970,PUL,Pulaski Phillies,Philadelphia Phillies
1970,BRI,Bristol Tigers,Detroit Tigers
1970,JC,Johnson City Yankees,New York Yankees
1970,IDF,Idaho Falls Angels,California Angels
1971,TOL,Toledo Mud Hens,Detroit Tigers
1971,OAX,Guerreros de Oaxaca,Office of the Commissioner
1971,IOW,Iowa Oaks,Oakland Athletics
1971,PUE,Pericos de Puebla,Office of the Commissioner
1971,CAM,Piratas de Campeche,Office of the Commissioner
1971,EUG,Eugene Emeralds,Philadelphia Phillies
1971,CHA,Charleston Charlies,Pittsburgh Pirates
1971,AGS,Rieleros de Aguascalientes,Office of the Commissioner
1971,TAC,Tacoma Cubs,Chicago Cubs
1971,MEX,Diablos Rojos del Mexico,Office of the Commissioner
1971,SLC,Salt Lake City Angels,California Angels
1971,ROC,Rochester Red Wings,Baltimore Orioles
1971,VER,Rojos del Aguila de Veracruz,Office of the Commissioner
1971,OMA,Omaha Royals,Kansas City Royals
1971,IND,Indianapolis Indians,Cincinnati Reds
1971,TUC,Tucson Toros,Chicago White Sox
1971,SPO,Spokane Indians,Los Angeles Dodgers
1971,SYR,Syracuse Chiefs,New York Yankees
1971,OKC,Oklahoma City 89ers,Houston Astros
1971,RIC,Richmond Braves,Atlanta Braves
1971,YUC,Leones de Yucatan,Office of the Commissioner
1971,MVA,Acereros del Norte,Office of the Commissioner
1971,CAN,Langosteros de Cancun,Office of the Commissioner
1971,MTY,Sultanes de Monterrey,Office of the Commissioner
1971,SAL,Saraperos de Saltillo,Office of the Commissioner
1971,POR,Portland Beavers,Minnesota Twins
1971,TID,Tidewater Tides,New York Mets
1971,TAB,Olmecas de Tabasco,Office of the Commissioner
1971,CHI,Dorados de Chihuahua,Office of the Commissioner
1971,REA,Reading Phillies,Philadelphia Phillies
1971,CLT,Charlotte Hornets,Minnesota Twins
1971,JAX,Jacksonville Suns,Cleveland Indians
1971,PAW,Pawtucket Red Sox,Boston Red Sox
1971,BIR,Birmingham A's,Oakland Athletics
1971,COL,Columbus Astros,Houston Astros
1971,ASH,Asheville Tourists,Chicago White Sox
1971,ARK,Arkansas Travelers,St. Louis Cardinals
1971,SA,San Antonio Missions,Chicago Cubs
1971,SAV,Savannah Braves,Atlanta Braves
1971,FTL,Fort Lauderdale Yankees,New York Yankees
1971,DAY,Daytona Beach Dodgers,Los Angeles Dodgers
1971,MOD,Modesto Reds,St. Louis Cardinals
1971,WS,Winston-Salem Red Sox,Boston Red Sox
1971,VIS,Visalia Mets,New York Mets
1971,STK,Stockton Ports,Baltimore Orioles
1971,LOD,Lodi Padres,San Diego Padres
1971,MIA,Miami Orioles,Office of the Commissioner
1971,SJ,San Jose Bees,Kansas City Royals
1971,SAL,Salem Rebels,Pittsburgh Pirates
1971,LYN,Lynchburg Twins,Minnesota Twins
1971,KIN,Kinston Eagles,New York Yankees
1971,BAK,Bakersfield Dodgers,Los Angeles Dodgers
1971,STP,St. Petersburg Cardinals,St. Louis Cardinals
1971,LAK,Lakeland Tigers,Detroit Tigers
1971,BUR,Burlington Bees,Oakland Athletics
1971,CR,Cedar Rapids Cardinals,St. Louis Cardinals
1971,CLI,Clinton Pilots,Detroit Tigers
1971,QC,Quad Cities Angels,California Angels
1971,APP,Appleton Foxes,Chicago White Sox
1971,AUB,Auburn Twins,Minnesota Twins
1971,JAM,Jamestown Falcons,Montreal Expos
1971,MED,Medford Dodgers,Los Angeles Dodgers
1971,ONE,Oneonta Yankees,New York Yankees
1971,BAT,Batavia Trojans,Detroit Tigers
1971,BIL,Billings Mustangs,Kansas City Royals
1971,GRF,Great Falls Giants,San Francisco Giants
1971,BLU,Bluefield Orioles,Baltimore Orioles
1971,G-BRV,GCL Braves,Atlanta Braves
1971,G-DOD,GCL Dodgers,Los Angeles Dodgers
1971,WYT,Wytheville Braves,Atlanta Braves
1971,G-MET,GCL Mets,New York Mets
1971,G-PHI,GCL Phillies,Philadelphia Phillies
1971,G-PIR,GCL Pirates,Pittsburgh Pirates
1971,G-ROY,GCL Royals,Kansas City Royals
1971,G-ORI,GCL Orioles,Baltimore Orioles
1971,G-RSX,GCL Red Sox,Boston Red Sox
1971,G-RED,GCL Reds,Cincinnati Reds
1971,G-TIG,GCL Tigers,Detroit Tigers
1971,G-TWI,GCL Twins,Minnesota Twins
1971,G-YAN,GCL Yankees,New York Yankees
1971,G-WSX,GCL White Sox,Chicago White Sox
1971,PUL,Pulaski Phillies,Philadelphia Phillies
1971,BRI,Bristol Tigers,Detroit Tigers
1971,JC,Johnson City Yankees,New York Yankees
1971,IDF,Idaho Falls Angels,California Angels
1972,TOL,Toledo Mud Hens,Detroit Tigers
1972,IOW,Iowa Oaks,Oakland Athletics
1972,OAX,Guerreros de Oaxaca,Office of the Commissioner
1972,PUE,Pericos de Puebla,Office of the Commissioner
1972,CAM,Piratas de Campeche,Office of the Commissioner
1972,EUG,Eugene Emeralds,Philadelphia Phillies
1972,CHA,Charleston Charlies,Pittsburgh Pirates
1972,AGS,Rieleros de Aguascalientes,Office of the Commissioner
1972,TAC,Tacoma Twins,Minnesota Twins
1972,MEX,Diablos Rojos del Mexico,Office of the Commissioner
1972,SLC,Salt Lake City Angels,California Angels
1972,ROC,Rochester Red Wings,Baltimore Orioles
1972,VER,Rojos del Aguila de Veracruz,Office of the Commissioner
1972,OMA,Omaha Royals,Kansas City Royals
1972,IND,Indianapolis Indians,Cincinnati Reds
1972,TUC,Tucson Toros,Chicago White Sox
1972,SYR,Syracuse Chiefs,New York Yankees
1972,OKC,Oklahoma City 89ers,Houston Astros
1972,RIC,Richmond Braves,Atlanta Braves
1972,YUC,Leones de Yucatan,Office of the Commissioner
1972,MVA,Acereros del Norte,Office of the Commissioner
1972,CAN,Langosteros de Cancun,Office of the Commissioner
1972,MTY,Sultanes de Monterrey,Office of the Commissioner
1972,SAL,Saraperos de Saltillo,Office of the Commissioner
1972,POR,Portland Beavers,Cleveland Indians
1972,TID,Tidewater Tides,New York Mets
1972,TAB,Olmecas de Tabasco,Office of the Commissioner
1972,CHI,Dorados de Chihuahua,Office of the Commissioner
1972,KNO,Knoxville Sox,Chicago White Sox
1972,REA,Reading Phillies,Philadelphia Phillies
1972,MID,Midland Cubs,Chicago Cubs
1972,CLT,Charlotte Hornets,Minnesota Twins
1972,JAX,Jacksonville Suns,Kansas City Royals
1972,PAW,Pawtucket Red Sox,Boston Red Sox
1972,ELP,El Paso Dodgers,Los Angeles Dodgers
1972,BIR,Birmingham A's,Oakland Athletics
1972,COL,Columbus Astros,Houston Astros
1972,ASH,Asheville Orioles,Baltimore Orioles
1972,SA,San Antonio Brewers,Milwaukee Brewers
1972,ARK,Arkansas Travelers,St. Louis Cardinals
1972,SAV,Savannah Braves,Atlanta Braves
1972,FTL,Fort Lauderdale Yankees,New York Yankees
1972,DAY,Daytona Beach Dodgers,Los Angeles Dodgers
1972,MOD,Modesto Reds,St. Louis Cardinals
1972,WS,Winston-Salem Red Sox,Boston Red Sox
1972,VIS,Visalia Mets,New York Mets
1972,STK,Stockton Ports,California Angels
1972,LOD,Lodi Orions,Baltimore Orioles
1972,MIA,Miami Orioles,Office of the Commissioner
1972,SJ,San Jose Bees,Kansas City Royals
1972,SAL,Salem Pirates,Pittsburgh Pirates
1972,LYN,Lynchburg Twins,Minnesota Twins
1972,KIN,Kinston Eagles,New York Yankees
1972,BAK,Bakersfield Dodgers,Los Angeles Dodgers
1972,STP,St. Petersburg Cardinals,St. Louis Cardinals
1972,LAK,Lakeland Tigers,Detroit Tigers
1972,BUR,Burlington Bees,Oakland Athletics
1972,CR,Cedar Rapids Cardinals,St. Louis Cardinals
1972,CLI,Clinton Pilots,Detroit Tigers
1972,QC,Quad Cities Angels,California Angels
1972,APP,Appleton Foxes,Chicago White Sox
1972,SPO,Spokane Indians,Los Angeles Dodgers
1972,AUB,Auburn Phillies,Philadelphia Phillies
1972,JAM,Jamestown Falcons,Montreal Expos
1972,ONE,Oneonta Yankees,New York Yankees
1972,BAT,Batavia Trojans,New York Mets
1972,BIL,Billings Mustangs,Kansas City Royals
1972,GRF,Great Falls Giants,San Francisco Giants
1972,BLU,Bluefield Orioles,Baltimore Orioles
1972,G-BRV,GCL Braves,Atlanta Braves
1972,G-DOD,GCL Dodgers,Los Angeles Dodgers
1972,G-CUB,GCL Cubs,Chicago Cubs
1972,WYT,Wytheville Braves,Atlanta Braves
1972,G-MET,GCL Mets,New York Mets
1972,G-PHI,GCL Phillies,Philadelphia Phillies
1972,G-RBI,GCL Red Birds,St. Louis Cardinals
1972,G-PIR,GCL Pirates,Pittsburgh Pirates
1972,G-ROY,GCL Royals,Kansas City Royals
1972,G-ORI,GCL Orioles,Baltimore Orioles
1972,G-RSX,GCL Red Sox,Boston Red Sox
1972,G-RED,GCL Reds,Cincinnati Reds
1972,G-TIG,GCL Tigers,Detroit Tigers
1972,G-TWI,GCL Twins,Minnesota Twins
1972,G-YAN,GCL Yankees,New York Yankees
1972,G-WSX,GCL White Sox,Chicago White Sox
1972,PUL,Pulaski Phillies,Philadelphia Phillies
1972,BRI,Bristol Tigers,Detroit Tigers
1972,JC,Johnson City Yankees,New York Yankees
1972,IDF,Idaho Falls Angels,California Angels
1973,TOL,Toledo Mud Hens,Detroit Tigers
1973,OAX,Guerreros de Oaxaca,Office of the Commissioner
1973,IOW,Iowa Oaks,Chicago White Sox
1973,PUE,Pericos de Puebla,Office of the Commissioner
1973,CAM,Piratas de Campeche,Office of the Commissioner
1973,EUG,Eugene Emeralds,Philadelphia Phillies
1973,CHA,Charleston Charlies,Pittsburgh Pirates
1973,AGS,Rieleros de Aguascalientes,Office of the Commissioner
1973,TAC,Tacoma Twins,Minnesota Twins
1973,MEX,Diablos Rojos del Mexico,Office of the Commissioner
1973,PAW,Pawtucket Red Sox,Boston Red Sox
1973,SLC,Salt Lake City Angels,California Angels
1973,ROC,Rochester Red Wings,Baltimore Orioles
1973,VER,Rojos del Aguila de Veracruz,Office of the Commissioner
1973,OMA,Omaha Royals,Kansas City Royals
1973,IND,Indianapolis Indians,Cincinnati Reds
1973,TUC,Tucson Toros,Oakland Athletics
1973,SPO,Spokane Indians,Texas Rangers
1973,SYR,Syracuse Chiefs,New York Yankees
1973,OKC,Oklahoma City 89ers,Cleveland Indians
1973,RIC,Richmond Braves,Atlanta Braves
1973,YUC,Leones de Yucatan,Office of the Commissioner
1973,MVA,Acereros del Norte,Office of the Commissioner
1973,CAN,Langosteros de Cancun,Office of the Commissioner
1973,MTY,Sultanes de Monterrey,Office of the Commissioner
1973,SAL,Saraperos de Saltillo,Office of the Commissioner
1973,POR,Portland Beavers,Cleveland Indians
1973,TID,Tidewater Tides,New York Mets
1973,TAB,Olmecas de Tabasco,Office of the Commissioner
1973,CHI,Dorados de Chihuahua,Office of the Commissioner
1973,KNO,Knoxville Sox,Chicago White Sox
1973,REA,Reading Phillies,Philadelphia Phillies
1973,MID,Midland Cubs,Chicago Cubs
1973,JAX,Jacksonville Suns,Kansas City Royals
1973,ORL,Orlando Twins,Minnesota Twins
1973,ELP,El Paso Diablos,Los Angeles Dodgers
1973,BIR,Birmingham A's,Oakland Athletics
1973,COL,Columbus Astros,Houston Astros
1973,ASH,Asheville Orioles,Baltimore Orioles
1973,ARK,Arkansas Travelers,St. Louis Cardinals
1973,SA,San Antonio Brewers,Cleveland Indians
1973,SAV,Savannah Braves,Atlanta Braves
1973,LYN,Lynchburg Twins,Minnesota Twins
1973,FTL,Fort Lauderdale Yankees,New York Yankees
1973,DAY,Daytona Beach Dodgers,Los Angeles Dodgers
1973,MOD,Modesto Reds,St. Louis Cardinals
1973,WS,Winston-Salem Red Sox,Boston Red Sox
1973,VIS,Visalia Mets,New York Mets
1973,KIN,Kinston Eagles,Office of the Commissioner
1973,BAK,Bakersfield Dodgers,Los Angeles Dodgers
1973,STP,St. Petersburg Cardinals,St. Louis Cardinals
1973,STK,Stockton Ports,Office of the Commissioner
1973,LOD,Lodi Lions,Baltimore Orioles
1973,MIA,Miami Orioles,Office of the Commissioner
1973,LAK,Lakeland Tigers,Detroit Tigers
1973,SJ,San Jose Bees,Kansas City Royals
1973,SAL,Salem Pirates,Pittsburgh Pirates
1973,BUR,Burlington Bees,Oakland Athletics
1973,CHS,Charleston Pirates,Pittsburgh Pirates
1973,CR,Cedar Rapids Astros,Houston Astros
1973,CLI,Clinton Pilots,Detroit Tigers
1973,QC,Quad Cities Angels,California Angels
1973,APP,Appleton Foxes,Chicago White Sox
1973,AUB,Auburn Phillies,Philadelphia Phillies
1973,JAM,Jamestown Expos,Montreal Expos
1973,ONE,Oneonta Yankees,New York Yankees
1973,ELM,Elmira Pioneers,Boston Red Sox
1973,BAT,Batavia Trojans,New York Mets
1973,BIL,Billings Mustangs,Kansas City Royals
1973,GRF,Great Falls Giants,San Francisco Giants
1973,BLU,Bluefield Orioles,Baltimore Orioles
1973,G-BRV,GCL Braves,Atlanta Braves
1973,G-DOD,GCL Dodgers,Los Angeles Dodgers
1973,G-CUB,GCL Cubs,Chicago Cubs
1973,WYT,Wytheville Braves,Atlanta Braves
1973,G-MET,GCL Mets,New York Mets
1973,G-RAN,GCL Rangers,Texas Rangers
1973,G-PHI,GCL Phillies,Philadelphia Phillies
1973,G-RBI,GCL Red Birds,St. Louis Cardinals
1973,G-PIR,GCL Pirates,Pittsburgh Pirates
1973,G-ROY,GCL Royals,Kansas City Royals
1973,G-ORI,GCL Orioles,Baltimore Orioles
1973,G-RSX,GCL Red Sox,Boston Red Sox
1973,G-RED,GCL Reds,Cincinnati Reds
1973,G-TIG,GCL Tigers,Detroit Tigers
1973,G-TWI,GCL Twins,Minnesota Twins
1973,G-YAN,GCL Yankees,New York Yankees
1973,G-WSX,GCL White Sox,Chicago White Sox
1973,PUL,Pulaski Phillies,Philadelphia Phillies
1973,BRI,Bristol Tigers,Detroit Tigers
1973,JC,Johnson City Yankees,New York Yankees
1973,IDF,Idaho Falls Angels,California Angels
1974,TOL,Toledo Mud Hens,Philadelphia Phillies
1974,OAX,Guerreros de Oaxaca,Office of the Commissioner
1974,IOW,Iowa Oaks,Chicago White Sox
1974,PUE,Pericos de Puebla,Office of the Commissioner
1974,CAM,Piratas de Campeche,Office of the Commissioner
1974,CHA,Charleston Charlies,Pittsburgh Pirates
1974,AGS,Rieleros de Aguascalientes,Office of the Commissioner
1974,TAC,Tacoma Twins,Minnesota Twins
1974,MEX,Diablos Rojos del Mexico,Office of the Commissioner
1974,PAW,Pawtucket Red Sox,Boston Red Sox
1974,SLC,Salt Lake City Angels,California Angels
1974,ROC,Rochester Red Wings,Baltimore Orioles
1974,VER,Rojos del Aguila de Veracruz,Office of the Commissioner
1974,OMA,Omaha Royals,Kansas City Royals
1974,IND,Indianapolis Indians,Cincinnati Reds
1974,TUC,Tucson Toros,Oakland Athletics
1974,SPO,Spokane Indians,Texas Rangers
1974,SYR,Syracuse Chiefs,New York Yankees
1974,OKC,Oklahoma City 89ers,Cleveland Indians
1974,RIC,Richmond Braves,Atlanta Braves
1974,YUC,Leones de Yucatan,Office of the Commissioner
1974,MVA,Acereros del Norte,Office of the Commissioner
1974,CAN,Langosteros de Cancun,Office of the Commissioner
1974,MTY,Sultanes de Monterrey,Office of the Commissioner
1974,SAL,Saraperos de Saltillo,Office of the Commissioner
1974,POR,Portland Beavers,Cleveland Indians
1974,TID,Tidewater Tides,New York Mets
1974,TAB,Olmecas de Tabasco,Office of the Commissioner
1974,CHI,Dorados de Chihuahua,Office of the Commissioner
1974,VIC,Victoria Toros,New York Mets
1974,KNO,Knoxville Sox,Chicago White Sox
1974,REA,Reading Phillies,Philadelphia Phillies
1974,MID,Midland Cubs,Chicago Cubs
1974,JAX,Jacksonville Suns,Kansas City Royals
1974,ORL,Orlando Twins,Minnesota Twins
1974,ELP,El Paso Diablos,Los Angeles Dodgers
1974,BIR,Birmingham A's,Oakland Athletics
1974,COL,Columbus Astros,Houston Astros
1974,ASH,Asheville Orioles,Baltimore Orioles
1974,ARK,Arkansas Travelers,St. Louis Cardinals
1974,SA,San Antonio Brewers,Cleveland Indians
1974,SAV,Savannah Braves,Atlanta Braves
1974,LYN,Lynchburg Twins,Minnesota Twins
1974,FTL,Fort Lauderdale Yankees,New York Yankees
1974,MOD,Modesto Reds,St. Louis Cardinals
1974,WS,Winston-Salem Red Sox,Boston Red Sox
1974,VIS,Visalia Mets,New York Mets
1974,KIN,Kinston Expos,Montreal Expos
1974,BAK,Bakersfield Dodgers,Los Angeles Dodgers
1974,STP,St. Petersburg Cardinals,St. Louis Cardinals
1974,STK,Stockton Ports,Office of the Commissioner
1974,LOD,Lodi Orioles,Baltimore Orioles
1974,MIA,Miami Orioles,Office of the Commissioner
1974,LAK,Lakeland Tigers,Detroit Tigers
1974,SJ,San Jose Bees,Kansas City Royals
1974,SAL,Salem Pirates,Pittsburgh Pirates
1974,BUR,Burlington Bees,Oakland Athletics
1974,CHS,Charleston Pirates,Pittsburgh Pirates
1974,CR,Cedar Rapids Astros,Houston Astros
1974,CLI,Clinton Pilots,Detroit Tigers
1974,QC,Quad Cities Angels,California Angels
1974,APP,Appleton Foxes,Chicago White Sox
1974,AUB,Auburn Phillies,Philadelphia Phillies
1974,EUG,Eugene Emeralds,Office of the Commissioner
1974,JAM,Jamestown Expos,Montreal Expos
1974,ONE,Oneonta Yankees,New York Yankees
1974,ELM,Elmira Pioneers,Boston Red Sox
1974,BAT,Batavia Trojans,New York Mets
1974,ELZ,Elizabethton Twins,Minnesota Twins
1974,BIL,Billings Mustangs,Cincinnati Reds
1974,GRF,Great Falls Giants,San Francisco Giants
1974,BLU,Bluefield Orioles,Baltimore Orioles
1974,G-BRV,GCL Braves,Atlanta Braves
1974,G-DOD,GCL Dodgers,Los Angeles Dodgers
1974,G-CUB,GCL Cubs,Chicago Cubs
1974,G-MET,GCL Mets,New York Mets
1974,G-RAN,GCL Rangers,Texas Rangers
1974,G-PHI,GCL Phillies,Philadelphia Phillies
1974,G-PIR,GCL Pirates,Pittsburgh Pirates
1974,G-ROY,GCL Royals,Kansas City Royals
1974,G-ORI,GCL Orioles,Baltimore Orioles
1974,G-RSX,GCL Red Sox,Boston Red Sox
1974,G-ROA,GCL Royals Academy,Kansas City Royals
1974,G-RED,GCL Reds,Cincinnati Reds
1974,G-TIG,GCL Tigers,Detroit Tigers
1974,G-TWI,GCL Twins,Minnesota Twins
1974,G-YAN,GCL Yankees,New York Yankees
1974,G-WSX,GCL White Sox,Chicago White Sox
1974,PUL,Pulaski Phillies,Philadelphia Phillies
1974,BRI,Bristol Tigers,Detroit Tigers
1974,JC,Johnson City Yankees,New York Yankees
1974,IDF,Idaho Falls Angels,California Angels
1975,TOL,Toledo Mud Hens,Philadelphia Phillies
1975,OAX,Guerreros de Oaxaca,Office of the Commissioner
1975,IOW,Iowa Oaks,Houston Astros
1975,PUE,Pericos de Puebla,Office of the Commissioner
1975,CAM,Piratas de Campeche,Office of the Commissioner
1975,CHA,Charleston Charlies,Pittsburgh Pirates
1975,AGS,Rieleros de Aguascalientes,Office of the Commissioner
1975,TAC,Tacoma Twins,Minnesota Twins
1975,MEX,Diablos Rojos del Mexico,Office of the Commissioner
1975,PAW,Pawtucket Red Sox,Boston Red Sox
1975,SLC,Salt Lake City Gulls,California Angels
1975,ROC,Rochester Red Wings,Baltimore Orioles
1975,VER,Rojos del Aguila de Veracruz,Office of the Commissioner
1975,OMA,Omaha Royals,Kansas City Royals
1975,IND,Indianapolis Indians,Cincinnati Reds
1975,TUC,Tucson Toros,Oakland Athletics
1975,SPO,Spokane Indians,Texas Rangers
1975,SYR,Syracuse Chiefs,New York Yankees
1975,OKC,Oklahoma City 89ers,Cleveland Indians
1975,RIC,Richmond Braves,Atlanta Braves
1975,YUC,Leones de Yucatan,Office of the Commissioner
1975,MVA,Acereros del Norte,Office of the Commissioner
1975,CAN,Langosteros de Cancun,Office of the Commissioner
1975,MTY,Sultanes de Monterrey,Office of the Commissioner
1975,SAL,Saraperos de Saltillo,Office of the Commissioner
1975,POR,Portland Beavers,Cleveland Indians
1975,TID,Tidewater Tides,New York Mets
1975,TAB,Olmecas de Tabasco,Office of the Commissioner
1975,CHI,Dorados de Chihuahua,Office of the Commissioner
1975,JAC,Jackson Mets,New York Mets
1975,KNO,Knoxville Sox,Chicago White Sox
1975,REA,Reading Phillies,Philadelphia Phillies
1975,MID,Midland Cubs,Chicago Cubs
1975,JAX,Jacksonville Suns,Kansas City Royals
1975,ORL,Orlando Twins,Minnesota Twins
1975,ELP,El Paso Diablos,Los Angeles Dodgers
1975,BIR,Birmingham A's,Oakland Athletics
1975,COL,Columbus Astros,Houston Astros
1975,ASH,Asheville Orioles,Baltimore Orioles
1975,SA,San Antonio Brewers,Cleveland Indians
1975,ARK,Arkansas Travelers,St. Louis Cardinals
1975,SAV,Savannah Braves,Atlanta Braves
1975,LYN,Lynchburg Rangers,Texas Rangers
1975,FTL,Fort Lauderdale Yankees,New York Yankees
1975,MOD,Modesto A's,Oakland Athletics
1975,WS,Winston-Salem Red Sox,Boston Red Sox
1975,VIS,Visalia Mets,New York Mets
1975,BAK,Bakersfield Dodgers,Los Angeles Dodgers
1975,STP,St. Petersburg Cardinals,St. Louis Cardinals
1975,STK,Stockton Ports,Office of the Commissioner
1975,LOD,Lodi Orioles,Baltimore Orioles
1975,MIA,Miami Orioles,Office of the Commissioner
1975,LAK,Lakeland Tigers,Detroit Tigers
1975,SJ,San Jose Bees,Cleveland Indians
1975,SAL,Salem Pirates,Pittsburgh Pirates
1975,BUR,Burlington Bees,Milwaukee Brewers
1975,CHS,Charleston Pirates,Pittsburgh Pirates
1975,CR,Cedar Rapids Giants,San Francisco Giants
1975,CLI,Clinton Pilots,Detroit Tigers
1975,QC,Quad Cities Angels,California Angels
1975,APP,Appleton Foxes,Chicago White Sox
1975,AUB,Auburn Phillies,Philadelphia Phillies
1975,ONE,Oneonta Yankees,New York Yankees
1975,EUG,Eugene Emeralds,Cincinnati Reds
1975,ELM,Elmira Pioneers,Boston Red Sox
1975,JAM,Jamestown Expos,Montreal Expos
1975,ELZ,Elizabethton Twins,Minnesota Twins
1975,BIL,Billings Mustangs,Cincinnati Reds
1975,GRF,Great Falls Giants,San Francisco Giants
1975,BLU,Bluefield Orioles,Baltimore Orioles
1975,G-BRV,GCL Braves,Atlanta Braves
1975,G-DOD,GCL Dodgers,Los Angeles Dodgers
1975,G-CUB,GCL Cubs,Chicago Cubs
1975,G-MET,GCL Mets,New York Mets
1975,G-RAN,GCL Rangers,Texas Rangers
1975,G-PHI,GCL Phillies,Philadelphia Phillies
1975,G-PIR,GCL Pirates,Pittsburgh Pirates
1975,G-ROY,GCL Royals,Kansas City Royals
1975,G-ORI,GCL Orioles,Baltimore Orioles
1975,G-RSX,GCL Red Sox,Boston Red Sox
1975,G-RED,GCL Reds,Cincinnati Reds
1975,G-TIG,GCL Tigers,Detroit Tigers
1975,G-TWI,GCL Twins,Minnesota Twins
1975,G-YAN,GCL Yankees,New York Yankees
1975,G-WSX,GCL White Sox,Chicago White Sox
1975,PUL,Pulaski Phillies,Philadelphia Phillies
1975,BRI,Bristol Tigers,Detroit Tigers
1975,JC,Johnson City Cardinals,St. Louis Cardinals
1975,IDF,Idaho Falls Angels,California Angels
1976,TOL,Toledo Mud Hens,Cleveland Indians
1976,OAX,Guerreros de Oaxaca,Office of the Commissioner
1976,IOW,Iowa Oaks,Chicago White Sox
1976,PUE,Pericos de Puebla,Office of the Commissioner
1976,CAM,Piratas de Campeche,Office of the Commissioner
1976,CHA,Charleston Charlies,Pittsburgh Pirates
1976,AGS,Rieleros de Aguascalientes,Office of the Commissioner
1976,TAC,Tacoma Twins,Minnesota Twins
1976,MEX,Diablos Rojos del Mexico,Office of the Commissioner
1976,RI,Rhode Island Red Sox,Boston Red Sox
1976,SLC,Salt Lake City Gulls,California Angels
1976,ROC,Rochester Red Wings,Baltimore Orioles
1976,VER,Rojos del Aguila de Veracruz,Office of the Commissioner
1976,OMA,Omaha Royals,Kansas City Royals
1976,IND,Indianapolis Indians,Cincinnati Reds
1976,TUC,Tucson Toros,Oakland Athletics
1976,SPO,Spokane Indians,Milwaukee Brewers
1976,SYR,Syracuse Chiefs,New York Yankees
1976,OKC,Oklahoma City 89ers,Philadelphia Phillies
1976,RIC,Richmond Braves,Atlanta Braves
1976,YUC,Leones de Yucatan,Office of the Commissioner
1976,MVA,Acereros del Norte,Office of the Commissioner
1976,CAN,Langosteros de Cancun,Office of the Commissioner
1976,MTY,Sultanes de Monterrey,Office of the Commissioner
1976,SAL,Saraperos de Saltillo,Office of the Commissioner
1976,POR,Portland Beavers,Cleveland Indians
1976,TID,Tidewater Tides,New York Mets
1976,TAB,Olmecas de Tabasco,Office of the Commissioner
1976,CHI,Dorados de Chihuahua,Office of the Commissioner
1976,JAC,Jackson Mets,New York Mets
1976,KNO,Knoxville Sox,Chicago White Sox
1976,REA,Reading Phillies,Philadelphia Phillies
1976,MID,Midland Cubs,Chicago Cubs
1976,CLT,Charlotte O's,Baltimore Orioles
1976,CHA,Chattanooga Lookouts,Oakland Athletics
1976,JAX,Jacksonville Suns,Kansas City Royals
1976,ORL,Orlando Twins,Minnesota Twins
1976,ELP,El Paso Diablos,Los Angeles Dodgers
1976,COL,Columbus Astros,Houston Astros
1976,ARK,Arkansas Travelers,St. Louis Cardinals
1976,SA,San Antonio Brewers,Texas Rangers
1976,SAV,Savannah Braves,Atlanta Braves
1976,FTL,Fort Lauderdale Yankees,New York Yankees
1976,LYN,Lynchburg Mets,New York Mets
1976,MOD,Modesto A's,Oakland Athletics
1976,WS,Winston-Salem Red Sox,Boston Red Sox
1976,STP,St. Petersburg Cardinals,St. Louis Cardinals
1976,STK,Stockton Ports,Office of the Commissioner
1976,LOD,Lodi Dodgers,Los Angeles Dodgers
1976,MIA,Miami Orioles,Office of the Commissioner
1976,LAK,Lakeland Tigers,Detroit Tigers
1976,SJ,San Jose Bees,Cleveland Indians
1976,SAL,Salem Pirates,Pittsburgh Pirates
1976,BUR,Burlington Bees,Milwaukee Brewers
1976,CHS,Charleston Patriots,Pittsburgh Pirates
1976,CR,Cedar Rapids Giants,San Francisco Giants
1976,QC,Quad Cities Angels,California Angels
1976,APP,Appleton Foxes,Chicago White Sox
1976,ASH,Asheville Tourists,Texas Rangers
1976,AUB,Auburn Phillies,Philadelphia Phillies
1976,EUG,Eugene Emeralds,Cincinnati Reds
1976,JAM,Jamestown Expos,Montreal Expos
1976,ONE,Oneonta Yankees,New York Yankees
1976,ELM,Elmira Pioneers,Boston Red Sox
1976,BAT,Batavia Trojans,Cleveland Indians
1976,ELZ,Elizabethton Twins,Minnesota Twins
1976,BIL,Billings Mustangs,Cincinnati Reds
1976,GRF,Great Falls Giants,San Francisco Giants
1976,BLU,Bluefield Orioles,Baltimore Orioles
1976,G-BRV,GCL Braves,Atlanta Braves
1976,G-DOD,GCL Dodgers,Los Angeles Dodgers
1976,G-CUB,GCL Cubs,Chicago Cubs
1976,G-MET,GCL Mets,New York Mets
1976,G-RAN,GCL Rangers,Texas Rangers
1976,G-PHI,GCL Phillies,Philadelphia Phillies
1976,G-PIR,GCL Pirates,Pittsburgh Pirates
1976,G-ROY,GCL Royals,Kansas City Royals
1976,G-ORI,GCL Orioles,Baltimore Orioles
1976,G-RSX,GCL Red Sox,Boston Red Sox
1976,G-RED,GCL Reds,Cincinnati Reds
1976,G-TIG,GCL Tigers,Detroit Tigers
1976,G-TWI,GCL Twins,Minnesota Twins
1976,G-YAN,GCL Yankees,New York Yankees
1976,G-WSX,GCL White Sox,Chicago White Sox
1976,BRI,Bristol Tigers,Detroit Tigers
1976,JC,Johnson City Cardinals,St. Louis Cardinals
1976,IDF,Idaho Falls Angels,California Angels
1977,TOL,Toledo Mud Hens,Cleveland Indians
1977,OAX,Guerreros de Oaxaca,Office of the Commissioner
1977,IOW,Iowa Oaks,Chicago White Sox
1977,PUE,Pericos de Puebla,Office of the Commissioner
1977,CAM,Piratas de Campeche,Office of the Commissioner
1977,CHA,Charleston Charlies,Houston Astros
1977,AGS,Rieleros de Aguascalientes,Office of the Commissioner
1977,TAC,Tacoma Twins,Minnesota Twins
1977,MEX,Diablos Rojos del Mexico,Office of the Commissioner
1977,PAW,Pawtucket Red Sox,Boston Red Sox
1977,ROC,Rochester Red Wings,Baltimore Orioles
1977,SLC,Salt Lake City Gulls,California Angels
1977,VER,Rojos del Aguila de Veracruz,Office of the Commissioner
1977,SJ,San Jose Missions,Oakland Athletics
1977,OMA,Omaha Royals,Kansas City Royals
1977,IND,Indianapolis Indians,Cincinnati Reds
1977,TUC,Tucson Toros,Texas Rangers
1977,SPO,Spokane Indians,Milwaukee Brewers
1977,SYR,Syracuse Chiefs,New York Yankees
1977,OKC,Oklahoma City 89ers,Philadelphia Phillies
1977,RIC,Richmond Braves,Atlanta Braves
1977,MVA,Acereros del Norte,Office of the Commissioner
1977,YUC,Leones de Yucatan,Office of the Commissioner
1977,CAN,Langosteros de Cancun,Office of the Commissioner
1977,MTY,Sultanes de Monterrey,Office of the Commissioner
1977,SAL,Saraperos de Saltillo,Office of the Commissioner
1977,TID,Tidewater Tides,New York Mets
1977,POR,Portland Beavers,Cleveland Indians
1977,TAB,Olmecas de Tabasco,Office of the Commissioner
1977,COL,Columbus Clippers,Pittsburgh Pirates
1977,CHI,Dorados de Chihuahua,Office of the Commissioner
1977,JAC,Jackson Mets,New York Mets
1977,TUL,Tulsa Drillers,Texas Rangers
1977,KNO,Knoxville Sox,Chicago White Sox
1977,REA,Reading Phillies,Philadelphia Phillies
1977,MID,Midland Cubs,Chicago Cubs
1977,CLT,Charlotte O's,Baltimore Orioles
1977,CHA,Chattanooga Lookouts,Oakland Athletics
1977,JAX,Jacksonville Suns,Kansas City Royals
1977,ORL,Orlando Twins,Minnesota Twins
1977,ELP,El Paso Diablos,Los Angeles Dodgers
1977,COL,Columbus Astros,Houston Astros
1977,ARK,Arkansas Travelers,St. Louis Cardinals
1977,SA,San Antonio Dodgers,Los Angeles Dodgers
1977,SAV,Savannah Braves,Atlanta Braves
1977,FTL,Fort Lauderdale Yankees,New York Yankees
1977,LYN,Lynchburg Mets,New York Mets
1977,DAY,Daytona Beach Islanders,Kansas City Royals
1977,MOD,Modesto A's,Oakland Athletics
1977,WS,Winston-Salem Red Sox,Boston Red Sox
1977,VIS,Visalia Oaks,Minnesota Twins
1977,STP,St. Petersburg Cardinals,St. Louis Cardinals
1977,STK,Stockton Ports,Office of the Commissioner
1977,LOD,Lodi Dodgers,Los Angeles Dodgers
1977,MIA,Miami Orioles,Office of the Commissioner
1977,LAK,Lakeland Tigers,Detroit Tigers
1977,SAL,Salem Pirates,Pittsburgh Pirates
1977,BUR,Burlington Bees,Milwaukee Brewers
1977,WAT,Waterloo Indians,Cleveland Indians
1977,CHS,Charleston Patriots,Pittsburgh Pirates
1977,CR,Cedar Rapids Giants,San Francisco Giants
1977,CLI,Clinton Dodgers,Los Angeles Dodgers
1977,QC,Quad City Angels,California Angels
1977,SHE,Shelby Reds,Cincinnati Reds
1977,APP,Appleton Foxes,Chicago White Sox
1977,ASH,Asheville Tourists,Texas Rangers
1977,GEN,Geneva Cubs,Chicago Cubs
1977,AUB,Auburn Phillies,Philadelphia Phillies
1977,EUG,Eugene Emeralds,Cincinnati Reds
1977,JAM,Jamestown Expos,Montreal Expos
1977,ONE,Oneonta Yankees,New York Yankees
1977,ELM,Elmira Pioneers,Boston Red Sox
1977,BAT,Batavia Trojans,Cleveland Indians
1977,ELZ,Elizabethton Twins,Minnesota Twins
1977,BIL,Billings Mustangs,Cincinnati Reds
1977,GRF,Great Falls Giants,San Francisco Giants
1977,BLU,Bluefield Orioles,Baltimore Orioles
1977,G-AST,GCL Astros,Houston Astros
1977,G-BRV,GCL Braves,Atlanta Braves
1977,G-DOD,GCL Dodgers,Los Angeles Dodgers
1977,G-CUB,GCL Cubs,Chicago Cubs
1977,G-MET,GCL Mets,New York Mets
1977,G-RAN,GCL Rangers,Texas Rangers
1977,G-PHI,GCL Phillies,Philadelphia Phillies
1977,G-PIR,GCL Pirates,Pittsburgh Pirates
1977,G-ROY,GCL Royals,Kansas City Royals
1977,G-ORI,GCL Orioles,Baltimore Orioles
1977,G-RSX,GCL Red Sox,Boston Red Sox
1977,G-RED,GCL Reds,Cincinnati Reds
1977,G-TIG,GCL Tigers,Detroit Tigers
1977,G-TWI,GCL Twins,Minnesota Twins
1977,G-YAN,GCL Yankees,New York Yankees
1977,G-WSX,GCL White Sox,Chicago White Sox
1977,BRI,Bristol Tigers,Detroit Tigers
1977,JC,Johnson City Cardinals,St. Louis Cardinals
1977,IDF,Idaho Falls Angels,California Angels
1978,TOL,Toledo Mud Hens,Minnesota Twins
1978,OAX,Guerreros de Oaxaca,Office of the Commissioner
1978,IOW,Iowa Oaks,Chicago White Sox
1978,PUE,Pericos de Puebla,Office of the Commissioner
1978,CAM,Piratas de Campeche,Office of the Commissioner
1978,CHA,Charleston Charlies,Houston Astros
1978,AGS,Rieleros de Aguascalientes,Office of the Commissioner
1978,TAC,Tacoma Yankees,New York Yankees
1978,MEX,Diablos Rojos del Mexico,Office of the Commissioner
1978,PAW,Pawtucket Red Sox,Boston Red Sox
1978,SLC,Salt Lake City Gulls,California Angels
1978,ROC,Rochester Red Wings,Baltimore Orioles
1978,VER,Rojos del Aguila de Veracruz,Office of the Commissioner
1978,SJ,San Jose Missions,Seattle Mariners
1978,OMA,Omaha Royals,Kansas City Royals
1978,IND,Indianapolis Indians,Cincinnati Reds
1978,TUC,Tucson Toros,Texas Rangers
1978,SPO,Spokane Indians,Milwaukee Brewers
1978,SYR,Syracuse Chiefs,Toronto Blue Jays
1978,OKC,Oklahoma City 89ers,Philadelphia Phillies
1978,RIC,Richmond Braves,Atlanta Braves
1978,YUC,Leones de Yucatan,Office of the Commissioner
1978,MVA,Acereros del Norte,Office of the Commissioner
1978,CAN,Langosteros de Cancun,Office of the Commissioner
1978,MTY,Sultanes de Monterrey,Office of the Commissioner
1978,SAL,Saraperos de Saltillo,Office of the Commissioner
1978,POR,Portland Beavers,Cleveland Indians
1978,TID,Tidewater Tides,New York Mets
1978,TAB,Olmecas de Tabasco,Office of the Commissioner
1978,COL,Columbus Clippers,Pittsburgh Pirates
1978,CHI,Dorados de Chihuahua,Office of the Commissioner
1978,JAC,Jackson Mets,New York Mets
1978,TUL,Tulsa Drillers,Texas Rangers
1978,KNO,Knoxville Sox,Chicago White Sox
1978,REA,Reading Phillies,Philadelphia Phillies
1978,NAS,Nashville Sounds,Cincinnati Reds
1978,MID,Midland Cubs,Chicago Cubs
1978,CLT,Charlotte O's,Baltimore Orioles
1978,CHA,Chattanooga Lookouts,Cleveland Indians
1978,JAX,Jacksonville Suns,Kansas City Royals
1978,ORL,Orlando Twins,Minnesota Twins
1978,ELP,El Paso Diablos,Los Angeles Dodgers
1978,COL,Columbus Astros,Houston Astros
1978,SA,San Antonio Dodgers,Los Angeles Dodgers
1978,ARK,Arkansas Travelers,St. Louis Cardinals
1978,SAV,Savannah Braves,Atlanta Braves
1978,FTL,Fort Lauderdale Yankees,New York Yankees
1978,LYN,Lynchburg Mets,New York Mets
1978,DAY,Daytona Beach Astros,Houston Astros
1978,MOD,Modesto A's,Oakland Athletics
1978,WS,Winston-Salem Red Sox,Boston Red Sox
1978,VIS,Visalia Oaks,Minnesota Twins
1978,KIN,Kinston Eagles,Office of the Commissioner
1978,STP,St. Petersburg Cardinals,St. Louis Cardinals
1978,STK,Stockton Mariners,Seattle Mariners
1978,LOD,Lodi Dodgers,Los Angeles Dodgers
1978,MIA,Miami Orioles,Office of the Commissioner
1978,LAK,Lakeland Tigers,Detroit Tigers
1978,SAL,Salem Pirates,Pittsburgh Pirates
1978,BUR,Burlington Bees,Milwaukee Brewers
1978,WAT,Waterloo Indians,Cleveland Indians
1978,CHS,Charleston Pirates,Pittsburgh Pirates
1978,CR,Cedar Rapids Giants,San Francisco Giants
1978,CLI,Clinton Dodgers,Los Angeles Dodgers
1978,QC,Quad City Angels,California Angels
1978,SHE,Shelby Reds,Cincinnati Reds
1978,APP,Appleton Foxes,Chicago White Sox
1978,ASH,Asheville Tourists,Texas Rangers
1978,GEN,Geneva Cubs,Chicago Cubs
1978,EUG,Eugene Emeralds,Cincinnati Reds
1978,JAM,Jamestown Expos,Montreal Expos
1978,ONE,Oneonta Yankees,New York Yankees
1978,ELM,Elmira Pioneers,Boston Red Sox
1978,BAT,Batavia Trojans,Cleveland Indians
1978,ELZ,Elizabethton Twins,Minnesota Twins
1978,BIL,Billings Mustangs,Cincinnati Reds
1978,GRF,Great Falls Giants,San Francisco Giants
1978,BLU,Bluefield Orioles,Baltimore Orioles
1978,G-AST,GCL Astros,Houston Astros
1978,G-BRV,GCL Braves,Atlanta Braves
1978,G-DOD,GCL Dodgers,Los Angeles Dodgers
1978,G-CUB,GCL Cubs,Chicago Cubs
1978,G-MET,GCL Mets,New York Mets
1978,G-RAN,GCL Rangers,Texas Rangers
1978,G-PHI,GCL Phillies,Philadelphia Phillies
1978,G-PIR,GCL Pirates,Pittsburgh Pirates
1978,G-ROY,GCL Royals,Kansas City Royals
1978,G-ORI,GCL Orioles,Baltimore Orioles
1978,G-RSX,GCL Red Sox,Boston Red Sox
1978,G-RED,GCL Reds,Cincinnati Reds
1978,G-TIG,GCL Tigers,Detroit Tigers
1978,G-TWI,GCL Twins,Minnesota Twins
1978,G-YAN,GCL Yankees,New York Yankees
1978,G-WSX,GCL White Sox,Chicago White Sox
1978,BRI,Bristol Tigers,Detroit Tigers
1978,HEL,Helena Phillies,Philadelphia Phillies
1978,JC,Johnson City Cardinals,St. Louis Cardinals
1978,IDF,Idaho Falls Angels,California Angels
1979,TOL,Toledo Mud Hens,Minnesota Twins
1979,OAX,Guerreros de Oaxaca,Office of the Commissioner
1979,IOW,Iowa Oaks,Chicago White Sox
1979,PUE,Pericos de Puebla,Office of the Commissioner
1979,CAM,Piratas de Campeche,Office of the Commissioner
1979,CHA,Charleston Charlies,Houston Astros
1979,AGS,Rieleros de Aguascalientes,Office of the Commissioner
1979,TAC,Tacoma Tugs,Cleveland Indians
1979,MEX,Diablos Rojos del Mexico,Office of the Commissioner
1979,PAW,Pawtucket Red Sox,Boston Red Sox
1979,ROC,Rochester Red Wings,Baltimore Orioles
1979,SLC,Salt Lake City Gulls,California Angels
1979,VER,Rojos del Aguila de Veracruz,Office of the Commissioner
1979,OMA,Omaha Royals,Kansas City Royals
1979,IND,Indianapolis Indians,Cincinnati Reds
1979,TUC,Tucson Toros,Texas Rangers
1979,SPO,Spokane Indians,Seattle Mariners
1979,SYR,Syracuse Chiefs,Toronto Blue Jays
1979,OKC,Oklahoma City 89ers,Philadelphia Phillies
1979,RIC,Richmond Braves,Atlanta Braves
1979,MVA,Acereros del Norte,Office of the Commissioner
1979,YUC,Leones de Yucatan,Office of the Commissioner
1979,CAN,Langosteros de Cancun,Office of the Commissioner
1979,MTY,Sultanes de Monterrey,Office of the Commissioner
1979,SAL,Saraperos de Saltillo,Office of the Commissioner
1979,TID,Tidewater Tides,New York Mets
1979,POR,Portland Beavers,Pittsburgh Pirates
1979,TAB,Olmecas de Tabasco,Office of the Commissioner
1979,COL,Columbus Clippers,New York Yankees
1979,CHI,Dorados de Chihuahua,Office of the Commissioner
1979,JAC,Jackson Mets,New York Mets
1979,TUL,Tulsa Drillers,Texas Rangers
1979,BUF,Buffalo Bisons,Pittsburgh Pirates
1979,KNO,Knoxville Sox,Chicago White Sox
1979,REA,Reading Phillies,Philadelphia Phillies
1979,NAS,Nashville Sounds,Cincinnati Reds
1979,MID,Midland Cubs,Chicago Cubs
1979,CLT,Charlotte O's,Baltimore Orioles
1979,CHA,Chattanooga Lookouts,Cleveland Indians
1979,JAX,Jacksonville Suns,Kansas City Royals
1979,ORL,Orlando Twins,Minnesota Twins
1979,ELP,El Paso Diablos,Los Angeles Dodgers
1979,COL,Columbus Astros,Houston Astros
1979,ARK,Arkansas Travelers,St. Louis Cardinals
1979,SA,San Antonio Dodgers,Los Angeles Dodgers
1979,SAV,Savannah Braves,Atlanta Braves
1979,LYN,Lynchburg Mets,New York Mets
1979,FTL,Fort Lauderdale Yankees,New York Yankees
1979,DAY,Daytona Beach Astros,Houston Astros
1979,MOD,Modesto A's,Oakland Athletics
1979,WS,Winston-Salem Red Sox,Boston Red Sox
1979,VIS,Visalia Oaks,Minnesota Twins
1979,KIN,Kinston Eagles,Toronto Blue Jays
1979,STP,St. Petersburg Cardinals,St. Louis Cardinals
1979,LOD,Lodi Dodgers,Los Angeles Dodgers
1979,MIA,Miami Orioles,Office of the Commissioner
1979,ALE,Alexandria Mariners,Seattle Mariners
1979,LAK,Lakeland Tigers,Detroit Tigers
1979,SJ,San Jose Missions,Seattle Mariners
1979,SAL,Salem Pirates,Pittsburgh Pirates
1979,BUR,Burlington Bees,Milwaukee Brewers
1979,WAT,Waterloo Indians,Cleveland Indians
1979,CR,Cedar Rapids Giants,San Francisco Giants
1979,CLI,Clinton Dodgers,Los Angeles Dodgers
1979,QC,Quad City Cubs,Chicago Cubs
1979,SHE,Shelby Pirates,Pittsburgh Pirates
1979,APP,Appleton Foxes,Chicago White Sox
1979,ASH,Asheville Tourists,Texas Rangers
1979,GBO,Greensboro Hornets,Cincinnati Reds
1979,GEN,Geneva Cubs,Chicago Cubs
1979,EUG,Eugene Emeralds,Cincinnati Reds
1979,JAM,Jamestown Expos,Montreal Expos
1979,MED,Medford A's,Oakland Athletics
1979,ONE,Oneonta Yankees,New York Yankees
1979,ELM,Elmira Pioneers,Boston Red Sox
1979,BAT,Batavia Trojans,Cleveland Indians
1979,ELZ,Elizabethton Twins,Minnesota Twins
1979,BIL,Billings Mustangs,Cincinnati Reds
1979,GRF,Great Falls Giants,San Francisco Giants
1979,BLU,Bluefield Orioles,Baltimore Orioles
1979,G-AST,GCL Astros,Houston Astros
1979,G-BRV,GCL Braves,Atlanta Braves
1979,G-DOD,GCL Dodgers,Los Angeles Dodgers
1979,G-CUB,GCL Cubs,Chicago Cubs
1979,G-MET,GCL Mets,New York Mets
1979,G-RAN,GCL Rangers,Texas Rangers
1979,G-PHI,GCL Phillies,Philadelphia Phillies
1979,G-PIR,GCL Pirates,Pittsburgh Pirates
1979,G-ROY,GCL Royals,Kansas City Royals
1979,G-ORI,GCL Orioles,Baltimore Orioles
1979,G-RSX,GCL Red Sox,Boston Red Sox
1979,G-RED,GCL Reds,Cincinnati Reds
1979,G-ROB,GCL Royals Blue,Kansas City Royals
1979,G-TIG,GCL Tigers,Detroit Tigers
1979,G-ROG,GCL Royals Gold,Kansas City Royals
1979,G-TWI,GCL Twins,Minnesota Twins
1979,G-YAN,GCL Yankees,New York Yankees
1979,G-WSX,GCL White Sox,Chicago White Sox
1979,BRI,Bristol Tigers,Detroit Tigers
1979,HEL,Helena Phillies,Philadelphia Phillies
1979,JC,Johnson City Cardinals,St. Louis Cardinals
1979,IDF,Idaho Falls Angels,California Angels
1980,TOL,Toledo Mud Hens,Minnesota Twins
1980,OAX,Guerreros de Oaxaca,Office of the Commissioner
1980,IOW,Iowa Oaks,Chicago White Sox
1980,PUE,Pericos de Puebla,Office of the Commissioner
1980,CAM,Piratas de Campeche,Office of the Commissioner
1980,CHA,Charleston Charlies,Texas Rangers
1980,AGS,Rieleros de Aguascalientes,Office of the Commissioner
1980,TAC,Tacoma Tigers,Cleveland Indians
1980,MEX,Diablos Rojos del Mexico,Office of the Commissioner
1980,PAW,Pawtucket Red Sox,Boston Red Sox
1980,SLC,Salt Lake City Gulls,California Angels
1980,ROC,Rochester Red Wings,Baltimore Orioles
1980,VER,Rojos del Aguila de Veracruz,Office of the Commissioner
1980,OMA,Omaha Royals,Kansas City Royals
1980,IND,Indianapolis Indians,Cincinnati Reds
1980,TUC,Tucson Toros,Houston Astros
1980,SPO,Spokane Indians,Seattle Mariners
1980,SYR,Syracuse Chiefs,Toronto Blue Jays
1980,OKC,Oklahoma City 89ers,Philadelphia Phillies
1980,RIC,Richmond Braves,Atlanta Braves
1980,YUC,Leones de Yucatan,Office of the Commissioner
1980,MVA,Acereros del Norte,Office of the Commissioner
1980,CAN,Langosteros de Cancun,Office of the Commissioner
1980,MTY,Sultanes de Monterrey,Office of the Commissioner
1980,SAL,Saraperos de Saltillo,Office of the Commissioner
1980,POR,Portland Beavers,Pittsburgh Pirates
1980,TID,Tidewater Tides,New York Mets
1980,TAB,Olmecas de Tabasco,Office of the Commissioner
1980,COL,Columbus Clippers,New York Yankees
1980,CHI,Dorados de Chihuahua,Office of the Commissioner
1980,TUL,Tulsa Drillers,Texas Rangers
1980,REA,Reading Phillies,Philadelphia Phillies
1980,ORL,Orlando Twins,Minnesota Twins
1980,SAV,Savannah Braves,Atlanta Braves
1980,JAC,Jackson Mets,New York Mets
1980,BUF,Buffalo Bisons,Pittsburgh Pirates
1980,KNO,Knoxville Blue Jays,Toronto Blue Jays
1980,NAS,Nashville Sounds,New York Yankees
1980,MID,Midland Cubs,Chicago Cubs
1980,CLT,Charlotte O's,Baltimore Orioles
1980,CHA,Chattanooga Lookouts,Cleveland Indians
1980,JAX,Jacksonville Suns,Kansas City Royals
1980,ELP,El Paso Diablos,Los Angeles Dodgers
1980,COL,Columbus Astros,Houston Astros
1980,ARK,Arkansas Travelers,St. Louis Cardinals
1980,SA,San Antonio Dodgers,Los Angeles Dodgers
1980,FTL,Fort Lauderdale Yankees,New York Yankees
1980,DAY,Daytona Beach Astros,Houston Astros
1980,MOD,Modesto A's,Oakland Athletics
1980,WS,Winston-Salem Red Sox,Boston Red Sox
1980,VIS,Visalia Oaks,Minnesota Twins
1980,VER,Vero Beach Dodgers,Los Angeles Dodgers
1980,LOD,Lodi Dodgers,Los Angeles Dodgers
1980,MIA,Miami Orioles,Office of the Commissioner
1980,SJ,San Jose Missions,Seattle Mariners
1980,SAL,Salem Pirates,Pittsburgh Pirates
1980,LYN,Lynchburg Mets,New York Mets
1980,KIN,Kinston Eagles,Toronto Blue Jays
1980,STP,St. Petersburg Cardinals,St. Louis Cardinals
1980,DUR,Durham Bulls,Atlanta Braves
1980,LAK,Lakeland Tigers,Detroit Tigers
1980,BUR,Burlington Bees,Milwaukee Brewers
1980,WAT,Waterloo Indians,Cleveland Indians
1980,CHS,Charleston Royals,Kansas City Royals
1980,CR,Cedar Rapids Reds,Cincinnati Reds
1980,CLI,Clinton Giants,San Francisco Giants
1980,QC,Quad City Cubs,Chicago Cubs
1980,SHE,Shelby Pirates,Pittsburgh Pirates
1980,APP,Appleton Foxes,Chicago White Sox
1980,ASH,Asheville Tourists,Texas Rangers
1980,GBO,Greensboro Hornets,New York Yankees
1980,GEN,Geneva Cubs,Chicago Cubs
1980,EUG,Eugene Emeralds,Cincinnati Reds
1980,JAM,Jamestown Expos,Montreal Expos
1980,MED,Medford A's,Oakland Athletics
1980,ONE,Oneonta Yankees,New York Yankees
1980,ELM,Elmira Pioneers,Boston Red Sox
1980,BAT,Batavia Trojans,Cleveland Indians
1980,ELZ,Elizabethton Twins,Minnesota Twins
1980,BIL,Billings Mustangs,Cincinnati Reds
1980,GRF,Great Falls Giants,San Francisco Giants
1980,BLU,Bluefield Orioles,Baltimore Orioles
1980,G-AST,GCL Astros,Houston Astros
1980,G-ASB,GCL Astros Blue,Houston Astros
1980,G-ASO,GCL Astros Orange,Houston Astros
1980,G-BRV,GCL Braves,Atlanta Braves
1980,G-DOD,GCL Dodgers,Los Angeles Dodgers
1980,G-CUB,GCL Cubs,Chicago Cubs
1980,G-MET,GCL Mets,New York Mets
1980,G-RAN,GCL Rangers,Texas Rangers
1980,G-PHI,GCL Phillies,Philadelphia Phillies
1980,G-PIR,GCL Pirates,Pittsburgh Pirates
1980,G-ROY,GCL Royals,Kansas City Royals
1980,G-ORI,GCL Orioles,Baltimore Orioles
1980,G-RSX,GCL Red Sox,Boston Red Sox
1980,G-RED,GCL Reds,Cincinnati Reds
1980,G-ROB,GCL Royals Blue,Kansas City Royals
1980,G-TIG,GCL Tigers,Detroit Tigers
1980,G-ROG,GCL Royals Gold,Kansas City Royals
1980,G-TWI,GCL Twins,Minnesota Twins
1980,G-YAN,GCL Yankees,New York Yankees
1980,G-WSX,GCL White Sox,Chicago White Sox
1980,BRI,Bristol Tigers,Detroit Tigers
1980,HEL,Helena Phillies,Philadelphia Phillies
1980,JC,Johnson City Cardinals,St. Louis Cardinals
1980,KNG,Kingsport Mets,New York Mets
1980,IDF,Idaho Falls Angels,California Angels
1981,TOL,Toledo Mud Hens,Minnesota Twins
1981,OAX,Guerreros de Oaxaca,Office of the Commissioner
1981,IOW,Iowa Oaks,Chicago Cubs
1981,PUE,Pericos de Puebla,Office of the Commissioner
1981,CAM,Piratas de Campeche,Office of the Commissioner
1981,CHA,Charleston Charlies,Cleveland Indians
1981,AGS,Rieleros de Aguascalientes,Office of the Commissioner
1981,TAC,Tacoma Tigers,Oakland Athletics
1981,MEX,Diablos Rojos del Mexico,Office of the Commissioner
1981,PAW,Pawtucket Red Sox,Boston Red Sox
1981,SLC,Salt Lake City Gulls,California Angels
1981,ROC,Rochester Red Wings,Baltimore Orioles
1981,VER,Rojos del Aguila de Veracruz,Office of the Commissioner
1981,OMA,Omaha Royals,Kansas City Royals
1981,IND,Indianapolis Indians,Cincinnati Reds
1981,TUC,Tucson Toros,Houston Astros
1981,SPO,Spokane Indians,Seattle Mariners
1981,SYR,Syracuse Chiefs,Toronto Blue Jays
1981,OKC,Oklahoma City 89ers,Philadelphia Phillies
1981,RIC,Richmond Braves,Atlanta Braves
1981,YUC,Leones de Yucatan,Office of the Commissioner
1981,MVA,Acereros del Norte,Office of the Commissioner
1981,CAN,Langosteros de Cancun,Office of the Commissioner
1981,MTY,Sultanes de Monterrey,Office of the Commissioner
1981,SAL,Saraperos de Saltillo,Office of the Commissioner
1981,POR,Portland Beavers,Pittsburgh Pirates
1981,TID,Tidewater Tides,New York Mets
1981,TAB,Olmecas de Tabasco,Office of the Commissioner
1981,COL,Columbus Clippers,New York Yankees
1981,CHI,Dorados de Chihuahua,Office of the Commissioner
1981,TUL,Tulsa Drillers,Texas Rangers
1981,REA,Reading Phillies,Philadelphia Phillies
1981,ORL,Orlando Twins,Minnesota Twins
1981,SAV,Savannah Braves,Atlanta Braves
1981,JAC,Jackson Mets,New York Mets
1981,BUF,Buffalo Bisons,Pittsburgh Pirates
1981,KNO,Knoxville Blue Jays,Toronto Blue Jays
1981,NAS,Nashville Sounds,New York Yankees
1981,MID,Midland Cubs,Chicago Cubs
1981,CLT,Charlotte O's,Baltimore Orioles
1981,CHA,Chattanooga Lookouts,Cleveland Indians
1981,JAX,Jacksonville Suns,Kansas City Royals
1981,ELP,El Paso Diablos,Milwaukee Brewers
1981,BIR,Birmingham Barons,Detroit Tigers
1981,COL,Columbus Astros,Houston Astros
1981,SA,San Antonio Dodgers,Los Angeles Dodgers
1981,ARK,Arkansas Travelers,St. Louis Cardinals
1981,FTL,Fort Lauderdale Yankees,New York Yankees
1981,DAY,Daytona Beach Astros,Houston Astros
1981,MOD,Modesto A's,Oakland Athletics
1981,WS,Winston-Salem Red Sox,Boston Red Sox
1981,VIS,Visalia Oaks,Minnesota Twins
1981,VER,Vero Beach Dodgers,Los Angeles Dodgers
1981,LOD,Lodi Dodgers,Los Angeles Dodgers
1981,MIA,Miami Orioles,Office of the Commissioner
1981,SAL,Salem Redbirds,San Diego Padres
1981,LYN,Lynchburg Mets,New York Mets
1981,KIN,Kinston Eagles,Toronto Blue Jays
1981,RED,Redwood Pioneers,California Angels
1981,STP,St. Petersburg Cardinals,St. Louis Cardinals
1981,DUR,Durham Bulls,Atlanta Braves
1981,HAG,Hagerstown Suns,Baltimore Orioles
1981,ALE,Alexandria Dukes,Pittsburgh Pirates
1981,LAK,Lakeland Tigers,Detroit Tigers
1981,BUR,Burlington Bees,Milwaukee Brewers
1981,WAT,Waterloo Indians,Cleveland Indians
1981,CHS,Charleston Royals,Kansas City Royals
1981,CR,Cedar Rapids Reds,Cincinnati Reds
1981,WAU,Wausau Timbers,Seattle Mariners
1981,CLI,Clinton Giants,San Francisco Giants
1981,QC,Quad City Cubs,Chicago Cubs
1981,SHE,Shelby Mets,New York Mets
1981,APP,Appleton Foxes,Chicago White Sox
1981,ASH,Asheville Tourists,Texas Rangers
1981,GBO,Greensboro Hornets,New York Yankees
1981,GEN,Geneva Cubs,Chicago Cubs
1981,SAL,Salem Senators,California Angels
1981,EUG,Eugene Emeralds,Cincinnati Reds
1981,JAM,Jamestown Expos,Montreal Expos
1981,MED,Medford A's,Oakland Athletics
1981,ERI,Erie Cardinals,St. Louis Cardinals
1981,ONE,Oneonta Yankees,New York Yankees
1981,ELM,Elmira Pioneers,Boston Red Sox
1981,BAT,Batavia Trojans,Cleveland Indians
1981,ELZ,Elizabethton Twins,Minnesota Twins
1981,BIL,Billings Mustangs,Cincinnati Reds
1981,GRF,Great Falls Giants,San Francisco Giants
1981,BLU,Bluefield Orioles,Baltimore Orioles
1981,G-AST,GCL Astros,Houston Astros
1981,G-ASB,GCL Astros Blue,Houston Astros
1981,G-ASO,GCL Astros Orange,Houston Astros
1981,G-BRV,GCL Braves,Atlanta Braves
1981,G-DOD,GCL Dodgers,Los Angeles Dodgers
1981,G-CUB,GCL Cubs,Chicago Cubs
1981,G-PAD,GCL Padres,San Diego Padres
1981,G-MET,GCL Mets,New York Mets
1981,G-RAN,GCL Rangers,Texas Rangers
1981,G-PHI,GCL Phillies,Philadelphia Phillies
1981,G-PIR,GCL Pirates,Pittsburgh Pirates
1981,G-ROY,GCL Royals,Kansas City Royals
1981,G-ORI,GCL Orioles,Baltimore Orioles
1981,G-RSX,GCL Red Sox,Boston Red Sox
1981,G-RED,GCL Reds,Cincinnati Reds
1981,G-ROB,GCL Royals Blue,Kansas City Royals
1981,G-TIG,GCL Tigers,Detroit Tigers
1981,G-ROG,GCL Royals Gold,Kansas City Royals
1981,G-TWI,GCL Twins,Minnesota Twins
1981,G-YAN,GCL Yankees,New York Yankees
1981,G-WSX,GCL White Sox,Chicago White Sox
1981,BRI,Bristol Tigers,Detroit Tigers
1981,HEL,Helena Phillies,Philadelphia Phillies
1981,JC,Johnson City Cardinals,St. Louis Cardinals
1981,KNG,Kingsport Mets,New York Mets
1981,IDF,Idaho Falls Angels,California Angels
1982,TOL,Toledo Mud Hens,Minnesota Twins
1982,OAX,Guerreros de Oaxaca,Office of the Commissioner
1982,IOW,Iowa Cubs,Chicago Cubs
1982,PUE,Pericos de Puebla,Office of the Commissioner
1982,CAM,Piratas de Campeche,Office of the Commissioner
1982,CHA,Charleston Charlies,Cleveland Indians
1982,AGS,Rieleros de Aguascalientes,Office of the Commissioner
1982,TAC,Tacoma Tigers,Oakland Athletics
1982,MEX,Diablos Rojos del Mexico,Office of the Commissioner
1982,PAW,Pawtucket Red Sox,Boston Red Sox
1982,ROC,Rochester Red Wings,Baltimore Orioles
1982,SLC,Salt Lake City Gulls,Seattle Mariners
1982,VER,Rojos del Aguila de Veracruz,Office of the Commissioner
1982,OMA,Omaha Royals,Kansas City Royals
1982,LOU,Louisville Redbirds,St. Louis Cardinals
1982,IND,Indianapolis Indians,Cincinnati Reds
1982,TUC,Tucson Toros,Houston Astros
1982,SPO,Spokane Indians,California Angels
1982,SYR,Syracuse Chiefs,Toronto Blue Jays
1982,OKC,Oklahoma City 89ers,Philadelphia Phillies
1982,RIC,Richmond Braves,Atlanta Braves
1982,MVA,Acereros del Norte,Office of the Commissioner
1982,YUC,Leones de Yucatan,Office of the Commissioner
1982,CAN,Langosteros de Cancun,Office of the Commissioner
1982,MTY,Sultanes de Monterrey,Office of the Commissioner
1982,SAL,Saraperos de Saltillo,Office of the Commissioner
1982,TID,Tidewater Tides,New York Mets
1982,POR,Portland Beavers,Pittsburgh Pirates
1982,TAB,Olmecas de Tabasco,Office of the Commissioner
1982,COL,Columbus Clippers,New York Yankees
1982,CHI,Dorados de Chihuahua,Office of the Commissioner
1982,TUL,Tulsa Drillers,Texas Rangers
1982,REA,Reading Phillies,Philadelphia Phillies
1982,ORL,Orlando Twins,Minnesota Twins
1982,SAV,Savannah Braves,Atlanta Braves
1982,JAC,Jackson Mets,New York Mets
1982,BUF,Buffalo Bisons,Pittsburgh Pirates
1982,KNO,Knoxville Blue Jays,Toronto Blue Jays
1982,NAS,Nashville Sounds,New York Yankees
1982,MID,Midland Cubs,Chicago Cubs
1982,CLT,Charlotte O's,Baltimore Orioles
1982,CHA,Chattanooga Lookouts,Cleveland Indians
1982,JAX,Jacksonville Suns,Kansas City Royals
1982,ELP,El Paso Diablos,Milwaukee Brewers
1982,BIR,Birmingham Barons,Detroit Tigers
1982,COL,Columbus Astros,Houston Astros
1982,ARK,Arkansas Travelers,St. Louis Cardinals
1982,SA,San Antonio Dodgers,Los Angeles Dodgers
1982,FTL,Fort Lauderdale Yankees,New York Yankees
1982,DAY,Daytona Beach Astros,Houston Astros
1982,MOD,Modesto A's,Oakland Athletics
1982,WS,Winston-Salem Red Sox,Boston Red Sox
1982,VIS,Visalia Oaks,Minnesota Twins
1982,VER,Vero Beach Dodgers,Los Angeles Dodgers
1982,LOD,Lodi Dodgers,Los Angeles Dodgers
1982,MIA,Miami Marlins,Office of the Commissioner
1982,SJ,San Jose Expos,Montreal Expos
1982,SAL,Salem Redbirds,San Diego Padres
1982,LYN,Lynchburg Mets,New York Mets
1982,KIN,Kinston Blue Jays,Toronto Blue Jays
1982,BAK,Bakersfield Mariners,Seattle Mariners
1982,RED,Redwood Pioneers,California Angels
1982,STP,St. Petersburg Cardinals,St. Louis Cardinals
1982,DUR,Durham Bulls,Atlanta Braves
1982,HAG,Hagerstown Suns,Baltimore Orioles
1982,ALE,Alexandria Dukes,Pittsburgh Pirates
1982,LAK,Lakeland Tigers,Detroit Tigers
1982,BUR,Burlington Rangers,Texas Rangers
1982,MAD,Madison Muskies,Oakland Athletics
1982,WAT,Waterloo Indians,Cleveland Indians
1982,CHS,Charleston Royals,Kansas City Royals
1982,BEL,Beloit Brewers,Milwaukee Brewers
1982,CR,Cedar Rapids Reds,Cincinnati Reds
1982,WAU,Wausau Timbers,Seattle Mariners
1982,CLI,Clinton Giants,San Francisco Giants
1982,QC,Quad City Cubs,Chicago Cubs
1982,SHE,Shelby Mets,New York Mets
1982,APP,Appleton Foxes,Chicago White Sox
1982,ASH,Asheville Tourists,Houston Astros
1982,GBO,Greensboro Hornets,New York Yankees
1982,GEN,Geneva Cubs,Chicago Cubs
1982,SAL,Salem Angels,California Angels
1982,AUB,Auburn Astros,Houston Astros
1982,EUG,Eugene Emeralds,Cincinnati Reds
1982,JAM,Jamestown Expos,Montreal Expos
1982,MED,Medford A's,Oakland Athletics
1982,ERI,Erie Cardinals,St. Louis Cardinals
1982,ONE,Oneonta Yankees,New York Yankees
1982,ELM,Elmira Pioneers,Boston Red Sox
1982,BAT,Batavia Trojans,Cleveland Indians
1982,ELZ,Elizabethton Twins,Minnesota Twins
1982,BIL,Billings Mustangs,Cincinnati Reds
1982,PIK,Pikeville Brewers,Milwaukee Brewers
1982,GRF,Great Falls Giants,San Francisco Giants
1982,BLU,Bluefield Orioles,Baltimore Orioles
1982,G-AST,GCL Astros,Houston Astros
1982,G-BRV,GCL Braves,Atlanta Braves
1982,G-DOD,GCL Dodgers,Los Angeles Dodgers
1982,G-CUB,GCL Cubs,Chicago Cubs
1982,G-PAD,GCL Padres,San Diego Padres
1982,G-MET,GCL Mets,New York Mets
1982,G-RAN,GCL Rangers,Texas Rangers
1982,G-PHI,GCL Phillies,Philadelphia Phillies
1982,G-PIR,GCL Pirates,Pittsburgh Pirates
1982,G-ROY,GCL Royals,Kansas City Royals
1982,G-ORI,GCL Orioles,Baltimore Orioles
1982,G-RSX,GCL Red Sox,Boston Red Sox
1982,G-RED,GCL Reds,Cincinnati Reds
1982,G-TIG,GCL Tigers,Detroit Tigers
1982,G-TWI,GCL Twins,Minnesota Twins
1982,G-YAN,GCL Yankees,New York Yankees
1982,G-WSX,GCL White Sox,Chicago White Sox
1982,PUL,Pulaski Braves,Atlanta Braves
1982,BRI,Bristol Tigers,Detroit Tigers
1982,HEL,Helena Phillies,Philadelphia Phillies
1982,JC,Johnson City Cardinals,St. Louis Cardinals
1982,KNG,Kingsport Mets,New York Mets
1982,IDF,Idaho Falls A's,Oakland Athletics
1983,TOL,Toledo Mud Hens,Minnesota Twins
1983,OAX,Guerreros de Oaxaca,Office of the Commissioner
1983,IOW,Iowa Cubs,Chicago Cubs
1983,PUE,Pericos de Puebla,Office of the Commissioner
1983,CAM,Piratas de Campeche,Office of the Commissioner
1983,CHA,Charleston Charlies,Cleveland Indians
1983,AGS,Rieleros de Aguascalientes,Office of the Commissioner
1983,LV,Las Vegas Stars,San Diego Padres
1983,TAC,Tacoma Tigers,Oakland Athletics
1983,MEX,Diablos Rojos del Mexico,Office of the Commissioner
1983,PAW,Pawtucket Red Sox,Boston Red Sox
1983,SLC,Salt Lake City Gulls,Seattle Mariners
1983,ROC,Rochester Red Wings,Baltimore Orioles
1983,VER,Rojos del Aguila de Veracruz,Office of the Commissioner
1983,OMA,Omaha Royals,Kansas City Royals
1983,LOU,Louisville Redbirds,St. Louis Cardinals
1983,IND,Indianapolis Indians,Cincinnati Reds
1983,TUC,Tucson Toros,Houston Astros
1983,SYR,Syracuse Chiefs,Toronto Blue Jays
1983,OKC,Oklahoma City 89ers,Texas Rangers
1983,RIC,Richmond Braves,Atlanta Braves
1983,YUC,Leones de Yucatan,Office of the Commissioner
1983,MVA,Acereros del Norte,Office of the Commissioner
1983,CAN,Langosteros de Cancun,Office of the Commissioner
1983,MTY,Sultanes de Monterrey,Office of the Commissioner
1983,SAL,Saraperos de Saltillo,Office of the Commissioner
1983,POR,Portland Beavers,Philadelphia Phillies
1983,TID,Tidewater Tides,New York Mets
1983,TAB,Olmecas de Tabasco,Office of the Commissioner
1983,EDM,Edmonton Trappers,California Angels
1983,COL,Columbus Clippers,New York Yankees
1983,CHI,Dorados de Chihuahua,Office of the Commissioner
1983,TUL,Tulsa Drillers,Texas Rangers
1983,REA,Reading Phillies,Philadelphia Phillies
1983,ORL,Orlando Twins,Minnesota Twins
1983,NBR,New Britain Red Sox,Boston Red Sox
1983,SAV,Savannah Braves,Atlanta Braves
1983,JAC,Jackson Mets,New York Mets
1983,BUF,Buffalo Bisons,Cleveland Indians
1983,KNO,Knoxville Blue Jays,Toronto Blue Jays
1983,NAS,Nashville Sounds,New York Yankees
1983,MID,Midland Cubs,Chicago Cubs
1983,CLT,Charlotte O's,Baltimore Orioles
1983,CHA,Chattanooga Lookouts,Seattle Mariners
1983,JAX,Jacksonville Suns,Kansas City Royals
1983,ELP,El Paso Diablos,Milwaukee Brewers
1983,BIR,Birmingham Barons,Detroit Tigers
1983,COL,Columbus Astros,Houston Astros
1983,SA,San Antonio Dodgers,Los Angeles Dodgers
1983,ARK,Arkansas Travelers,St. Louis Cardinals
1983,FTL,Fort Lauderdale Yankees,New York Yankees
1983,DAY,Daytona Beach Astros,Houston Astros
1983,MOD,Modesto A's,Oakland Athletics
1983,WS,Winston-Salem Red Sox,Boston Red Sox
1983,VIS,Visalia Oaks,Minnesota Twins
1983,VER,Vero Beach Dodgers,Los Angeles Dodgers
1983,LOD,Lodi Dodgers,Los Angeles Dodgers
1983,MIA,Miami Marlins,Office of the Commissioner
1983,SAL,Salem Redbirds,San Diego Padres
1983,LYN,Lynchburg Mets,New York Mets
1983,KIN,Kinston Blue Jays,Toronto Blue Jays
1983,RED,Redwood Pioneers,California Angels
1983,BAK,Bakersfield Mariners,Seattle Mariners
1983,STP,St. Petersburg Cardinals,St. Louis Cardinals
1983,DUR,Durham Bulls,Atlanta Braves
1983,HAG,Hagerstown Suns,Baltimore Orioles
1983,ALE,Alexandria Dukes,Pittsburgh Pirates
1983,LAK,Lakeland Tigers,Detroit Tigers
1983,BUR,Burlington Rangers,Texas Rangers
1983,MAD,Madison Muskies,Oakland Athletics
1983,WAT,Waterloo Indians,Cleveland Indians
1983,CHS,Charleston Royals,Kansas City Royals
1983,BEL,Beloit Brewers,Milwaukee Brewers
1983,CR,Cedar Rapids Reds,Cincinnati Reds
1983,WAU,Wausau Timbers,Seattle Mariners
1983,CLI,Clinton Giants,San Francisco Giants
1983,QC,Quad City Cubs,Chicago Cubs
1983,COL,Columbia Mets,New York Mets
1983,PEO,Peoria Suns,California Angels
1983,APP,Appleton Foxes,Chicago White Sox
1983,ASH,Asheville Tourists,Houston Astros
1983,GBO,Greensboro Hornets,New York Yankees
1983,GEN,Geneva Cubs,Chicago Cubs
1983,SAL,Salem Angels,California Angels
1983,SPO,Spokane Indians,San Diego Padres
1983,AUB,Auburn Astros,Houston Astros
1983,WAT,Watertown Pirates,Pittsburgh Pirates
1983,EUG,Eugene Emeralds,Cincinnati Reds
1983,JAM,Jamestown Expos,Montreal Expos
1983,MED,Medford A's,Oakland Athletics
1983,ERI,Erie Cardinals,St. Louis Cardinals
1983,ONE,Oneonta Yankees,New York Yankees
1983,ELM,Elmira Suns,Boston Red Sox
1983,BAT,Batavia Trojans,Cleveland Indians
1983,ELZ,Elizabethton Twins,Minnesota Twins
1983,BIL,Billings Mustangs,Cincinnati Reds
1983,PIK,Pikeville Cubs,Chicago Cubs
1983,GRF,Great Falls Giants,San Francisco Giants
1983,BLU,Bluefield Orioles,Baltimore Orioles
1983,G-AST,GCL Astros,Houston Astros
1983,G-BRV,GCL Braves,Atlanta Braves
1983,G-DOD,GCL Dodgers,Los Angeles Dodgers
1983,G-CUB,GCL Cubs,Chicago Cubs
1983,G-MET,GCL Mets,New York Mets
1983,G-RAN,GCL Rangers,Texas Rangers
1983,G-PHI,GCL Phillies,Philadelphia Phillies
1983,G-PIR,GCL Pirates,Pittsburgh Pirates
1983,G-ROY,GCL Royals,Kansas City Royals
1983,G-ORI,GCL Orioles,Baltimore Orioles
1983,G-RSX,GCL Red Sox,Boston Red Sox
1983,G-RED,GCL Reds,Cincinnati Reds
1983,G-TIG,GCL Tigers,Detroit Tigers
1983,G-TWI,GCL Twins,Minnesota Twins
1983,G-YAN,GCL Yankees,New York Yankees
1983,G-WSX,GCL White Sox,Chicago White Sox
1983,PUL,Pulaski Braves,Atlanta Braves
1983,BRI,Bristol Tigers,Detroit Tigers
1983,HEL,Helena Phillies,Philadelphia Phillies
1983,JC,Johnson City Cardinals,St. Louis Cardinals
1983,KNG,Kingsport Mets,New York Mets
1983,IDF,Idaho Falls A's,Oakland Athletics
1984,TOL,Toledo Mud Hens,Minnesota Twins
1984,OAX,Guerreros de Oaxaca,Office of the Commissioner
1984,IOW,Iowa Cubs,Chicago Cubs
1984,PUE,Pericos de Puebla,Office of the Commissioner
1984,CAM,Piratas de Campeche,Office of the Commissioner
1984,AGS,Rieleros de Aguascalientes,Office of the Commissioner
1984,LV,Las Vegas Stars,San Diego Padres
1984,TAC,Tacoma Tigers,Oakland Athletics
1984,MEX,Diablos Rojos del Mexico,Office of the Commissioner
1984,PAW,Pawtucket Red Sox,Boston Red Sox
1984,ROC,Rochester Red Wings,Baltimore Orioles
1984,SLC,Salt Lake City Gulls,Seattle Mariners
1984,VER,Rojos del Aguila de Veracruz,Office of the Commissioner
1984,OMA,Omaha Royals,Kansas City Royals
1984,LOU,Louisville Redbirds,St. Louis Cardinals
1984,IND,Indianapolis Indians,Montreal Expos
1984,TUC,Tucson Toros,Houston Astros
1984,SYR,Syracuse Chiefs,Toronto Blue Jays
1984,MEM,Memphis Redbirds,Kansas City Royals
1984,OKC,Oklahoma City 89ers,Texas Rangers
1984,RIC,Richmond Braves,Atlanta Braves
1984,MVA,Acereros del Norte,Office of the Commissioner
1984,YUC,Leones de Yucatan,Office of the Commissioner
1984,CAN,Langosteros de Cancun,Office of the Commissioner
1984,MTY,Sultanes de Monterrey,Office of the Commissioner
1984,SAL,Saraperos de Saltillo,Office of the Commissioner
1984,TID,Tidewater Tides,New York Mets
1984,POR,Portland Beavers,Philadelphia Phillies
1984,TAB,Olmecas de Tabasco,Office of the Commissioner
1984,EDM,Edmonton Trappers,California Angels
1984,COL,Columbus Clippers,New York Yankees
1984,CHI,Dorados de Chihuahua,Office of the Commissioner
1984,TUL,Tulsa Drillers,Texas Rangers
1984,REA,Reading Phillies,Philadelphia Phillies
1984,MEM,Memphis Chicks,Kansas City Royals
1984,ORL,Orlando Twins,Minnesota Twins
1984,NBR,New Britain Red Sox,Boston Red Sox
1984,JAC,Jackson Mets,New York Mets
1984,BUF,Buffalo Bisons,Cleveland Indians
1984,KNO,Knoxville Blue Jays,Toronto Blue Jays
1984,NAS,Nashville Sounds,New York Yankees
1984,MID,Midland Cubs,Chicago Cubs
1984,CLT,Charlotte O's,Baltimore Orioles
1984,CHA,Chattanooga Lookouts,Seattle Mariners
1984,JAX,Jacksonville Suns,Montreal Expos
1984,ELP,El Paso Diablos,Milwaukee Brewers
1984,BIR,Birmingham Barons,Detroit Tigers
1984,COL,Columbus Astros,Houston Astros
1984,ARK,Arkansas Travelers,St. Louis Cardinals
1984,SA,San Antonio Dodgers,Los Angeles Dodgers
1984,FTL,Fort Lauderdale Yankees,New York Yankees
1984,DAY,Daytona Beach Astros,Houston Astros
1984,MOD,Modesto A's,Oakland Athletics
1984,WS,Winston-Salem Spirits,Boston Red Sox
1984,VIS,Visalia Oaks,Minnesota Twins
1984,VER,Vero Beach Dodgers,Los Angeles Dodgers
1984,STK,Stockton Ports,Office of the Commissioner
1984,LOD,Lodi Crushers,Chicago Cubs
1984,MIA,Miami Marlins,Office of the Commissioner
1984,SJ,San Jose Bees,Office of the Commissioner
1984,SAL,Salem Redbirds,Texas Rangers
1984,LYN,Lynchburg Mets,New York Mets
1984,KIN,Kinston Blue Jays,Toronto Blue Jays
1984,BAK,Bakersfield Dodgers,Los Angeles Dodgers
1984,RED,Redwood Pioneers,California Angels
1984,STP,St. Petersburg Cardinals,St. Louis Cardinals
1984,DUR,Durham Bulls,Atlanta Braves
1984,HAG,Hagerstown Suns,Baltimore Orioles
1984,PW,Prince William Pirates,Pittsburgh Pirates
1984,LAK,Lakeland Tigers,Detroit Tigers
1984,BUR,Burlington Rangers,Texas Rangers
1984,MAD,Madison Muskies,Oakland Athletics
1984,WAT,Waterloo Indians,Cleveland Indians
1984,CHS,Charleston Royals,Kansas City Royals
1984,BEL,Beloit Brewers,Milwaukee Brewers
1984,CR,Cedar Rapids Reds,Cincinnati Reds
1984,WAU,Wausau Timbers,Seattle Mariners
1984,CLI,Clinton Giants,San Francisco Giants
1984,QC,Quad City Cubs,Chicago Cubs
1984,COL,Columbia Mets,New York Mets
1984,PEO,Peoria Chiefs,California Angels
1984,APP,Appleton Foxes,Chicago White Sox
1984,ASH,Asheville Tourists,Houston Astros
1984,GBO,Greensboro Hornets,New York Yankees
1984,SAV,Savannah Cardinals,St. Louis Cardinals
1984,GEN,Geneva Cubs,Chicago Cubs
1984,SAL,Salem Angels,California Angels
1984,SPO,Spokane Indians,San Diego Padres
1984,AUB,Auburn Astros,Houston Astros
1984,WAT,Watertown Pirates,Pittsburgh Pirates
1984,EUG,Eugene Emeralds,Kansas City Royals
1984,JAM,Jamestown Expos,Montreal Expos
1984,MED,Medford A's,Oakland Athletics
1984,EVE,Everett Giants,San Francisco Giants
1984,ERI,Erie Cardinals,St. Louis Cardinals
1984,ONE,Oneonta Yankees,New York Yankees
1984,ELM,Elmira Suns,Boston Red Sox
1984,BAT,Batavia Trojans,Cleveland Indians
1984,ELZ,Elizabethton Twins,Minnesota Twins
1984,BIL,Billings Mustangs,Cincinnati Reds
1984,PIK,Pikeville Cubs,Chicago Cubs
1984,GRF,Great Falls Dodgers,Los Angeles Dodgers
1984,BLU,Bluefield Orioles,Baltimore Orioles
1984,G-AST,GCL Astros,Houston Astros
1984,G-BRV,GCL Braves,Atlanta Braves
1984,G-DOD,GCL Dodgers,Los Angeles Dodgers
1984,G-CUB,GCL Cubs,Chicago Cubs
1984,G-MET,GCL Mets,New York Mets
1984,G-RAN,GCL Rangers,Texas Rangers
1984,G-PHI,GCL Phillies,Philadelphia Phillies
1984,G-PIR,GCL Pirates,Pittsburgh Pirates
1984,G-ROY,GCL Royals,Kansas City Royals
1984,G-ORI,GCL Orioles,Baltimore Orioles
1984,G-RSX,GCL Red Sox,Boston Red Sox
1984,G-RED,GCL Reds,Cincinnati Reds
1984,G-TIG,GCL Tigers,Detroit Tigers
1984,G-TWI,GCL Twins,Minnesota Twins
1984,G-YAN,GCL Yankees,New York Yankees
1984,G-WSX,GCL White Sox,Chicago White Sox
1984,PUL,Pulaski Braves,Atlanta Braves
1984,BRI,Bristol Tigers,Detroit Tigers
1984,HEL,Helena Gold Sox,Office of the Commissioner
1984,JC,Johnson City Cardinals,St. Louis Cardinals
1984,KNG,Kingsport Mets,New York Mets
1984,IDF,Idaho Falls A's,Oakland Athletics
1985,TOL,Toledo Mud Hens,Minnesota Twins
1985,IOW,Iowa Cubs,Chicago Cubs
1985,OAX,Guerreros de Oaxaca,Office of the Commissioner
1985,PUE,Pericos de Puebla,Office of the Commissioner
1985,CAM,Piratas de Campeche,Office of the Commissioner
1985,LV,Las Vegas Stars,San Diego Padres
1985,AGS,Rieleros de Aguascalientes,Office of the Commissioner
1985,TAC,Tacoma Tigers,Oakland Athletics
1985,MEX,Diablos Rojos del Mexico,Office of the Commissioner
1985,PAW,Pawtucket Red Sox,Boston Red Sox
1985,CAL,Calgary Cannons,Seattle Mariners
1985,ROC,Rochester Red Wings,Baltimore Orioles
1985,VER,Rojos del Aguila de Veracruz,Office of the Commissioner
1985,OMA,Omaha Royals,Kansas City Royals
1985,LOU,Louisville Redbirds,St. Louis Cardinals
1985,IND,Indianapolis Indians,Montreal Expos
1985,TUC,Tucson Toros,Houston Astros
1985,BUF,Buffalo Bisons,Chicago White Sox
1985,SYR,Syracuse Chiefs,Toronto Blue Jays
1985,MEM,Memphis Redbirds,Kansas City Royals
1985,NAS,Nashville Sounds,Detroit Tigers
1985,OKC,Oklahoma City 89ers,Texas Rangers
1985,RIC,Richmond Braves,Atlanta Braves
1985,YUC,Leones de Yucatan,Office of the Commissioner
1985,MVA,Acereros del Norte,Office of the Commissioner
1985,CAN,Langosteros de Cancun,Office of the Commissioner
1985,MTY,Sultanes de Monterrey,Office of the Commissioner
1985,SAL,Saraperos de Saltillo,Office of the Commissioner
1985,POR,Portland Beavers,Philadelphia Phillies
1985,TID,Tidewater Tides,New York Mets
1985,TAB,Olmecas de Tabasco,Office of the Commissioner
1985,EDM,Edmonton Trappers,California Angels
1985,COL,Columbus Clippers,New York Yankees
1985,CHI,Dorados de Chihuahua,Office of the Commissioner
1985,TUL,Tulsa Drillers,Texas Rangers
1985,REA,Reading Phillies,Philadelphia Phillies
1985,MEM,Memphis Chicks,Kansas City Royals
1985,ORL,Orlando Twins,Minnesota Twins
1985,NBR,New Britain Red Sox,Boston Red Sox
1985,JAC,Jackson Mets,New York Mets
1985,KNO,Knoxville Blue Jays,Toronto Blue Jays
1985,MID,Midland Angels,California Angels
1985,CLT,Charlotte O's,Baltimore Orioles
1985,HVL,Huntsville Stars,Oakland Athletics
1985,CHA,Chattanooga Lookouts,Seattle Mariners
1985,JAX,Jacksonville Expos,Montreal Expos
1985,ELP,El Paso Diablos,Milwaukee Brewers
1985,BIR,Birmingham Barons,Detroit Tigers
1985,COL,Columbus Astros,Houston Astros
1985,SA,San Antonio Dodgers,Los Angeles Dodgers
1985,ARK,Arkansas Travelers,St. Louis Cardinals
1985,FTL,Fort Lauderdale Yankees,New York Yankees
1985,MOD,Modesto A's,Oakland Athletics
1985,WS,Winston-Salem Spirits,Chicago Cubs
1985,VIS,Visalia Oaks,Minnesota Twins
1985,VER,Vero Beach Dodgers,Los Angeles Dodgers
1985,STK,Stockton Ports,Milwaukee Brewers
1985,MIA,Miami Marlins,Office of the Commissioner
1985,SJ,San Jose Bees,Office of the Commissioner
1985,SAL,Salem Redbirds,Texas Rangers
1985,LYN,Lynchburg Mets,New York Mets
1985,KIN,Kinston Blue Jays,Toronto Blue Jays
1985,BAK,Bakersfield Dodgers,Los Angeles Dodgers
1985,RED,Redwood Pioneers,California Angels
1985,STP,St. Petersburg Cardinals,St. Louis Cardinals
1985,DUR,Durham Bulls,Atlanta Braves
1985,HAG,Hagerstown Suns,Baltimore Orioles
1985,PW,Prince William Pirates,Pittsburgh Pirates
1985,CLR,Clearwater Phillies,Philadelphia Phillies
1985,LAK,Lakeland Tigers,Detroit Tigers
1985,BUR,Burlington Rangers,Texas Rangers
1985,MAD,Madison Muskies,Oakland Athletics
1985,WAT,Waterloo Indians,Cleveland Indians
1985,CHS,Charleston Rainbows,San Diego Padres
1985,BEL,Beloit Brewers,Milwaukee Brewers
1985,CR,Cedar Rapids Reds,Cincinnati Reds
1985,WAU,Wausau Timbers,Seattle Mariners
1985,CLI,Clinton Giants,San Francisco Giants
1985,QC,Quad City Angels,California Angels
1985,COL,Columbia Mets,New York Mets
1985,PEO,Peoria Chiefs,Chicago Cubs
1985,APP,Appleton Foxes,Chicago White Sox
1985,ASH,Asheville Tourists,Houston Astros
1985,GBO,Greensboro Hornets,Boston Red Sox
1985,SUM,Sumter Braves,Atlanta Braves
1985,SAV,Savannah Cardinals,St. Louis Cardinals
1985,GEN,Geneva Cubs,Chicago Cubs
1985,SAL,Salem Angels,California Angels
1985,SPO,Spokane Indians,San Diego Padres
1985,AUB,Auburn Astros,Houston Astros
1985,WAT,Watertown Pirates,Pittsburgh Pirates
1985,EUG,Eugene Emeralds,Kansas City Royals
1985,JAM,Jamestown Expos,Montreal Expos
1985,MED,Medford A's,Oakland Athletics
1985,EVE,Everett Giants,San Francisco Giants
1985,ERI,Erie Cardinals,St. Louis Cardinals
1985,ONE,Oneonta Yankees,New York Yankees
1985,ELM,Elmira Pioneers,Boston Red Sox
1985,BAT,Batavia Trojans,Cleveland Indians
1985,ELZ,Elizabethton Twins,Minnesota Twins
1985,BIL,Billings Mustangs,Cincinnati Reds
1985,WYT,Wytheville Cubs,Chicago Cubs
1985,GRF,Great Falls Dodgers,Los Angeles Dodgers
1985,BLU,Bluefield Orioles,Baltimore Orioles
1985,G-AST,GCL Astros,Houston Astros
1985,G-BRV,GCL Braves,Atlanta Braves
1985,G-DOD,GCL Dodgers,Los Angeles Dodgers
1985,G-CUB,GCL Cubs,Chicago Cubs
1985,G-MET,GCL Mets,New York Mets
1985,G-RAN,GCL Rangers,Texas Rangers
1985,G-PHI,GCL Phillies,Philadelphia Phillies
1985,G-PIR,GCL Pirates,Pittsburgh Pirates
1985,G-ROY,GCL Royals,Kansas City Royals
1985,G-ORI,GCL Orioles,Baltimore Orioles
1985,G-RSX,GCL Red Sox,Boston Red Sox
1985,G-RED,GCL Reds,Cincinnati Reds
1985,G-TIG,GCL Tigers,Detroit Tigers
1985,G-TWI,GCL Twins,Minnesota Twins
1985,G-YAN,GCL Yankees,New York Yankees
1985,G-WSX,GCL White Sox,Chicago White Sox
1985,D-BRV,DSL Braves,Atlanta Braves
1985,D-BRW,DSL Brewers,Milwaukee Brewers
1985,D-CUB,DSL Cubs,Chicago Cubs
1985,PUL,Pulaski Braves,Atlanta Braves
1985,D-MRN,DSL Mariners,Seattle Mariners
1985,D-ORI,DSL Orioles,Baltimore Orioles
1985,BRI,Bristol Tigers,Detroit Tigers
1985,D-PHI,DSL Phillies,Philadelphia Phillies
1985,D-PIR,DSL Pirates,Pittsburgh Pirates
1985,HEL,Helena Gold Sox,Milwaukee Brewers
1985,D-ROY,DSL Royals,Kansas City Royals
1985,JC,Johnson City Cardinals,St. Louis Cardinals
1985,D-TWI,DSL Twins,Minnesota Twins
1985,D-YAN,DSL Yankees,New York Yankees
1985,KNG,Kingsport Mets,New York Mets
1986,TOL,Toledo Mud Hens,Minnesota Twins
1986,OAX,Guerreros de Oaxaca,Office of the Commissioner
1986,IOW,Iowa Cubs,Chicago Cubs
1986,PUE,Pericos de Puebla,Office of the Commissioner
1986,CAM,Piratas de Campeche,Office of the Commissioner
1986,AGS,Rieleros de Aguascalientes,Office of the Commissioner
1986,LV,Las Vegas Stars,San Diego Padres
1986,TAC,Tacoma Tigers,Oakland Athletics
1986,MEX,Diablos Rojos del Mexico,Office of the Commissioner
1986,PAW,Pawtucket Red Sox,Boston Red Sox
1986,ROC,Rochester Red Wings,Baltimore Orioles
1986,CAL,Calgary Cannons,Seattle Mariners
1986,VER,Rojos del Aguila de Veracruz,Office of the Commissioner
1986,OMA,Omaha Royals,Kansas City Royals
1986,LOU,Louisville Redbirds,St. Louis Cardinals
1986,IND,Indianapolis Indians,Montreal Expos
1986,TUC,Tucson Toros,Houston Astros
1986,BUF,Buffalo Bisons,Chicago White Sox
1986,SYR,Syracuse Chiefs,Toronto Blue Jays
1986,MEM,Memphis Redbirds,Kansas City Royals
1986,NAS,Nashville Sounds,Detroit Tigers
1986,OKC,Oklahoma City 89ers,Texas Rangers
1986,RIC,Richmond Braves,Atlanta Braves
1986,MVA,Acereros del Norte,Office of the Commissioner
1986,YUC,Leones de Yucatan,Office of the Commissioner
1986,CAN,Langosteros de Cancun,Office of the Commissioner
1986,MTY,Sultanes de Monterrey,Office of the Commissioner
1986,SAL,Saraperos de Saltillo,Office of the Commissioner
1986,TID,Tidewater Tides,New York Mets
1986,POR,Portland Beavers,Philadelphia Phillies
1986,TAB,Olmecas de Tabasco,Office of the Commissioner
1986,EDM,Edmonton Trappers,California Angels
1986,COL,Columbus Clippers,New York Yankees
1986,CHI,Dorados de Chihuahua,Office of the Commissioner
1986,TUL,Tulsa Drillers,Texas Rangers
1986,REA,Reading Phillies,Philadelphia Phillies
1986,MEM,Memphis Chicks,Kansas City Royals
1986,ORL,Orlando Twins,Minnesota Twins
1986,NBR,New Britain Red Sox,Boston Red Sox
1986,JAC,Jackson Mets,New York Mets
1986,KNO,Knoxville Blue Jays,Toronto Blue Jays
1986,MID,Midland Angels,California Angels
1986,CLT,Charlotte O's,Baltimore Orioles
1986,HVL,Huntsville Stars,Oakland Athletics
1986,CHA,Chattanooga Lookouts,Seattle Mariners
1986,JAX,Jacksonville Expos,Montreal Expos
1986,ELP,El Paso Diablos,Milwaukee Brewers
1986,BIR,Birmingham Barons,Chicago White Sox
1986,COL,Columbus Astros,Houston Astros
1986,ARK,Arkansas Travelers,St. Louis Cardinals
1986,SA,San Antonio Dodgers,Los Angeles Dodgers
1986,FTL,Fort Lauderdale Yankees,New York Yankees
1986,DAY,Daytona Beach Admirals,Texas Rangers
1986,MOD,Modesto A's,Oakland Athletics
1986,WS,Winston-Salem Spirits,Chicago Cubs
1986,VIS,Visalia Oaks,Minnesota Twins
1986,VER,Vero Beach Dodgers,Los Angeles Dodgers
1986,STK,Stockton Ports,Milwaukee Brewers
1986,VC,Ventura County Gulls,Toronto Blue Jays
1986,MIA,Miami Marlins,Office of the Commissioner
1986,SJ,San Jose Bees,Office of the Commissioner
1986,SAL,Salem Redbirds,Texas Rangers
1986,LYN,Lynchburg Mets,New York Mets
1986,KIN,Kinston Eagles,Office of the Commissioner
1986,BAK,Bakersfield Dodgers,Los Angeles Dodgers
1986,PS,Palm Springs Angels,California Angels
1986,STP,St. Petersburg Cardinals,St. Louis Cardinals
1986,DUR,Durham Bulls,Atlanta Braves
1986,HAG,Hagerstown Suns,Baltimore Orioles
1986,PW,Prince William Pirates,Pittsburgh Pirates
1986,CLR,Clearwater Phillies,Philadelphia Phillies
1986,LAK,Lakeland Tigers,Detroit Tigers
1986,BUR,Burlington Expos,Montreal Expos
1986,MAD,Madison Muskies,Oakland Athletics
1986,WAT,Waterloo Indians,Cleveland Indians
1986,CHS,Charleston Rainbows,San Diego Padres
1986,BEL,Beloit Brewers,Milwaukee Brewers
1986,CR,Cedar Rapids Reds,Cincinnati Reds
1986,WAU,Wausau Timbers,Seattle Mariners
1986,CLI,Clinton Giants,San Francisco Giants
1986,QC,Quad City Angels,California Angels
1986,COL,Columbia Mets,New York Mets
1986,PEO,Peoria Chiefs,Chicago Cubs
1986,APP,Appleton Foxes,Chicago White Sox
1986,ASH,Asheville Tourists,Houston Astros
1986,GBO,Greensboro Hornets,Boston Red Sox
1986,SUM,Sumter Braves,Atlanta Braves
1986,SAV,Savannah Cardinals,St. Louis Cardinals
1986,GEN,Geneva Cubs,Chicago Cubs
1986,SAL,Salem Angels,California Angels
1986,SPO,Spokane Indians,San Diego Padres
1986,AUB,Auburn Astros,Houston Astros
1986,WAT,Watertown Pirates,Pittsburgh Pirates
1986,EUG,Eugene Emeralds,Kansas City Royals
1986,JAM,Jamestown Expos,Montreal Expos
1986,MED,Medford A's,Oakland Athletics
1986,EVE,Everett Giants,San Francisco Giants
1986,ERI,Erie Cardinals,St. Louis Cardinals
1986,ONE,Oneonta Yankees,New York Yankees
1986,ELM,Elmira Pioneers,Boston Red Sox
1986,BAT,Batavia Trojans,Cleveland Indians
1986,ELZ,Elizabethton Twins,Minnesota Twins
1986,BIL,Billings Mustangs,Cincinnati Reds
1986,WYT,Wytheville Cubs,Chicago Cubs
1986,GRF,Great Falls Dodgers,Los Angeles Dodgers
1986,BLU,Bluefield Orioles,Baltimore Orioles
1986,G-AST,GCL Astros,Houston Astros
1986,G-BRV,GCL Braves,Atlanta Braves
1986,G-DOD,GCL Dodgers,Los Angeles Dodgers
1986,G-CUB,GCL Cubs,Chicago Cubs
1986,G-MET,GCL Mets,New York Mets
1986,G-RAN,GCL Rangers,Texas Rangers
1986,G-PHI,GCL Phillies,Philadelphia Phillies
1986,G-PIR,GCL Pirates,Pittsburgh Pirates
1986,G-ROY,GCL Royals,Kansas City Royals
1986,G-ORI,GCL Orioles,Baltimore Orioles
1986,G-RSX,GCL Red Sox,Boston Red Sox
1986,G-RED,GCL Reds,Cincinnati Reds
1986,G-TIG,GCL Tigers,Detroit Tigers
1986,G-TWI,GCL Twins,Minnesota Twins
1986,G-YAN,GCL Yankees,New York Yankees
1986,G-WSX,GCL White Sox,Chicago White Sox
1986,D-BRW,DSL Brewers,Milwaukee Brewers
1986,BUR,Burlington Indians,Cleveland Indians
1986,PUL,Pulaski Braves,Atlanta Braves
1986,BRI,Bristol Tigers,Detroit Tigers
1986,HEL,Helena Gold Sox,Milwaukee Brewers
1986,JC,Johnson City Cardinals,St. Louis Cardinals
1986,D-TWI,DSL Twins,Minnesota Twins
1986,D-YAN,DSL Yankees,New York Yankees
1986,KNG,Kingsport Mets,New York Mets
1986,IDF,Idaho Falls Braves,Atlanta Braves
1987,TOL,Toledo Mud Hens,Detroit Tigers
1987,OAX,Guerreros de Oaxaca,Office of the Commissioner
1987,IOW,Iowa Cubs,Chicago Cubs
1987,PUE,Pericos de Puebla,Office of the Commissioner
1987,CAM,Piratas de Campeche,Office of the Commissioner
1987,AGS,Rieleros de Aguascalientes,Office of the Commissioner
1987,LV,Las Vegas Stars,San Diego Padres
1987,TAC,Tacoma Tigers,Oakland Athletics
1987,MEX,Diablos Rojos del Mexico,Office of the Commissioner
1987,PAW,Pawtucket Red Sox,Boston Red Sox
1987,ROC,Rochester Red Wings,Baltimore Orioles
1987,CAL,Calgary Cannons,Seattle Mariners
1987,VER,Rojos del Aguila de Veracruz,Office of the Commissioner
1987,OMA,Omaha Royals,Kansas City Royals
1987,LOU,Louisville Redbirds,St. Louis Cardinals
1987,IND,Indianapolis Indians,Montreal Expos
1987,TUC,Tucson Toros,Houston Astros
1987,BUF,Buffalo Bisons,Cleveland Indians
1987,SYR,Syracuse Chiefs,Toronto Blue Jays
1987,MEM,Memphis Redbirds,Kansas City Royals
1987,NAS,Nashville Sounds,Cincinnati Reds
1987,OKC,Oklahoma City 89ers,Texas Rangers
1987,RIC,Richmond Braves,Atlanta Braves
1987,MVA,Acereros del Norte,Office of the Commissioner
1987,YUC,Leones de Yucatan,Office of the Commissioner
1987,CAN,Langosteros de Cancun,Office of the Commissioner
1987,MTY,Sultanes de Monterrey,Office of the Commissioner
1987,SAL,Saraperos de Saltillo,Office of the Commissioner
1987,TID,Tidewater Tides,New York Mets
1987,POR,Portland Beavers,Minnesota Twins
1987,TAB,Olmecas de Tabasco,Office of the Commissioner
1987,EDM,Edmonton Trappers,California Angels
1987,COL,Columbus Clippers,New York Yankees
1987,CHI,Dorados de Chihuahua,Office of the Commissioner
1987,TUL,Tulsa Drillers,Texas Rangers
1987,WIC,Wichita Pilots,San Diego Padres
1987,REA,Reading Phillies,Philadelphia Phillies
1987,MEM,Memphis Chicks,Kansas City Royals
1987,ORL,Orlando Twins,Minnesota Twins
1987,NBR,New Britain Red Sox,Boston Red Sox
1987,JAC,Jackson Mets,New York Mets
1987,HBG,Harrisburg Senators,Pittsburgh Pirates
1987,KNO,Knoxville Blue Jays,Toronto Blue Jays
1987,MID,Midland Angels,California Angels
1987,CLT,Charlotte O's,Baltimore Orioles
1987,HVL,Huntsville Stars,Oakland Athletics
1987,WIL,Williamsport Bills,Cleveland Indians
1987,CHA,Chattanooga Lookouts,Seattle Mariners
1987,JAX,Jacksonville Expos,Montreal Expos
1987,ELP,El Paso Diablos,Milwaukee Brewers
1987,BIR,Birmingham Barons,Chicago White Sox
1987,COL,Columbus Astros,Houston Astros
1987,ARK,Arkansas Travelers,St. Louis Cardinals
1987,SA,San Antonio Dodgers,Los Angeles Dodgers
1987,FTL,Fort Lauderdale Yankees,New York Yankees
1987,DAY,Daytona Beach Admirals,Chicago White Sox
1987,MOD,Modesto A's,Oakland Athletics
1987,WS,Winston-Salem Spirits,Chicago Cubs
1987,VIS,Visalia Oaks,Minnesota Twins
1987,VER,Vero Beach Dodgers,Los Angeles Dodgers
1987,STK,Stockton Ports,Milwaukee Brewers
1987,MIA,Miami Marlins,Office of the Commissioner
1987,SJ,San Jose Bees,Office of the Commissioner
1987,SAL,Salem Buccaneers,Pittsburgh Pirates
1987,LYN,Lynchburg Mets,New York Mets
1987,KIN,Kinston Indians,Cleveland Indians
1987,BAK,Bakersfield Dodgers,Los Angeles Dodgers
1987,PS,Palm Springs Angels,California Angels
1987,STP,St. Petersburg Cardinals,St. Louis Cardinals
1987,DUN,Dunedin Blue Jays,Toronto Blue Jays
1987,DUR,Durham Bulls,Atlanta Braves
1987,HAG,Hagerstown Suns,Baltimore Orioles
1987,PW,Prince William Yankees,New York Yankees
1987,CLR,Clearwater Phillies,Philadelphia Phillies
1987,LAK,Lakeland Tigers,Detroit Tigers
1987,FAY,Fayetteville Generals,Detroit Tigers
1987,BUR,Burlington Expos,Montreal Expos
1987,MAD,Madison Muskies,Oakland Athletics
1987,WAT,Waterloo Indians,Cleveland Indians
1987,CHS,Charleston Rainbows,San Diego Padres
1987,BEL,Beloit Brewers,Milwaukee Brewers
1987,CR,Cedar Rapids Reds,Cincinnati Reds
1987,WAU,Wausau Timbers,Seattle Mariners
1987,CLI,Clinton Giants,San Francisco Giants
1987,QC,Quad City Angels,California Angels
1987,COL,Columbia Mets,New York Mets
1987,PEO,Peoria Chiefs,Chicago Cubs
1987,APP,Appleton Foxes,Kansas City Royals
1987,ASH,Asheville Tourists,Houston Astros
1987,GBO,Greensboro Hornets,Boston Red Sox
1987,SUM,Sumter Braves,Atlanta Braves
1987,SAV,Savannah Cardinals,St. Louis Cardinals
1987,BOI,Boise Hawks,Office of the Commissioner
1987,GEN,Geneva Cubs,Chicago Cubs
1987,SAL,Salem Angels,California Angels
1987,SPO,Spokane Indians,San Diego Padres
1987,AUB,Auburn Astros,Houston Astros
1987,WAT,Watertown Pirates,Pittsburgh Pirates
1987,EUG,Eugene Emeralds,Kansas City Royals
1987,JAM,Jamestown Expos,Montreal Expos
1987,MED,Medford A's,Oakland Athletics
1987,EVE,Everett Giants,San Francisco Giants
1987,ERI,Erie Cardinals,St. Louis Cardinals
1987,ONE,Oneonta Yankees,New York Yankees
1987,ELM,Elmira Pioneers,Boston Red Sox
1987,BAT,Batavia Trojans,Office of the Commissioner
1987,BIL,Billings Mustangs,Cincinnati Reds
1987,WYT,Wytheville Cubs,Chicago Cubs
1987,BLU,Bluefield Orioles,Baltimore Orioles
1987,PUL,Pulaski Braves,Atlanta Braves
1987,BRI,Bristol Tigers,Detroit Tigers
1987,HEL,Helena Brewers,Milwaukee Brewers
1987,JC,Johnson City Cardinals,St. Louis Cardinals
1987,IDF,Idaho Falls Braves,Atlanta Braves
1987,ELZ,Elizabethton Twins,Minnesota Twins
1987,GRF,Great Falls Dodgers,Los Angeles Dodgers
1987,G-AST,GCL Astros,Houston Astros
1987,G-BRV,GCL Braves,Atlanta Braves
1987,G-DOD,GCL Dodgers,Los Angeles Dodgers
1987,G-CUB,GCL Cubs,Chicago Cubs
1987,G-MET,GCL Mets,New York Mets
1987,G-RAN,GCL Rangers,Texas Rangers
1987,G-PHI,GCL Phillies,Philadelphia Phillies
1987,G-PIR,GCL Pirates,Pittsburgh Pirates
1987,G-ROY,GCL Royals,Kansas City Royals
1987,G-ORI,GCL Orioles,Baltimore Orioles
1987,G-RSX,GCL Red Sox,Boston Red Sox
1987,G-RED,GCL Reds,Cincinnati Reds
1987,D-AST,DSL Astros,Houston Astros
1987,G-TIG,GCL Tigers,Detroit Tigers
1987,D-ATH,DSL Athletics,Oakland Athletics
1987,G-TWI,GCL Twins,Minnesota Twins
1987,G-YAN,GCL Yankees,New York Yankees
1987,G-WSX,GCL White Sox,Chicago White Sox
1987,D-BLJ,DSL Blue Jays,Toronto Blue Jays
1987,D-BRV,DSL Braves,Atlanta Braves
1987,D-BRW,DSL Brewers,Milwaukee Brewers
1987,D-CAR,DSL Cardinals,St. Louis Cardinals
1987,D-CUB,DSL Cubs,Chicago Cubs
1987,BUR,Burlington Indians,Cleveland Indians
1987,D-GIA,DSL Giants,San Francisco Giants
1987,D-IND,DSL Indians,Cleveland Indians
1987,D-MRN,DSL Mariners,Seattle Mariners
1987,D-ME1,DSL Mets 1,New York Mets
1987,D-ORI,DSL Orioles,Baltimore Orioles
1987,D-PAD,DSL Padres,San Diego Padres
1987,D-PHI,DSL Phillies,Philadelphia Phillies
1987,D-PIR,DSL Pirates,Pittsburgh Pirates
1987,D-RNG,DSL Rangers,Texas Rangers
1987,D-NAT,DSL Nationals,Montreal Expos
1987,D-ROY,DSL Royals,Kansas City Royals
1987,D-TIG,DSL Tigers,Detroit Tigers
1987,D-TWI,DSL Twins,Minnesota Twins
1987,D-YAN,DSL Yankees,New York Yankees
1987,KNG,Kingsport Mets,New York Mets
1988,TOL,Toledo Mud Hens,Detroit Tigers
1988,OAX,Guerreros de Oaxaca,Office of the Commissioner
1988,IOW,Iowa Cubs,Chicago Cubs
1988,PUE,Pericos de Puebla,Office of the Commissioner
1988,MAI,Maine Phillies,Philadelphia Phillies
1988,CAM,Piratas de Campeche,Office of the Commissioner
1988,AGS,Rieleros de Aguascalientes,Office of the Commissioner
1988,LV,Las Vegas Stars,San Diego Padres
1988,TAC,Tacoma Tigers,Oakland Athletics
1988,MEX,Diablos Rojos del Mexico,Office of the Commissioner
1988,PAW,Pawtucket Red Sox,Boston Red Sox
1988,CAL,Calgary Cannons,Seattle Mariners
1988,ROC,Rochester Red Wings,Baltimore Orioles
1988,VER,Rojos del Aguila de Veracruz,Office of the Commissioner
1988,PHO,Phoenix Firebirds,San Francisco Giants
1988,OMA,Omaha Royals,Kansas City Royals
1988,LOU,Louisville Redbirds,St. Louis Cardinals
1988,IND,Indianapolis Indians,Montreal Expos
1988,TUC,Tucson Toros,Houston Astros
1988,BUF,Buffalo Bisons,Pittsburgh Pirates
1988,COL,Colorado Springs Sky Sox,Cleveland Indians
1988,SYR,Syracuse Chiefs,Toronto Blue Jays
1988,MEM,Memphis Redbirds,Kansas City Royals
1988,NAS,Nashville Sounds,Cincinnati Reds
1988,OKC,Oklahoma City 89ers,Texas Rangers
1988,RIC,Richmond Braves,Atlanta Braves
1988,YUC,Leones de Yucatan,Office of the Commissioner
1988,MVA,Acereros del Norte,Office of the Commissioner
1988,CAN,Langosteros de Cancun,Office of the Commissioner
1988,ALB,Albuquerque Dukes,Los Angeles Dodgers
1988,MTY,Sultanes de Monterrey,Office of the Commissioner
1988,VAN,Vancouver Canadians,Chicago White Sox
1988,SAL,Saraperos de Saltillo,Office of the Commissioner
1988,POR,Portland Beavers,Minnesota Twins
1988,TID,Tidewater Tides,New York Mets
1988,TAB,Olmecas de Tabasco,Office of the Commissioner
1988,DEN,Denver Zephyrs,Milwaukee Brewers
1988,EDM,Edmonton Trappers,California Angels
1988,COL,Columbus Clippers,New York Yankees
1988,CHI,Dorados de Chihuahua,Office of the Commissioner
1988,GRE,Greenville Braves,Atlanta Braves
1988,TUL,Tulsa Drillers,Texas Rangers
1988,GF,Glens Falls Tigers,Detroit Tigers
1988,WIC,Wichita Pilots,San Diego Padres
1988,REA,Reading Phillies,Philadelphia Phillies
1988,MEM,Memphis Chicks,Kansas City Royals
1988,ORL,Orlando Twins,Minnesota Twins
1988,NBR,New Britain Red Sox,Boston Red Sox
1988,PIT,Pittsfield Cubs,Chicago Cubs
1988,JAC,Jackson Mets,New York Mets
1988,HBG,Harrisburg Senators,Pittsburgh Pirates
1988,SHR,Shreveport Captains,San Francisco Giants
1988,KNO,Knoxville Blue Jays,Toronto Blue Jays
1988,VER,Vermont Mariners,Seattle Mariners
1988,MID,Midland Angels,California Angels
1988,CLT,Charlotte Knights,Baltimore Orioles
1988,HVL,Huntsville Stars,Oakland Athletics
1988,WIL,Williamsport Bills,Cleveland Indians
1988,CHA,Chattanooga Lookouts,Cincinnati Reds
1988,AC,Albany-Colonie Yankees,New York Yankees
1988,JAX,Jacksonville Expos,Montreal Expos
1988,ELP,El Paso Diablos,Milwaukee Brewers
1988,BIR,Birmingham Barons,Chicago White Sox
1988,COL,Columbus Astros,Houston Astros
1988,SA,San Antonio Missions,Los Angeles Dodgers
1988,ARK,Arkansas Travelers,St. Louis Cardinals
1988,FTL,Fort Lauderdale Yankees,New York Yankees
1988,FRE,Fresno Suns,Office of the Commissioner
1988,MOD,Modesto A's,Oakland Athletics
1988,WS,Winston-Salem Spirits,Chicago Cubs
1988,VIS,Visalia Oaks,Minnesota Twins
1988,VER,Vero Beach Dodgers,Los Angeles Dodgers
1988,WH,Winter Haven Red Sox,Boston Red Sox
1988,STK,Stockton Ports,Milwaukee Brewers
1988,SAN,San Bernardino Spirit,Seattle Mariners
1988,MIA,Miami Marlins,Office of the Commissioner
1988,OSC,Osceola Astros,Houston Astros
1988,SJ,San Jose Giants,San Francisco Giants
1988,SAL,Salem Buccaneers,Pittsburgh Pirates
1988,REN,Reno Silver Sox,Office of the Commissioner
1988,LYN,Lynchburg Red Sox,Boston Red Sox
1988,RIV,Riverside Red Wave,San Diego Padres
1988,KIN,Kinston Indians,Cleveland Indians
1988,PS,Palm Springs Angels,California Angels
1988,BAK,Bakersfield Dodgers,Los Angeles Dodgers
1988,STP,St. Petersburg Cardinals,St. Louis Cardinals
1988,DUN,Dunedin Blue Jays,Toronto Blue Jays
1988,DUR,Durham Bulls,Atlanta Braves
1988,VIR,Virginia Generals,Office of the Commissioner
1988,TAM,Tampa White Sox,Chicago White Sox
1988,WPB,West Palm Beach Expos,Montreal Expos
1988,HAG,Hagerstown Suns,Baltimore Orioles
1988,PW,Prince William Yankees,New York Yankees
1988,BC,Baseball City Royals,Kansas City Royals
1988,CLR,Clearwater Phillies,Philadelphia Phillies
1988,CHA,Charlotte Rangers,Texas Rangers
1988,LAK,Lakeland Tigers,Detroit Tigers
1988,SLU,St. Lucie Mets,New York Mets
1988,FAY,Fayetteville Generals,Detroit Tigers
1988,GAS,Gastonia Rangers,Texas Rangers
1988,MAD,Madison Muskies,Oakland Athletics
1988,KEN,Kenosha Twins,Minnesota Twins
1988,SPR,Springfield Cardinals,St. Louis Cardinals
1988,CHA,Charleston Wheelers,Chicago Cubs
1988,MB,Myrtle Beach Blue Jays,Toronto Blue Jays
1988,GBO,Greensboro Hornets,Cincinnati Reds
1988,AUG,Augusta Pirates,Pittsburgh Pirates
1988,SAV,Savannah Cardinals,St. Louis Cardinals
1988,ROC,Rockford Expos,Montreal Expos
1988,BUR,Burlington Braves,Atlanta Braves
1988,SPA,Spartanburg Phillies,Philadelphia Phillies
1988,SB,South Bend White Sox,Chicago White Sox
1988,WAT,Waterloo Indians,Cleveland Indians
1988,CHS,Charleston Rainbows,San Diego Padres
1988,BEL,Beloit Brewers,Milwaukee Brewers
1988,CR,Cedar Rapids Reds,Cincinnati Reds
1988,WAU,Wausau Timbers,Seattle Mariners
1988,CLI,Clinton Giants,San Francisco Giants
1988,QC,Quad City Angels,California Angels
1988,COL,Columbia Mets,New York Mets
1988,PEO,Peoria Chiefs,Chicago Cubs
1988,APP,Appleton Foxes,Kansas City Royals
1988,ASH,Asheville Tourists,Houston Astros
1988,SUM,Sumter Braves,Atlanta Braves
1988,BOI,Boise Hawks,Office of the Commissioner
1988,GEN,Geneva Cubs,Chicago Cubs
1988,SAL,Salem Dodgers,Los Angeles Dodgers
1988,SPO,Spokane Indians,San Diego Padres
1988,UTI,Utica Blue Sox,Chicago White Sox
1988,AUB,Auburn Astros,Houston Astros
1988,WAT,Watertown Pirates,Pittsburgh Pirates
1988,EUG,Eugene Emeralds,Kansas City Royals
1988,JAM,Jamestown Expos,Montreal Expos
1988,SOR,Southern Oregon A's,Oakland Athletics
1988,EVE,Everett Giants,San Francisco Giants
1988,BEL,Bellingham Mariners,San Francisco Giants
1988,ERI,Erie Orioles,Baltimore Orioles
1988,HAM,Hamilton Redbirds,St. Louis Cardinals
1988,LF,Little Falls Mets,New York Mets
1988,ONE,Oneonta Yankees,New York Yankees
1988,ELM,Elmira Pioneers,Boston Red Sox
1988,BEN,Bend Bucks,California Angels
1988,BAT,Batavia Clippers,Philadelphia Phillies
1988,STC,St. Catharines Blue Jays,Toronto Blue Jays
1988,BIL,Billings Mustangs,Cincinnati Reds
1988,WYT,Wytheville Cubs,Chicago Cubs
1988,BLU,Bluefield Orioles,Baltimore Orioles
1988,MRT,Martinsville Phillies,Philadelphia Phillies
1988,MED,Medicine Hat Blue Jays,Toronto Blue Jays
1988,A-ATH,AZL Athletics,Oakland Athletics
1988,A-BRW,AZL Brewers,Milwaukee Brewers
1988,A-PAD,AZL Padres,San Diego Padres
1988,SLT,Salt Lake City Trappers,Office of the Commissioner
1988,PUL,Pulaski Braves,Atlanta Braves
1988,BRI,Bristol Tigers,Detroit Tigers
1988,HEL,Helena Brewers,Milwaukee Brewers
1988,JC,Johnson City Cardinals,St. Louis Cardinals
1988,IDF,Idaho Falls Braves,Atlanta Braves
1988,ELZ,Elizabethton Twins,Minnesota Twins
1988,GRF,Great Falls Dodgers,Los Angeles Dodgers
1988,PRN,Princeton Pirates,Pittsburgh Pirates
1988,G-AST,GCL Astros,Houston Astros
1988,G-IND,GCL Indians,Cleveland Indians
1988,G-BRV,GCL Braves,Atlanta Braves
1988,G-DOD,GCL Dodgers,Los Angeles Dodgers
1988,G-CUB,GCL Cubs,Chicago Cubs
1988,G-EXP,GCL Expos,Montreal Expos
1988,G-MET,GCL Mets,New York Mets
1988,G-RAN,GCL Rangers,Texas Rangers
1988,G-PHI,GCL Phillies,Philadelphia Phillies
1988,G-PIR,GCL Pirates,Pittsburgh Pirates
1988,G-ROY,GCL Royals,Kansas City Royals
1988,G-ORI,GCL Orioles,Baltimore Orioles
1988,G-RSX,GCL Red Sox,Boston Red Sox
1988,G-RED,GCL Reds,Cincinnati Reds
1988,D-AST,DSL Astros,Houston Astros
1988,G-TIG,GCL Tigers,Detroit Tigers
1988,D-ATH,DSL Athletics,Oakland Athletics
1988,G-TWI,GCL Twins,Minnesota Twins
1988,G-YAN,GCL Yankees,New York Yankees
1988,G-WSX,GCL White Sox,Chicago White Sox
1988,D-BLJ,DSL Blue Jays,Toronto Blue Jays
1988,D-BRV,DSL Braves,Atlanta Braves
1988,D-BRW,DSL Brewers,Milwaukee Brewers
1988,D-CAR,DSL Cardinals,St. Louis Cardinals
1988,D-CUB,DSL Cubs,Chicago Cubs
1988,BUR,Burlington Indians,Cleveland Indians
1988,D-GIA,DSL Giants,San Francisco Giants
1988,D-IND,DSL Indians,Cleveland Indians
1988,D-MRN,DSL Mariners,Seattle Mariners
1988,D-ME1,DSL Mets 1,New York Mets
1988,D-ORI,DSL Orioles,Baltimore Orioles
1988,D-PAD,DSL Padres,San Diego Padres
1988,D-PHI,DSL Phillies,Philadelphia Phillies
1988,D-PIR,DSL Pirates,Pittsburgh Pirates
1988,D-RNG,DSL Rangers,Texas Rangers
1988,D-EXP,DSL Expos,Montreal Expos
1988,D-ROY,DSL Royals,Kansas City Royals
1988,BUT,Butte Copper Kings,Texas Rangers
1988,D-TIG,DSL Tigers,Detroit Tigers
1988,D-TWI,DSL Twins,Minnesota Twins
1988,D-YAN,DSL Yankees,New York Yankees
1988,KNG,Kingsport Mets,New York Mets
1989,TOL,Toledo Mud Hens,Detroit Tigers
1989,OAX,Guerreros de Oaxaca,Office of the Commissioner
1989,IOW,Iowa Cubs,Chicago Cubs
1989,PUE,Pericos de Puebla,Office of the Commissioner
1989,CAM,Piratas de Campeche,Office of the Commissioner
1989,AGS,Rieleros de Aguascalientes,Office of the Commissioner
1989,LV,Las Vegas Stars,San Diego Padres
1989,TAC,Tacoma Tigers,Oakland Athletics
1989,SWB,Scranton/Wilkes-Barre Red Barons,Philadelphia Phillies
1989,MEX,Diablos Rojos del Mexico,Office of the Commissioner
1989,PAW,Pawtucket Red Sox,Boston Red Sox
1989,CAL,Calgary Cannons,Seattle Mariners
1989,ROC,Rochester Red Wings,Baltimore Orioles
1989,VER,Rojos del Aguila de Veracruz,Office of the Commissioner
1989,PHO,Phoenix Firebirds,San Francisco Giants
1989,OMA,Omaha Royals,Kansas City Royals
1989,LOU,Louisville Redbirds,St. Louis Cardinals
1989,IND,Indianapolis Indians,Montreal Expos
1989,TUC,Tucson Toros,Houston Astros
1989,BUF,Buffalo Bisons,Pittsburgh Pirates
1989,COL,Colorado Springs Sky Sox,Cleveland Indians
1989,SYR,Syracuse Chiefs,Toronto Blue Jays
1989,MEM,Memphis Redbirds,Kansas City Royals
1989,NAS,Nashville Sounds,Cincinnati Reds
1989,OKC,Oklahoma City 89ers,Texas Rangers
1989,RIC,Richmond Braves,Atlanta Braves
1989,YUC,Leones de Yucatan,Office of the Commissioner
1989,MVA,Acereros del Norte,Office of the Commissioner
1989,CAN,Langosteros de Cancun,Office of the Commissioner
1989,ALB,Albuquerque Dukes,Los Angeles Dodgers
1989,MTY,Sultanes de Monterrey,Office of the Commissioner
1989,VAN,Vancouver Canadians,Chicago White Sox
1989,SAL,Saraperos de Saltillo,Office of the Commissioner
1989,POR,Portland Beavers,Minnesota Twins
1989,TID,Tidewater Tides,New York Mets
1989,TAB,Olmecas de Tabasco,Office of the Commissioner
1989,DEN,Denver Zephyrs,Milwaukee Brewers
1989,EDM,Edmonton Trappers,California Angels
1989,COL,Columbus Clippers,New York Yankees
1989,CHI,Dorados de Chihuahua,Office of the Commissioner
1989,GRE,Greenville Braves,Atlanta Braves
1989,TUL,Tulsa Drillers,Texas Rangers
1989,LON,London Tigers,Detroit Tigers
1989,WIC,Wichita Wranglers,San Diego Padres
1989,REA,Reading Phillies,Philadelphia Phillies
1989,MEM,Memphis Chicks,Kansas City Royals
1989,CAK,Canton-Akron Indians,Cleveland Indians
1989,ORL,Orlando Twins,Minnesota Twins
1989,NBR,New Britain Red Sox,Boston Red Sox
1989,JAC,Jackson Mets,New York Mets
1989,HBG,Harrisburg Senators,Pittsburgh Pirates
1989,SHR,Shreveport Captains,San Francisco Giants
1989,KNO,Knoxville Blue Jays,Toronto Blue Jays
1989,MID,Midland Angels,California Angels
1989,CLT,Charlotte Knights,Chicago Cubs
1989,HVL,Huntsville Stars,Oakland Athletics
1989,WIL,Williamsport Bills,Seattle Mariners
1989,CHA,Chattanooga Lookouts,Cincinnati Reds
1989,HAG,Hagerstown Suns,Baltimore Orioles
1989,AC,Albany-Colonie Yankees,New York Yankees
1989,JAX,Jacksonville Expos,Montreal Expos
1989,ELP,El Paso Diablos,Milwaukee Brewers
1989,BIR,Birmingham Barons,Chicago White Sox
1989,COL,Columbus Mudcats,Houston Astros
1989,SA,San Antonio Missions,Los Angeles Dodgers
1989,ARK,Arkansas Travelers,St. Louis Cardinals
1989,FTL,Fort Lauderdale Yankees,New York Yankees
1989,MOD,Modesto A's,Oakland Athletics
1989,WS,Winston-Salem Spirits,Chicago Cubs
1989,VIS,Visalia Oaks,Minnesota Twins
1989,VER,Vero Beach Dodgers,Los Angeles Dodgers
1989,WH,Winter Haven Red Sox,Boston Red Sox
1989,STK,Stockton Ports,Milwaukee Brewers
1989,SAN,San Bernardino Spirit,Seattle Mariners
1989,MIA,Miami Miracle,Office of the Commissioner
1989,OSC,Osceola Astros,Houston Astros
1989,SAR,Sarasota White Sox,Chicago White Sox
1989,PEN,Peninsula Pilots,Office of the Commissioner
1989,SJ,San Jose Giants,San Francisco Giants
1989,SAL,Salem Buccaneers,Pittsburgh Pirates
1989,REN,Reno Silver Sox,Office of the Commissioner
1989,LYN,Lynchburg Red Sox,Boston Red Sox
1989,RIV,Riverside Red Wave,San Diego Padres
1989,SAL,Salinas Spurs,Office of the Commissioner
1989,KIN,Kinston Indians,Cleveland Indians
1989,PS,Palm Springs Angels,California Angels
1989,BAK,Bakersfield Dodgers,Los Angeles Dodgers
1989,STP,St. Petersburg Cardinals,St. Louis Cardinals
1989,DUN,Dunedin Blue Jays,Toronto Blue Jays
1989,DUR,Durham Bulls,Atlanta Braves
1989,FRE,Frederick Keys,Baltimore Orioles
1989,WPB,West Palm Beach Expos,Montreal Expos
1989,PW,Prince William Cannons,New York Yankees
1989,BC,Baseball City Royals,Kansas City Royals
1989,CLR,Clearwater Phillies,Philadelphia Phillies
1989,CHA,Charlotte Rangers,Texas Rangers
1989,LAK,Lakeland Tigers,Detroit Tigers
1989,SLU,St. Lucie Mets,New York Mets
1989,FAY,Fayetteville Generals,Detroit Tigers
1989,GAS,Gastonia Rangers,Texas Rangers
1989,MAD,Madison Muskies,Oakland Athletics
1989,KEN,Kenosha Twins,Minnesota Twins
1989,SPR,Springfield Cardinals,St. Louis Cardinals
1989,CHA,Charleston Wheelers,Chicago Cubs
1989,MB,Myrtle Beach Blue Jays,Toronto Blue Jays
1989,GBO,Greensboro Hornets,Cincinnati Reds
1989,AUG,Augusta Pirates,Pittsburgh Pirates
1989,SAV,Savannah Cardinals,St. Louis Cardinals
1989,ROC,Rockford Expos,Montreal Expos
1989,BUR,Burlington Braves,Atlanta Braves
1989,SPA,Spartanburg Phillies,Philadelphia Phillies
1989,SB,South Bend White Sox,Chicago White Sox
1989,WAT,Waterloo Diamonds,Office of the Commissioner
1989,CHS,Charleston Rainbows,San Diego Padres
1989,BEL,Beloit Brewers,Milwaukee Brewers
1989,CR,Cedar Rapids Reds,Cincinnati Reds
1989,WAU,Wausau Timbers,Seattle Mariners
1989,CLI,Clinton Giants,San Francisco Giants
1989,QC,Quad City Angels,California Angels
1989,COL,Columbia Mets,New York Mets
1989,PEO,Peoria Chiefs,Chicago Cubs
1989,APP,Appleton Foxes,Kansas City Royals
1989,ASH,Asheville Tourists,Houston Astros
1989,SUM,Sumter Braves,Atlanta Braves
1989,BOI,Boise Hawks,Office of the Commissioner
1989,GEN,Geneva Cubs,Chicago Cubs
1989,SAL,Salem Dodgers,Los Angeles Dodgers
1989,SPO,Spokane Indians,San Diego Padres
1989,UTI,Utica Blue Sox,Chicago White Sox
1989,AUB,Auburn Astros,Houston Astros
1989,WAT,Watertown Indians,Cleveland Indians
1989,EUG,Eugene Emeralds,Kansas City Royals
1989,JAM,Jamestown Expos,Montreal Expos
1989,SOR,Southern Oregon A's,Oakland Athletics
1989,EVE,Everett Giants,San Francisco Giants
1989,BEL,Bellingham Mariners,San Francisco Giants
1989,ERI,Erie Orioles,Baltimore Orioles
1989,HAM,Hamilton Redbirds,St. Louis Cardinals
1989,PIT,Pittsfield Mets,New York Mets
1989,ONE,Oneonta Yankees,New York Yankees
1989,ELM,Elmira Pioneers,Boston Red Sox
1989,BEN,Bend Bucks,California Angels
1989,BAT,Batavia Clippers,Philadelphia Phillies
1989,STC,St. Catharines Blue Jays,Toronto Blue Jays
1989,BIL,Billings Mustangs,Cincinnati Reds
1989,WYT,Wytheville Cubs,Chicago Cubs
1989,BLU,Bluefield Orioles,Baltimore Orioles
1989,MRT,Martinsville Phillies,Philadelphia Phillies
1989,MED,Medicine Hat Blue Jays,Toronto Blue Jays
1989,A-ANG,AZL Angels,California Angels
1989,A-ATH,AZL Athletics,Oakland Athletics
1989,A-BRW,AZL Brewers,Milwaukee Brewers
1989,A-MRN,AZL Mariners,Seattle Mariners
1989,A-PAD,AZL Padres,San Diego Padres
1989,SLT,Salt Lake City Trappers,Office of the Commissioner
1989,PUL,Pulaski Braves,Atlanta Braves
1989,BRI,Bristol Tigers,Detroit Tigers
1989,HEL,Helena Brewers,Milwaukee Brewers
1989,JC,Johnson City Cardinals,St. Louis Cardinals
1989,IDF,Idaho Falls Braves,Atlanta Braves
1989,ELZ,Elizabethton Twins,Minnesota Twins
1989,GRF,Great Falls Dodgers,Los Angeles Dodgers
1989,A-CAR,AZL Cardinals,St. Louis Cardinals
1989,PRN,Princeton Pirates,Pittsburgh Pirates
1989,G-AST,GCL Astros,Houston Astros
1989,G-IND,GCL Indians,Cleveland Indians
1989,G-BRV,GCL Braves,Atlanta Braves
1989,G-DOD,GCL Dodgers,Los Angeles Dodgers
1989,G-CUB,GCL Cubs,Chicago Cubs
1989,G-EXP,GCL Expos,Montreal Expos
1989,G-MET,GCL Mets,New York Mets
1989,G-RAN,GCL Rangers,Texas Rangers
1989,G-PHI,GCL Phillies,Philadelphia Phillies
1989,G-PIR,GCL Pirates,Pittsburgh Pirates
1989,G-ROY,GCL Royals,Kansas City Royals
1989,G-ORI,GCL Orioles,Baltimore Orioles
1989,G-RSX,GCL Red Sox,Boston Red Sox
1989,D-ANG,DSL Angels,California Angels
1989,G-RED,GCL Reds,Cincinnati Reds
1989,D-AST,DSL Astros,Houston Astros
1989,G-TIG,GCL Tigers,Detroit Tigers
1989,D-ATH,DSL Athletics,Oakland Athletics
1989,G-TWI,GCL Twins,Minnesota Twins
1989,G-YAN,GCL Yankees,New York Yankees
1989,G-WSX,GCL White Sox,Chicago White Sox
1989,D-BLJ,DSL Blue Jays,Toronto Blue Jays
1989,D-BRV,DSL Braves,Atlanta Braves
1989,D-BRW,DSL Brewers,Milwaukee Brewers
1989,D-CAR,DSL Cardinals,St. Louis Cardinals
1989,D-CUB,DSL Cubs,Chicago Cubs
1989,BUR,Burlington Indians,Cleveland Indians
1989,D-GIA,DSL Giants,San Francisco Giants
1989,D-IND,DSL Indians,Cleveland Indians
1989,D-ME1,DSL Mets 1,New York Mets
1989,D-ORI,DSL Orioles,Baltimore Orioles
1989,D-PAD,DSL Padres,San Diego Padres
1989,D-PHI,DSL Phillies,Philadelphia Phillies
1989,D-PIR,DSL Pirates,Pittsburgh Pirates
1989,D-RNG,DSL Rangers,Texas Rangers
1989,D-EXP,DSL Expos,Montreal Expos
1989,D-ROY,DSL Royals,Kansas City Royals
1989,BUT,Butte Copper Kings,Texas Rangers
1989,D-TIG,DSL Tigers,Detroit Tigers
1989,D-TWI,DSL Twins,Minnesota Twins
1989,D-YAN,DSL Yankees,New York Yankees
1989,KNG,Kingsport Mets,New York Mets
1990,TOL,Toledo Mud Hens,Detroit Tigers
1990,OAX,Guerreros de Oaxaca,Office of the Commissioner
1990,IOW,Iowa Cubs,Chicago Cubs
1990,PUE,Pericos de Puebla,Office of the Commissioner
1990,CAM,Piratas de Campeche,Office of the Commissioner
1990,AGS,Rieleros de Aguascalientes,Office of the Commissioner
1990,LV,Las Vegas Stars,San Diego Padres
1990,TAC,Tacoma Tigers,Oakland Athletics
1990,SWB,Scranton/Wilkes-Barre Red Barons,Philadelphia Phillies
1990,MEX,Diablos Rojos del Mexico,Office of the Commissioner
1990,PAW,Pawtucket Red Sox,Boston Red Sox
1990,ROC,Rochester Red Wings,Baltimore Orioles
1990,CAL,Calgary Cannons,Seattle Mariners
1990,VER,Rojos del Aguila de Veracruz,Office of the Commissioner
1990,PHO,Phoenix Firebirds,San Francisco Giants
1990,OMA,Omaha Royals,Kansas City Royals
1990,LOU,Louisville Redbirds,St. Louis Cardinals
1990,IND,Indianapolis Indians,Montreal Expos
1990,TUC,Tucson Toros,Houston Astros
1990,BUF,Buffalo Bisons,Pittsburgh Pirates
1990,COL,Colorado Springs Sky Sox,Cleveland Indians
1990,SYR,Syracuse Chiefs,Toronto Blue Jays
1990,MEM,Memphis Redbirds,Kansas City Royals
1990,NAS,Nashville Sounds,Cincinnati Reds
1990,OKC,Oklahoma City 89ers,Texas Rangers
1990,RIC,Richmond Braves,Atlanta Braves
1990,MVA,Acereros del Norte,Office of the Commissioner
1990,YUC,Leones de Yucatan,Office of the Commissioner
1990,CAN,Langosteros de Cancun,Office of the Commissioner
1990,ALB,Albuquerque Dukes,Los Angeles Dodgers
1990,MTY,Sultanes de Monterrey,Office of the Commissioner
1990,VAN,Vancouver Canadians,Chicago White Sox
1990,SAL,Saraperos de Saltillo,Office of the Commissioner
1990,TID,Tidewater Tides,New York Mets
1990,POR,Portland Beavers,Minnesota Twins
1990,TAB,Olmecas de Tabasco,Office of the Commissioner
1990,DEN,Denver Zephyrs,Milwaukee Brewers
1990,EDM,Edmonton Trappers,California Angels
1990,COL,Columbus Clippers,New York Yankees
1990,CHI,Dorados de Chihuahua,Office of the Commissioner
1990,GRE,Greenville Braves,Atlanta Braves
1990,TUL,Tulsa Drillers,Texas Rangers
1990,LON,London Tigers,Detroit Tigers
1990,WIC,Wichita Wranglers,San Diego Padres
1990,REA,Reading Phillies,Philadelphia Phillies
1990,MEM,Memphis Chicks,Kansas City Royals
1990,CAK,Canton-Akron Indians,Cleveland Indians
1990,ORL,Orlando Sun Rays,Minnesota Twins
1990,NBR,New Britain Red Sox,Boston Red Sox
1990,JAC,Jackson Mets,New York Mets
1990,HBG,Harrisburg Senators,Pittsburgh Pirates
1990,SHR,Shreveport Captains,San Francisco Giants
1990,KNO,Knoxville Blue Jays,Toronto Blue Jays
1990,MID,Midland Angels,California Angels
1990,CLT,Charlotte Knights,Chicago Cubs
1990,HVL,Huntsville Stars,Oakland Athletics
1990,WIL,Williamsport Bills,Seattle Mariners
1990,CHA,Chattanooga Lookouts,Cincinnati Reds
1990,HAG,Hagerstown Suns,Baltimore Orioles
1990,AC,Albany-Colonie Yankees,New York Yankees
1990,JAX,Jacksonville Expos,Montreal Expos
1990,ELP,El Paso Diablos,Milwaukee Brewers
1990,BIR,Birmingham Barons,Chicago White Sox
1990,COL,Columbus Mudcats,Houston Astros
1990,ARK,Arkansas Travelers,St. Louis Cardinals
1990,SA,San Antonio Missions,Los Angeles Dodgers
1990,FTL,Fort Lauderdale Yankees,New York Yankees
1990,MOD,Modesto A's,Oakland Athletics
1990,WS,Winston-Salem Spirits,Chicago Cubs
1990,VIS,Visalia Oaks,Minnesota Twins
1990,VER,Vero Beach Dodgers,Los Angeles Dodgers
1990,WH,Winter Haven Red Sox,Boston Red Sox
1990,STK,Stockton Ports,Milwaukee Brewers
1990,SAN,San Bernardino Spirit,Seattle Mariners
1990,MIA,Miami Miracle,Office of the Commissioner
1990,OSC,Osceola Astros,Houston Astros
1990,SAR,Sarasota White Sox,Chicago White Sox
1990,PEN,Peninsula Pilots,Seattle Mariners
1990,SJ,San Jose Giants,San Francisco Giants
1990,SAL,Salem Buccaneers,Pittsburgh Pirates
1990,REN,Reno Silver Sox,Office of the Commissioner
1990,LYN,Lynchburg Red Sox,Boston Red Sox
1990,RIV,Riverside Red Wave,San Diego Padres
1990,SAL,Salinas Spurs,Office of the Commissioner
1990,KIN,Kinston Indians,Cleveland Indians
1990,PS,Palm Springs Angels,California Angels
1990,BAK,Bakersfield Dodgers,Los Angeles Dodgers
1990,STP,St. Petersburg Cardinals,St. Louis Cardinals
1990,DUN,Dunedin Blue Jays,Toronto Blue Jays
1990,DUR,Durham Bulls,Atlanta Braves
1990,FRE,Frederick Keys,Baltimore Orioles
1990,WPB,West Palm Beach Expos,Montreal Expos
1990,PW,Prince William Cannons,New York Yankees
1990,BC,Baseball City Royals,Kansas City Royals
1990,CLR,Clearwater Phillies,Philadelphia Phillies
1990,CHA,Charlotte Rangers,Texas Rangers
1990,LAK,Lakeland Tigers,Detroit Tigers
1990,SLU,St. Lucie Mets,New York Mets
1990,FAY,Fayetteville Generals,Detroit Tigers
1990,GAS,Gastonia Rangers,Texas Rangers
1990,KEN,Kenosha Twins,Minnesota Twins
1990,MAD,Madison Muskies,Oakland Athletics
1990,SPR,Springfield Cardinals,St. Louis Cardinals
1990,CHA,Charleston Wheelers,Cincinnati Reds
1990,MB,Myrtle Beach Blue Jays,Toronto Blue Jays
1990,GBO,Greensboro Hornets,New York Yankees
1990,AUG,Augusta Pirates,Pittsburgh Pirates
1990,SAV,Savannah Cardinals,St. Louis Cardinals
1990,ROC,Rockford Expos,Montreal Expos
1990,BUR,Burlington Braves,Atlanta Braves
1990,SPA,Spartanburg Phillies,Philadelphia Phillies
1990,SB,South Bend White Sox,Chicago White Sox
1990,WAT,Waterloo Diamonds,San Diego Padres
1990,CHS,Charleston Rainbows,San Diego Padres
1990,BEL,Beloit Brewers,Milwaukee Brewers
1990,CR,Cedar Rapids Reds,Cincinnati Reds
1990,WAU,Wausau Timbers,Baltimore Orioles
1990,CLI,Clinton Giants,San Francisco Giants
1990,QC,Quad City Angels,California Angels
1990,COL,Columbia Mets,New York Mets
1990,PEO,Peoria Chiefs,Chicago Cubs
1990,APP,Appleton Foxes,Kansas City Royals
1990,ASH,Asheville Tourists,Houston Astros
1990,SUM,Sumter Braves,Atlanta Braves
1990,BOI,Boise Hawks,California Angels
1990,GEN,Geneva Cubs,Chicago Cubs
1990,YAK,Yakima Bears,Los Angeles Dodgers
1990,SPO,Spokane Indians,San Diego Padres
1990,UTI,Utica Blue Sox,Chicago White Sox
1990,AUB,Auburn Astros,Houston Astros
1990,WAT,Watertown Indians,Cleveland Indians
1990,EUG,Eugene Emeralds,Kansas City Royals
1990,JAM,Jamestown Expos,Montreal Expos
1990,WEL,Welland Pirates,Pittsburgh Pirates
1990,SOR,Southern Oregon A's,Oakland Athletics
1990,EVE,Everett Giants,San Francisco Giants
1990,NF,Niagara Falls Rapids,Detroit Tigers
1990,BEL,Bellingham Mariners,San Francisco Giants
1990,ERI,Erie Sailors,Office of the Commissioner
1990,HAM,Hamilton Redbirds,St. Louis Cardinals
1990,PIT,Pittsfield Mets,New York Mets
1990,ONE,Oneonta Yankees,New York Yankees
1990,ELM,Elmira Pioneers,Boston Red Sox
1990,BEN,Bend Bucks,Office of the Commissioner
1990,BAT,Batavia Clippers,Philadelphia Phillies
1990,STC,St. Catharines Blue Jays,Toronto Blue Jays
1990,BIL,Billings Mustangs,Cincinnati Reds
1990,HUN,Huntington Cubs,Chicago Cubs
1990,BLU,Bluefield Orioles,Baltimore Orioles
1990,MRT,Martinsville Phillies,Philadelphia Phillies
1990,MED,Medicine Hat Blue Jays,Toronto Blue Jays
1990,A-ANG,AZL Angels,California Angels
1990,A-ATH,AZL Athletics,Oakland Athletics
1990,A-BRW,AZL Brewers,Milwaukee Brewers
1990,A-MRN,AZL Mariners,Seattle Mariners
1990,A-PAD,AZL Padres,San Diego Padres
1990,SLT,Salt Lake City Trappers,Office of the Commissioner
1990,PUL,Pulaski Braves,Atlanta Braves
1990,BRI,Bristol Tigers,Detroit Tigers
1990,HEL,Helena Brewers,Milwaukee Brewers
1990,JC,Johnson City Cardinals,St. Louis Cardinals
1990,IDF,Idaho Falls Braves,Atlanta Braves
1990,ELZ,Elizabethton Twins,Minnesota Twins
1990,GRF,Great Falls Dodgers,Los Angeles Dodgers
1990,A-CAR,AZL Cardinals,St. Louis Cardinals
1990,PRN,Princeton Patriots,Office of the Commissioner
1990,G-AST,GCL Astros,Houston Astros
1990,G-IND,GCL Indians,Cleveland Indians
1990,G-BRV,GCL Braves,Atlanta Braves
1990,G-DOD,GCL Dodgers,Los Angeles Dodgers
1990,G-CUB,GCL Cubs,Chicago Cubs
1990,G-EXP,GCL Expos,Montreal Expos
1990,G-MET,GCL Mets,New York Mets
1990,G-RAN,GCL Rangers,Texas Rangers
1990,G-PHI,GCL Phillies,Philadelphia Phillies
1990,G-PIR,GCL Pirates,Pittsburgh Pirates
1990,G-ROY,GCL Royals,Kansas City Royals
1990,G-ORI,GCL Orioles,Baltimore Orioles
1990,G-RSX,GCL Red Sox,Boston Red Sox
1990,D-ANG,DSL Angels,California Angels
1990,G-RED,GCL Reds,Cincinnati Reds
1990,D-AST,DSL Astros,Houston Astros
1990,G-TIG,GCL Tigers,Detroit Tigers
1990,D-ATH,DSL Athletics,Oakland Athletics
1990,G-TWI,GCL Twins,Minnesota Twins
1990,G-YAN,GCL Yankees,New York Yankees
1990,G-WSX,GCL White Sox,Chicago White Sox
1990,D-BLJ,DSL Blue Jays,Toronto Blue Jays
1990,D-BRV,DSL Braves,Atlanta Braves
1990,D-BRW,DSL Brewers,Milwaukee Brewers
1990,D-CAR,DSL Cardinals,St. Louis Cardinals
1990,D-CUB,DSL Cubs,Chicago Cubs
1990,D-DO1,DSL Dodgers 1,Los Angeles Dodgers
1990,BUR,Burlington Indians,Cleveland Indians
1990,D-DO2,DSL Dodgers 2,Los Angeles Dodgers
1990,D-GIA,DSL Giants,San Francisco Giants
1990,D-IND,DSL Indians,Cleveland Indians
1990,D-ME1,DSL Mets 1,New York Mets
1990,D-ORI,DSL Orioles,Baltimore Orioles
1990,D-PAD,DSL Padres,San Diego Padres
1990,D-PHI,DSL Phillies,Philadelphia Phillies
1990,D-PIR,DSL Pirates,Pittsburgh Pirates
1990,D-RNG,DSL Rangers,Texas Rangers
1990,D-EXP,DSL Expos,Montreal Expos
1990,D-ROY,DSL Royals,Kansas City Royals
1990,BUT,Butte Copper Kings,Texas Rangers
1990,D-TIG,DSL Tigers,Detroit Tigers
1990,D-TWI,DSL Twins,Minnesota Twins
1990,D-YAN,DSL Yankees,New York Yankees
1990,KNG,Kingsport Mets,New York Mets
1991,TOL,Toledo Mud Hens,Detroit Tigers
1991,OAX,Guerreros de Oaxaca,Office of the Commissioner
1991,IOW,Iowa Cubs,Chicago Cubs
1991,PUE,Pericos de Puebla,Office of the Commissioner
1991,CAM,Piratas de Campeche,Office of the Commissioner
1991,AGS,Rieleros de Aguascalientes,Office of the Commissioner
1991,LV,Las Vegas Stars,San Diego Padres
1991,TAC,Tacoma Tigers,Oakland Athletics
1991,SWB,Scranton/Wilkes-Barre Red Barons,Philadelphia Phillies
1991,MEX,Diablos Rojos del Mexico,Office of the Commissioner
1991,PAW,Pawtucket Red Sox,Boston Red Sox
1991,ROC,Rochester Red Wings,Baltimore Orioles
1991,CAL,Calgary Cannons,Seattle Mariners
1991,VER,Rojos del Aguila de Veracruz,Office of the Commissioner
1991,PHO,Phoenix Firebirds,San Francisco Giants
1991,OMA,Omaha Royals,Kansas City Royals
1991,LOU,Louisville Redbirds,St. Louis Cardinals
1991,IND,Indianapolis Indians,Montreal Expos
1991,TUC,Tucson Toros,Houston Astros
1991,BUF,Buffalo Bisons,Pittsburgh Pirates
1991,COL,Colorado Springs Sky Sox,Cleveland Indians
1991,SYR,Syracuse Chiefs,Toronto Blue Jays
1991,MEM,Memphis Redbirds,Kansas City Royals
1991,NAS,Nashville Sounds,Cincinnati Reds
1991,OKC,Oklahoma City 89ers,Texas Rangers
1991,RIC,Richmond Braves,Atlanta Braves
1991,MVA,Acereros del Norte,Office of the Commissioner
1991,YUC,Leones de Yucatan,Office of the Commissioner
1991,CAN,Langosteros de Cancun,Office of the Commissioner
1991,ALB,Albuquerque Dukes,Los Angeles Dodgers
1991,MTY,Sultanes de Monterrey,Office of the Commissioner
1991,VAN,Vancouver Canadians,Chicago White Sox
1991,SAL,Saraperos de Saltillo,Office of the Commissioner
1991,TID,Tidewater Tides,New York Mets
1991,POR,Portland Beavers,Minnesota Twins
1991,TAB,Olmecas de Tabasco,Office of the Commissioner
1991,DEN,Denver Zephyrs,Milwaukee Brewers
1991,EDM,Edmonton Trappers,California Angels
1991,COL,Columbus Clippers,New York Yankees
1991,CHI,Dorados de Chihuahua,Office of the Commissioner
1991,GRE,Greenville Braves,Atlanta Braves
1991,TUL,Tulsa Drillers,Texas Rangers
1991,LON,London Tigers,Detroit Tigers
1991,WIC,Wichita Wranglers,San Diego Padres
1991,REA,Reading Phillies,Philadelphia Phillies
1991,MEM,Memphis Chicks,Kansas City Royals
1991,CAK,Canton-Akron Indians,Cleveland Indians
1991,ORL,Orlando Sun Rays,Minnesota Twins
1991,NBR,New Britain Red Sox,Boston Red Sox
1991,JAC,Jackson Generals,Houston Astros
1991,HBG,Harrisburg Senators,Montreal Expos
1991,SHR,Shreveport Captains,San Francisco Giants
1991,KNO,Knoxville Blue Jays,Toronto Blue Jays
1991,MID,Midland Angels,California Angels
1991,CLT,Charlotte Knights,Chicago Cubs
1991,HVL,Huntsville Stars,Oakland Athletics
1991,WIL,Williamsport Bills,Seattle Mariners
1991,CHA,Chattanooga Lookouts,Cincinnati Reds
1991,HAG,Hagerstown Suns,Baltimore Orioles
1991,AC,Albany-Colonie Yankees,New York Yankees
1991,JAX,Jacksonville Suns,Seattle Mariners
1991,ELP,El Paso Diablos,Milwaukee Brewers
1991,BIR,Birmingham Barons,Chicago White Sox
1991,CAR,Carolina Mudcats,Pittsburgh Pirates
1991,ARK,Arkansas Travelers,St. Louis Cardinals
1991,SA,San Antonio Missions,Los Angeles Dodgers
1991,FTL,Fort Lauderdale Yankees,New York Yankees
1991,MOD,Modesto A's,Oakland Athletics
1991,WS,Winston-Salem Spirits,Chicago Cubs
1991,VIS,Visalia Oaks,Minnesota Twins
1991,WH,Winter Haven Red Sox,Boston Red Sox
1991,VER,Vero Beach Dodgers,Los Angeles Dodgers
1991,STK,Stockton Ports,Milwaukee Brewers
1991,SAN,San Bernardino Spirit,Seattle Mariners
1991,MIA,Miami Miracle,Office of the Commissioner
1991,OSC,Osceola Astros,Houston Astros
1991,SAR,Sarasota White Sox,Chicago White Sox
1991,PEN,Peninsula Pilots,Seattle Mariners
1991,SJ,San Jose Giants,San Francisco Giants
1991,SAL,Salem Buccaneers,Pittsburgh Pirates
1991,REN,Reno Silver Sox,Office of the Commissioner
1991,LYN,Lynchburg Red Sox,Boston Red Sox
1991,SAL,Salinas Spurs,Office of the Commissioner
1991,KIN,Kinston Indians,Cleveland Indians
1991,BAK,Bakersfield Dodgers,Los Angeles Dodgers
1991,PS,Palm Springs Angels,California Angels
1991,STP,St. Petersburg Cardinals,St. Louis Cardinals
1991,DUN,Dunedin Blue Jays,Toronto Blue Jays
1991,DUR,Durham Bulls,Atlanta Braves
1991,FRE,Frederick Keys,Baltimore Orioles
1991,WPB,West Palm Beach Expos,Montreal Expos
1991,PW,Prince William Cannons,New York Yankees
1991,BC,Baseball City Royals,Kansas City Royals
1991,CLR,Clearwater Phillies,Philadelphia Phillies
1991,CHA,Charlotte Rangers,Texas Rangers
1991,HD,High Desert Mavericks,San Diego Padres
1991,LAK,Lakeland Tigers,Detroit Tigers
1991,SLU,St. Lucie Mets,New York Mets
1991,FAY,Fayetteville Generals,Detroit Tigers
1991,GAS,Gastonia Rangers,Texas Rangers
1991,KEN,Kenosha Twins,Minnesota Twins
1991,MAD,Madison Muskies,Oakland Athletics
1991,CLM,Columbus Indians,Cleveland Indians
1991,SPR,Springfield Cardinals,St. Louis Cardinals
1991,CHA,Charleston Wheelers,Cincinnati Reds
1991,MB,Myrtle Beach Hurricanes,Toronto Blue Jays
1991,MAC,Macon Braves,Atlanta Braves
1991,GBO,Greensboro Hornets,New York Yankees
1991,AUG,Augusta Pirates,Pittsburgh Pirates
1991,SAV,Savannah Cardinals,St. Louis Cardinals
1991,ROC,Rockford Expos,Montreal Expos
1991,BUR,Burlington Astros,Houston Astros
1991,SPA,Spartanburg Phillies,Philadelphia Phillies
1991,SB,South Bend White Sox,Chicago White Sox
1991,WAT,Waterloo Diamonds,San Diego Padres
1991,CHS,Charleston Rainbows,San Diego Padres
1991,BEL,Beloit Brewers,Milwaukee Brewers
1991,CR,Cedar Rapids Reds,Cincinnati Reds
1991,CLI,Clinton Giants,San Francisco Giants
1991,QC,Quad City Angels,California Angels
1991,COL,Columbia Mets,New York Mets
1991,PEO,Peoria Chiefs,Chicago Cubs
1991,APP,Appleton Foxes,Kansas City Royals
1991,ASH,Asheville Tourists,Houston Astros
1991,KC,Kane County Cougars,Baltimore Orioles
1991,SUM,Sumter Flyers,Montreal Expos
1991,BOI,Boise Hawks,California Angels
1991,GEN,Geneva Cubs,Chicago Cubs
1991,YAK,Yakima Bears,Los Angeles Dodgers
1991,SPO,Spokane Indians,San Diego Padres
1991,UTI,Utica Blue Sox,Chicago White Sox
1991,AUB,Auburn Astros,Houston Astros
1991,WAT,Watertown Indians,Cleveland Indians
1991,EUG,Eugene Emeralds,Kansas City Royals
1991,WEL,Welland Pirates,Pittsburgh Pirates
1991,JAM,Jamestown Expos,Montreal Expos
1991,SOR,Southern Oregon A's,Oakland Athletics
1991,EVE,Everett Giants,San Francisco Giants
1991,NF,Niagara Falls Rapids,Detroit Tigers
1991,ERI,Erie Sailors,Office of the Commissioner
1991,BEL,Bellingham Mariners,San Francisco Giants
1991,HAM,Hamilton Redbirds,St. Louis Cardinals
1991,PIT,Pittsfield Mets,New York Mets
1991,ONE,Oneonta Yankees,New York Yankees
1991,BEN,Bend Bucks,Office of the Commissioner
1991,ELM,Elmira Pioneers,Boston Red Sox
1991,STC,St. Catharines Blue Jays,Toronto Blue Jays
1991,BAT,Batavia Clippers,Philadelphia Phillies
1991,BIL,Billings Mustangs,Cincinnati Reds
1991,HUN,Huntington Cubs,Chicago Cubs
1991,BLU,Bluefield Orioles,Baltimore Orioles
1991,MRT,Martinsville Phillies,Philadelphia Phillies
1991,MED,Medicine Hat Blue Jays,Toronto Blue Jays
1991,A-ANG,AZL Angels,California Angels
1991,A-ATH,AZL Athletics,Oakland Athletics
1991,A-BRW,AZL Brewers,Milwaukee Brewers
1991,A-GIA,AZL Giants,San Francisco Giants
1991,A-MRN,AZL Mariners,Seattle Mariners
1991,A-PAD,AZL Padres,San Diego Padres
1991,SLT,Salt Lake City Trappers,Office of the Commissioner
1991,PUL,Pulaski Braves,Atlanta Braves
1991,BRI,Bristol Tigers,Detroit Tigers
1991,HEL,Helena Brewers,Milwaukee Brewers
1991,JC,Johnson City Cardinals,St. Louis Cardinals
1991,IDF,Idaho Falls Braves,Atlanta Braves
1991,ELZ,Elizabethton Twins,Minnesota Twins
1991,GRF,Great Falls Dodgers,Los Angeles Dodgers
1991,A-CAR,AZL Cardinals,St. Louis Cardinals
1991,PRN,Princeton Reds,Cincinnati Reds
1991,G-AST,GCL Astros,Houston Astros
1991,G-IND,GCL Indians,Cleveland Indians
1991,G-BRV,GCL Braves,Atlanta Braves
1991,G-DOD,GCL Dodgers,Los Angeles Dodgers
1991,G-CUB,GCL Cubs,Chicago Cubs
1991,G-EXP,GCL Expos,Montreal Expos
1991,G-MET,GCL Mets,New York Mets
1991,G-RAN,GCL Rangers,Texas Rangers
1991,G-PHI,GCL Phillies,Philadelphia Phillies
1991,G-PIR,GCL Pirates,Pittsburgh Pirates
1991,G-ROY,GCL Royals,Kansas City Royals
1991,G-ORI,GCL Orioles,Baltimore Orioles
1991,G-RSX,GCL Red Sox,Boston Red Sox
1991,D-ANG,DSL Angels,California Angels
1991,G-RED,GCL Reds,Cincinnati Reds
1991,D-AST,DSL Astros,Houston Astros
1991,G-TIG,GCL Tigers,Detroit Tigers
1991,D-ATH,DSL Athletics,Oakland Athletics
1991,G-TWI,GCL Twins,Minnesota Twins
1991,G-YAN,GCL Yankees,New York Yankees
1991,G-WSX,GCL White Sox,Chicago White Sox
1991,D-BLJ,DSL Blue Jays,Toronto Blue Jays
1991,D-BRV,DSL Braves,Atlanta Braves
1991,D-BRW,DSL Brewers,Milwaukee Brewers
1991,D-CAR,DSL Cardinals,St. Louis Cardinals
1991,D-CUB,DSL Cubs,Chicago Cubs
1991,D-DOD,DSL Dodgers,Los Angeles Dodgers
1991,BUR,Burlington Indians,Cleveland Indians
1991,D-DO2,DSL Dodgers 2,Los Angeles Dodgers
1991,D-GIA,DSL Giants,San Francisco Giants
1991,D-IND,DSL Indians,Cleveland Indians
1991,D-ME1,DSL Mets 1,New York Mets
1991,D-ORI,DSL Orioles,Baltimore Orioles
1991,G-BLU,GCL Blue Jays,Toronto Blue Jays
1991,D-PAD,DSL Padres,San Diego Padres
1991,D-PHI,DSL Phillies,Philadelphia Phillies
1991,D-PIR,DSL Pirates,Pittsburgh Pirates
1991,D-RNG,DSL Rangers,Texas Rangers
1991,D-EXP,DSL Expos,Montreal Expos
1991,D-ROY,DSL Royals,Kansas City Royals
1991,BUT,Butte Copper Kings,Texas Rangers
1991,D-TIG,DSL Tigers,Detroit Tigers
1991,D-TWI,DSL Twins,Minnesota Twins
1991,D-YAN,DSL Yankees,New York Yankees
1991,KNG,Kingsport Mets,New York Mets
1992,TOL,Toledo Mud Hens,Detroit Tigers
1992,IOW,Iowa Cubs,Chicago Cubs
1992,OAX,Guerreros de Oaxaca,Office of the Commissioner
1992,PUE,Pericos de Puebla,Office of the Commissioner
1992,CAM,Piratas de Campeche,Office of the Commissioner
1992,LV,Las Vegas Stars,San Diego Padres
1992,AGS,Rieleros de Aguascalientes,Office of the Commissioner
1992,TAC,Tacoma Tigers,Oakland Athletics
1992,SWB,Scranton/Wilkes-Barre Red Barons,Philadelphia Phillies
1992,MEX,Diablos Rojos del Mexico,Office of the Commissioner
1992,PAW,Pawtucket Red Sox,Boston Red Sox
1992,CAL,Calgary Cannons,Seattle Mariners
1992,ROC,Rochester Red Wings,Baltimore Orioles
1992,VER,Rojos del Aguila de Veracruz,Office of the Commissioner
1992,PHO,Phoenix Firebirds,San Francisco Giants
1992,OMA,Omaha Royals,Kansas City Royals
1992,LOU,Louisville Redbirds,St. Louis Cardinals
1992,IND,Indianapolis Indians,Montreal Expos
1992,TUC,Tucson Toros,Houston Astros
1992,BUF,Buffalo Bisons,Pittsburgh Pirates
1992,COL,Colorado Springs Sky Sox,Cleveland Indians
1992,SYR,Syracuse Chiefs,Toronto Blue Jays
1992,MEM,Memphis Redbirds,Kansas City Royals
1992,NAS,Nashville Sounds,Cincinnati Reds
1992,OKC,Oklahoma City 89ers,Texas Rangers
1992,RIC,Richmond Braves,Atlanta Braves
1992,YUC,Leones de Yucatan,Office of the Commissioner
1992,MVA,Acereros del Norte,Office of the Commissioner
1992,CAN,Langosteros de Cancun,Office of the Commissioner
1992,ALB,Albuquerque Dukes,Los Angeles Dodgers
1992,MTY,Sultanes de Monterrey,Office of the Commissioner
1992,VAN,Vancouver Canadians,Chicago White Sox
1992,SAL,Saraperos de Saltillo,Office of the Commissioner
1992,POR,Portland Beavers,Minnesota Twins
1992,TID,Tidewater Tides,New York Mets
1992,TAB,Olmecas de Tabasco,Office of the Commissioner
1992,DEN,Denver Zephyrs,Milwaukee Brewers
1992,EDM,Edmonton Trappers,California Angels
1992,COL,Columbus Clippers,New York Yankees
1992,CHI,Dorados de Chihuahua,Office of the Commissioner
1992,GRE,Greenville Braves,Atlanta Braves
1992,TUL,Tulsa Drillers,Texas Rangers
1992,LON,London Tigers,Detroit Tigers
1992,WIC,Wichita Wranglers,San Diego Padres
1992,REA,Reading Phillies,Philadelphia Phillies
1992,MEM,Memphis Chicks,Kansas City Royals
1992,CAK,Canton-Akron Indians,Cleveland Indians
1992,ORL,Orlando Sun Rays,Minnesota Twins
1992,NBR,New Britain Red Sox,Boston Red Sox
1992,JAC,Jackson Generals,Houston Astros
1992,HBG,Harrisburg Senators,Montreal Expos
1992,SHR,Shreveport Captains,San Francisco Giants
1992,KNO,Knoxville Blue Jays,Toronto Blue Jays
1992,MID,Midland Angels,California Angels
1992,CLT,Charlotte Knights,Chicago Cubs
1992,HVL,Huntsville Stars,Oakland Athletics
1992,CHA,Chattanooga Lookouts,Cincinnati Reds
1992,HAG,Hagerstown Suns,Baltimore Orioles
1992,AC,Albany-Colonie Yankees,New York Yankees
1992,JAX,Jacksonville Suns,Seattle Mariners
1992,ELP,El Paso Diablos,Milwaukee Brewers
1992,BIR,Birmingham Barons,Chicago White Sox
1992,BNG,Binghamton Mets,New York Mets
1992,CAR,Carolina Mudcats,Pittsburgh Pirates
1992,SA,San Antonio Missions,Los Angeles Dodgers
1992,ARK,Arkansas Travelers,St. Louis Cardinals
1992,FTL,Fort Lauderdale Yankees,New York Yankees
1992,MOD,Modesto A's,Oakland Athletics
1992,WS,Winston-Salem Spirits,Chicago Cubs
1992,VIS,Visalia Oaks,Minnesota Twins
1992,VER,Vero Beach Dodgers,Los Angeles Dodgers
1992,STK,Stockton Ports,Milwaukee Brewers
1992,SAN,San Bernardino Spirit,Seattle Mariners
1992,OSC,Osceola Astros,Houston Astros
1992,SAR,Sarasota White Sox,Chicago White Sox
1992,PEN,Peninsula Pilots,Seattle Mariners
1992,SJ,San Jose Giants,San Francisco Giants
1992,SAL,Salem Buccaneers,Pittsburgh Pirates
1992,REN,Reno Silver Sox,Office of the Commissioner
1992,LYN,Lynchburg Red Sox,Boston Red Sox
1992,SAL,Salinas Spurs,Office of the Commissioner
1992,KIN,Kinston Indians,Cleveland Indians
1992,BAK,Bakersfield Dodgers,Los Angeles Dodgers
1992,PS,Palm Springs Angels,California Angels
1992,STP,St. Petersburg Cardinals,St. Louis Cardinals
1992,DUN,Dunedin Blue Jays,Toronto Blue Jays
1992,DUR,Durham Bulls,Atlanta Braves
1992,FRE,Frederick Keys,Baltimore Orioles
1992,WPB,West Palm Beach Expos,Montreal Expos
1992,PW,Prince William Cannons,New York Yankees
1992,CLR,Clearwater Phillies,Philadelphia Phillies
1992,CHA,Charlotte Rangers,Texas Rangers
1992,HD,High Desert Mavericks,San Diego Padres
1992,LAK,Lakeland Tigers,Detroit Tigers
1992,SLU,St. Lucie Mets,New York Mets
1992,FTM,Fort Myers Miracle,Office of the Commissioner
1992,FAY,Fayetteville Generals,Detroit Tigers
1992,GAS,Gastonia Rangers,Texas Rangers
1992,KEN,Kenosha Twins,Minnesota Twins
1992,MAD,Madison Muskies,Oakland Athletics
1992,CLM,Columbus Red Stixx,Cleveland Indians
1992,SPR,Springfield Cardinals,St. Louis Cardinals
1992,CHA,Charleston Wheelers,Cincinnati Reds
1992,MB,Myrtle Beach Hurricanes,Toronto Blue Jays
1992,MAC,Macon Braves,Atlanta Braves
1992,GBO,Greensboro Hornets,New York Yankees
1992,AUG,Augusta Pirates,Pittsburgh Pirates
1992,SAV,Savannah Cardinals,St. Louis Cardinals
1992,ROC,Rockford Expos,Montreal Expos
1992,BUR,Burlington Astros,Houston Astros
1992,SPA,Spartanburg Phillies,Philadelphia Phillies
1992,SB,South Bend White Sox,Chicago White Sox
1992,WAT,Waterloo Diamonds,San Diego Padres
1992,CHS,Charleston Rainbows,San Diego Padres
1992,BEL,Beloit Brewers,Milwaukee Brewers
1992,CR,Cedar Rapids Reds,Cincinnati Reds
1992,ALB,Albany Polecats,Montreal Expos
1992,CLI,Clinton Giants,San Francisco Giants
1992,QC,Quad City River Bandits,California Angels
1992,COL,Columbia Mets,New York Mets
1992,PEO,Peoria Chiefs,Chicago Cubs
1992,APP,Appleton Foxes,Kansas City Royals
1992,ASH,Asheville Tourists,Houston Astros
1992,KC,Kane County Cougars,Baltimore Orioles
1992,BOI,Boise Hawks,California Angels
1992,GEN,Geneva Cubs,Chicago Cubs
1992,YAK,Yakima Bears,Los Angeles Dodgers
1992,SPO,Spokane Indians,San Diego Padres
1992,UTI,Utica Blue Sox,Chicago White Sox
1992,AUB,Auburn Astros,Houston Astros
1992,WAT,Watertown Indians,Cleveland Indians
1992,EUG,Eugene Emeralds,Kansas City Royals
1992,WEL,Welland Pirates,Pittsburgh Pirates
1992,JAM,Jamestown Expos,Montreal Expos
1992,SOR,Southern Oregon A's,Oakland Athletics
1992,EVE,Everett Giants,San Francisco Giants
1992,NF,Niagara Falls Rapids,Detroit Tigers
1992,ERI,Erie Sailors,Florida Marlins
1992,BEL,Bellingham Mariners,San Francisco Giants
1992,HAM,Hamilton Redbirds,St. Louis Cardinals
1992,PIT,Pittsfield Mets,New York Mets
1992,ONE,Oneonta Yankees,New York Yankees
1992,BEN,Bend Rockies,Colorado Rockies
1992,ELM,Elmira Pioneers,Boston Red Sox
1992,STC,St. Catharines Blue Jays,Toronto Blue Jays
1992,BAT,Batavia Clippers,Philadelphia Phillies
1992,BIL,Billings Mustangs,Cincinnati Reds
1992,HUN,Huntington Cubs,Chicago Cubs
1992,BLU,Bluefield Orioles,Baltimore Orioles
1992,MRT,Martinsville Phillies,Philadelphia Phillies
1992,MED,Medicine Hat Blue Jays,Toronto Blue Jays
1992,A-ANG,AZL Angels,California Angels
1992,A-ATH,AZL Athletics,Oakland Athletics
1992,A-BRW,AZL Brewers,Milwaukee Brewers
1992,A-GIA,AZL Giants,San Francisco Giants
1992,A-MRN,AZL Mariners,Seattle Mariners
1992,A-PAD,AZL Padres,San Diego Padres
1992,SLT,Salt Lake City Trappers,Office of the Commissioner
1992,PUL,Pulaski Braves,Atlanta Braves
1992,BRI,Bristol Tigers,Detroit Tigers
1992,HEL,Helena Brewers,Milwaukee Brewers
1992,JC,Johnson City Cardinals,St. Louis Cardinals
1992,IDF,Idaho Falls Gems,Atlanta Braves
1992,ELZ,Elizabethton Twins,Minnesota Twins
1992,GRF,Great Falls Dodgers,Los Angeles Dodgers
1992,A-CAR,AZL Cardinals,St. Louis Cardinals
1992,PRN,Princeton Reds,Cincinnati Reds
1992,G-AST,GCL Astros,Houston Astros
1992,G-IND,GCL Indians,Cleveland Indians
1992,G-BRV,GCL Braves,Atlanta Braves
1992,G-DOD,GCL Dodgers,Los Angeles Dodgers
1992,G-CUB,GCL Cubs,Chicago Cubs
1992,G-EXP,GCL Expos,Montreal Expos
1992,G-MET,GCL Mets,New York Mets
1992,G-RAN,GCL Rangers,Texas Rangers
1992,G-PHI,GCL Phillies,Philadelphia Phillies
1992,G-PIR,GCL Pirates,Pittsburgh Pirates
1992,G-ROY,GCL Royals,Kansas City Royals
1992,G-ORI,GCL Orioles,Baltimore Orioles
1992,G-RSX,GCL Red Sox,Boston Red Sox
1992,D-ANG,DSL Angels,California Angels
1992,G-RED,GCL Reds,Cincinnati Reds
1992,D-AST,DSL Astros,Houston Astros
1992,G-TIG,GCL Tigers,Detroit Tigers
1992,D-ATH,DSL Athletics,Oakland Athletics
1992,G-TWI,GCL Twins,Minnesota Twins
1992,G-YAN,GCL Yankees,New York Yankees
1992,G-WSX,GCL White Sox,Chicago White Sox
1992,D-BJW,DSL Blue Jays W,Toronto Blue Jays
1992,D-BRV,DSL Braves,Atlanta Braves
1992,D-BRW,DSL Brewers,Milwaukee Brewers
1992,D-CAR,DSL Cardinals,St. Louis Cardinals
1992,D-CUB,DSL Cubs,Chicago Cubs
1992,D-DO1,DSL Dodgers 1,Los Angeles Dodgers
1992,BUR,Burlington Indians,Cleveland Indians
1992,D-DOD,DSL Dodgers DLV,Los Angeles Dodgers
1992,D-GIA,DSL Giants,San Francisco Giants
1992,D-IND,DSL Indians,Cleveland Indians
1992,D-MRL,DSL Marlins,Florida Marlins
1992,D-MET,DSL Mets,New York Mets
1992,D-ORI,DSL Orioles,Baltimore Orioles
1992,G-BLU,GCL Blue Jays,Toronto Blue Jays
1992,D-PAD,DSL Padres,San Diego Padres
1992,D-PHI,DSL Phillies,Philadelphia Phillies
1992,D-PIR,DSL Pirates,Pittsburgh Pirates
1992,D-RNG,DSL Rangers,Texas Rangers
1992,D-RCK,DSL Rockies,Colorado Rockies
1992,D-EXP,DSL Expos,Montreal Expos
1992,D-ROY,DSL Royals,Kansas City Royals
1992,BUT,Butte Copper Kings,Texas Rangers
1992,D-TIG,DSL Tigers,Detroit Tigers
1992,D-TWI,DSL Twins,Minnesota Twins
1992,D-YAN,DSL Yankees,New York Yankees
1992,KNG,Kingsport Mets,New York Mets
1992,SCO,Scottsdale Scorpions,Office of the Commissioner
1992,CHA,Chandler Diamondbacks,Office of the Commissioner
1992,TUC,Tucson Javelinas,Office of the Commissioner
1992,SUN,Sun Cities Solar Sox,Office of the Commissioner
1992,PHO,Phoenix Saguaros,Office of the Commissioner
1992,TDN,Tren del Norte,Office of the Commissioner
1992,GCR,Grand Canyon Rafters,Office of the Commissioner
1993,TOL,Toledo Mud Hens,Detroit Tigers
1993,IOW,Iowa Cubs,Chicago Cubs
1993,OAX,Guerreros de Oaxaca,Office of the Commissioner
1993,PUE,Pericos de Puebla,Office of the Commissioner
1993,CAM,Piratas de Campeche,Office of the Commissioner
1993,NEW,New Orleans Zephyrs,Milwaukee Brewers
1993,LV,Las Vegas Stars,San Diego Padres
1993,AGS,Rieleros de Aguascalientes,Office of the Commissioner
1993,TAC,Tacoma Tigers,Oakland Athletics
1993,SWB,Scranton/Wilkes-Barre Red Barons,Philadelphia Phillies
1993,MEX,Diablos Rojos del Mexico,Office of the Commissioner
1993,PAW,Pawtucket Red Sox,Boston Red Sox
1993,CAL,Calgary Cannons,Seattle Mariners
1993,ROC,Rochester Red Wings,Baltimore Orioles
1993,VER,Rojos del Aguila de Veracruz,Office of the Commissioner
1993,PHO,Phoenix Firebirds,San Francisco Giants
1993,OMA,Omaha Royals,Kansas City Royals
1993,LOU,Louisville Redbirds,St. Louis Cardinals
1993,IND,Indianapolis Indians,Cincinnati Reds
1993,TUC,Tucson Toros,Houston Astros
1993,BUF,Buffalo Bisons,Pittsburgh Pirates
1993,COL,Colorado Springs Sky Sox,Cleveland Indians
1993,SYR,Syracuse Chiefs,Toronto Blue Jays
1993,MEM,Memphis Redbirds,Kansas City Royals
1993,NAS,Nashville Sounds,Chicago White Sox
1993,CLT,Charlotte Knights,Cleveland Indians
1993,OKC,Oklahoma City 89ers,Texas Rangers
1993,RIC,Richmond Braves,Atlanta Braves
1993,YUC,Leones de Yucatan,Office of the Commissioner
1993,MVA,Acereros del Norte,Office of the Commissioner
1993,CAN,Langosteros de Cancun,Office of the Commissioner
1993,ALB,Albuquerque Dukes,Los Angeles Dodgers
1993,MTY,Sultanes de Monterrey,Office of the Commissioner
1993,VAN,Vancouver Canadians,California Angels
1993,OTT,Ottawa Lynx,Montreal Expos
1993,SAL,Saraperos de Saltillo,Office of the Commissioner
1993,POR,Portland Beavers,Minnesota Twins
1993,NOR,Norfolk Tides,New York Mets
1993,TAB,Olmecas de Tabasco,Office of the Commissioner
1993,EDM,Edmonton Trappers,Florida Marlins
1993,COL,Columbus Clippers,New York Yankees
1993,CHI,Dorados de Chihuahua,Office of the Commissioner
1993,GRE,Greenville Braves,Atlanta Braves
1993,TUL,Tulsa Drillers,Texas Rangers
1993,LON,London Tigers,Detroit Tigers
1993,WIC,Wichita Wranglers,San Diego Padres
1993,REA,Reading Phillies,Philadelphia Phillies
1993,MEM,Memphis Chicks,Kansas City Royals
1993,NAS,Nashville Xpress,Minnesota Twins
1993,CAK,Canton-Akron Indians,Cleveland Indians
1993,ORL,Orlando Cubs,Chicago Cubs
1993,NBR,New Britain Red Sox,Boston Red Sox
1993,JAC,Jackson Generals,Houston Astros
1993,BOW,Bowie Baysox,Baltimore Orioles
1993,HBG,Harrisburg Senators,Montreal Expos
1993,SHR,Shreveport Captains,San Francisco Giants
1993,KNO,Knoxville Smokies,Toronto Blue Jays
1993,MID,Midland Angels,California Angels
1993,HVL,Huntsville Stars,Oakland Athletics
1993,CHA,Chattanooga Lookouts,Cincinnati Reds
1993,AC,Albany-Colonie Yankees,New York Yankees
1993,JAX,Jacksonville Suns,Seattle Mariners
1993,ELP,El Paso Diablos,Milwaukee Brewers
1993,BIR,Birmingham Barons,Chicago White Sox
1993,BNG,Binghamton Mets,New York Mets
1993,CAR,Carolina Mudcats,Pittsburgh Pirates
1993,SA,San Antonio Missions,Los Angeles Dodgers
1993,ARK,Arkansas Travelers,St. Louis Cardinals
1993,FTL,Fort Lauderdale Red Sox,Boston Red Sox
1993,DAY,Daytona Cubs,Chicago Cubs
1993,MOD,Modesto A's,Oakland Athletics
1993,WS,Winston-Salem Spirits,Cincinnati Reds
1993,CV,Central Valley Rockies,Colorado Rockies
1993,VER,Vero Beach Dodgers,Los Angeles Dodgers
1993,STK,Stockton Ports,Milwaukee Brewers
1993,RC,Rancho Cucamonga Quakes,San Diego Padres
1993,SB,San Bernardino Spirit,Office of the Commissioner
1993,OSC,Osceola Astros,Houston Astros
1993,SAR,Sarasota White Sox,Chicago White Sox
1993,SJ,San Jose Giants,San Francisco Giants
1993,SAL,Salem Buccaneers,Pittsburgh Pirates
1993,LYN,Lynchburg Red Sox,Boston Red Sox
1993,RIV,Riverside Pilots,Seattle Mariners
1993,KIN,Kinston Indians,Cleveland Indians
1993,PS,Palm Springs Angels,California Angels
1993,BAK,Bakersfield Dodgers,Los Angeles Dodgers
1993,STP,St. Petersburg Cardinals,St. Louis Cardinals
1993,DUN,Dunedin Blue Jays,Toronto Blue Jays
1993,DUR,Durham Bulls,Atlanta Braves
1993,WIL,Wilmington Blue Rocks,Kansas City Royals
1993,FRE,Frederick Keys,Baltimore Orioles
1993,WPB,West Palm Beach Expos,Montreal Expos
1993,PW,Prince William Cannons,New York Yankees
1993,CLR,Clearwater Phillies,Philadelphia Phillies
1993,CHA,Charlotte Rangers,Texas Rangers
1993,HD,High Desert Mavericks,Florida Marlins
1993,LAK,Lakeland Tigers,Detroit Tigers
1993,SLU,St. Lucie Mets,New York Mets
1993,FTM,Fort Myers Miracle,Minnesota Twins
1993,HIC,Hickory Crawdads,Chicago White Sox
1993,FAY,Fayetteville Generals,Detroit Tigers
1993,MAD,Madison Muskies,Oakland Athletics
1993,FW,Fort Wayne Wizards,Minnesota Twins
1993,CLM,Columbus Red Stixx,Cleveland Indians
1993,SPR,Springfield Cardinals,St. Louis Cardinals
1993,CHA,Charleston Wheelers,Cincinnati Reds
1993,MAC,Macon Braves,Atlanta Braves
1993,GBO,Greensboro Hornets,New York Yankees
1993,AUG,Augusta Pirates,Pittsburgh Pirates
1993,SAV,Savannah Cardinals,St. Louis Cardinals
1993,ROC,Rockford Royals,Kansas City Royals
1993,BUR,Burlington Bees,Montreal Expos
1993,SPA,Spartanburg Phillies,Philadelphia Phillies
1993,SB,South Bend White Sox,Chicago White Sox
1993,WAT,Waterloo Diamonds,San Diego Padres
1993,CHS,Charleston Rainbows,Texas Rangers
1993,BEL,Beloit Brewers,Milwaukee Brewers
1993,CR,Cedar Rapids Kernels,California Angels
1993,ALB,Albany Polecats,Baltimore Orioles
1993,HAG,Hagerstown Suns,Toronto Blue Jays
1993,CLI,Clinton Giants,San Francisco Giants
1993,QC,Quad City River Bandits,Houston Astros
1993,CAP,Capital City Bombers,New York Mets
1993,PEO,Peoria Chiefs,Chicago Cubs
1993,APP,Appleton Foxes,Seattle Mariners
1993,ASH,Asheville Tourists,Houston Astros
1993,KC,Kane County Cougars,Florida Marlins
1993,BOI,Boise Hawks,California Angels
1993,GEN,Geneva Cubs,Chicago Cubs
1993,YAK,Yakima Bears,Los Angeles Dodgers
1993,SPO,Spokane Indians,San Diego Padres
1993,UTI,Utica Blue Sox,Boston Red Sox
1993,AUB,Auburn Astros,Houston Astros
1993,WAT,Watertown Indians,Cleveland Indians
1993,EUG,Eugene Emeralds,Kansas City Royals
1993,JAM,Jamestown Expos,Montreal Expos
1993,WEL,Welland Pirates,Pittsburgh Pirates
1993,SOR,Southern Oregon A's,Oakland Athletics
1993,EVE,Everett Giants,San Francisco Giants
1993,NF,Niagara Falls Rapids,Detroit Tigers
1993,BEL,Bellingham Mariners,San Francisco Giants
1993,ERI,Erie Sailors,Texas Rangers
1993,GF,Glens Falls Redbirds,St. Louis Cardinals
1993,PIT,Pittsfield Mets,New York Mets
1993,ONE,Oneonta Yankees,New York Yankees
1993,ELM,Elmira Pioneers,Florida Marlins
1993,BEN,Bend Rockies,Colorado Rockies
1993,BAT,Batavia Clippers,Philadelphia Phillies
1993,STC,St. Catharines Blue Jays,Toronto Blue Jays
1993,BIL,Billings Mustangs,Cincinnati Reds
1993,HUN,Huntington Cubs,Chicago Cubs
1993,BLU,Bluefield Orioles,Baltimore Orioles
1993,MRT,Martinsville Phillies,Philadelphia Phillies
1993,MED,Medicine Hat Blue Jays,Toronto Blue Jays
1993,A-ANG,AZL Angels,California Angels
1993,A-ATH,AZL Athletics,Oakland Athletics
1993,A-BRW,AZL Brewers,Milwaukee Brewers
1993,A-GIA,AZL Giants,San Francisco Giants
1993,A-MRN,AZL Mariners,Seattle Mariners
1993,A-PAD,AZL Padres,San Diego Padres
1993,POC,Pocatello Posse,Office of the Commissioner
1993,BRI,Bristol Tigers,Detroit Tigers
1993,DAN,Danville Braves,Atlanta Braves
1993,HEL,Helena Brewers,Milwaukee Brewers
1993,JC,Johnson City Cardinals,St. Louis Cardinals
1993,IDF,Idaho Falls Braves,Atlanta Braves
1993,ELZ,Elizabethton Twins,Minnesota Twins
1993,GRF,Great Falls Dodgers,Los Angeles Dodgers
1993,A-CAR,AZL Cardinals,St. Louis Cardinals
1993,PRN,Princeton Reds,Cincinnati Reds
1993,A-RCK,AZL Rockies,Colorado Rockies
1993,G-AST,GCL Astros,Houston Astros
1993,G-IND,GCL Indians,Cleveland Indians
1993,G-BRV,GCL Braves,Atlanta Braves
1993,G-CUB,GCL Cubs,Chicago Cubs
1993,G-EXP,GCL Expos,Montreal Expos
1993,G-MET,GCL Mets,New York Mets
1993,G-RAN,GCL Rangers,Texas Rangers
1993,G-PHI,GCL Phillies,Philadelphia Phillies
1993,G-PIR,GCL Pirates,Pittsburgh Pirates
1993,G-ROY,GCL Royals,Kansas City Royals
1993,G-ORI,GCL Orioles,Baltimore Orioles
1993,G-RSX,GCL Red Sox,Boston Red Sox
1993,D-ANG,DSL Angels,California Angels
1993,G-RED,GCL Reds,Cincinnati Reds
1993,D-AST,DSL Astros,Houston Astros
1993,G-TIG,GCL Tigers,Detroit Tigers
1993,D-ATH,DSL Athletics,Oakland Athletics
1993,G-TWI,GCL Twins,Minnesota Twins
1993,G-YAN,GCL Yankees,New York Yankees
1993,G-WSX,GCL White Sox,Chicago White Sox
1993,D-BJW,DSL Blue Jays W,Toronto Blue Jays
1993,D-BRV,DSL Braves,Atlanta Braves
1993,D-BRW,DSL Brewers,Milwaukee Brewers
1993,D-CAR,DSL Cardinals,St. Louis Cardinals
1993,D-CUB,DSL Cubs,Chicago Cubs
1993,D-DO1,DSL Dodgers 1,Los Angeles Dodgers
1993,BUR,Burlington Indians,Cleveland Indians
1993,D-DO2,DSL Dodgers 2,Los Angeles Dodgers
1993,D-GIA,DSL Giants,San Francisco Giants
1993,D-IND,DSL Indians,Cleveland Indians
1993,D-MRL,DSL Marlins,Florida Marlins
1993,D-MET,DSL Mets,New York Mets
1993,D-ORI,DSL Orioles,Baltimore Orioles
1993,G-BLU,GCL Blue Jays,Toronto Blue Jays
1993,D-PAD,DSL Padres,San Diego Padres
1993,D-PHI,DSL Phillies,Philadelphia Phillies
1993,D-PIR,DSL Pirates,Pittsburgh Pirates
1993,D-RNG,DSL Rangers,Texas Rangers
1993,D-RCK,DSL Rockies,Colorado Rockies
1993,D-EXP,DSL Expos,Montreal Expos
1993,D-ROY,DSL Royals,Kansas City Royals
1993,BUT,Butte Copper Kings,Office of the Commissioner
1993,D-TIG,DSL Tigers,Detroit Tigers
1993,D-TWI,DSL Twins,Minnesota Twins
1993,D-YAN,DSL Yankees,New York Yankees
1993,KNG,Kingsport Mets,New York Mets
1993,SCO,Scottsdale Scorpions,Office of the Commissioner
1993,CHA,Chandler Diamondbacks,Office of the Commissioner
1993,TUC,Tucson Javelinas,Office of the Commissioner
1993,SUN,Sun Cities Solar Sox,Office of the Commissioner
1993,MES,Mesa Saguaros,Office of the Commissioner
1993,TDN,Tren del Norte,Office of the Commissioner
1993,TEM,Tempe Rafters,Office of the Commissioner
1994,TOL,Toledo Mud Hens,Detroit Tigers
1994,OAX,Guerreros de Oaxaca,Office of the Commissioner
1994,IOW,Iowa Cubs,Chicago Cubs
1994,PUE,Pericos de Puebla,Office of the Commissioner
1994,CAM,Piratas de Campeche,Office of the Commissioner
1994,NEW,New Orleans Zephyrs,Milwaukee Brewers
1994,AGS,Rieleros de Aguascalientes,Office of the Commissioner
1994,LV,Las Vegas Stars,San Diego Padres
1994,TAC,Tacoma Tigers,Oakland Athletics
1994,SWB,Scranton/Wilkes-Barre Red Barons,Philadelphia Phillies
1994,MEX,Diablos Rojos del Mexico,Office of the Commissioner
1994,PAW,Pawtucket Red Sox,Boston Red Sox
1994,ROC,Rochester Red Wings,Baltimore Orioles
1994,CAL,Calgary Cannons,Seattle Mariners
1994,VER,Rojos del Aguila de Veracruz,Office of the Commissioner
1994,PHO,Phoenix Firebirds,San Francisco Giants
1994,OMA,Omaha Royals,Kansas City Royals
1994,LOU,Louisville Redbirds,St. Louis Cardinals
1994,IND,Indianapolis Indians,Cincinnati Reds
1994,TUC,Tucson Toros,Houston Astros
1994,BUF,Buffalo Bisons,Pittsburgh Pirates
1994,COL,Colorado Springs Sky Sox,Cleveland Indians
1994,SYR,Syracuse Chiefs,Toronto Blue Jays
1994,MEM,Memphis Redbirds,Kansas City Royals
1994,NAS,Nashville Sounds,Chicago White Sox
1994,CLT,Charlotte Knights,Cleveland Indians
1994,OKC,Oklahoma City 89ers,Texas Rangers
1994,RIC,Richmond Braves,Atlanta Braves
1994,MVA,Acereros del Norte,Office of the Commissioner
1994,YUC,Leones de Yucatan,Office of the Commissioner
1994,SLC,Salt Lake City Buzz,Minnesota Twins
1994,CAN,Langosteros de Cancun,Office of the Commissioner
1994,ALB,Albuquerque Dukes,Los Angeles Dodgers
1994,MTY,Sultanes de Monterrey,Office of the Commissioner
1994,VAN,Vancouver Canadians,California Angels
1994,OTT,Ottawa Lynx,Montreal Expos
1994,SAL,Saraperos de Saltillo,Office of the Commissioner
1994,NOR,Norfolk Tides,New York Mets
1994,POR,Portland Beavers,Minnesota Twins
1994,TAB,Olmecas de Tabasco,Office of the Commissioner
1994,EDM,Edmonton Trappers,Florida Marlins
1994,COL,Columbus Clippers,New York Yankees
1994,CHI,Dorados de Chihuahua,Office of the Commissioner
1994,GRE,Greenville Braves,Atlanta Braves
1994,TUL,Tulsa Drillers,Texas Rangers
1994,WIC,Wichita Wranglers,San Diego Padres
1994,REA,Reading Phillies,Philadelphia Phillies
1994,MEM,Memphis Chicks,Kansas City Royals
1994,NAS,Nashville Xpress,Minnesota Twins
1994,CAK,Canton-Akron Indians,Cleveland Indians
1994,NH,New Haven Ravens,Colorado Rockies
1994,ORL,Orlando Cubs,Chicago Cubs
1994,NBR,New Britain Red Sox,Boston Red Sox
1994,JAC,Jackson Generals,Houston Astros
1994,POR,Portland Sea Dogs,Florida Marlins
1994,BOW,Bowie Baysox,Baltimore Orioles
1994,HBG,Harrisburg Senators,Montreal Expos
1994,SHR,Shreveport Captains,San Francisco Giants
1994,KNO,Knoxville Smokies,Toronto Blue Jays
1994,MID,Midland Angels,California Angels
1994,HVL,Huntsville Stars,Oakland Athletics
1994,CHA,Chattanooga Lookouts,Cincinnati Reds
1994,AC,Albany-Colonie Yankees,New York Yankees
1994,JAX,Jacksonville Suns,Seattle Mariners
1994,ELP,El Paso Diablos,Milwaukee Brewers
1994,BIR,Birmingham Barons,Chicago White Sox
1994,TRN,Trenton Thunder,Detroit Tigers
1994,BNG,Binghamton Mets,New York Mets
1994,CAR,Carolina Mudcats,Pittsburgh Pirates
1994,SA,San Antonio Missions,Los Angeles Dodgers
1994,ARK,Arkansas Travelers,St. Louis Cardinals
1994,DAY,Daytona Cubs,Chicago Cubs
1994,MOD,Modesto A's,Oakland Athletics
1994,WS,Winston-Salem Spirits,Cincinnati Reds
1994,CV,Central Valley Rockies,Colorado Rockies
1994,VER,Vero Beach Dodgers,Los Angeles Dodgers
1994,TAM,Tampa Yankees,New York Yankees
1994,STK,Stockton Ports,Milwaukee Brewers
1994,RC,Rancho Cucamonga Quakes,San Diego Padres
1994,SB,San Bernardino Spirit,Office of the Commissioner
1994,OSC,Osceola Astros,Houston Astros
1994,SAR,Sarasota Red Sox,Boston Red Sox
1994,SJ,San Jose Giants,San Francisco Giants
1994,SAL,Salem Buccaneers,Pittsburgh Pirates
1994,RIV,Riverside Pilots,Seattle Mariners
1994,LYN,Lynchburg Red Sox,Boston Red Sox
1994,KIN,Kinston Indians,Cleveland Indians
1994,BAK,Bakersfield Dodgers,Los Angeles Dodgers
1994,LE,Lake Elsinore Storm,California Angels
1994,STP,St. Petersburg Cardinals,St. Louis Cardinals
1994,DUN,Dunedin Blue Jays,Toronto Blue Jays
1994,WIL,Wilmington Blue Rocks,Kansas City Royals
1994,DUR,Durham Bulls,Atlanta Braves
1994,FRE,Frederick Keys,Baltimore Orioles
1994,WPB,West Palm Beach Expos,Montreal Expos
1994,PW,Prince William Cannons,Chicago White Sox
1994,CLR,Clearwater Phillies,Philadelphia Phillies
1994,BRV,Brevard County Manatees,Florida Marlins
1994,CHA,Charlotte Rangers,Texas Rangers
1994,HD,High Desert Mavericks,Office of the Commissioner
1994,LAK,Lakeland Tigers,Detroit Tigers
1994,SLU,St. Lucie Mets,New York Mets
1994,FTM,Fort Myers Miracle,Minnesota Twins
1994,HIC,Hickory Crawdads,Chicago White Sox
1994,FAY,Fayetteville Generals,Detroit Tigers
1994,WM,West Michigan Whitecaps,Oakland Athletics
1994,FW,Fort Wayne Wizards,Minnesota Twins
1994,CLM,Columbus Red Stixx,Cleveland Indians
1994,MAD,Madison Hatters,St. Louis Cardinals
1994,CHA,Charleston Wheelers,Cincinnati Reds
1994,MAC,Macon Braves,Atlanta Braves
1994,GBO,Greensboro Bats,New York Yankees
1994,AUG,Augusta GreenJackets,Pittsburgh Pirates
1994,SAV,Savannah Cardinals,St. Louis Cardinals
1994,ROC,Rockford Royals,Kansas City Royals
1994,BUR,Burlington Bees,Montreal Expos
1994,SPA,Spartanburg Phillies,Philadelphia Phillies
1994,SB,South Bend Silver Hawks,Chicago White Sox
1994,SPR,Springfield Sultans,San Diego Padres
1994,CHS,Charleston RiverDogs,Texas Rangers
1994,BEL,Beloit Brewers,Milwaukee Brewers
1994,CR,Cedar Rapids Kernels,California Angels
1994,ALB,Albany Polecats,Baltimore Orioles
1994,HAG,Hagerstown Suns,Toronto Blue Jays
1994,CLI,Clinton Lumber Kings,San Francisco Giants
1994,QC,Quad City River Bandits,Houston Astros
1994,CAP,Capital City Bombers,New York Mets
1994,PEO,Peoria Chiefs,Chicago Cubs
1994,APP,Appleton Foxes,Seattle Mariners
1994,ASH,Asheville Tourists,Colorado Rockies
1994,KC,Kane County Cougars,Florida Marlins
1994,BOI,Boise Hawks,California Angels
1994,WIL,Williamsport Cubs,Chicago Cubs
1994,YAK,Yakima Bears,Los Angeles Dodgers
1994,SPO,Spokane Indians,San Diego Padres
1994,UTI,Utica Blue Sox,Boston Red Sox
1994,JAM,Jamestown Jammers,Detroit Tigers
1994,AUB,Auburn Astros,Houston Astros
1994,WAT,Watertown Indians,Cleveland Indians
1994,EUG,Eugene Emeralds,Kansas City Royals
1994,WEL,Welland Pirates,Pittsburgh Pirates
1994,VER,Vermont Expos,Montreal Expos
1994,SOR,Southern Oregon A's,Oakland Athletics
1994,EVE,Everett Giants,San Francisco Giants
1994,BEL,Bellingham Mariners,San Francisco Giants
1994,NJC,New Jersey Cardinals,St. Louis Cardinals
1994,HV,Hudson Valley Renegades,Texas Rangers
1994,PIT,Pittsfield Mets,New York Mets
1994,ONE,Oneonta Yankees,New York Yankees
1994,BEN,Bend Rockies,Colorado Rockies
1994,ELM,Elmira Pioneers,Florida Marlins
1994,STC,St. Catharines Blue Jays,Toronto Blue Jays
1994,BAT,Batavia Clippers,Philadelphia Phillies
1994,BIL,Billings Mustangs,Cincinnati Reds
1994,HUN,Huntington Cubs,Chicago Cubs
1994,BLU,Bluefield Orioles,Baltimore Orioles
1994,MRT,Martinsville Phillies,Philadelphia Phillies
1994,MED,Medicine Hat Blue Jays,Toronto Blue Jays
1994,OGD,Ogden Raptors,Office of the Commissioner
1994,A-ANG,AZL Angels,California Angels
1994,A-ATH,AZL Athletics,Oakland Athletics
1994,A-BRW,AZL Brewers,Milwaukee Brewers
1994,A-GIA,AZL Giants,San Francisco Giants
1994,A-MRN,AZL Mariners,Seattle Mariners
1994,A-PAD,AZL Padres,San Diego Padres
1994,BRI,Bristol Tigers,Detroit Tigers
1994,DAN,Danville Braves,Atlanta Braves
1994,HEL,Helena Brewers,Milwaukee Brewers
1994,JC,Johnson City Cardinals,St. Louis Cardinals
1994,IDF,Idaho Falls Braves,Atlanta Braves
1994,ELZ,Elizabethton Twins,Minnesota Twins
1994,GRF,Great Falls Dodgers,Los Angeles Dodgers
1994,A-CAR,AZL Cardinals,St. Louis Cardinals
1994,PRN,Princeton Reds,Cincinnati Reds
1994,A-RCK,AZL Rockies,Colorado Rockies
1994,G-AST,GCL Astros,Houston Astros
1994,G-IND,GCL Indians,Cleveland Indians
1994,G-BRV,GCL Braves,Atlanta Braves
1994,G-CUB,GCL Cubs,Chicago Cubs
1994,G-EXP,GCL Expos,Montreal Expos
1994,G-MET,GCL Mets,New York Mets
1994,G-RAN,GCL Rangers,Texas Rangers
1994,G-PHI,GCL Phillies,Philadelphia Phillies
1994,G-PIR,GCL Pirates,Pittsburgh Pirates
1994,G-ROY,GCL Royals,Kansas City Royals
1994,G-ORI,GCL Orioles,Baltimore Orioles
1994,G-RSX,GCL Red Sox,Boston Red Sox
1994,D-ANG,DSL Angels,California Angels
1994,G-RED,GCL Reds,Cincinnati Reds
1994,D-AST,DSL Astros,Houston Astros
1994,G-TIG,GCL Tigers,Detroit Tigers
1994,D-ATH,DSL Athletics,Oakland Athletics
1994,G-TWI,GCL Twins,Minnesota Twins
1994,G-YAN,GCL Yankees,New York Yankees
1994,G-WSX,GCL White Sox,Chicago White Sox
1994,D-BJ1,DSL Blue Jays 1,Toronto Blue Jays
1994,D-BRV,DSL Braves,Atlanta Braves
1994,D-BRW,DSL Brewers,Milwaukee Brewers
1994,D-CAR,DSL Cardinals,St. Louis Cardinals
1994,D-CUB,DSL Cubs,Chicago Cubs
1994,D-DO1,DSL Dodgers 1,Los Angeles Dodgers
1994,BUR,Burlington Indians,Cleveland Indians
1994,D-DOR,DSL Dodgers Rom,Los Angeles Dodgers
1994,D-GIA,DSL Giants,San Francisco Giants
1994,D-IND,DSL Indians,Cleveland Indians
1994,D-MRL,DSL Marlins,Florida Marlins
1994,D-MET,DSL Mets,New York Mets
1994,D-ORI,DSL Orioles,Baltimore Orioles
1994,G-BLU,GCL Blue Jays,Toronto Blue Jays
1994,D-PAD,DSL Padres,San Diego Padres
1994,D-PHI,DSL Phillies,Philadelphia Phillies
1994,D-PIR,DSL Pirates,Pittsburgh Pirates
1994,D-RNG,DSL Rangers,Texas Rangers
1994,D-RCK,DSL Rockies,Colorado Rockies
1994,D-EXP,DSL Expos,Montreal Expos
1994,D-ROY,DSL Royals,Kansas City Royals
1994,BUT,Butte Copper Kings,Office of the Commissioner
1994,D-TIG,DSL Tigers,Detroit Tigers
1994,D-TWI,DSL Twins,Minnesota Twins
1994,D-YAN,DSL Yankees,New York Yankees
1994,KNG,Kingsport Mets,New York Mets
1994,SCO,Scottsdale Scorpions,Office of the Commissioner
1994,CHA,Chandler Diamondbacks,Office of the Commissioner
1994,PEJ,Peoria Javelinas,Office of the Commissioner
1994,SUN,Sun Cities Solar Sox,Office of the Commissioner
1994,MES,Mesa Saguaros,Office of the Commissioner
1994,TDN,Tren del Norte,Office of the Commissioner
1994,TEM,Tempe Rafters,Office of the Commissioner
1995,TOL,Toledo Mud Hens,Detroit Tigers
1995,OAX,Guerreros de Oaxaca,Office of the Commissioner
1995,IOW,Iowa Cubs,Chicago Cubs
1995,PUE,Pericos de Puebla,Office of the Commissioner
1995,CAM,Piratas de Campeche,Office of the Commissioner
1995,NEW,New Orleans Zephyrs,Milwaukee Brewers
1995,AGS,Rieleros de Aguascalientes,Office of the Commissioner
1995,LV,Las Vegas Stars,San Diego Padres
1995,TAC,Tacoma Rainiers,Seattle Mariners
1995,SWB,Scranton/Wilkes-Barre Red Barons,Philadelphia Phillies
1995,MEX,Diablos Rojos del Mexico,Office of the Commissioner
1995,PAW,Pawtucket Red Sox,Boston Red Sox
1995,ROC,Rochester Red Wings,Baltimore Orioles
1995,CAL,Calgary Cannons,Pittsburgh Pirates
1995,VER,Rojos del Aguila de Veracruz,Office of the Commissioner
1995,PHO,Phoenix Firebirds,San Francisco Giants
1995,OMA,Omaha Royals,Kansas City Royals
1995,LOU,Louisville Redbirds,St. Louis Cardinals
1995,IND,Indianapolis Indians,Cincinnati Reds
1995,TUC,Tucson Toros,Houston Astros
1995,BUF,Buffalo Bisons,Cleveland Indians
1995,COL,Colorado Springs Sky Sox,Cleveland Indians
1995,SYR,Syracuse Chiefs,Toronto Blue Jays
1995,MEM,Memphis Redbirds,San Diego Padres
1995,NAS,Nashville Sounds,Chicago White Sox
1995,CLT,Charlotte Knights,Cleveland Indians
1995,OKC,Oklahoma City 89ers,Texas Rangers
1995,RIC,Richmond Braves,Atlanta Braves
1995,MVA,Acereros del Norte,Office of the Commissioner
1995,YUC,Leones de Yucatan,Office of the Commissioner
1995,SLC,Salt Lake City Buzz,Minnesota Twins
1995,CAN,Langosteros de Cancun,Office of the Commissioner
1995,ALB,Albuquerque Dukes,Los Angeles Dodgers
1995,MTY,Sultanes de Monterrey,Office of the Commissioner
1995,VAN,Vancouver Canadians,California Angels
1995,OTT,Ottawa Lynx,Montreal Expos
1995,SAL,Saraperos de Saltillo,Office of the Commissioner
1995,NOR,Norfolk Tides,New York Mets
1995,TAB,Olmecas de Tabasco,Office of the Commissioner
1995,EDM,Edmonton Trappers,Oakland Athletics
1995,COL,Columbus Clippers,New York Yankees
1995,CHI,Dorados de Chihuahua,Office of the Commissioner
1995,NOR,Norwich Navigators,New York Yankees
1995,GRE,Greenville Braves,Atlanta Braves
1995,TUL,Tulsa Drillers,Texas Rangers
1995,WIC,Wichita Wranglers,Kansas City Royals
1995,REA,Reading Phillies,Philadelphia Phillies
1995,MEM,Memphis Chicks,San Diego Padres
1995,CAK,Canton-Akron Indians,Cleveland Indians
1995,NH,New Haven Ravens,Colorado Rockies
1995,ORL,Orlando Cubs,Chicago Cubs
1995,HC,Hardware City Rock Cats,Minnesota Twins
1995,PC,Port City Roosters,Seattle Mariners
1995,JAC,Jackson Generals,Houston Astros
1995,POR,Portland Sea Dogs,Florida Marlins
1995,BOW,Bowie Baysox,Baltimore Orioles
1995,HBG,Harrisburg Senators,Montreal Expos
1995,SHR,Shreveport Captains,San Francisco Giants
1995,KNO,Knoxville Smokies,Toronto Blue Jays
1995,MID,Midland Angels,California Angels
1995,HVL,Huntsville Stars,Oakland Athletics
1995,CHA,Chattanooga Lookouts,Cincinnati Reds
1995,JAX,Jacksonville Suns,Detroit Tigers
1995,ELP,El Paso Diablos,Milwaukee Brewers
1995,BIR,Birmingham Barons,Chicago White Sox
1995,TRN,Trenton Thunder,Boston Red Sox
1995,BNG,Binghamton Mets,New York Mets
1995,CAR,Carolina Mudcats,Pittsburgh Pirates
1995,SA,San Antonio Missions,Los Angeles Dodgers
1995,ARK,Arkansas Travelers,St. Louis Cardinals
1995,DAY,Daytona Cubs,Chicago Cubs
1995,MOD,Modesto A's,Oakland Athletics
1995,WS,Winston-Salem Warthogs,Cincinnati Reds
1995,VIS,Visalia Oaks,Office of the Commissioner
1995,VER,Vero Beach Dodgers,Los Angeles Dodgers
1995,TAM,Tampa Yankees,New York Yankees
1995,STK,Stockton Ports,Milwaukee Brewers
1995,RC,Rancho Cucamonga Quakes,San Diego Padres
1995,SB,San Bernardino Spirit,Los Angeles Dodgers
1995,KIS,Kissimmee Cobras,Houston Astros
1995,SAR,Sarasota Red Sox,Boston Red Sox
1995,SJ,San Jose Giants,San Francisco Giants
1995,SAL,Salem Avalanche,Colorado Rockies
1995,RIV,Riverside Pilots,Seattle Mariners
1995,LYN,Lynchburg Hillcats,Pittsburgh Pirates
1995,KIN,Kinston Indians,Cleveland Indians
1995,BAK,Bakersfield Blaze,Office of the Commissioner
1995,LE,Lake Elsinore Storm,California Angels
1995,STP,St. Petersburg Cardinals,St. Louis Cardinals
1995,DUN,Dunedin Blue Jays,Toronto Blue Jays
1995,WIL,Wilmington Blue Rocks,Kansas City Royals
1995,DUR,Durham Bulls,Atlanta Braves
1995,FRE,Frederick Keys,Baltimore Orioles
1995,WPB,West Palm Beach Expos,Montreal Expos
1995,PW,Prince William Cannons,Chicago White Sox
1995,CLR,Clearwater Phillies,Philadelphia Phillies
1995,BRV,Brevard County Manatees,Florida Marlins
1995,CHA,Charlotte Rangers,Texas Rangers
1995,HD,High Desert Mavericks,Baltimore Orioles
1995,LAK,Lakeland Tigers,Detroit Tigers
1995,SLU,St. Lucie Mets,New York Mets
1995,FTM,Fort Myers Miracle,Minnesota Twins
1995,HIC,Hickory Crawdads,Chicago White Sox
1995,FAY,Fayetteville Generals,Detroit Tigers
1995,WM,West Michigan Whitecaps,Oakland Athletics
1995,FW,Fort Wayne Wizards,Minnesota Twins
1995,MIC,Michigan Battle Cats,Boston Red Sox
1995,CLM,Columbus Red Stixx,Cleveland Indians
1995,CHA,Charleston AlleyCats,Cincinnati Reds
1995,MAC,Macon Braves,Atlanta Braves
1995,GBO,Greensboro Bats,New York Yankees
1995,AUG,Augusta GreenJackets,Pittsburgh Pirates
1995,SAV,Savannah Cardinals,St. Louis Cardinals
1995,ROC,Rockford Cubbies,Chicago Cubs
1995,BUR,Burlington Bees,San Francisco Giants
1995,SB,South Bend Silver Hawks,Chicago White Sox
1995,PIE,Piedmont Phillies,Philadelphia Phillies
1995,SPR,Springfield Sultans,Kansas City Royals
1995,CHS,Charleston RiverDogs,Texas Rangers
1995,BEL,Beloit Snappers,Milwaukee Brewers
1995,CR,Cedar Rapids Kernels,California Angels
1995,ALB,Albany Polecats,Montreal Expos
1995,HAG,Hagerstown Suns,Toronto Blue Jays
1995,CLI,Clinton Lumber Kings,San Diego Padres
1995,QC,Quad City River Bandits,Houston Astros
1995,CAP,Capital City Bombers,New York Mets
1995,PEO,Peoria Chiefs,St. Louis Cardinals
1995,WIS,Wisconsin Timber Rattlers,Seattle Mariners
1995,ASH,Asheville Tourists,Colorado Rockies
1995,KC,Kane County Cougars,Florida Marlins
1995,BOI,Boise Hawks,California Angels
1995,WIL,Williamsport Cubs,Chicago Cubs
1995,YAK,Yakima Bears,Los Angeles Dodgers
1995,SPO,Spokane Indians,Kansas City Royals
1995,UTI,Utica Blue Sox,Boston Red Sox
1995,JAM,Jamestown Jammers,Detroit Tigers
1995,AUB,Auburn Astros,Houston Astros
1995,ERI,Erie SeaWolves,Pittsburgh Pirates
1995,WAT,Watertown Indians,Cleveland Indians
1995,EUG,Eugene Emeralds,Atlanta Braves
1995,VER,Vermont Expos,Montreal Expos
1995,SOR,Southern Oregon A's,Oakland Athletics
1995,EVE,Everett AquaSox,Seattle Mariners
1995,BEL,Bellingham Giants,San Francisco Giants
1995,NJC,New Jersey Cardinals,St. Louis Cardinals
1995,HV,Hudson Valley Renegades,Texas Rangers
1995,PIT,Pittsfield Mets,New York Mets
1995,ONE,Oneonta Yankees,New York Yankees
1995,POR,Portland Rockies,Colorado Rockies
1995,ELM,Elmira Pioneers,Florida Marlins
1995,STC,St. Catharines Blue Jays,Toronto Blue Jays
1995,BAT,Batavia Clippers,Philadelphia Phillies
1995,BIL,Billings Mustangs,Cincinnati Reds
1995,RIV,River City Rumblers,Office of the Commissioner
1995,BLU,Bluefield Orioles,Baltimore Orioles
1995,MRT,Martinsville Phillies,Philadelphia Phillies
1995,MED,Medicine Hat Blue Jays,Toronto Blue Jays
1995,OGD,Ogden Raptors,Office of the Commissioner
1995,A-ANG,AZL Angels,California Angels
1995,A-ATH,AZL Athletics,Oakland Athletics
1995,A-BRW,AZL Brewers,Milwaukee Brewers
1995,A-GIA,AZL Giants,San Francisco Giants
1995,A-MRN,AZL Mariners,Seattle Mariners
1995,A-PAD,AZL Padres,San Diego Padres
1995,BRI,Bristol White Sox,Chicago White Sox
1995,DAN,Danville Braves,Atlanta Braves
1995,HEL,Helena Brewers,Milwaukee Brewers
1995,JC,Johnson City Cardinals,St. Louis Cardinals
1995,IDF,Idaho Falls Braves,San Diego Padres
1995,ELZ,Elizabethton Twins,Minnesota Twins
1995,GRF,Great Falls Dodgers,Los Angeles Dodgers
1995,PRN,Princeton Reds,Cincinnati Reds
1995,A-RCK,AZL Rockies,Colorado Rockies
1995,G-AST,GCL Astros,Houston Astros
1995,G-IND,GCL Indians,Cleveland Indians
1995,G-BRV,GCL Braves,Atlanta Braves
1995,G-CUB,GCL Cubs,Chicago Cubs
1995,G-EXP,GCL Expos,Montreal Expos
1995,G-MET,GCL Mets,New York Mets
1995,G-RAN,GCL Rangers,Texas Rangers
1995,G-PHI,GCL Phillies,Philadelphia Phillies
1995,G-PIR,GCL Pirates,Pittsburgh Pirates
1995,G-ROY,GCL Royals,Kansas City Royals
1995,G-ORI,GCL Orioles,Baltimore Orioles
1995,G-RSX,GCL Red Sox,Boston Red Sox
1995,D-ANG,DSL Angels,California Angels
1995,G-RED,GCL Reds,Cincinnati Reds
1995,D-AST,DSL Astros,Houston Astros
1995,G-TIG,GCL Tigers,Detroit Tigers
1995,D-ATH,DSL Athletics,Oakland Athletics
1995,G-TWI,GCL Twins,Minnesota Twins
1995,G-YAN,GCL Yankees,New York Yankees
1995,G-WSX,GCL White Sox,Chicago White Sox
1995,D-BLJ,DSL Blue Jays,Toronto Blue Jays
1995,D-BRV,DSL Braves,Atlanta Braves
1995,D-BRW,DSL Brewers,Milwaukee Brewers
1995,D-CAR,DSL Cardinals,St. Louis Cardinals
1995,D-CUB,DSL Cubs,Chicago Cubs
1995,D-DOS,DSL Dodgers SD,Los Angeles Dodgers
1995,BUR,Burlington Indians,Cleveland Indians
1995,D-DOR,DSL Dodgers Rom,Los Angeles Dodgers
1995,D-GIA,DSL Giants,San Francisco Giants
1995,D-IND,DSL Indians,Cleveland Indians
1995,D-MRL,DSL Marlins,Florida Marlins
1995,D-MET,DSL Mets,New York Mets
1995,D-ORI,DSL Orioles,Baltimore Orioles
1995,G-BLU,GCL Blue Jays,Toronto Blue Jays
1995,D-PAD,DSL Padres,San Diego Padres
1995,D-PHI,DSL Phillies,Philadelphia Phillies
1995,D-PIR,DSL Pirates,Pittsburgh Pirates
1995,D-RNG,DSL Rangers,Texas Rangers
1995,D-RCK,DSL Rockies,Colorado Rockies
1995,D-EXP,DSL Expos,Montreal Expos
1995,D-ROY,DSL Royals,Kansas City Royals
1995,BUT,Butte Copper Kings,Office of the Commissioner
1995,D-TIG,DSL Tigers,Detroit Tigers
1995,D-TWI,DSL Twins,Minnesota Twins
1995,D-YAN,DSL Yankees,New York Yankees
1995,KNG,Kingsport Mets,New York Mets
1995,SCO,Scottsdale Scorpions,Office of the Commissioner
1995,PDD,Phoenix Desert Dogs,Office of the Commissioner
1995,PEJ,Peoria Javelinas,Office of the Commissioner
1995,SUN,Sun Cities Solar Sox,Office of the Commissioner
1995,MES,Mesa Saguaros,Office of the Commissioner
1995,TDN,Tren del Norte,Office of the Commissioner
1995,TEM,Tempe Rafters,Office of the Commissioner
1996,TOL,Toledo Mud Hens,Detroit Tigers
1996,IOW,Iowa Cubs,Chicago Cubs
1996,OAX,Guerreros de Oaxaca,Office of the Commissioner
1996,PUE,Pericos de Puebla,Office of the Commissioner
1996,CAM,Piratas de Campeche,Office of the Commissioner
1996,NEW,New Orleans Zephyrs,Milwaukee Brewers
1996,LV,Las Vegas Stars,San Diego Padres
1996,AGS,Rieleros de Aguascalientes,Office of the Commissioner
1996,TAC,Tacoma Rainiers,Seattle Mariners
1996,SWB,Scranton/Wilkes-Barre Red Barons,Philadelphia Phillies
1996,MEX,Diablos Rojos del Mexico,Office of the Commissioner
1996,PAW,Pawtucket Red Sox,Boston Red Sox
1996,CAL,Calgary Cannons,Pittsburgh Pirates
1996,ROC,Rochester Red Wings,Baltimore Orioles
1996,VER,Rojos del Aguila de Veracruz,Office of the Commissioner
1996,PHO,Phoenix Firebirds,San Francisco Giants
1996,OMA,Omaha Royals,Kansas City Royals
1996,LOU,Louisville Redbirds,St. Louis Cardinals
1996,IND,Indianapolis Indians,Cincinnati Reds
1996,TUC,Tucson Toros,Houston Astros
1996,BUF,Buffalo Bisons,Cleveland Indians
1996,COL,Colorado Springs Sky Sox,Cleveland Indians
1996,SYR,Syracuse Chiefs,Toronto Blue Jays
1996,MEM,Memphis Redbirds,San Diego Padres
1996,NAS,Nashville Sounds,Chicago White Sox
1996,CLT,Charlotte Knights,Florida Marlins
1996,OKC,Oklahoma City 89ers,Texas Rangers
1996,RIC,Richmond Braves,Atlanta Braves
1996,YUC,Leones de Yucatan,Office of the Commissioner
1996,MVA,Acereros del Norte,Office of the Commissioner
1996,CAN,Langosteros de Cancun,Office of the Commissioner
1996,SLC,Salt Lake City Buzz,Minnesota Twins
1996,ALB,Albuquerque Dukes,Los Angeles Dodgers
1996,MTY,Sultanes de Monterrey,Office of the Commissioner
1996,VAN,Vancouver Canadians,California Angels
1996,OTT,Ottawa Lynx,Montreal Expos
1996,SAL,Saraperos de Saltillo,Office of the Commissioner
1996,NOR,Norfolk Tides,New York Mets
1996,TAB,Olmecas de Tabasco,Office of the Commissioner
1996,EDM,Edmonton Trappers,Oakland Athletics
1996,COL,Columbus Clippers,New York Yankees
1996,CHI,Dorados de Chihuahua,Office of the Commissioner
1996,NOR,Norwich Navigators,New York Yankees
1996,GRE,Greenville Braves,Atlanta Braves
1996,TUL,Tulsa Drillers,Texas Rangers
1996,WIC,Wichita Wranglers,Kansas City Royals
1996,REA,Reading Phillies,Philadelphia Phillies
1996,MEM,Memphis Chicks,San Diego Padres
1996,CAK,Canton-Akron Indians,Cleveland Indians
1996,NH,New Haven Ravens,Colorado Rockies
1996,ORL,Orlando Cubs,Chicago Cubs
1996,HC,Hardware City Rock Cats,Minnesota Twins
1996,PC,Port City Roosters,Seattle Mariners
1996,JAC,Jackson Generals,Houston Astros
1996,BOW,Bowie Baysox,Baltimore Orioles
1996,POR,Portland Sea Dogs,Florida Marlins
1996,HBG,Harrisburg Senators,Montreal Expos
1996,SHR,Shreveport Captains,San Francisco Giants
1996,KNO,Knoxville Smokies,Toronto Blue Jays
1996,MID,Midland Angels,California Angels
1996,HVL,Huntsville Stars,Oakland Athletics
1996,CHA,Chattanooga Lookouts,Cincinnati Reds
1996,JAX,Jacksonville Suns,Detroit Tigers
1996,ELP,El Paso Diablos,Milwaukee Brewers
1996,BIR,Birmingham Barons,Chicago White Sox
1996,TRN,Trenton Thunder,Boston Red Sox
1996,BNG,Binghamton Mets,New York Mets
1996,CAR,Carolina Mudcats,Pittsburgh Pirates
1996,SA,San Antonio Missions,Los Angeles Dodgers
1996,ARK,Arkansas Travelers,St. Louis Cardinals
1996,DAY,Daytona Cubs,Chicago Cubs
1996,MOD,Modesto A's,Oakland Athletics
1996,WS,Winston-Salem Warthogs,Cincinnati Reds
1996,VIS,Visalia Oaks,Office of the Commissioner
1996,VER,Vero Beach Dodgers,Los Angeles Dodgers
1996,TAM,Tampa Yankees,New York Yankees
1996,STK,Stockton Ports,Milwaukee Brewers
1996,RC,Rancho Cucamonga Quakes,San Diego Padres
1996,SB,San Bernardino Stampede,Los Angeles Dodgers
1996,KIS,Kissimmee Cobras,Houston Astros
1996,SAR,Sarasota Red Sox,Boston Red Sox
1996,SJ,San Jose Giants,San Francisco Giants
1996,SAL,Salem Avalanche,Colorado Rockies
1996,LYN,Lynchburg Hillcats,Pittsburgh Pirates
1996,KIN,Kinston Indians,Cleveland Indians
1996,BAK,Bakersfield Blaze,Office of the Commissioner
1996,LE,Lake Elsinore Storm,California Angels
1996,STP,St. Petersburg Cardinals,St. Louis Cardinals
1996,DUN,Dunedin Blue Jays,Toronto Blue Jays
1996,WIL,Wilmington Blue Rocks,Kansas City Royals
1996,DUR,Durham Bulls,Atlanta Braves
1996,LAN,Lancaster Jethawks,Seattle Mariners
1996,FRE,Frederick Keys,Baltimore Orioles
1996,WPB,West Palm Beach Expos,Montreal Expos
1996,PW,Prince William Cannons,Chicago White Sox
1996,CLR,Clearwater Phillies,Philadelphia Phillies
1996,BRV,Brevard County Manatees,Florida Marlins
1996,CHA,Charlotte Rangers,Texas Rangers
1996,HD,High Desert Mavericks,Baltimore Orioles
1996,LAK,Lakeland Tigers,Detroit Tigers
1996,SLU,St. Lucie Mets,New York Mets
1996,FTM,Fort Myers Miracle,Minnesota Twins
1996,HIC,Hickory Crawdads,Chicago White Sox
1996,FAY,Fayetteville Generals,Detroit Tigers
1996,WM,West Michigan Whitecaps,Oakland Athletics
1996,MIC,Michigan Battle Cats,Boston Red Sox
1996,FW,Fort Wayne Wizards,Minnesota Twins
1996,CLM,Columbus Red Stixx,Cleveland Indians
1996,CHA,Charleston AlleyCats,Cincinnati Reds
1996,MAC,Macon Braves,Atlanta Braves
1996,GBO,Greensboro Bats,New York Yankees
1996,AUG,Augusta GreenJackets,Pittsburgh Pirates
1996,SAV,Savannah Sand Gnats,Los Angeles Dodgers
1996,ROC,Rockford Cubbies,Chicago Cubs
1996,BUR,Burlington Bees,San Francisco Giants
1996,DEL,Delmarva Shorebirds,Montreal Expos
1996,SB,South Bend Silver Hawks,Chicago White Sox
1996,PIE,Piedmont Boll Weevils,Philadelphia Phillies
1996,CHS,Charleston RiverDogs,Texas Rangers
1996,BEL,Beloit Snappers,Milwaukee Brewers
1996,CR,Cedar Rapids Kernels,California Angels
1996,LAN,Lansing Lugnuts,Kansas City Royals
1996,HAG,Hagerstown Suns,Toronto Blue Jays
1996,CLI,Clinton Lumber Kings,San Diego Padres
1996,QC,Quad City River Bandits,Houston Astros
1996,CAP,Capital City Bombers,New York Mets
1996,PEO,Peoria Chiefs,St. Louis Cardinals
1996,WIS,Wisconsin Timber Rattlers,Seattle Mariners
1996,ASH,Asheville Tourists,Colorado Rockies
1996,KC,Kane County Cougars,Florida Marlins
1996,BOI,Boise Hawks,California Angels
1996,WIL,Williamsport Cubs,Chicago Cubs
1996,YAK,Yakima Bears,Los Angeles Dodgers
1996,SPO,Spokane Indians,Kansas City Royals
1996,UTI,Utica Blue Sox,Florida Marlins
1996,JAM,Jamestown Jammers,Detroit Tigers
1996,AUB,Auburn Doubledays,Houston Astros
1996,ERI,Erie SeaWolves,Pittsburgh Pirates
1996,WAT,Watertown Indians,Cleveland Indians
1996,EUG,Eugene Emeralds,Atlanta Braves
1996,LOW,Lowell Spinners,Boston Red Sox
1996,VER,Vermont Expos,Montreal Expos
1996,SOR,Southern Oregon Timberjacks,Oakland Athletics
1996,EVE,Everett AquaSox,Seattle Mariners
1996,BEL,Bellingham Giants,San Francisco Giants
1996,NJC,New Jersey Cardinals,St. Louis Cardinals
1996,HV,Hudson Valley Renegades,Office of the Commissioner
1996,PIT,Pittsfield Mets,New York Mets
1996,ONE,Oneonta Yankees,New York Yankees
1996,POR,Portland Rockies,Colorado Rockies
1996,STC,St. Catharines Stompers,Toronto Blue Jays
1996,BAT,Batavia Clippers,Philadelphia Phillies
1996,BIL,Billings Mustangs,Cincinnati Reds
1996,BLU,Bluefield Orioles,Baltimore Orioles
1996,LTH,Lethbridge Black Diamonds,Arizona Diamondbacks
1996,MRT,Martinsville Phillies,Philadelphia Phillies
1996,MED,Medicine Hat Blue Jays,Toronto Blue Jays
1996,OGD,Ogden Raptors,Milwaukee Brewers
1996,A-ANG,AZL Angels,California Angels
1996,A-ATH,AZL Athletics,Oakland Athletics
1996,A-BRW,AZL Brewers,Milwaukee Brewers
1996,A-GIA,AZL Giants,San Francisco Giants
1996,A-MRN,AZL Mariners,Seattle Mariners
1996,A-PAD,AZL Padres,San Diego Padres
1996,BRI,Bristol White Sox,Chicago White Sox
1996,DAN,Danville Braves,Atlanta Braves
1996,HEL,Helena Brewers,Milwaukee Brewers
1996,JC,Johnson City Cardinals,St. Louis Cardinals
1996,IDF,Idaho Falls Braves,San Diego Padres
1996,ELZ,Elizabethton Twins,Minnesota Twins
1996,GRF,Great Falls Dodgers,Los Angeles Dodgers
1996,A-DIA,AZL Diamondbacks,Arizona Diamondbacks
1996,PRN,Princeton Reds,Cincinnati Reds
1996,A-RCK,AZL Rockies,Colorado Rockies
1996,G-AST,GCL Astros,Houston Astros
1996,G-IND,GCL Indians,Cleveland Indians
1996,G-BRV,GCL Braves,Atlanta Braves
1996,G-CUB,GCL Cubs,Chicago Cubs
1996,G-EXP,GCL Expos,Montreal Expos
1996,G-DEV,GCL Devil Rays,Tampa Bay Devil Rays
1996,G-MET,GCL Mets,New York Mets
1996,G-RAN,GCL Rangers,Texas Rangers
1996,G-PHI,GCL Phillies,Philadelphia Phillies
1996,G-PIR,GCL Pirates,Pittsburgh Pirates
1996,G-ROY,GCL Royals,Kansas City Royals
1996,G-ORI,GCL Orioles,Baltimore Orioles
1996,G-RSX,GCL Red Sox,Boston Red Sox
1996,D-ANG,DSL Angels,California Angels
1996,G-RED,GCL Reds,Cincinnati Reds
1996,D-AST,DSL Astros,Houston Astros
1996,G-TIG,GCL Tigers,Detroit Tigers
1996,G-CAR,GCL Cardinals,St. Louis Cardinals
1996,D-ATH,DSL Athletics,Oakland Athletics
1996,G-TWI,GCL Twins,Minnesota Twins
1996,G-YAN,GCL Yankees,New York Yankees
1996,G-WSX,GCL White Sox,Chicago White Sox
1996,D-BLJ,DSL Blue Jays,Toronto Blue Jays
1996,D-BRV,DSL Braves,Atlanta Braves
1996,D-BRW,DSL Brewers,Milwaukee Brewers
1996,D-CAR,DSL Cardinals,St. Louis Cardinals
1996,D-CUB,DSL Cubs,Chicago Cubs
1996,D-DBA,DSL Diamondbacks,Arizona Diamondbacks
1996,D-DO1,DSL Dodgers 1,Los Angeles Dodgers
1996,BUR,Burlington Indians,Cleveland Indians
1996,D-DOL,DSL Dodgers LR,Los Angeles Dodgers
1996,D-GIA,DSL Giants,San Francisco Giants
1996,D-IND,DSL Indians,Cleveland Indians
1996,D-MRL,DSL Marlins,Florida Marlins
1996,D-MET,DSL Mets,New York Mets
1996,D-ORI,DSL Orioles,Baltimore Orioles
1996,G-BLU,GCL Blue Jays,Toronto Blue Jays
1996,D-PAD,DSL Padres,San Diego Padres
1996,D-PHI,DSL Phillies,Philadelphia Phillies
1996,D-PIR,DSL Pirates,Pittsburgh Pirates
1996,D-RNG,DSL Rangers,Texas Rangers
1996,D-RCK,DSL Rockies,Colorado Rockies
1996,D-EXP,DSL Expos,Montreal Expos
1996,D-ROY,DSL Royals,Kansas City Royals
1996,BUT,Butte Copper Kings,Tampa Bay Devil Rays
1996,D-TIG,DSL Tigers,Detroit Tigers
1996,D-TWI,DSL Twins,Minnesota Twins
1996,D-YAN,DSL Yankees,New York Yankees
1996,KNG,Kingsport Mets,New York Mets
1996,SCO,Scottsdale Scorpions,Office of the Commissioner
1996,PDD,Phoenix Desert Dogs,Office of the Commissioner
1996,PEJ,Peoria Javelinas,Office of the Commissioner
1996,SUN,Sun Cities Solar Sox,Office of the Commissioner
1996,MES,Mesa Saguaros,Office of the Commissioner
1996,TDN,Tren del Norte,Office of the Commissioner
1996,TEM,Tempe Rafters,Office of the Commissioner
1997,TOL,Toledo Mud Hens,Detroit Tigers
1997,IOW,Iowa Cubs,Chicago Cubs
1997,OAX,Guerreros de Oaxaca,Office of the Commissioner
1997,PUE,Pericos de Puebla,Office of the Commissioner
1997,CAM,Piratas de Campeche,Office of the Commissioner
1997,NEW,New Orleans Zephyrs,Houston Astros
1997,LV,Las Vegas Stars,San Diego Padres
1997,AGS,Rieleros de Aguascalientes,Office of the Commissioner
1997,TAC,Tacoma Rainiers,Seattle Mariners
1997,SWB,Scranton/Wilkes-Barre Red Barons,Philadelphia Phillies
1997,MEX,Diablos Rojos del Mexico,Office of the Commissioner
1997,PAW,Pawtucket Red Sox,Boston Red Sox
1997,CAL,Calgary Cannons,Pittsburgh Pirates
1997,ROC,Rochester Red Wings,Baltimore Orioles
1997,VER,Rojos del Aguila de Veracruz,Office of the Commissioner
1997,PHO,Phoenix Firebirds,San Francisco Giants
1997,OMA,Omaha Royals,Kansas City Royals
1997,LOU,Louisville Redbirds,St. Louis Cardinals
1997,IND,Indianapolis Indians,Cincinnati Reds
1997,TUC,Tucson Toros,Milwaukee Brewers
1997,BUF,Buffalo Bisons,Cleveland Indians
1997,COL,Colorado Springs Sky Sox,Cleveland Indians
1997,SYR,Syracuse SkyChiefs,Toronto Blue Jays
1997,MEM,Memphis Redbirds,Seattle Mariners
1997,NAS,Nashville Sounds,Chicago White Sox
1997,CLT,Charlotte Knights,Florida Marlins
1997,OKC,Oklahoma City 89ers,Texas Rangers
1997,RIC,Richmond Braves,Atlanta Braves
1997,YUC,Leones de Yucatan,Office of the Commissioner
1997,MVA,Acereros del Norte,Office of the Commissioner
1997,CAN,Langosteros de Cancun,Office of the Commissioner
1997,SLC,Salt Lake City Buzz,Minnesota Twins
1997,ALB,Albuquerque Dukes,Los Angeles Dodgers
1997,MTY,Sultanes de Monterrey,Office of the Commissioner
1997,VAN,Vancouver Canadians,Anaheim Angels
1997,OTT,Ottawa Lynx,Montreal Expos
1997,SAL,Saraperos de Saltillo,Office of the Commissioner
1997,NOR,Norfolk Tides,New York Mets
1997,TAB,Olmecas de Tabasco,Office of the Commissioner
1997,EDM,Edmonton Trappers,Oakland Athletics
1997,COL,Columbus Clippers,New York Yankees
1997,CHI,Dorados de Chihuahua,Office of the Commissioner
1997,NOR,Norwich Navigators,New York Yankees
1997,GRE,Greenville Braves,Atlanta Braves
1997,TUL,Tulsa Drillers,Texas Rangers
1997,WIC,Wichita Wranglers,Kansas City Royals
1997,REA,Reading Phillies,Philadelphia Phillies
1997,MEM,Memphis Chicks,Seattle Mariners
1997,AKR,Akron Aeros,Cleveland Indians
1997,NH,New Haven Ravens,Colorado Rockies
1997,ORL,Orlando Rays,Chicago Cubs
1997,NBR,New Britain Rock Cats,Minnesota Twins
1997,MOB,Mobile Bay Bears,San Diego Padres
1997,JAC,Jackson Generals,Houston Astros
1997,BOW,Bowie Baysox,Baltimore Orioles
1997,POR,Portland Sea Dogs,Florida Marlins
1997,HBG,Harrisburg Senators,Montreal Expos
1997,SHR,Shreveport Captains,San Francisco Giants
1997,KNO,Knoxville Smokies,Toronto Blue Jays
1997,MID,Midland Angels,Anaheim Angels
1997,HVL,Huntsville Stars,Oakland Athletics
1997,CHA,Chattanooga Lookouts,Cincinnati Reds
1997,JAX,Jacksonville Suns,Detroit Tigers
1997,ELP,El Paso Diablos,Milwaukee Brewers
1997,BIR,Birmingham Barons,Chicago White Sox
1997,TRN,Trenton Thunder,Boston Red Sox
1997,BNG,Binghamton Mets,New York Mets
1997,CAR,Carolina Mudcats,Pittsburgh Pirates
1997,SA,San Antonio Missions,Los Angeles Dodgers
1997,ARK,Arkansas Travelers,St. Louis Cardinals
1997,DAY,Daytona Cubs,Chicago Cubs
1997,MOD,Modesto A's,Oakland Athletics
1997,WS,Winston-Salem Warthogs,Chicago White Sox
1997,VIS,Visalia Oaks,Oakland Athletics
1997,VER,Vero Beach Dodgers,Los Angeles Dodgers
1997,TAM,Tampa Yankees,New York Yankees
1997,STK,Stockton Ports,Milwaukee Brewers
1997,RC,Rancho Cucamonga Quakes,San Diego Padres
1997,SB,San Bernardino Stampede,Los Angeles Dodgers
1997,KIS,Kissimmee Cobras,Houston Astros
1997,SAR,Sarasota Red Sox,Boston Red Sox
1997,SJ,San Jose Giants,San Francisco Giants
1997,SAL,Salem Avalanche,Colorado Rockies
1997,LYN,Lynchburg Hillcats,Pittsburgh Pirates
1997,KIN,Kinston Indians,Cleveland Indians
1997,BAK,Bakersfield Blaze,San Francisco Giants
1997,LE,Lake Elsinore Storm,Anaheim Angels
1997,STP,St. Petersburg Devil Rays,Tampa Bay Devil Rays
1997,DUN,Dunedin Blue Jays,Toronto Blue Jays
1997,WIL,Wilmington Blue Rocks,Kansas City Royals
1997,DUR,Durham Bulls,Atlanta Braves
1997,LAN,Lancaster Jethawks,Seattle Mariners
1997,FRE,Frederick Keys,Baltimore Orioles
1997,WPB,West Palm Beach Expos,Montreal Expos
1997,PW,Prince William Cannons,St. Louis Cardinals
1997,CLR,Clearwater Phillies,Philadelphia Phillies
1997,BRV,Brevard County Manatees,Florida Marlins
1997,CHA,Charlotte Rangers,Texas Rangers
1997,HD,High Desert Mavericks,Arizona Diamondbacks
1997,LAK,Lakeland Tigers,Detroit Tigers
1997,SLU,St. Lucie Mets,New York Mets
1997,FTM,Fort Myers Miracle,Minnesota Twins
1997,HIC,Hickory Crawdads,Chicago White Sox
1997,CF,Cape Fear Crocs,Montreal Expos
1997,WM,West Michigan Whitecaps,Detroit Tigers
1997,MIC,Michigan Battle Cats,Boston Red Sox
1997,FW,Fort Wayne Wizards,Minnesota Twins
1997,CLM,Columbus Red Stixx,Cleveland Indians
1997,CHA,Charleston AlleyCats,Cincinnati Reds
1997,MAC,Macon Braves,Atlanta Braves
1997,GBO,Greensboro Bats,New York Yankees
1997,AUG,Augusta GreenJackets,Pittsburgh Pirates
1997,SAV,Savannah Sand Gnats,Los Angeles Dodgers
1997,ROC,Rockford Cubbies,Chicago Cubs
1997,BUR,Burlington Bees,Cincinnati Reds
1997,DEL,Delmarva Shorebirds,Baltimore Orioles
1997,SB,South Bend Silver Hawks,Arizona Diamondbacks
1997,PIE,Piedmont Boll Weevils,Philadelphia Phillies
1997,CHS,Charleston RiverDogs,Tampa Bay Devil Rays
1997,BEL,Beloit Snappers,Milwaukee Brewers
1997,CR,Cedar Rapids Kernels,Anaheim Angels
1997,LAN,Lansing Lugnuts,Kansas City Royals
1997,HAG,Hagerstown Suns,Toronto Blue Jays
1997,CLI,Clinton Lumber Kings,San Diego Padres
1997,QC,Quad City River Bandits,Houston Astros
1997,CAP,Capital City Bombers,New York Mets
1997,PEO,Peoria Chiefs,St. Louis Cardinals
1997,WIS,Wisconsin Timber Rattlers,Seattle Mariners
1997,ASH,Asheville Tourists,Colorado Rockies
1997,KC,Kane County Cougars,Florida Marlins
1997,BOI,Boise Hawks,Anaheim Angels
1997,WIL,Williamsport Cubs,Chicago Cubs
1997,SK,Salem-Keizer Volcanoes,San Francisco Giants
1997,YAK,Yakima Bears,Los Angeles Dodgers
1997,SPO,Spokane Indians,Kansas City Royals
1997,UTI,Utica Blue Sox,Florida Marlins
1997,JAM,Jamestown Jammers,Detroit Tigers
1997,AUB,Auburn Doubledays,Houston Astros
1997,ERI,Erie SeaWolves,Pittsburgh Pirates
1997,WAT,Watertown Indians,Cleveland Indians
1997,EUG,Eugene Emeralds,Atlanta Braves
1997,LOW,Lowell Spinners,Boston Red Sox
1997,VER,Vermont Expos,Montreal Expos
1997,SOR,Southern Oregon Timberjacks,Oakland Athletics
1997,EVE,Everett AquaSox,Seattle Mariners
1997,NJC,New Jersey Cardinals,St. Louis Cardinals
1997,HV,Hudson Valley Renegades,Tampa Bay Devil Rays
1997,PIT,Pittsfield Mets,New York Mets
1997,ONE,Oneonta Yankees,New York Yankees
1997,POR,Portland Rockies,Colorado Rockies
1997,STC,St. Catharines Stompers,Toronto Blue Jays
1997,BAT,Batavia Clippers,Philadelphia Phillies
1997,BIL,Billings Mustangs,Cincinnati Reds
1997,BLU,Bluefield Orioles,Baltimore Orioles
1997,LTH,Lethbridge Black Diamonds,Arizona Diamondbacks
1997,V-AST,VSL Astros,Houston Astros
1997,V-BLU,VSL Blue Jays,Toronto Blue Jays
1997,V-BRW,VSL Brewers,Milwaukee Brewers
1997,V-CAR,VSL Cardinals,St. Louis Cardinals
1997,MRT,Martinsville Phillies,Philadelphia Phillies
1997,MED,Medicine Hat Blue Jays,Toronto Blue Jays
1997,V-DOD,VSL Dodgers,Los Angeles Dodgers
1997,V-NAT,VSL Nationals,Montreal Expos
1997,V-IND,VSL Indians,Cleveland Indians
1997,V-MRN,VSL Mariners,Seattle Mariners
1997,V-MRL,VSL Marlins,Florida Marlins
1997,V-MET,VSL Mets,New York Mets
1997,OGD,Ogden Raptors,Milwaukee Brewers
1997,V-ORI,VSL Orioles,Baltimore Orioles
1997,A-ANG,AZL Angels,Anaheim Angels
1997,V-PHI,VSL Phillies,Philadelphia Phillies
1997,A-ATH,AZL Athletics,Oakland Athletics
1997,V-PIR,VSL Pirates,Pittsburgh Pirates
1997,A-BRW,AZL Brewers,Milwaukee Brewers
1997,A-CUB,AZL Cubs,Chicago Cubs
1997,A-GIA,AZL Giants,San Francisco Giants
1997,V-RCK,VSL Rockies,Colorado Rockies
1997,A-MRN,AZL Mariners,Seattle Mariners
1997,V-TWI,VSL Twins,Minnesota Twins
1997,A-PAD,AZL Padres,San Diego Padres
1997,PUL,Pulaski Rangers,Texas Rangers
1997,BRI,Bristol White Sox,Chicago White Sox
1997,DAN,Danville Braves,Atlanta Braves
1997,HEL,Helena Brewers,Milwaukee Brewers
1997,JC,Johnson City Cardinals,St. Louis Cardinals
1997,IDF,Idaho Falls Braves,San Diego Padres
1997,ELZ,Elizabethton Twins,Minnesota Twins
1997,GRF,Great Falls Dodgers,Los Angeles Dodgers
1997,A-DIA,AZL Diamondbacks,Arizona Diamondbacks
1997,PRN,Princeton Devil Rays,Tampa Bay Devil Rays
1997,A-RCK,AZL Rockies,Colorado Rockies
1997,D-DEV,DSL Devil Rays,Tampa Bay Devil Rays
1997,G-AST,GCL Astros,Houston Astros
1997,G-IND,GCL Indians,Cleveland Indians
1997,G-BRV,GCL Braves,Atlanta Braves
1997,G-EXP,GCL Expos,Montreal Expos
1997,G-DEV,GCL Devil Rays,Tampa Bay Devil Rays
1997,G-MET,GCL Mets,New York Mets
1997,G-RAN,GCL Rangers,Texas Rangers
1997,G-PHI,GCL Phillies,Philadelphia Phillies
1997,G-PIR,GCL Pirates,Pittsburgh Pirates
1997,G-ROY,GCL Royals,Kansas City Royals
1997,G-ORI,GCL Orioles,Baltimore Orioles
1997,G-RSX,GCL Red Sox,Boston Red Sox
1997,D-ANG,DSL Angels,Anaheim Angels
1997,G-RED,GCL Reds,Cincinnati Reds
1997,D-AST,DSL Astros,Houston Astros
1997,G-TIG,GCL Tigers,Detroit Tigers
1997,G-CAR,GCL Cardinals,St. Louis Cardinals
1997,D-ATW,DSL Athletics W,Oakland Athletics
1997,G-TWI,GCL Twins,Minnesota Twins
1997,D-ATE,DSL Athletics E,Oakland Athletics
1997,G-YAN,GCL Yankees,New York Yankees
1997,G-WSX,GCL White Sox,Chicago White Sox
1997,D-BLJ,DSL Blue Jays,Toronto Blue Jays
1997,D-BRV,DSL Braves,Atlanta Braves
1997,D-BRW,DSL Brewers,Milwaukee Brewers
1997,D-CAR,DSL Cardinals,St. Louis Cardinals
1997,D-CUB,DSL Cubs,Chicago Cubs
1997,D-DBA,DSL Diamondbacks,Arizona Diamondbacks
1997,D-DO1,DSL Dodgers 1,Los Angeles Dodgers
1997,BUR,Burlington Indians,Cleveland Indians
1997,D-DOL,DSL Dodgers LR,Los Angeles Dodgers
1997,D-GIA,DSL Giants,San Francisco Giants
1997,D-IND,DSL Indians,Cleveland Indians
1997,D-MRL,DSL Marlins,Florida Marlins
1997,D-MET,DSL Mets,New York Mets
1997,D-ORI,DSL Orioles,Baltimore Orioles
1997,G-BLU,GCL Blue Jays,Toronto Blue Jays
1997,D-PAD,DSL Padres,San Diego Padres
1997,D-PHI,DSL Phillies,Philadelphia Phillies
1997,D-PIR,DSL Pirates,Pittsburgh Pirates
1997,D-RNG,DSL Rangers,Texas Rangers
1997,D-RCK,DSL Rockies,Colorado Rockies
1997,D-EXP,DSL Expos,Montreal Expos
1997,D-ROY,DSL Royals,Kansas City Royals
1997,BUT,Butte Copper Kings,Anaheim Angels
1997,D-TIG,DSL Tigers,Detroit Tigers
1997,D-TWI,DSL Twins,Minnesota Twins
1997,D-YAN,DSL Yankees,New York Yankees
1997,KNG,Kingsport Mets,New York Mets
1997,SCO,Scottsdale Scorpions,Office of the Commissioner
1997,PDD,Phoenix Desert Dogs,Office of the Commissioner
1997,PEJ,Peoria Javelinas,Office of the Commissioner
1997,SUN,Sun Cities Solar Sox,Office of the Commissioner
1997,MES,Mesa Saguaros,Office of the Commissioner
1997,TDN,Tren del Norte,Office of the Commissioner
1997,GCR,Grand Canyon Rafters,Office of the Commissioner
1998,TOL,Toledo Mud Hens,Detroit Tigers
1998,OAX,Guerreros de Oaxaca,Office of the Commissioner
1998,IOW,Iowa Cubs,Chicago Cubs
1998,FRE,Fresno Grizzlies,San Francisco Giants
1998,PUE,Pericos de Puebla,Office of the Commissioner
1998,CAM,Piratas de Campeche,Office of the Commissioner
1998,NEW,New Orleans Zephyrs,Houston Astros
1998,AGS,Rieleros de Aguascalientes,Office of the Commissioner
1998,LV,Las Vegas Stars,San Diego Padres
1998,TAC,Tacoma Rainiers,Seattle Mariners
1998,SWB,Scranton/Wilkes-Barre Red Barons,Philadelphia Phillies
1998,MEX,Diablos Rojos del Mexico,Office of the Commissioner
1998,PAW,Pawtucket Red Sox,Boston Red Sox
1998,CAL,Calgary Cannons,Chicago White Sox
1998,ROC,Rochester Red Wings,Baltimore Orioles
1998,VER,Rojos del Aguila de Veracruz,Office of the Commissioner
1998,OMA,Omaha Royals,Kansas City Royals
1998,LOU,Louisville Redbirds,Milwaukee Brewers
1998,IND,Indianapolis Indians,Cincinnati Reds
1998,TUC,Tucson Sidewinders,Arizona Diamondbacks
1998,BUF,Buffalo Bisons,Cleveland Indians
1998,COL,Colorado Springs Sky Sox,Cleveland Indians
1998,SYR,Syracuse SkyChiefs,Toronto Blue Jays
1998,DUR,Durham Bulls,Tampa Bay Devil Rays
1998,MEM,Memphis Redbirds,St. Louis Cardinals
1998,NAS,Nashville Sounds,Pittsburgh Pirates
1998,CLT,Charlotte Knights,Florida Marlins
1998,OKL,Oklahoma RedHawks,Texas Rangers
1998,RIC,Richmond Braves,Atlanta Braves
1998,YUC,Leones de Yucatan,Office of the Commissioner
1998,MVA,Acereros del Norte,Office of the Commissioner
1998,CAN,Langosteros de Cancun,Office of the Commissioner
1998,SLC,Salt Lake City Buzz,Minnesota Twins
1998,ALB,Albuquerque Dukes,Los Angeles Dodgers
1998,MTY,Sultanes de Monterrey,Office of the Commissioner
1998,VAN,Vancouver Canadians,Anaheim Angels
1998,OTT,Ottawa Lynx,Montreal Expos
1998,SAL,Saraperos de Saltillo,Office of the Commissioner
1998,NOR,Norfolk Tides,New York Mets
1998,TAB,Olmecas de Tabasco,Office of the Commissioner
1998,EDM,Edmonton Trappers,Oakland Athletics
1998,COL,Columbus Clippers,New York Yankees
1998,CHI,Dorados de Chihuahua,Office of the Commissioner
1998,NOR,Norwich Navigators,New York Yankees
1998,GRE,Greenville Braves,Atlanta Braves
1998,TUL,Tulsa Drillers,Texas Rangers
1998,WIC,Wichita Wranglers,Kansas City Royals
1998,REA,Reading Phillies,Philadelphia Phillies
1998,AKR,Akron Aeros,Cleveland Indians
1998,NH,New Haven Ravens,Colorado Rockies
1998,ORL,Orlando Rays,Seattle Mariners
1998,NBR,New Britain Rock Cats,Minnesota Twins
1998,MOB,Mobile Bay Bears,San Diego Padres
1998,JAC,Jackson Generals,Houston Astros
1998,POR,Portland Sea Dogs,Florida Marlins
1998,BOW,Bowie Baysox,Baltimore Orioles
1998,HBG,Harrisburg Senators,Montreal Expos
1998,SHR,Shreveport Captains,San Francisco Giants
1998,WTN,West Tennessee Diamond Jaxx,Chicago Cubs
1998,KNO,Knoxville Smokies,Toronto Blue Jays
1998,MID,Midland Angels,Anaheim Angels
1998,HVL,Huntsville Stars,Oakland Athletics
1998,CHA,Chattanooga Lookouts,Cincinnati Reds
1998,JAX,Jacksonville Suns,Detroit Tigers
1998,ELP,El Paso Diablos,Milwaukee Brewers
1998,BIR,Birmingham Barons,Chicago White Sox
1998,TRN,Trenton Thunder,Boston Red Sox
1998,BNG,Binghamton Mets,New York Mets
1998,CAR,Carolina Mudcats,Pittsburgh Pirates
1998,SA,San Antonio Missions,Los Angeles Dodgers
1998,ARK,Arkansas Travelers,St. Louis Cardinals
1998,DAY,Daytona Cubs,Chicago Cubs
1998,MOD,Modesto A's,Oakland Athletics
1998,WS,Winston-Salem Warthogs,Chicago White Sox
1998,VIS,Visalia Oaks,Oakland Athletics
1998,VER,Vero Beach Dodgers,Los Angeles Dodgers
1998,TAM,Tampa Yankees,New York Yankees
1998,STK,Stockton Ports,Milwaukee Brewers
1998,RC,Rancho Cucamonga Quakes,San Diego Padres
1998,SB,San Bernardino Stampede,Los Angeles Dodgers
1998,KIS,Kissimmee Cobras,Houston Astros
1998,SAR,Sarasota Red Sox,Boston Red Sox
1998,SJ,San Jose Giants,San Francisco Giants
1998,SAL,Salem Avalanche,Colorado Rockies
1998,JUP,Jupiter Hammerheads,Montreal Expos
1998,LYN,Lynchburg Hillcats,Pittsburgh Pirates
1998,KIN,Kinston Indians,Cleveland Indians
1998,LE,Lake Elsinore Storm,Anaheim Angels
1998,BAK,Bakersfield Blaze,San Francisco Giants
1998,STP,St. Petersburg Devil Rays,Tampa Bay Devil Rays
1998,DUN,Dunedin Blue Jays,Toronto Blue Jays
1998,WIL,Wilmington Blue Rocks,Kansas City Royals
1998,LAN,Lancaster Jethawks,Seattle Mariners
1998,FRE,Frederick Keys,Baltimore Orioles
1998,PW,Prince William Cannons,St. Louis Cardinals
1998,CLR,Clearwater Phillies,Philadelphia Phillies
1998,BRV,Brevard County Manatees,Florida Marlins
1998,CHA,Charlotte Rangers,Texas Rangers
1998,HD,High Desert Mavericks,Arizona Diamondbacks
1998,DAN,Danville 97's,Atlanta Braves
1998,LAK,Lakeland Tigers,Detroit Tigers
1998,SLU,St. Lucie Mets,New York Mets
1998,FTM,Fort Myers Miracle,Minnesota Twins
1998,CF,Cape Fear Crocs,Montreal Expos
1998,HIC,Hickory Crawdads,Chicago White Sox
1998,WM,West Michigan Whitecaps,Detroit Tigers
1998,FW,Fort Wayne Wizards,Minnesota Twins
1998,MIC,Michigan Battle Cats,Boston Red Sox
1998,CLM,Columbus Red Stixx,Cleveland Indians
1998,CHA,Charleston AlleyCats,Cincinnati Reds
1998,MAC,Macon Braves,Atlanta Braves
1998,GBO,Greensboro Bats,New York Yankees
1998,AUG,Augusta GreenJackets,Pittsburgh Pirates
1998,SAV,Savannah Sand Gnats,Texas Rangers
1998,ROC,Rockford Cubbies,Chicago Cubs
1998,DEL,Delmarva Shorebirds,Baltimore Orioles
1998,BUR,Burlington Bees,Cincinnati Reds
1998,SB,South Bend Silver Hawks,Arizona Diamondbacks
1998,PIE,Piedmont Boll Weevils,Philadelphia Phillies
1998,CHS,Charleston RiverDogs,Tampa Bay Devil Rays
1998,BEL,Beloit Snappers,Milwaukee Brewers
1998,CR,Cedar Rapids Kernels,Anaheim Angels
1998,HAG,Hagerstown Suns,Toronto Blue Jays
1998,LAN,Lansing Lugnuts,Kansas City Royals
1998,CLI,Clinton Lumber Kings,San Diego Padres
1998,QC,Quad City River Bandits,Houston Astros
1998,CAP,Capital City Bombers,New York Mets
1998,PEO,Peoria Chiefs,St. Louis Cardinals
1998,WIS,Wisconsin Timber Rattlers,Seattle Mariners
1998,ASH,Asheville Tourists,Colorado Rockies
1998,KC,Kane County Cougars,Florida Marlins
1998,BOI,Boise Hawks,Anaheim Angels
1998,WIL,Williamsport Cubs,Chicago Cubs
1998,SK,Salem-Keizer Volcanoes,San Francisco Giants
1998,YAK,Yakima Bears,Los Angeles Dodgers
1998,SPO,Spokane Indians,Kansas City Royals
1998,JAM,Jamestown Jammers,Detroit Tigers
1998,UTI,Utica Blue Sox,Florida Marlins
1998,ERI,Erie SeaWolves,Pittsburgh Pirates
1998,AUB,Auburn Doubledays,Houston Astros
1998,WAT,Watertown Indians,Cleveland Indians
1998,EUG,Eugene Emeralds,Atlanta Braves
1998,VER,Vermont Expos,Montreal Expos
1998,LOW,Lowell Spinners,Boston Red Sox
1998,SOR,Southern Oregon Timberjacks,Oakland Athletics
1998,EVE,Everett AquaSox,Seattle Mariners
1998,NJC,New Jersey Cardinals,St. Louis Cardinals
1998,HV,Hudson Valley Renegades,Tampa Bay Devil Rays
1998,PIT,Pittsfield Mets,New York Mets
1998,ONE,Oneonta Yankees,New York Yankees
1998,POR,Portland Rockies,Colorado Rockies
1998,BAT,Batavia Muckdogs,Philadelphia Phillies
1998,STC,St. Catharines Stompers,Toronto Blue Jays
1998,BIL,Billings Mustangs,Cincinnati Reds
1998,BLU,Bluefield Orioles,Baltimore Orioles
1998,LTH,Lethbridge Black Diamonds,Arizona Diamondbacks
1998,V-AST,VSL Astros,Houston Astros
1998,V-BLU,VSL Blue Jays,Toronto Blue Jays
1998,V-BRW,VSL Brewers,Milwaukee Brewers
1998,V-CAR,VSL Cardinals,St. Louis Cardinals
1998,MRT,Martinsville Phillies,Philadelphia Phillies
1998,MED,Medicine Hat Blue Jays,Toronto Blue Jays
1998,V-DOD,VSL Dodgers,Los Angeles Dodgers
1998,V-NAT,VSL Nationals,Montreal Expos
1998,V-IND,VSL Indians,Cleveland Indians
1998,V-MRN,VSL Mariners,Seattle Mariners
1998,V-MRL,VSL Marlins,Florida Marlins
1998,V-MET,VSL Mets,New York Mets
1998,OGD,Ogden Raptors,Milwaukee Brewers
1998,V-ORI,VSL Orioles,Baltimore Orioles
1998,A-ANG,AZL Angels,Anaheim Angels
1998,V-PHI,VSL Phillies,Philadelphia Phillies
1998,A-ATH,AZL Athletics,Oakland Athletics
1998,V-PIR,VSL Pirates,Pittsburgh Pirates
1998,A-BRW,AZL Brewers,Milwaukee Brewers
1998,A-CUB,AZL Cubs,Chicago Cubs
1998,A-GIA,AZL Giants,San Francisco Giants
1998,V-RCK,VSL Rockies,Colorado Rockies
1998,A-MRN,AZL Mariners,Seattle Mariners
1998,V-TWI,VSL Twins,Minnesota Twins
1998,A-PAD,AZL Padres,San Diego Padres
1998,PUL,Pulaski Rangers,Texas Rangers
1998,BRI,Bristol White Sox,Chicago White Sox
1998,DAN,Danville Braves,Atlanta Braves
1998,HEL,Helena Brewers,Milwaukee Brewers
1998,JC,Johnson City Cardinals,St. Louis Cardinals
1998,IDF,Idaho Falls Braves,San Diego Padres
1998,ELZ,Elizabethton Twins,Minnesota Twins
1998,D-ME2,DSL Mets 2,New York Mets
1998,GRF,Great Falls Dodgers,Los Angeles Dodgers
1998,A-DIA,AZL Diamondbacks,Arizona Diamondbacks
1998,PRN,Princeton Devil Rays,Tampa Bay Devil Rays
1998,A-MEX,AZL Mexico,Office of the Commissioner
1998,A-RCK,AZL Rockies,Colorado Rockies
1998,D-DEV,DSL Devil Rays,Tampa Bay Devil Rays
1998,A-WSX,ACL White Sox,Chicago White Sox
1998,G-AST,GCL Astros,Houston Astros
1998,G-IND,GCL Indians,Cleveland Indians
1998,G-BRV,GCL Braves,Atlanta Braves
1998,G-EXP,GCL Expos,Montreal Expos
1998,G-DEV,GCL Devil Rays,Tampa Bay Devil Rays
1998,G-MET,GCL Mets,New York Mets
1998,G-RAN,GCL Rangers,Texas Rangers
1998,G-PHI,GCL Phillies,Philadelphia Phillies
1998,G-PIR,GCL Pirates,Pittsburgh Pirates
1998,G-ROY,GCL Royals,Kansas City Royals
1998,G-ORI,GCL Orioles,Baltimore Orioles
1998,G-RSX,GCL Red Sox,Boston Red Sox
1998,D-ANG,DSL Angels,Anaheim Angels
1998,G-RED,GCL Reds,Cincinnati Reds
1998,D-AST,DSL Astros,Houston Astros
1998,G-TIG,GCL Tigers,Detroit Tigers
1998,G-CAR,GCL Cardinals,St. Louis Cardinals
1998,D-ATW,DSL Athletics W,Oakland Athletics
1998,G-TWI,GCL Twins,Minnesota Twins
1998,D-ATE,DSL Athletics E,Oakland Athletics
1998,G-YAN,GCL Yankees,New York Yankees
1998,D-BLJ,DSL Blue Jays,Toronto Blue Jays
1998,D-BRV,DSL Braves,Atlanta Braves
1998,D-BRW,DSL Brewers,Milwaukee Brewers
1998,D-CAR,DSL Cardinals,St. Louis Cardinals
1998,D-CUB,DSL Cubs,Chicago Cubs
1998,D-DBA,DSL Diamondbacks,Arizona Diamondbacks
1998,D-DOS,DSL Dodgers SD,Los Angeles Dodgers
1998,BUR,Burlington Indians,Cleveland Indians
1998,D-DOL,DSL Dodgers LP,Los Angeles Dodgers
1998,D-GIA,DSL Giants,San Francisco Giants
1998,D-IND,DSL Indians,Cleveland Indians
1998,D-MRL,DSL Marlins,Florida Marlins
1998,D-MET,DSL Mets,New York Mets
1998,D-ORI,DSL Orioles,Baltimore Orioles
1998,G-BLU,GCL Blue Jays,Toronto Blue Jays
1998,D-PAD,DSL Padres,San Diego Padres
1998,D-PHI,DSL Phillies,Philadelphia Phillies
1998,D-PIR,DSL Pirates,Pittsburgh Pirates
1998,D-RNG,DSL Rangers,Texas Rangers
1998,D-RED,DSL Reds,Cincinnati Reds
1998,D-RCK,DSL Rockies,Colorado Rockies
1998,D-EXP,DSL Expos,Montreal Expos
1998,D-ROY,DSL Royals,Kansas City Royals
1998,BUT,Butte Copper Kings,Anaheim Angels
1998,D-TIG,DSL Tigers,Detroit Tigers
1998,D-TWI,DSL Twins,Minnesota Twins
1998,D-YAN,DSL Yankees,New York Yankees
1998,KNG,Kingsport Mets,New York Mets
1998,SCO,Scottsdale Scorpions,Office of the Commissioner
1998,PDD,Phoenix Desert Dogs,Office of the Commissioner
1998,PEJ,Peoria Javelinas,Office of the Commissioner
1998,SUN,Sun Cities Solar Sox,Office of the Commissioner
1998,MAR,Maryvale Saguaros,Office of the Commissioner
1998,TDN,Tren del Norte,Office of the Commissioner
1998,GCR,Grand Canyon Rafters,Office of the Commissioner
1999,TOL,Toledo Mud Hens,Detroit Tigers
1999,IOW,Iowa Cubs,Chicago Cubs
1999,OAX,Guerreros de Oaxaca,Office of the Commissioner
1999,FRE,Fresno Grizzlies,San Francisco Giants
1999,PUE,Pericos de Puebla,Office of the Commissioner
1999,CAM,Piratas de Campeche,Office of the Commissioner
1999,NEW,New Orleans Zephyrs,Houston Astros
1999,LV,Las Vegas Stars,San Diego Padres
1999,AGS,Rieleros de Aguascalientes,Office of the Commissioner
1999,TAC,Tacoma Rainiers,Seattle Mariners
1999,SWB,Scranton/Wilkes-Barre Red Barons,Philadelphia Phillies
1999,MEX,Diablos Rojos del Mexico,Office of the Commissioner
1999,PAW,Pawtucket Red Sox,Boston Red Sox
1999,CAL,Calgary Cannons,Florida Marlins
1999,ROC,Rochester Red Wings,Baltimore Orioles
1999,VER,Rojos del Aguila de Veracruz,Office of the Commissioner
1999,OMA,Omaha Golden Spikes,Kansas City Royals
1999,LOU,Louisville RiverBats,Milwaukee Brewers
1999,IND,Indianapolis Indians,Cincinnati Reds
1999,TUC,Tucson Sidewinders,Arizona Diamondbacks
1999,BUF,Buffalo Bisons,Cleveland Indians
1999,COL,Colorado Springs Sky Sox,Cleveland Indians
1999,SYR,Syracuse SkyChiefs,Toronto Blue Jays
1999,DUR,Durham Bulls,Tampa Bay Devil Rays
1999,MEM,Memphis Redbirds,St. Louis Cardinals
1999,NAS,Nashville Sounds,Pittsburgh Pirates
1999,CLT,Charlotte Knights,Chicago White Sox
1999,OKL,Oklahoma RedHawks,Texas Rangers
1999,RIC,Richmond Braves,Atlanta Braves
1999,YUC,Leones de Yucatan,Office of the Commissioner
1999,MVA,Acereros del Norte,Office of the Commissioner
1999,CAN,Langosteros de Cancun,Office of the Commissioner
1999,SLC,Salt Lake City Buzz,Minnesota Twins
1999,ALB,Albuquerque Dukes,Los Angeles Dodgers
1999,MTY,Sultanes de Monterrey,Office of the Commissioner
1999,VAN,Vancouver Canadians,Oakland Athletics
1999,OTT,Ottawa Lynx,Montreal Expos
1999,SAL,Saraperos de Saltillo,Office of the Commissioner
1999,NOR,Norfolk Tides,New York Mets
1999,TAB,Olmecas de Tabasco,Office of the Commissioner
1999,EDM,Edmonton Trappers,Anaheim Angels
1999,COL,Columbus Clippers,New York Yankees
1999,CHI,Dorados de Chihuahua,Office of the Commissioner
1999,NOR,Norwich Navigators,New York Yankees
1999,ALT,Altoona Curve,Pittsburgh Pirates
1999,GRE,Greenville Braves,Atlanta Braves
1999,TUL,Tulsa Drillers,Texas Rangers
1999,WIC,Wichita Wranglers,Kansas City Royals
1999,REA,Reading Phillies,Philadelphia Phillies
1999,AKR,Akron Aeros,Cleveland Indians
1999,NH,New Haven Ravens,Seattle Mariners
1999,ORL,Orlando Rays,Tampa Bay Devil Rays
1999,NBR,New Britain Rock Cats,Minnesota Twins
1999,MOB,Mobile Bay Bears,San Diego Padres
1999,JAC,Jackson Generals,Houston Astros
1999,BOW,Bowie Baysox,Baltimore Orioles
1999,POR,Portland Sea Dogs,Florida Marlins
1999,HBG,Harrisburg Senators,Montreal Expos
1999,SHR,Shreveport Captains,San Francisco Giants
1999,WTN,West Tennessee Diamond Jaxx,Chicago Cubs
1999,KNO,Knoxville Smokies,Toronto Blue Jays
1999,ERI,Erie SeaWolves,Anaheim Angels
1999,MID,Midland RockHounds,Oakland Athletics
1999,HVL,Huntsville Stars,Milwaukee Brewers
1999,CHA,Chattanooga Lookouts,Cincinnati Reds
1999,JAX,Jacksonville Suns,Detroit Tigers
1999,ELP,El Paso Diablos,Arizona Diamondbacks
1999,BIR,Birmingham Barons,Chicago White Sox
1999,TRN,Trenton Thunder,Boston Red Sox
1999,BNG,Binghamton Mets,New York Mets
1999,CAR,Carolina Mudcats,Colorado Rockies
1999,SA,San Antonio Missions,Los Angeles Dodgers
1999,ARK,Arkansas Travelers,St. Louis Cardinals
1999,DAY,Daytona Cubs,Chicago Cubs
1999,MOD,Modesto A's,Oakland Athletics
1999,WS,Winston-Salem Warthogs,Chicago White Sox
1999,VIS,Visalia Oaks,Oakland Athletics
1999,MB,Myrtle Beach Pelicans,Atlanta Braves
1999,VER,Vero Beach Dodgers,Los Angeles Dodgers
1999,TAM,Tampa Yankees,New York Yankees
1999,STK,Stockton Ports,Milwaukee Brewers
1999,RC,Rancho Cucamonga Quakes,San Diego Padres
1999,SB,San Bernardino Stampede,Los Angeles Dodgers
1999,KIS,Kissimmee Cobras,Houston Astros
1999,SAR,Sarasota Red Sox,Boston Red Sox
1999,SJ,San Jose Giants,San Francisco Giants
1999,SAL,Salem Avalanche,Colorado Rockies
1999,JUP,Jupiter Hammerheads,Montreal Expos
1999,LYN,Lynchburg Hillcats,Pittsburgh Pirates
1999,KIN,Kinston Indians,Cleveland Indians
1999,BAK,Bakersfield Blaze,San Francisco Giants
1999,LE,Lake Elsinore Storm,Anaheim Angels
1999,STP,St. Petersburg Devil Rays,Tampa Bay Devil Rays
1999,DUN,Dunedin Blue Jays,Toronto Blue Jays
1999,WIL,Wilmington Blue Rocks,Kansas City Royals
1999,LAN,Lancaster Jethawks,Seattle Mariners
1999,FRE,Frederick Keys,Baltimore Orioles
1999,POT,Potomac Cannons,St. Louis Cardinals
1999,CLR,Clearwater Phillies,Philadelphia Phillies
1999,BRV,Brevard County Manatees,Florida Marlins
1999,CHA,Charlotte Rangers,Texas Rangers
1999,HD,High Desert Mavericks,Arizona Diamondbacks
1999,LAK,Lakeland Tigers,Detroit Tigers
1999,SLU,St. Lucie Mets,New York Mets
1999,FTM,Fort Myers Miracle,Minnesota Twins
1999,HIC,Hickory Crawdads,Pittsburgh Pirates
1999,CF,Cape Fear Crocs,Montreal Expos
1999,WM,West Michigan Whitecaps,Detroit Tigers
1999,MIC,Michigan Battle Cats,Houston Astros
1999,FW,Fort Wayne Wizards,San Diego Padres
1999,CLM,Columbus Red Stixx,Cleveland Indians
1999,CHA,Charleston AlleyCats,Kansas City Royals
1999,MAC,Macon Braves,Atlanta Braves
1999,GBO,Greensboro Bats,New York Yankees
1999,AUG,Augusta GreenJackets,Boston Red Sox
1999,SAV,Savannah Sand Gnats,Texas Rangers
1999,ROC,Rockford Reds,Cincinnati Reds
1999,BUR,Burlington Bees,Chicago White Sox
1999,DEL,Delmarva Shorebirds,Baltimore Orioles
1999,SB,South Bend Silver Hawks,Arizona Diamondbacks
1999,PIE,Piedmont Boll Weevils,Philadelphia Phillies
1999,CHS,Charleston RiverDogs,Tampa Bay Devil Rays
1999,BEL,Beloit Snappers,Milwaukee Brewers
1999,CR,Cedar Rapids Kernels,Anaheim Angels
1999,LAN,Lansing Lugnuts,Chicago Cubs
1999,HAG,Hagerstown Suns,Toronto Blue Jays
1999,CLI,Clinton Lumber Kings,Cincinnati Reds
1999,QC,Quad City River Bandits,Minnesota Twins
1999,CAP,Capital City Bombers,New York Mets
1999,PEO,Peoria Chiefs,St. Louis Cardinals
1999,WIS,Wisconsin Timber Rattlers,Seattle Mariners
1999,ASH,Asheville Tourists,Colorado Rockies
1999,KC,Kane County Cougars,Florida Marlins
1999,BOI,Boise Hawks,Anaheim Angels
1999,MV,Mahoning Valley Scrappers,Cleveland Indians
1999,WIL,Williamsport Crosscutters,Pittsburgh Pirates
1999,SK,Salem-Keizer Volcanoes,San Francisco Giants
1999,YAK,Yakima Bears,Los Angeles Dodgers
1999,SPO,Spokane Indians,Kansas City Royals
1999,UTI,Utica Blue Sox,Florida Marlins
1999,JAM,Jamestown Jammers,Atlanta Braves
1999,SI,Staten Island Yankees,New York Yankees
1999,AUB,Auburn Doubledays,Houston Astros
1999,EUG,Eugene Emeralds,Chicago Cubs
1999,LOW,Lowell Spinners,Boston Red Sox
1999,VER,Vermont Expos,Montreal Expos
1999,SOR,Southern Oregon Timberjacks,Oakland Athletics
1999,EVE,Everett AquaSox,Seattle Mariners
1999,NJC,New Jersey Cardinals,St. Louis Cardinals
1999,HV,Hudson Valley Renegades,Tampa Bay Devil Rays
1999,PIT,Pittsfield Mets,New York Mets
1999,ONE,Oneonta Tigers,Detroit Tigers
1999,POR,Portland Rockies,Colorado Rockies
1999,STC,St. Catharines Stompers,Toronto Blue Jays
1999,BAT,Batavia Muckdogs,Philadelphia Phillies
1999,BIL,Billings Mustangs,Cincinnati Reds
1999,BLU,Bluefield Orioles,Baltimore Orioles
1999,MIS,Missoula Osprey,Arizona Diamondbacks
1999,V-AST,VSL Astros,Houston Astros
1999,V-BLU,VSL Blue Jays,Toronto Blue Jays
1999,V-BRW,VSL Brewers,Milwaukee Brewers
1999,V-CAR,VSL Cardinals,St. Louis Cardinals
1999,MRT,Martinsville Astros,Houston Astros
1999,V-CUB,VSL Cubs,Chicago Cubs
1999,MED,Medicine Hat Blue Jays,Toronto Blue Jays
1999,V-DOD,VSL Dodgers,Los Angeles Dodgers
1999,V-NAT,VSL Nationals,Montreal Expos
1999,V-IND,VSL Indians,Cleveland Indians
1999,V-MRN,VSL Mariners,Seattle Mariners
1999,V-MRL,VSL Marlins,Florida Marlins
1999,V-MET,VSL Mets,New York Mets
1999,OGD,Ogden Raptors,Milwaukee Brewers
1999,V-ORI,VSL Orioles,Baltimore Orioles
1999,A-ANG,AZL Angels,Anaheim Angels
1999,V-PHI,VSL Phillies,Philadelphia Phillies
1999,A-ATH,AZL Athletics,Oakland Athletics
1999,V-PIR,VSL Pirates,Pittsburgh Pirates
1999,A-BRW,AZL Brewers,Milwaukee Brewers
1999,V-RSX,VSL Red Sox,Boston Red Sox
1999,A-CUB,AZL Cubs,Chicago Cubs
1999,V-RED,VSL Reds,Cincinnati Reds
1999,A-GIA,AZL Giants,San Francisco Giants
1999,V-RCK,VSL Rockies,Colorado Rockies
1999,A-MRN,AZL Mariners,Seattle Mariners
1999,V-TWI,VSL Twins,Minnesota Twins
1999,A-PAD,AZL Padres,San Diego Padres
1999,PUL,Pulaski Rangers,Texas Rangers
1999,DAN,Danville Braves,Atlanta Braves
1999,BRI,Bristol White Sox,Chicago White Sox
1999,HEL,Helena Brewers,Milwaukee Brewers
1999,JC,Johnson City Cardinals,St. Louis Cardinals
1999,IDF,Idaho Falls Braves,San Diego Padres
1999,ELZ,Elizabethton Twins,Minnesota Twins
1999,GRF,Great Falls Dodgers,Los Angeles Dodgers
1999,A-DIA,AZL Diamondbacks,Arizona Diamondbacks
1999,PRN,Princeton Devil Rays,Tampa Bay Devil Rays
1999,A-MEX,AZL Mexico,Office of the Commissioner
1999,A-RCK,AZL Rockies,Colorado Rockies
1999,D-DEV,DSL Devil Rays,Tampa Bay Devil Rays
1999,A-WSX,ACL White Sox,Chicago White Sox
1999,G-IND,GCL Indians,Cleveland Indians
1999,G-BRV,GCL Braves,Atlanta Braves
1999,G-EXP,GCL Expos,Montreal Expos
1999,G-MRL,GCL Marlins,Florida Marlins
1999,G-MET,GCL Mets,New York Mets
1999,G-RAN,GCL Rangers,Texas Rangers
1999,G-PHI,GCL Phillies,Philadelphia Phillies
1999,G-PIR,GCL Pirates,Pittsburgh Pirates
1999,G-ROY,GCL Royals,Kansas City Royals
1999,G-RSX,GCL Red Sox,Boston Red Sox
1999,G-ORI,GCL Orioles,Baltimore Orioles
1999,G-RED,GCL Reds,Cincinnati Reds
1999,D-ANG,DSL Angels,Anaheim Angels
1999,G-TIG,GCL Tigers,Detroit Tigers
1999,D-AST,DSL Astros,Houston Astros
1999,G-TWI,GCL Twins,Minnesota Twins
1999,G-CAR,GCL Cardinals,St. Louis Cardinals
1999,D-ATW,DSL Athletics W,Oakland Athletics
1999,G-YAN,GCL Yankees,New York Yankees
1999,D-ATE,DSL Athletics E,Oakland Athletics
1999,D-BLJ,DSL Blue Jays,Toronto Blue Jays
1999,D-BRV,DSL Braves,Atlanta Braves
1999,D-BRW,DSL Brewers,Milwaukee Brewers
1999,D-CAR,DSL Cardinals,St. Louis Cardinals
1999,D-CUB,DSL Cubs,Chicago Cubs
1999,D-DBA,DSL Diamondbacks,Arizona Diamondbacks
1999,BUR,Burlington Indians,Cleveland Indians
1999,D-DOS,DSL Dodgers SD,Los Angeles Dodgers
1999,D-DOL,DSL Dodgers LP,Los Angeles Dodgers
1999,D-GIA,DSL Giants,San Francisco Giants
1999,D-IND,DSL Indians,Cleveland Indians
1999,D-MRL,DSL Marlins,Florida Marlins
1999,D-MET,DSL Mets,New York Mets
1999,D-ORI,DSL Orioles,Baltimore Orioles
1999,G-BLU,GCL Blue Jays,Toronto Blue Jays
1999,D-PAD,DSL Padres,San Diego Padres
1999,D-PHI,DSL Phillies,Philadelphia Phillies
1999,D-PIR,DSL Pirates,Pittsburgh Pirates
1999,D-RNG,DSL Rangers,Texas Rangers
1999,D-RED,DSL Reds,Cincinnati Reds
1999,D-RCK,DSL Rockies,Colorado Rockies
1999,D-EXP,DSL Expos,Montreal Expos
1999,D-ROY,DSL Royals,Kansas City Royals
1999,BUT,Butte Copper Kings,Anaheim Angels
1999,D-TIG,DSL Tigers,Detroit Tigers
1999,D-TWI,DSL Twins,Minnesota Twins
1999,D-WSX,DSL White Sox,Chicago White Sox
1999,KNG,Kingsport Mets,New York Mets
1999,D-YAN,DSL Yankees,New York Yankees
1999,SCO,Scottsdale Scorpions,Office of the Commissioner
1999,PDD,Phoenix Desert Dogs,Office of the Commissioner
1999,PEJ,Peoria Javelinas,Office of the Commissioner
1999,MSS,Mesa Solar Sox,Office of the Commissioner
1999,MAR,Maryvale Saguaros,Office of the Commissioner
1999,TDN,Tren del Norte,Office of the Commissioner
1999,GCR,Grand Canyon Rafters,Office of the Commissioner
2000,TOL,Toledo Mud Hens,Detroit Tigers
2000,OAX,Guerreros de Oaxaca,Office of the Commissioner
2000,IOW,Iowa Cubs,Chicago Cubs
2000,FRE,Fresno Grizzlies,San Francisco Giants
2000,PUE,Pericos de Puebla,Office of the Commissioner
2000,CAM,Piratas de Campeche,Office of the Commissioner
2000,NEW,New Orleans Zephyrs,Houston Astros
2000,AGS,Rieleros de Aguascalientes,Office of the Commissioner
2000,LV,Las Vegas Stars,San Diego Padres
2000,TAC,Tacoma Rainiers,Seattle Mariners
2000,SWB,Scranton/Wilkes-Barre Red Barons,Philadelphia Phillies
2000,MEX,Diablos Rojos del Mexico,Office of the Commissioner
2000,PAW,Pawtucket Red Sox,Boston Red Sox
2000,ROC,Rochester Red Wings,Baltimore Orioles
2000,CAL,Calgary Cannons,Florida Marlins
2000,VER,Rojos del Aguila de Veracruz,Office of the Commissioner
2000,OMA,Omaha Golden Spikes,Kansas City Royals
2000,LOU,Louisville RiverBats,Cincinnati Reds
2000,IND,Indianapolis Indians,Milwaukee Brewers
2000,TUC,Tucson Sidewinders,Arizona Diamondbacks
2000,BUF,Buffalo Bisons,Cleveland Indians
2000,RR,Round Rock Express,Houston Astros
2000,COL,Colorado Springs Sky Sox,Cleveland Indians
2000,SYR,Syracuse SkyChiefs,Toronto Blue Jays
2000,SAC,Sacramento River Cats,Oakland Athletics
2000,DUR,Durham Bulls,Tampa Bay Devil Rays
2000,MEM,Memphis Redbirds,St. Louis Cardinals
2000,NAS,Nashville Sounds,Pittsburgh Pirates
2000,CLT,Charlotte Knights,Chicago White Sox
2000,OKL,Oklahoma RedHawks,Texas Rangers
2000,RIC,Richmond Braves,Atlanta Braves
2000,MVA,Acereros del Norte,Office of the Commissioner
2000,YUC,Leones de Yucatan,Office of the Commissioner
2000,SLC,Salt Lake City Buzz,Minnesota Twins
2000,CAN,Langosteros de Cancun,Office of the Commissioner
2000,ALB,Albuquerque Dukes,Los Angeles Dodgers
2000,MTY,Sultanes de Monterrey,Office of the Commissioner
2000,OTT,Ottawa Lynx,Montreal Expos
2000,SAL,Saraperos de Saltillo,Office of the Commissioner
2000,NOR,Norfolk Tides,New York Mets
2000,TAB,Olmecas de Tabasco,Office of the Commissioner
2000,EDM,Edmonton Trappers,Anaheim Angels
2000,COL,Columbus Clippers,New York Yankees
2000,CHI,Dorados de Chihuahua,Office of the Commissioner
2000,NOR,Norwich Navigators,New York Yankees
2000,ALT,Altoona Curve,Pittsburgh Pirates
2000,GRE,Greenville Braves,Atlanta Braves
2000,TUL,Tulsa Drillers,Texas Rangers
2000,WIC,Wichita Wranglers,Kansas City Royals
2000,REA,Reading Phillies,Philadelphia Phillies
2000,AKR,Akron Aeros,Cleveland Indians
2000,NH,New Haven Ravens,Seattle Mariners
2000,ORL,Orlando Rays,Tampa Bay Devil Rays
2000,NBR,New Britain Rock Cats,Minnesota Twins
2000,MOB,Mobile Bay Bears,San Diego Padres
2000,POR,Portland Sea Dogs,Florida Marlins
2000,BOW,Bowie Baysox,Baltimore Orioles
2000,HBG,Harrisburg Senators,Montreal Expos
2000,SHR,Shreveport Captains,San Francisco Giants
2000,WTN,West Tennessee Diamond Jaxx,Chicago Cubs
2000,TNS,Tennessee Smokies,Toronto Blue Jays
2000,ERI,Erie SeaWolves,Anaheim Angels
2000,MID,Midland RockHounds,Oakland Athletics
2000,HVL,Huntsville Stars,Milwaukee Brewers
2000,CHA,Chattanooga Lookouts,Cincinnati Reds
2000,JAX,Jacksonville Suns,Detroit Tigers
2000,ELP,El Paso Diablos,Arizona Diamondbacks
2000,BIR,Birmingham Barons,Chicago White Sox
2000,TRN,Trenton Thunder,Boston Red Sox
2000,BNG,Binghamton Mets,New York Mets
2000,CAR,Carolina Mudcats,Colorado Rockies
2000,SA,San Antonio Missions,Los Angeles Dodgers
2000,ARK,Arkansas Travelers,St. Louis Cardinals
2000,DAY,Daytona Cubs,Chicago Cubs
2000,MOD,Modesto A's,Oakland Athletics
2000,WS,Winston-Salem Warthogs,Chicago White Sox
2000,VIS,Visalia Oaks,Oakland Athletics
2000,MB,Myrtle Beach Pelicans,Atlanta Braves
2000,VER,Vero Beach Dodgers,Los Angeles Dodgers
2000,TAM,Tampa Yankees,New York Yankees
2000,MUD,Mudville Nine,Office of the Commissioner
2000,RC,Rancho Cucamonga Quakes,San Diego Padres
2000,SB,San Bernardino Stampede,Los Angeles Dodgers
2000,KIS,Kissimmee Cobras,Houston Astros
2000,SAR,Sarasota Red Sox,Boston Red Sox
2000,SJ,San Jose Giants,San Francisco Giants
2000,SAL,Salem Avalanche,Colorado Rockies
2000,JUP,Jupiter Hammerheads,Montreal Expos
2000,LYN,Lynchburg Hillcats,Pittsburgh Pirates
2000,KIN,Kinston Indians,Cleveland Indians
2000,BAK,Bakersfield Blaze,San Francisco Giants
2000,LE,Lake Elsinore Storm,Anaheim Angels
2000,STP,St. Petersburg Devil Rays,Tampa Bay Devil Rays
2000,DUN,Dunedin Blue Jays,Toronto Blue Jays
2000,WIL,Wilmington Blue Rocks,Kansas City Royals
2000,LAN,Lancaster Jethawks,Seattle Mariners
2000,FRE,Frederick Keys,Baltimore Orioles
2000,POT,Potomac Cannons,St. Louis Cardinals
2000,CLR,Clearwater Phillies,Philadelphia Phillies
2000,BRV,Brevard County Manatees,Florida Marlins
2000,CHA,Charlotte Rangers,Texas Rangers
2000,HD,High Desert Mavericks,Arizona Diamondbacks
2000,LAK,Lakeland Tigers,Detroit Tigers
2000,SLU,St. Lucie Mets,New York Mets
2000,FTM,Fort Myers Miracle,Minnesota Twins
2000,HIC,Hickory Crawdads,Pittsburgh Pirates
2000,CF,Cape Fear Crocs,Montreal Expos
2000,WM,West Michigan Whitecaps,Detroit Tigers
2000,FW,Fort Wayne Wizards,San Diego Padres
2000,MIC,Michigan Battle Cats,Houston Astros
2000,CLM,Columbus Red Stixx,Cleveland Indians
2000,DAY,Dayton Dragons,Cincinnati Reds
2000,CHA,Charleston AlleyCats,Kansas City Royals
2000,MAC,Macon Braves,Atlanta Braves
2000,GBO,Greensboro Bats,New York Yankees
2000,AUG,Augusta GreenJackets,Boston Red Sox
2000,SAV,Savannah Sand Gnats,Texas Rangers
2000,DEL,Delmarva Shorebirds,Baltimore Orioles
2000,BUR,Burlington Bees,Chicago White Sox
2000,SB,South Bend Silver Hawks,Arizona Diamondbacks
2000,PIE,Piedmont Boll Weevils,Philadelphia Phillies
2000,CHS,Charleston RiverDogs,Tampa Bay Devil Rays
2000,BEL,Beloit Snappers,Milwaukee Brewers
2000,CR,Cedar Rapids Kernels,Anaheim Angels
2000,LAN,Lansing Lugnuts,Chicago Cubs
2000,HAG,Hagerstown Suns,Toronto Blue Jays
2000,CLI,Clinton Lumber Kings,Cincinnati Reds
2000,QC,Quad City River Bandits,Minnesota Twins
2000,CAP,Capital City Bombers,New York Mets
2000,PEO,Peoria Chiefs,St. Louis Cardinals
2000,WIS,Wisconsin Timber Rattlers,Seattle Mariners
2000,ASH,Asheville Tourists,Colorado Rockies
2000,KC,Kane County Cougars,Florida Marlins
2000,BOI,Boise Hawks,Anaheim Angels
2000,MV,Mahoning Valley Scrappers,Cleveland Indians
2000,WIL,Williamsport Crosscutters,Pittsburgh Pirates
2000,SK,Salem-Keizer Volcanoes,San Francisco Giants
2000,YAK,Yakima Bears,Los Angeles Dodgers
2000,SPO,Spokane Indians,Kansas City Royals
2000,UTI,Utica Blue Sox,Florida Marlins
2000,JAM,Jamestown Jammers,Atlanta Braves
2000,SI,Staten Island Yankees,New York Yankees
2000,AUB,Auburn Doubledays,Houston Astros
2000,EUG,Eugene Emeralds,Chicago Cubs
2000,LOW,Lowell Spinners,Boston Red Sox
2000,VER,Vermont Expos,Montreal Expos
2000,VAN,Vancouver Canadians,Oakland Athletics
2000,EVE,Everett AquaSox,Seattle Mariners
2000,NJC,New Jersey Cardinals,St. Louis Cardinals
2000,HV,Hudson Valley Renegades,Tampa Bay Devil Rays
2000,PIT,Pittsfield Mets,New York Mets
2000,ONE,Oneonta Tigers,Detroit Tigers
2000,POR,Portland Rockies,Colorado Rockies
2000,QUE,Queens Kings,Toronto Blue Jays
2000,BAT,Batavia Muckdogs,Philadelphia Phillies
2000,BIL,Billings Mustangs,Cincinnati Reds
2000,BLU,Bluefield Orioles,Baltimore Orioles
2000,MIS,Missoula Osprey,Arizona Diamondbacks
2000,OGD,Ogden Raptors,Milwaukee Brewers
2000,BRI,Bristol White Sox,Chicago White Sox
2000,ELZ,Elizabethton Twins,Minnesota Twins
2000,GRF,Great Falls Dodgers,Los Angeles Dodgers
2000,D-DEV,DSL Devil Rays,Tampa Bay Devil Rays
2000,G-ORI,GCL Orioles,Baltimore Orioles
2000,D-ANG,DSL Angels,Anaheim Angels
2000,D-AST,DSL Astros,Houston Astros
2000,G-CAR,GCL Cardinals,St. Louis Cardinals
2000,D-ATW,DSL Athletics W,Oakland Athletics
2000,D-ATE,DSL Athletics E,Oakland Athletics
2000,D-BLJ,DSL Blue Jays,Toronto Blue Jays
2000,D-BRV,DSL Braves,Atlanta Braves
2000,D-BRW,DSL Brewers,Milwaukee Brewers
2000,D-CAR,DSL Cardinals,St. Louis Cardinals
2000,D-CUB,DSL Cubs,Chicago Cubs
2000,D-DBA,DSL Diamondbacks,Arizona Diamondbacks
2000,D-DOD,DSL Dodgers,Los Angeles Dodgers
2000,D-DOL,DSL Dodgers LP,Los Angeles Dodgers
2000,D-GIA,DSL Giants,San Francisco Giants
2000,D-IND,DSL Indians,Cleveland Indians
2000,D-MRL,DSL Marlins,Florida Marlins
2000,D-MET,DSL Mets,New York Mets
2000,D-ORI,DSL Orioles,Baltimore Orioles
2000,G-BLU,GCL Blue Jays,Toronto Blue Jays
2000,D-PAD,DSL Padres,San Diego Padres
2000,D-PHI,DSL Phillies,Philadelphia Phillies
2000,D-PIR,DSL Pirates,Pittsburgh Pirates
2000,D-RNG,DSL Rangers,Texas Rangers
2000,D-RS2,DSL Red Sox 2,Boston Red Sox
2000,D-RED,DSL Reds,Cincinnati Reds
2000,D-RCK,DSL Rockies,Colorado Rockies
2000,D-ROY,DSL Royals,Kansas City Royals
2000,BUT,Butte Copper Kings,Anaheim Angels
2000,D-TIG,DSL Tigers,Detroit Tigers
2000,D-TWI,DSL Twins,Minnesota Twins
2000,D-WSX,DSL White Sox,Chicago White Sox
2000,D-YAN,DSL Yankees,New York Yankees
2000,V-AST,VSL Astros,Houston Astros
2000,V-BLU,VSL Blue Jays,Toronto Blue Jays
2000,V-BRW,VSL Brewers,Milwaukee Brewers
2000,V-CAR,VSL Cardinals,St. Louis Cardinals
2000,MRT,Martinsville Astros,Houston Astros
2000,V-CUB,VSL Cubs,Chicago Cubs
2000,MED,Medicine Hat Blue Jays,Toronto Blue Jays
2000,V-DOD,VSL Dodgers,Los Angeles Dodgers
2000,V-NAT,VSL Nationals,Montreal Expos
2000,V-IND,VSL Indians,Cleveland Indians
2000,V-MRN,VSL Mariners,Seattle Mariners
2000,V-MRL,VSL Marlins,Florida Marlins
2000,V-MET,VSL Mets,New York Mets
2000,V-ORI,VSL Orioles,Baltimore Orioles
2000,A-ANG,AZL Angels,Anaheim Angels
2000,V-PHI,VSL Phillies,Philadelphia Phillies
2000,A-ATH,AZL Athletics,Oakland Athletics
2000,V-PIR,VSL Pirates,Pittsburgh Pirates
2000,A-BRW,AZL Brewers,Milwaukee Brewers
2000,V-RSX,VSL Red Sox,Boston Red Sox
2000,A-CUB,AZL Cubs,Chicago Cubs
2000,V-RED,VSL Reds,Cincinnati Reds
2000,A-GIA,AZL Giants,San Francisco Giants
2000,V-RCK,VSL Rockies,Colorado Rockies
2000,A-MRN,AZL Mariners,Seattle Mariners
2000,V-TWI,VSL Twins,Minnesota Twins
2000,A-PAD,AZL Padres,San Diego Padres
2000,PUL,Pulaski Rangers,Texas Rangers
2000,DAN,Danville Braves,Atlanta Braves
2000,HEL,Helena Brewers,Milwaukee Brewers
2000,JC,Johnson City Cardinals,St. Louis Cardinals
2000,IDF,Idaho Falls Padres,San Diego Padres
2000,A-DIA,AZL Diamondbacks,Arizona Diamondbacks
2000,PRN,Princeton Devil Rays,Tampa Bay Devil Rays
2000,A-MEX,AZL Mexico,Office of the Commissioner
2000,A-RCK,AZL Rockies,Colorado Rockies
2000,A-WSX,ACL White Sox,Chicago White Sox
2000,G-IND,GCL Indians,Cleveland Indians
2000,G-BRV,GCL Braves,Atlanta Braves
2000,G-DOD,GCL Dodgers,Los Angeles Dodgers
2000,G-EXP,GCL Expos,Montreal Expos
2000,G-MRL,GCL Marlins,Florida Marlins
2000,G-MET,GCL Mets,New York Mets
2000,G-RAN,GCL Rangers,Texas Rangers
2000,G-PHI,GCL Phillies,Philadelphia Phillies
2000,G-PIR,GCL Pirates,Pittsburgh Pirates
2000,G-ROY,GCL Royals,Kansas City Royals
2000,G-RSX,GCL Red Sox,Boston Red Sox
2000,G-RED,GCL Reds,Cincinnati Reds
2000,G-TIG,GCL Tigers,Detroit Tigers
2000,G-TWI,GCL Twins,Minnesota Twins
2000,G-YAN,GCL Yankees,New York Yankees
2000,BUR,Burlington Indians,Cleveland Indians
2000,D-EXP,DSL Expos,Montreal Expos
2000,KNG,Kingsport Mets,New York Mets
2000,SCO,Scottsdale Scorpions,Office of the Commissioner
2000,PDD,Phoenix Desert Dogs,Office of the Commissioner
2000,PEJ,Peoria Javelinas,Office of the Commissioner
2000,MSS,Mesa Solar Sox,Office of the Commissioner
2000,MAR,Maryvale Saguaros,Office of the Commissioner
2000,TDN,Tren del Norte,Office of the Commissioner
2000,GCR,Grand Canyon Rafters,Office of the Commissioner
2001,TOL,Toledo Mud Hens,Detroit Tigers
2001,IOW,Iowa Cubs,Chicago Cubs
2001,OAX,Guerreros de Oaxaca,Office of the Commissioner
2001,FRE,Fresno Grizzlies,San Francisco Giants
2001,PUE,Pericos de Puebla,Office of the Commissioner
2001,CAM,Piratas de Campeche,Office of the Commissioner
2001,NEW,New Orleans Zephyrs,Houston Astros
2001,LV,Las Vegas 51s,Los Angeles Dodgers
2001,AGS,Rieleros de Aguascalientes,Office of the Commissioner
2001,TAC,Tacoma Rainiers,Seattle Mariners
2001,SWB,Scranton/Wilkes-Barre Red Barons,Philadelphia Phillies
2001,MEX,Diablos Rojos del Mexico,Office of the Commissioner
2001,PAW,Pawtucket Red Sox,Boston Red Sox
2001,CAL,Calgary Cannons,Florida Marlins
2001,ROC,Rochester Red Wings,Baltimore Orioles
2001,VER,Rojos del Aguila de Veracruz,Office of the Commissioner
2001,OMA,Omaha Golden Spikes,Kansas City Royals
2001,LOU,Louisville RiverBats,Cincinnati Reds
2001,IND,Indianapolis Indians,Milwaukee Brewers
2001,TUC,Tucson Sidewinders,Arizona Diamondbacks
2001,BUF,Buffalo Bisons,Cleveland Indians
2001,RR,Round Rock Express,Houston Astros
2001,COL,Colorado Springs Sky Sox,Cleveland Indians
2001,SYR,Syracuse SkyChiefs,Toronto Blue Jays
2001,SAC,Sacramento River Cats,Oakland Athletics
2001,DUR,Durham Bulls,Tampa Bay Devil Rays
2001,MEM,Memphis Redbirds,St. Louis Cardinals
2001,NAS,Nashville Sounds,Pittsburgh Pirates
2001,CLT,Charlotte Knights,Chicago White Sox
2001,OKL,Oklahoma RedHawks,Texas Rangers
2001,RIC,Richmond Braves,Atlanta Braves
2001,YUC,Leones de Yucatan,Office of the Commissioner
2001,MVA,Acereros del Norte,Office of the Commissioner
2001,CAN,Langosteros de Cancun,Office of the Commissioner
2001,SLC,Salt Lake City Stingers,Anaheim Angels
2001,MTY,Sultanes de Monterrey,Office of the Commissioner
2001,OTT,Ottawa Lynx,Montreal Expos
2001,SAL,Saraperos de Saltillo,Office of the Commissioner
2001,POR,Portland Beavers,San Diego Padres
2001,NOR,Norfolk Tides,New York Mets
2001,TAB,Olmecas de Tabasco,Office of the Commissioner
2001,EDM,Edmonton Trappers,Minnesota Twins
2001,COL,Columbus Clippers,New York Yankees
2001,CHI,Dorados de Chihuahua,Office of the Commissioner
2001,NOR,Norwich Navigators,New York Yankees
2001,ALT,Altoona Curve,Pittsburgh Pirates
2001,GRE,Greenville Braves,Atlanta Braves
2001,TUL,Tulsa Drillers,Texas Rangers
2001,WIC,Wichita Wranglers,Kansas City Royals
2001,REA,Reading Phillies,Philadelphia Phillies
2001,AKR,Akron Aeros,Cleveland Indians
2001,NH,New Haven Ravens,St. Louis Cardinals
2001,ORL,Orlando Rays,Tampa Bay Devil Rays
2001,NBR,New Britain Rock Cats,Minnesota Twins
2001,MOB,Mobile Bay Bears,San Diego Padres
2001,BOW,Bowie Baysox,Baltimore Orioles
2001,POR,Portland Sea Dogs,Florida Marlins
2001,HBG,Harrisburg Senators,Montreal Expos
2001,SHR,Shreveport Swamp Dragons,San Francisco Giants
2001,WTN,West Tenn Diamond Jaxx,Chicago Cubs
2001,TNS,Tennessee Smokies,Toronto Blue Jays
2001,ERI,Erie SeaWolves,Detroit Tigers
2001,MID,Midland RockHounds,Oakland Athletics
2001,HVL,Huntsville Stars,Milwaukee Brewers
2001,CHA,Chattanooga Lookouts,Cincinnati Reds
2001,JAX,Jacksonville Suns,Los Angeles Dodgers
2001,ELP,El Paso Diablos,Arizona Diamondbacks
2001,BIR,Birmingham Barons,Chicago White Sox
2001,TRN,Trenton Thunder,Boston Red Sox
2001,BNG,Binghamton Mets,New York Mets
2001,CAR,Carolina Mudcats,Colorado Rockies
2001,SA,San Antonio Missions,Seattle Mariners
2001,ARK,Arkansas Travelers,Anaheim Angels
2001,DAY,Daytona Cubs,Chicago Cubs
2001,MOD,Modesto A's,Oakland Athletics
2001,WS,Winston-Salem Warthogs,Chicago White Sox
2001,VIS,Visalia Oaks,Oakland Athletics
2001,VER,Vero Beach Dodgers,Los Angeles Dodgers
2001,MB,Myrtle Beach Pelicans,Atlanta Braves
2001,TAM,Tampa Yankees,New York Yankees
2001,MUD,Mudville Nine,Office of the Commissioner
2001,RC,Rancho Cucamonga Quakes,Anaheim Angels
2001,SB,San Bernardino Stampede,Seattle Mariners
2001,SAR,Sarasota Red Sox,Boston Red Sox
2001,SJ,San Jose Giants,San Francisco Giants
2001,SAL,Salem Avalanche,Colorado Rockies
2001,JUP,Jupiter Hammerheads,Montreal Expos
2001,LYN,Lynchburg Hillcats,Pittsburgh Pirates
2001,KIN,Kinston Indians,Cleveland Indians
2001,LE,Lake Elsinore Storm,San Diego Padres
2001,BAK,Bakersfield Blaze,Tampa Bay Devil Rays
2001,DUN,Dunedin Blue Jays,Toronto Blue Jays
2001,WIL,Wilmington Blue Rocks,Kansas City Royals
2001,LAN,Lancaster Jethawks,Arizona Diamondbacks
2001,FRE,Frederick Keys,Baltimore Orioles
2001,POT,Potomac Cannons,St. Louis Cardinals
2001,CLR,Clearwater Phillies,Philadelphia Phillies
2001,BRV,Brevard County Manatees,Florida Marlins
2001,CHA,Charlotte Rangers,Texas Rangers
2001,HD,High Desert Mavericks,Milwaukee Brewers
2001,LAK,Lakeland Tigers,Detroit Tigers
2001,SLU,St. Lucie Mets,New York Mets
2001,FTM,Fort Myers Miracle,Minnesota Twins
2001,HIC,Hickory Crawdads,Pittsburgh Pirates
2001,WM,West Michigan Whitecaps,Detroit Tigers
2001,MIC,Michigan Battle Cats,Houston Astros
2001,FW,Fort Wayne Wizards,San Diego Padres
2001,CLM,Columbus Red Stixx,Cleveland Indians
2001,DAY,Dayton Dragons,Cincinnati Reds
2001,CHA,Charleston AlleyCats,Toronto Blue Jays
2001,WIL,Wilmington Waves,Los Angeles Dodgers
2001,MAC,Macon Braves,Atlanta Braves
2001,GBO,Greensboro Bats,New York Yankees
2001,AUG,Augusta GreenJackets,Boston Red Sox
2001,SAV,Savannah Sand Gnats,Texas Rangers
2001,BUR,Burlington Bees,Kansas City Royals
2001,DEL,Delmarva Shorebirds,Baltimore Orioles
2001,SB,South Bend Silver Hawks,Arizona Diamondbacks
2001,KAN,Kannapolis Intimidators,Chicago White Sox
2001,CHS,Charleston RiverDogs,Tampa Bay Devil Rays
2001,BEL,Beloit Snappers,Milwaukee Brewers
2001,LWD,Lakewood BlueClaws,Philadelphia Phillies
2001,CR,Cedar Rapids Kernels,Anaheim Angels
2001,LEX,Lexington Legends,Houston Astros
2001,LAN,Lansing Lugnuts,Chicago Cubs
2001,HAG,Hagerstown Suns,San Francisco Giants
2001,CLI,Clinton Lumber Kings,Montreal Expos
2001,QC,Quad City River Bandits,Minnesota Twins
2001,CAP,Capital City Bombers,New York Mets
2001,PEO,Peoria Chiefs,St. Louis Cardinals
2001,WIS,Wisconsin Timber Rattlers,Seattle Mariners
2001,ASH,Asheville Tourists,Colorado Rockies
2001,KC,Kane County Cougars,Florida Marlins
2001,BOI,Boise Hawks,Chicago Cubs
2001,WIL,Williamsport Crosscutters,Pittsburgh Pirates
2001,MV,Mahoning Valley Scrappers,Cleveland Indians
2001,SK,Salem-Keizer Volcanoes,San Francisco Giants
2001,YAK,Yakima Bears,Arizona Diamondbacks
2001,BRK,Brooklyn Cyclones,New York Mets
2001,SPO,Spokane Indians,Kansas City Royals
2001,JAM,Jamestown Jammers,Atlanta Braves
2001,UTI,Utica Blue Sox,Florida Marlins
2001,SI,Staten Island Yankees,New York Yankees
2001,AUB,Auburn Doubledays,Toronto Blue Jays
2001,TRI,Tri-City Dust Devils,Colorado Rockies
2001,EUG,Eugene Emeralds,San Diego Padres
2001,VER,Vermont Expos,Montreal Expos
2001,LOW,Lowell Spinners,Boston Red Sox
2001,VAN,Vancouver Canadians,Oakland Athletics
2001,EVE,Everett AquaSox,Seattle Mariners
2001,NJC,New Jersey Cardinals,St. Louis Cardinals
2001,HV,Hudson Valley Renegades,Tampa Bay Devil Rays
2001,PIT,Pittsfield Astros,Houston Astros
2001,ONE,Oneonta Tigers,Detroit Tigers
2001,BAT,Batavia Muckdogs,Philadelphia Phillies
2001,BIL,Billings Mustangs,Cincinnati Reds
2001,BLU,Bluefield Orioles,Baltimore Orioles
2001,MIS,Missoula Osprey,Arizona Diamondbacks
2001,PRO,Provo Angels,Anaheim Angels
2001,V-AST,VSL Astros,Houston Astros
2001,V-BLU,VSL Blue Jays,Toronto Blue Jays
2001,V-BRW,VSL Brewers,Milwaukee Brewers
2001,V-CAR,VSL Cardinals,St. Louis Cardinals
2001,MRT,Martinsville Astros,Houston Astros
2001,V-CUB,VSL Cubs,Chicago Cubs
2001,MED,Medicine Hat Blue Jays,Toronto Blue Jays
2001,V-DOD,VSL Dodgers,Los Angeles Dodgers
2001,V-NAT,VSL Nationals,Montreal Expos
2001,V-IND,VSL Indians,Cleveland Indians
2001,V-MRN,VSL Mariners,Seattle Mariners
2001,V-MRL,VSL Marlins,Florida Marlins
2001,V-MET,VSL Mets,New York Mets
2001,OGD,Ogden Raptors,Milwaukee Brewers
2001,V-ORI,VSL Orioles,Baltimore Orioles
2001,V-PAD,VSL Padres,San Diego Padres
2001,A-ANG,AZL Angels,Anaheim Angels
2001,V-PHI,VSL Phillies,Philadelphia Phillies
2001,A-ATH,AZL Athletics,Oakland Athletics
2001,V-PIR,VSL Pirates,Pittsburgh Pirates
2001,A-BRW,AZL Brewers,Milwaukee Brewers
2001,V-RSX,VSL Red Sox,Boston Red Sox
2001,A-CUB,AZL Cubs,Chicago Cubs
2001,V-RED,VSL Reds,Cincinnati Reds
2001,A-GIA,AZL Giants,San Francisco Giants
2001,V-RCK,VSL Rockies,Colorado Rockies
2001,A-MRN,AZL Mariners,Seattle Mariners
2001,V-TWI,VSL Twins,Minnesota Twins
2001,A-PAD,AZL Padres,San Diego Padres
2001,CAS,Casper Rockies,Colorado Rockies
2001,PUL,Pulaski Rangers,Texas Rangers
2001,DAN,Danville Braves,Atlanta Braves
2001,BRI,Bristol White Sox,Chicago White Sox
2001,HEL,Helena Brewers,Milwaukee Brewers
2001,JC,Johnson City Cardinals,St. Louis Cardinals
2001,IDF,Idaho Falls Padres,San Diego Padres
2001,ELZ,Elizabethton Twins,Minnesota Twins
2001,GRF,Great Falls Dodgers,Los Angeles Dodgers
2001,PRN,Princeton Devil Rays,Tampa Bay Devil Rays
2001,D-DEV,DSL Devil Rays,Tampa Bay Devil Rays
2001,A-WSX,ACL White Sox,Chicago White Sox
2001,G-IND,GCL Indians,Cleveland Indians
2001,G-BRV,GCL Braves,Atlanta Braves
2001,G-DOD,GCL Dodgers,Los Angeles Dodgers
2001,G-EXP,GCL Expos,Montreal Expos
2001,G-MRL,GCL Marlins,Florida Marlins
2001,G-MET,GCL Mets,New York Mets
2001,G-RAN,GCL Rangers,Texas Rangers
2001,G-PHI,GCL Phillies,Philadelphia Phillies
2001,G-PIR,GCL Pirates,Pittsburgh Pirates
2001,G-ROY,GCL Royals,Kansas City Royals
2001,G-RSX,GCL Red Sox,Boston Red Sox
2001,G-ORI,GCL Orioles,Baltimore Orioles
2001,G-RED,GCL Reds,Cincinnati Reds
2001,D-ANG,DSL Angels,Anaheim Angels
2001,G-TIG,GCL Tigers,Detroit Tigers
2001,D-AST,DSL Astros,Houston Astros
2001,G-TWI,GCL Twins,Minnesota Twins
2001,G-CAR,GCL Cardinals,St. Louis Cardinals
2001,D-ATW,DSL Athletics W,Oakland Athletics
2001,G-YAN,GCL Yankees,New York Yankees
2001,D-ATE,DSL Athletics E,Oakland Athletics
2001,D-BLJ,DSL Blue Jays,Toronto Blue Jays
2001,D-BR1,DSL Braves 1,Atlanta Braves
2001,D-BR2,DSL Braves 2,Atlanta Braves
2001,D-BRW,DSL Brewers,Milwaukee Brewers
2001,D-CAR,DSL Cardinals,St. Louis Cardinals
2001,D-CUB,DSL Cubs,Chicago Cubs
2001,D-DBA,DSL Diamondbacks,Arizona Diamondbacks
2001,BUR,Burlington Indians,Cleveland Indians
2001,D-DOD,DSL Dodgers,Los Angeles Dodgers
2001,D-GIA,DSL Giants,San Francisco Giants
2001,D-IND,DSL Indians,Cleveland Indians
2001,D-IN2,DSL Indians 2,Cleveland Indians
2001,D-MRL,DSL Marlins,Florida Marlins
2001,D-MET,DSL Mets,New York Mets
2001,D-ORI,DSL Orioles,Baltimore Orioles
2001,G-BLU,GCL Blue Jays,Toronto Blue Jays
2001,D-PAD,DSL Padres,San Diego Padres
2001,D-PHI,DSL Phillies,Philadelphia Phillies
2001,D-PIR,DSL Pirates,Pittsburgh Pirates
2001,D-RNG,DSL Rangers,Texas Rangers
2001,D-RS2,DSL Red Sox 2,Boston Red Sox
2001,D-RED,DSL Reds,Cincinnati Reds
2001,D-RCK,DSL Rockies,Colorado Rockies
2001,D-EXP,DSL Expos,Montreal Expos
2001,D-ROY,DSL Royals,Kansas City Royals
2001,D-TIG,DSL Tigers,Detroit Tigers
2001,D-TWI,DSL Twins,Minnesota Twins
2001,D-WSX,DSL White Sox,Chicago White Sox
2001,KNG,Kingsport Mets,New York Mets
2001,D-YAN,DSL Yankees,New York Yankees
2001,SCO,Scottsdale Scorpions,Office of the Commissioner
2001,PDD,Phoenix Desert Dogs,Office of the Commissioner
2001,PEJ,Peoria Javelinas,Office of the Commissioner
2001,MSS,Mesa Solar Sox,Office of the Commissioner
2001,MAR,Maryvale Saguaros,Office of the Commissioner
2001,TDN,Tren del Norte,Office of the Commissioner
2001,GCR,Grand Canyon Rafters,Office of the Commissioner
2002,TOL,Toledo Mud Hens,Detroit Tigers
2002,OAX,Guerreros de Oaxaca,Office of the Commissioner
2002,IOW,Iowa Cubs,Chicago Cubs
2002,FRE,Fresno Grizzlies,San Francisco Giants
2002,PUE,Pericos de Puebla,Office of the Commissioner
2002,CAM,Piratas de Campeche,Office of the Commissioner
2002,NEW,New Orleans Zephyrs,Houston Astros
2002,AGS,Rieleros de Aguascalientes,Office of the Commissioner
2002,LV,Las Vegas 51s,Los Angeles Dodgers
2002,TAC,Tacoma Rainiers,Seattle Mariners
2002,SWB,Scranton/Wilkes-Barre Red Barons,Philadelphia Phillies
2002,MEX,Diablos Rojos del Mexico,Office of the Commissioner
2002,PAW,Pawtucket Red Sox,Boston Red Sox
2002,ROC,Rochester Red Wings,Baltimore Orioles
2002,CAL,Calgary Cannons,Florida Marlins
2002,VER,Rojos del Aguila de Veracruz,Office of the Commissioner
2002,OMA,Omaha Royals,Kansas City Royals
2002,LOU,Louisville Bats,Cincinnati Reds
2002,IND,Indianapolis Indians,Milwaukee Brewers
2002,TUC,Tucson Sidewinders,Arizona Diamondbacks
2002,BUF,Buffalo Bisons,Cleveland Indians
2002,RR,Round Rock Express,Houston Astros
2002,COL,Colorado Springs Sky Sox,Cleveland Indians
2002,SYR,Syracuse SkyChiefs,Toronto Blue Jays
2002,SAC,Sacramento River Cats,Oakland Athletics
2002,DUR,Durham Bulls,Tampa Bay Devil Rays
2002,MEM,Memphis Redbirds,St. Louis Cardinals
2002,NAS,Nashville Sounds,Pittsburgh Pirates
2002,CLT,Charlotte Knights,Chicago White Sox
2002,OKL,Oklahoma RedHawks,Texas Rangers
2002,RIC,Richmond Braves,Atlanta Braves
2002,MVA,Acereros del Norte,Office of the Commissioner
2002,YUC,Leones de Yucatan,Office of the Commissioner
2002,SLC,Salt Lake City Stingers,Anaheim Angels
2002,CAN,Langosteros de Cancun,Office of the Commissioner
2002,MTY,Sultanes de Monterrey,Office of the Commissioner
2002,OTT,Ottawa Lynx,Montreal Expos
2002,SAL,Saraperos de Saltillo,Office of the Commissioner
2002,NOR,Norfolk Tides,New York Mets
2002,POR,Portland Beavers,San Diego Padres
2002,TAB,Olmecas de Tabasco,Office of the Commissioner
2002,EDM,Edmonton Trappers,Minnesota Twins
2002,COL,Columbus Clippers,New York Yankees
2002,CHI,Dorados de Chihuahua,Office of the Commissioner
2002,NOR,Norwich Navigators,New York Yankees
2002,ALT,Altoona Curve,Pittsburgh Pirates
2002,GRE,Greenville Braves,Atlanta Braves
2002,TUL,Tulsa Drillers,Texas Rangers
2002,WIC,Wichita Wranglers,Kansas City Royals
2002,REA,Reading Phillies,Philadelphia Phillies
2002,AKR,Akron Aeros,Cleveland Indians
2002,NH,New Haven Ravens,St. Louis Cardinals
2002,ORL,Orlando Rays,Tampa Bay Devil Rays
2002,NBR,New Britain Rock Cats,Minnesota Twins
2002,MOB,Mobile Bay Bears,San Diego Padres
2002,POR,Portland Sea Dogs,Florida Marlins
2002,BOW,Bowie Baysox,Baltimore Orioles
2002,HBG,Harrisburg Senators,Montreal Expos
2002,SHR,Shreveport Swamp Dragons,San Francisco Giants
2002,WTN,West Tennessee Diamond Jaxx,Chicago Cubs
2002,TNS,Tennessee Smokies,Toronto Blue Jays
2002,ERI,Erie SeaWolves,Detroit Tigers
2002,MID,Midland RockHounds,Oakland Athletics
2002,HVL,Huntsville Stars,Milwaukee Brewers
2002,CHA,Chattanooga Lookouts,Cincinnati Reds
2002,JAX,Jacksonville Suns,Los Angeles Dodgers
2002,ELP,El Paso Diablos,Arizona Diamondbacks
2002,BIR,Birmingham Barons,Chicago White Sox
2002,TRN,Trenton Thunder,Boston Red Sox
2002,BNG,Binghamton Mets,New York Mets
2002,CAR,Carolina Mudcats,Colorado Rockies
2002,SA,San Antonio Missions,Seattle Mariners
2002,ARK,Arkansas Travelers,Anaheim Angels
2002,DAY,Daytona Cubs,Chicago Cubs
2002,MOD,Modesto A's,Oakland Athletics
2002,WS,Winston-Salem Warthogs,Chicago White Sox
2002,VIS,Visalia Oaks,Oakland Athletics
2002,MB,Myrtle Beach Pelicans,Atlanta Braves
2002,VER,Vero Beach Dodgers,Los Angeles Dodgers
2002,TAM,Tampa Yankees,New York Yankees
2002,STK,Stockton Ports,Cincinnati Reds
2002,RC,Rancho Cucamonga Quakes,Anaheim Angels
2002,SB,San Bernardino Stampede,Seattle Mariners
2002,SAR,Sarasota Red Sox,Boston Red Sox
2002,SJ,San Jose Giants,San Francisco Giants
2002,SAL,Salem Avalanche,Colorado Rockies
2002,JUP,Jupiter Hammerheads,Florida Marlins
2002,LYN,Lynchburg Hillcats,Pittsburgh Pirates
2002,KIN,Kinston Indians,Cleveland Indians
2002,BAK,Bakersfield Blaze,Tampa Bay Devil Rays
2002,LE,Lake Elsinore Storm,San Diego Padres
2002,DUN,Dunedin Blue Jays,Toronto Blue Jays
2002,WIL,Wilmington Blue Rocks,Kansas City Royals
2002,LAN,Lancaster Jethawks,Arizona Diamondbacks
2002,FRE,Frederick Keys,Baltimore Orioles
2002,POT,Potomac Cannons,St. Louis Cardinals
2002,CLR,Clearwater Phillies,Philadelphia Phillies
2002,BRV,Brevard County Manatees,Montreal Expos
2002,CHA,Charlotte Rangers,Texas Rangers
2002,HD,High Desert Mavericks,Milwaukee Brewers
2002,LAK,Lakeland Tigers,Detroit Tigers
2002,SLU,St. Lucie Mets,New York Mets
2002,FTM,Fort Myers Miracle,Minnesota Twins
2002,HIC,Hickory Crawdads,Pittsburgh Pirates
2002,WM,West Michigan Whitecaps,Detroit Tigers
2002,FW,Fort Wayne Wizards,San Diego Padres
2002,MIC,Michigan Battle Cats,Houston Astros
2002,CLM,Columbus Red Stixx,Cleveland Indians
2002,DAY,Dayton Dragons,Cincinnati Reds
2002,CHA,Charleston AlleyCats,Toronto Blue Jays
2002,SGA,South Georgia Waves,Los Angeles Dodgers
2002,MAC,Macon Braves,Atlanta Braves
2002,GBO,Greensboro Bats,New York Yankees
2002,AUG,Augusta GreenJackets,Boston Red Sox
2002,SAV,Savannah Sand Gnats,Texas Rangers
2002,DEL,Delmarva Shorebirds,Baltimore Orioles
2002,BUR,Burlington Bees,Kansas City Royals
2002,SB,South Bend Silver Hawks,Arizona Diamondbacks
2002,KAN,Kannapolis Intimidators,Chicago White Sox
2002,CHS,Charleston RiverDogs,Tampa Bay Devil Rays
2002,BEL,Beloit Snappers,Milwaukee Brewers
2002,LWD,Lakewood BlueClaws,Philadelphia Phillies
2002,CR,Cedar Rapids Kernels,Anaheim Angels
2002,LEX,Lexington Legends,Houston Astros
2002,LAN,Lansing Lugnuts,Chicago Cubs
2002,HAG,Hagerstown Suns,San Francisco Giants
2002,CLI,Clinton Lumber Kings,Montreal Expos
2002,QC,Quad City River Bandits,Minnesota Twins
2002,CAP,Capital City Bombers,New York Mets
2002,PEO,Peoria Chiefs,St. Louis Cardinals
2002,WIS,Wisconsin Timber Rattlers,Seattle Mariners
2002,ASH,Asheville Tourists,Colorado Rockies
2002,KC,Kane County Cougars,Florida Marlins
2002,BOI,Boise Hawks,Chicago Cubs
2002,TRI,Tri-City ValleyCats,Houston Astros
2002,WIL,Williamsport Crosscutters,Pittsburgh Pirates
2002,MV,Mahoning Valley Scrappers,Cleveland Indians
2002,SK,Salem-Keizer Volcanoes,San Francisco Giants
2002,YAK,Yakima Bears,Arizona Diamondbacks
2002,BRK,Brooklyn Cyclones,New York Mets
2002,SPO,Spokane Indians,Kansas City Royals
2002,ABD,Aberdeen IronBirds,Baltimore Orioles
2002,JAM,Jamestown Jammers,Florida Marlins
2002,SI,Staten Island Yankees,New York Yankees
2002,AUB,Auburn Doubledays,Toronto Blue Jays
2002,TRI,Tri-City Dust Devils,Colorado Rockies
2002,EUG,Eugene Emeralds,San Diego Padres
2002,VER,Vermont Expos,Montreal Expos
2002,LOW,Lowell Spinners,Boston Red Sox
2002,VAN,Vancouver Canadians,Oakland Athletics
2002,EVE,Everett AquaSox,Seattle Mariners
2002,NJC,New Jersey Cardinals,St. Louis Cardinals
2002,HV,Hudson Valley Renegades,Tampa Bay Devil Rays
2002,ONE,Oneonta Tigers,Detroit Tigers
2002,BAT,Batavia Muckdogs,Philadelphia Phillies
2002,BIL,Billings Mustangs,Cincinnati Reds
2002,BLU,Bluefield Orioles,Baltimore Orioles
2002,MIS,Missoula Osprey,Arizona Diamondbacks
2002,PRO,Provo Angels,Anaheim Angels
2002,V-AST,VSL Astros,Houston Astros
2002,V-BLU,VSL Blue Jays,Toronto Blue Jays
2002,V-BRW,VSL Brewers,Milwaukee Brewers
2002,V-CAR,VSL Cardinals,St. Louis Cardinals
2002,MRT,Martinsville Astros,Houston Astros
2002,V-CUB,VSL Cubs,Chicago Cubs
2002,MED,Medicine Hat Blue Jays,Toronto Blue Jays
2002,V-DOD,VSL Dodgers,Los Angeles Dodgers
2002,V-NAT,VSL Nationals,Montreal Expos
2002,V-IND,VSL Indians,Cleveland Indians
2002,V-MRN,VSL Mariners,Seattle Mariners
2002,V-MRL,VSL Marlins,Florida Marlins
2002,V-MET,VSL Mets,New York Mets
2002,OGD,Ogden Raptors,Milwaukee Brewers
2002,V-ORI,VSL Orioles,Baltimore Orioles
2002,V-PAD,VSL Padres,San Diego Padres
2002,A-ANG,AZL Angels,Anaheim Angels
2002,V-PHI,VSL Phillies,Philadelphia Phillies
2002,A-ATH,AZL Athletics,Oakland Athletics
2002,V-PIR,VSL Pirates,Pittsburgh Pirates
2002,A-BRW,AZL Brewers,Milwaukee Brewers
2002,V-RSX,VSL Red Sox,Boston Red Sox
2002,A-CUB,AZL Cubs,Chicago Cubs
2002,V-RED,VSL Reds,Cincinnati Reds
2002,A-GIA,AZL Giants,San Francisco Giants
2002,V-RCK,VSL Rockies,Colorado Rockies
2002,A-MRN,AZL Mariners,Seattle Mariners
2002,V-TWI,VSL Twins,Minnesota Twins
2002,A-PAD,AZL Padres,San Diego Padres
2002,CAS,Casper Rockies,Colorado Rockies
2002,PUL,Pulaski Rangers,Texas Rangers
2002,DAN,Danville Braves,Atlanta Braves
2002,BRI,Bristol White Sox,Chicago White Sox
2002,HEL,Helena Brewers,Milwaukee Brewers
2002,JC,Johnson City Cardinals,St. Louis Cardinals
2002,IDF,Idaho Falls Padres,San Diego Padres
2002,ELZ,Elizabethton Twins,Minnesota Twins
2002,GRF,Great Falls Dodgers,Los Angeles Dodgers
2002,PRN,Princeton Devil Rays,Tampa Bay Devil Rays
2002,A-WSX,ACL White Sox,Chicago White Sox
2002,G-IND,GCL Indians,Cleveland Indians
2002,G-BRV,GCL Braves,Atlanta Braves
2002,G-DOD,GCL Dodgers,Los Angeles Dodgers
2002,G-EXP,GCL Expos,Montreal Expos
2002,G-MRL,GCL Marlins,Florida Marlins
2002,G-MET,GCL Mets,New York Mets
2002,G-RAN,GCL Rangers,Texas Rangers
2002,G-PHI,GCL Phillies,Philadelphia Phillies
2002,G-PIR,GCL Pirates,Pittsburgh Pirates
2002,G-ROY,GCL Royals,Kansas City Royals
2002,G-RSX,GCL Red Sox,Boston Red Sox
2002,G-ORI,GCL Orioles,Baltimore Orioles
2002,G-RED,GCL Reds,Cincinnati Reds
2002,D-ANG,DSL Angels,Anaheim Angels
2002,G-TIG,GCL Tigers,Detroit Tigers
2002,D-AST,DSL Astros,Houston Astros
2002,G-TWI,GCL Twins,Minnesota Twins
2002,G-CAR,GCL Cardinals,St. Louis Cardinals
2002,D-ATW,DSL Athletics W,Oakland Athletics
2002,G-YAN,GCL Yankees,New York Yankees
2002,D-ATE,DSL Athletics E,Oakland Athletics
2002,D-BLJ,DSL Blue Jays,Toronto Blue Jays
2002,D-BR1,DSL Braves 1,Atlanta Braves
2002,D-BR2,DSL Braves 2,Atlanta Braves
2002,D-BRW,DSL Brewers,Milwaukee Brewers
2002,D-CAR,DSL Cardinals,St. Louis Cardinals
2002,D-CUB,DSL Cubs,Chicago Cubs
2002,D-DBA,DSL Diamondbacks,Arizona Diamondbacks
2002,BUR,Burlington Indians,Cleveland Indians
2002,D-DO1,DSL Dodgers 1,Los Angeles Dodgers
2002,D-DO2,DSL Dodgers 2,Los Angeles Dodgers
2002,D-GIA,DSL Giants,San Francisco Giants
2002,D-IN1,DSL Indians 1,Cleveland Indians
2002,D-IN2,DSL Indians 2,Cleveland Indians
2002,D-MRL,DSL Marlins,Florida Marlins
2002,D-MET,DSL Mets,New York Mets
2002,D-ORI,DSL Orioles,Baltimore Orioles
2002,G-BLU,GCL Blue Jays,Toronto Blue Jays
2002,D-PAD,DSL Padres,San Diego Padres
2002,D-PHI,DSL Phillies,Philadelphia Phillies
2002,D-PIR,DSL Pirates,Pittsburgh Pirates
2002,D-RNG,DSL Rangers,Texas Rangers
2002,D-RS2,DSL Red Sox 2,Boston Red Sox
2002,D-RED,DSL Reds,Cincinnati Reds
2002,D-RCK,DSL Rockies,Colorado Rockies
2002,D-EXP,DSL Expos,Montreal Expos
2002,D-ROY,DSL Royals,Kansas City Royals
2002,D-TIG,DSL Tigers,Detroit Tigers
2002,D-TWI,DSL Twins,Minnesota Twins
2002,D-WSX,DSL White Sox,Chicago White Sox
2002,KNG,Kingsport Mets,New York Mets
2002,D-YAN,DSL Yankees,New York Yankees
2002,D-YA2,DSL Yankees 2,New York Yankees
2002,SCO,Scottsdale Scorpions,Office of the Commissioner
2002,PDD,Phoenix Desert Dogs,Office of the Commissioner
2002,PEJ,Peoria Javelinas,Office of the Commissioner
2002,MSS,Mesa Solar Sox,Office of the Commissioner
2002,MAR,Maryvale Saguaros,Office of the Commissioner
2002,TDN,Tren del Norte,Office of the Commissioner
2002,GCR,Grand Canyon Rafters,Office of the Commissioner
2003,TOL,Toledo Mud Hens,Detroit Tigers
2003,OAX,Guerreros de Oaxaca,Office of the Commissioner
2003,IOW,Iowa Cubs,Chicago Cubs
2003,FRE,Fresno Grizzlies,San Francisco Giants
2003,PUE,Pericos de Puebla,Office of the Commissioner
2003,CAM,Piratas de Campeche,Office of the Commissioner
2003,NEW,New Orleans Zephyrs,Houston Astros
2003,AGS,Rieleros de Aguascalientes,Office of the Commissioner
2003,LV,Las Vegas 51s,Los Angeles Dodgers
2003,TAC,Tacoma Rainiers,Seattle Mariners
2003,SWB,Scranton/Wilkes-Barre Red Barons,Philadelphia Phillies
2003,MEX,Diablos Rojos del Mexico,Office of the Commissioner
2003,PAW,Pawtucket Red Sox,Boston Red Sox
2003,ROC,Rochester Red Wings,Minnesota Twins
2003,ABQ,Albuquerque Isotopes,Florida Marlins
2003,VER,Rojos del Aguila de Veracruz,Office of the Commissioner
2003,OMA,Omaha Royals,Kansas City Royals
2003,LOU,Louisville Bats,Cincinnati Reds
2003,IND,Indianapolis Indians,Milwaukee Brewers
2003,TUC,Tucson Sidewinders,Arizona Diamondbacks
2003,BUF,Buffalo Bisons,Cleveland Indians
2003,RR,Round Rock Express,Houston Astros
2003,COL,Colorado Springs Sky Sox,Cleveland Indians
2003,SYR,Syracuse SkyChiefs,Toronto Blue Jays
2003,SAC,Sacramento River Cats,Oakland Athletics
2003,DUR,Durham Bulls,Tampa Bay Devil Rays
2003,MEM,Memphis Redbirds,St. Louis Cardinals
2003,NAS,Nashville Sounds,Pittsburgh Pirates
2003,CLT,Charlotte Knights,Chicago White Sox
2003,OKL,Oklahoma RedHawks,Texas Rangers
2003,RIC,Richmond Braves,Atlanta Braves
2003,MVA,Acereros del Norte,Office of the Commissioner
2003,YUC,Leones de Yucatan,Office of the Commissioner
2003,SLC,Salt Lake City Stingers,Anaheim Angels
2003,CAN,Langosteros de Cancun,Office of the Commissioner
2003,MTY,Sultanes de Monterrey,Office of the Commissioner
2003,OTT,Ottawa Lynx,Baltimore Orioles
2003,SAL,Saraperos de Saltillo,Office of the Commissioner
2003,NOR,Norfolk Tides,New York Mets
2003,POR,Portland Beavers,San Diego Padres
2003,TAB,Olmecas de Tabasco,Office of the Commissioner
2003,EDM,Edmonton Trappers,Montreal Expos
2003,COL,Columbus Clippers,New York Yankees
2003,CHI,Dorados de Chihuahua,Office of the Commissioner
2003,NOR,Norwich Navigators,San Francisco Giants
2003,ALT,Altoona Curve,Pittsburgh Pirates
2003,GRE,Greenville Braves,Atlanta Braves
2003,TUL,Tulsa Drillers,Colorado Rockies
2003,WIC,Wichita Wranglers,Kansas City Royals
2003,REA,Reading Phillies,Philadelphia Phillies
2003,AKR,Akron Aeros,Cleveland Indians
2003,NH,New Haven Ravens,Toronto Blue Jays
2003,ORL,Orlando Rays,Tampa Bay Devil Rays
2003,NBR,New Britain Rock Cats,Minnesota Twins
2003,FRI,Frisco RoughRiders,Texas Rangers
2003,MOB,Mobile Bay Bears,San Diego Padres
2003,POR,Portland Sea Dogs,Boston Red Sox
2003,BOW,Bowie Baysox,Baltimore Orioles
2003,HBG,Harrisburg Senators,Montreal Expos
2003,WTN,West Tennessee Diamond Jaxx,Chicago Cubs
2003,TNS,Tennessee Smokies,St. Louis Cardinals
2003,ERI,Erie SeaWolves,Detroit Tigers
2003,MID,Midland RockHounds,Oakland Athletics
2003,HVL,Huntsville Stars,Milwaukee Brewers
2003,CHA,Chattanooga Lookouts,Cincinnati Reds
2003,JAX,Jacksonville Suns,Los Angeles Dodgers
2003,ELP,El Paso Diablos,Arizona Diamondbacks
2003,BIR,Birmingham Barons,Chicago White Sox
2003,TRN,Trenton Thunder,New York Yankees
2003,BNG,Binghamton Mets,New York Mets
2003,CAR,Carolina Mudcats,Florida Marlins
2003,SA,San Antonio Missions,Seattle Mariners
2003,ARK,Arkansas Travelers,Anaheim Angels
2003,DAY,Daytona Cubs,Chicago Cubs
2003,MOD,Modesto A's,Oakland Athletics
2003,WS,Winston-Salem Warthogs,Chicago White Sox
2003,VIS,Visalia Oaks,Colorado Rockies
2003,MB,Myrtle Beach Pelicans,Atlanta Braves
2003,VER,Vero Beach Dodgers,Los Angeles Dodgers
2003,TAM,Tampa Yankees,New York Yankees
2003,STK,Stockton Ports,Texas Rangers
2003,RC,Rancho Cucamonga Quakes,Anaheim Angels
2003,IE,Inland Empire 66ers,Seattle Mariners
2003,SAR,Sarasota Red Sox,Boston Red Sox
2003,PMB,Palm Beach Cardinals,St. Louis Cardinals
2003,SJ,San Jose Giants,San Francisco Giants
2003,SAL,Salem Avalanche,Houston Astros
2003,JUP,Jupiter Hammerheads,Florida Marlins
2003,LYN,Lynchburg Hillcats,Pittsburgh Pirates
2003,KIN,Kinston Indians,Cleveland Indians
2003,BAK,Bakersfield Blaze,Tampa Bay Devil Rays
2003,LE,Lake Elsinore Storm,San Diego Padres
2003,DUN,Dunedin Blue Jays,Toronto Blue Jays
2003,WIL,Wilmington Blue Rocks,Kansas City Royals
2003,LAN,Lancaster Jethawks,Arizona Diamondbacks
2003,FRE,Frederick Keys,Baltimore Orioles
2003,POT,Potomac Cannons,Cincinnati Reds
2003,CLR,Clearwater Phillies,Philadelphia Phillies
2003,BRV,Brevard County Manatees,Montreal Expos
2003,HD,High Desert Mavericks,Milwaukee Brewers
2003,LAK,Lakeland Tigers,Detroit Tigers
2003,SLU,St. Lucie Mets,New York Mets
2003,FTM,Fort Myers Miracle,Minnesota Twins
2003,HIC,Hickory Crawdads,Pittsburgh Pirates
2003,WM,West Michigan Whitecaps,Detroit Tigers
2003,FW,Fort Wayne Wizards,San Diego Padres
2003,BC,Battle Creek Yankees,New York Yankees
2003,DAY,Dayton Dragons,Cincinnati Reds
2003,CHA,Charleston AlleyCats,Toronto Blue Jays
2003,SGA,South Georgia Waves,Los Angeles Dodgers
2003,GBO,Greensboro Bats,Florida Marlins
2003,AUG,Augusta GreenJackets,Boston Red Sox
2003,SAV,Savannah Sand Gnats,Montreal Expos
2003,DEL,Delmarva Shorebirds,Baltimore Orioles
2003,BUR,Burlington Bees,Kansas City Royals
2003,SB,South Bend Silver Hawks,Arizona Diamondbacks
2003,KAN,Kannapolis Intimidators,Chicago White Sox
2003,CHS,Charleston RiverDogs,Tampa Bay Devil Rays
2003,BEL,Beloit Snappers,Milwaukee Brewers
2003,LWD,Lakewood BlueClaws,Philadelphia Phillies
2003,CR,Cedar Rapids Kernels,Anaheim Angels
2003,LEX,Lexington Legends,Houston Astros
2003,ROM,Rome Braves,Atlanta Braves
2003,LAN,Lansing Lugnuts,Chicago Cubs
2003,HAG,Hagerstown Suns,San Francisco Giants
2003,CLI,Clinton Lumber Kings,Texas Rangers
2003,QC,Quad City River Bandits,Minnesota Twins
2003,LC,Lake County Captains,Cleveland Indians
2003,CAP,Capital City Bombers,New York Mets
2003,PEO,Peoria Chiefs,St. Louis Cardinals
2003,WIS,Wisconsin Timber Rattlers,Seattle Mariners
2003,ASH,Asheville Tourists,Colorado Rockies
2003,KC,Kane County Cougars,Oakland Athletics
2003,BOI,Boise Hawks,Chicago Cubs
2003,TRI,Tri-City ValleyCats,Houston Astros
2003,WIL,Williamsport Crosscutters,Pittsburgh Pirates
2003,MV,Mahoning Valley Scrappers,Cleveland Indians
2003,SK,Salem-Keizer Volcanoes,San Francisco Giants
2003,YAK,Yakima Bears,Arizona Diamondbacks
2003,BRK,Brooklyn Cyclones,New York Mets
2003,SPO,Spokane Indians,Texas Rangers
2003,ABD,Aberdeen IronBirds,Baltimore Orioles
2003,JAM,Jamestown Jammers,Florida Marlins
2003,SI,Staten Island Yankees,New York Yankees
2003,AUB,Auburn Doubledays,Toronto Blue Jays
2003,TRI,Tri-City Dust Devils,Colorado Rockies
2003,EUG,Eugene Emeralds,San Diego Padres
2003,VER,Vermont Expos,Montreal Expos
2003,LOW,Lowell Spinners,Boston Red Sox
2003,VAN,Vancouver Canadians,Oakland Athletics
2003,EVE,Everett AquaSox,Seattle Mariners
2003,NJC,New Jersey Cardinals,St. Louis Cardinals
2003,HV,Hudson Valley Renegades,Tampa Bay Devil Rays
2003,ONE,Oneonta Tigers,Detroit Tigers
2003,BAT,Batavia Muckdogs,Philadelphia Phillies
2003,BIL,Billings Mustangs,Cincinnati Reds
2003,BLU,Bluefield Orioles,Baltimore Orioles
2003,MIS,Missoula Osprey,Arizona Diamondbacks
2003,PRO,Provo Angels,Anaheim Angels
2003,OGD,Ogden Raptors,Los Angeles Dodgers
2003,CAS,Casper Rockies,Colorado Rockies
2003,BRI,Bristol White Sox,Chicago White Sox
2003,ELZ,Elizabethton Twins,Minnesota Twins
2003,GRF,Great Falls White Sox,Chicago White Sox
2003,G-ORI,GCL Orioles,Baltimore Orioles
2003,D-ANG,DSL Angels,Anaheim Angels
2003,D-AST,DSL Astros,Houston Astros
2003,G-CAR,GCL Cardinals,St. Louis Cardinals
2003,D-AT1,DSL Athletics 1,Oakland Athletics
2003,D-AT2,DSL Athletics 2,Oakland Athletics
2003,D-BLJ,DSL Blue Jays,Toronto Blue Jays
2003,D-BR1,DSL Braves 1,Atlanta Braves
2003,D-BR2,DSL Braves 2,Atlanta Braves
2003,D-BRW,DSL Brewers,Milwaukee Brewers
2003,D-CAR,DSL Cardinals,St. Louis Cardinals
2003,D-CUB,DSL Cubs,Chicago Cubs
2003,D-DBA,DSL Diamondbacks,Arizona Diamondbacks
2003,D-DO1,DSL Dodgers 1,Los Angeles Dodgers
2003,D-DO2,DSL Dodgers 2,Los Angeles Dodgers
2003,D-GIA,DSL Giants,San Francisco Giants
2003,D-INA,DSL Indians A,Cleveland Indians
2003,D-INB,DSL Indians B,Cleveland Indians
2003,D-MRL,DSL Marlins,Florida Marlins
2003,D-MET,DSL Mets,New York Mets
2003,D-ORI,DSL Orioles,Baltimore Orioles
2003,G-BLU,GCL Blue Jays,Toronto Blue Jays
2003,D-PAD,DSL Padres,San Diego Padres
2003,D-PHI,DSL Phillies,Philadelphia Phillies
2003,D-PIR,DSL Pirates,Pittsburgh Pirates
2003,D-RNG,DSL Rangers,Texas Rangers
2003,D-RS1,DSL Red Sox 1,Boston Red Sox
2003,D-RS2,DSL Red Sox 2,Boston Red Sox
2003,D-RED,DSL Reds,Cincinnati Reds
2003,D-RCK,DSL Rockies,Colorado Rockies
2003,D-ROY,DSL Royals,Kansas City Royals
2003,D-TIG,DSL Tigers,Detroit Tigers
2003,D-TWI,DSL Twins,Minnesota Twins
2003,D-WSX,DSL White Sox,Chicago White Sox
2003,D-YA1,DSL Yankees 1,New York Yankees
2003,D-YA2,DSL Yankees 2,New York Yankees
2003,V-AST,VSL Astros,Houston Astros
2003,V-BLU,VSL Blue Jays,Toronto Blue Jays
2003,V-BRW,VSL Brewers,Milwaukee Brewers
2003,V-CAR,VSL Cardinals,St. Louis Cardinals
2003,MRT,Martinsville Astros,Houston Astros
2003,V-CUB,VSL Cubs,Chicago Cubs
2003,V-DOD,VSL Dodgers,Los Angeles Dodgers
2003,V-NAT,VSL Nationals,Montreal Expos
2003,V-IND,VSL Indians,Cleveland Indians
2003,V-MRN,VSL Mariners,Seattle Mariners
2003,V-MRL,VSL Marlins,Florida Marlins
2003,V-MET,VSL Mets,New York Mets
2003,V-ORI,VSL Orioles,Baltimore Orioles
2003,V-PAD,VSL Padres,San Diego Padres
2003,A-ANG,AZL Angels,Anaheim Angels
2003,V-PHI,VSL Phillies,Philadelphia Phillies
2003,A-ATH,AZL Athletics,Oakland Athletics
2003,V-PIR,VSL Pirates,Pittsburgh Pirates
2003,A-BRW,AZL Brewers,Milwaukee Brewers
2003,V-RSX,VSL Red Sox,Boston Red Sox
2003,A-CUB,AZL Cubs,Chicago Cubs
2003,V-RED,VSL Reds,Cincinnati Reds
2003,A-GIA,AZL Giants,San Francisco Giants
2003,V-RCK,VSL Rockies,Colorado Rockies
2003,A-MRN,AZL Mariners,Seattle Mariners
2003,V-TWI,VSL Twins,Minnesota Twins
2003,A-PAD,AZL Padres,San Diego Padres
2003,A-RAN,AZL Rangers,Texas Rangers
2003,A-ROY,AZL Royals,Kansas City Royals
2003,PUL,Pulaski Blue Jays,Toronto Blue Jays
2003,DAN,Danville Braves,Atlanta Braves
2003,HEL,Helena Brewers,Milwaukee Brewers
2003,JC,Johnson City Cardinals,St. Louis Cardinals
2003,IDF,Idaho Falls Padres,San Diego Padres
2003,PRN,Princeton Devil Rays,Tampa Bay Devil Rays
2003,A-RO2,AZL Royals 2,Kansas City Royals
2003,G-IND,GCL Indians,Cleveland Indians
2003,G-BRV,GCL Braves,Atlanta Braves
2003,G-DOD,GCL Dodgers,Los Angeles Dodgers
2003,G-EXP,GCL Expos,Montreal Expos
2003,G-MRL,GCL Marlins,Florida Marlins
2003,G-MET,GCL Mets,New York Mets
2003,G-PHI,GCL Phillies,Philadelphia Phillies
2003,G-PIR,GCL Pirates,Pittsburgh Pirates
2003,G-RSX,GCL Red Sox,Boston Red Sox
2003,G-RED,GCL Reds,Cincinnati Reds
2003,G-TIG,GCL Tigers,Detroit Tigers
2003,G-TWI,GCL Twins,Minnesota Twins
2003,G-YAN,GCL Yankees,New York Yankees
2003,BUR,Burlington Indians,Cleveland Indians
2003,D-EXP,DSL Expos,Montreal Expos
2003,KNG,Kingsport Mets,New York Mets
2003,SCO,Scottsdale Scorpions,Office of the Commissioner
2003,MDD,Mesa Desert Dogs,Office of the Commissioner
2003,PEJ,Peoria Javelinas,Office of the Commissioner
2003,MSS,Mesa Solar Sox,Office of the Commissioner
2003,PES,Peoria Saguaros,Office of the Commissioner
2003,TDN,Tren del Norte,Office of the Commissioner
2003,GCR,Grand Canyon Rafters,Office of the Commissioner
2004,TOL,Toledo Mud Hens,Detroit Tigers
2004,IOW,Iowa Cubs,Chicago Cubs
2004,OAX,Guerreros de Oaxaca,Office of the Commissioner
2004,FRE,Fresno Grizzlies,San Francisco Giants
2004,PUE,Pericos de Puebla,Office of the Commissioner
2004,CAM,Piratas de Campeche,Office of the Commissioner
2004,NEW,New Orleans Zephyrs,Houston Astros
2004,LV,Las Vegas 51s,Los Angeles Dodgers
2004,AGS,Rieleros de Aguascalientes,Office of the Commissioner
2004,TAC,Tacoma Rainiers,Seattle Mariners
2004,SWB,Scranton/Wilkes-Barre Red Barons,Philadelphia Phillies
2004,MEX,Diablos Rojos del Mexico,Office of the Commissioner
2004,PAW,Pawtucket Red Sox,Boston Red Sox
2004,ABQ,Albuquerque Isotopes,Florida Marlins
2004,ROC,Rochester Red Wings,Minnesota Twins
2004,VER,Rojos del Aguila de Veracruz,Office of the Commissioner
2004,OMA,Omaha Royals,Kansas City Royals
2004,LOU,Louisville Bats,Cincinnati Reds
2004,IND,Indianapolis Indians,Milwaukee Brewers
2004,TUC,Tucson Sidewinders,Arizona Diamondbacks
2004,BUF,Buffalo Bisons,Cleveland Indians
2004,RR,Round Rock Express,Houston Astros
2004,COL,Colorado Springs Sky Sox,Colorado Rockies
2004,SYR,Syracuse SkyChiefs,Toronto Blue Jays
2004,SAC,Sacramento River Cats,Oakland Athletics
2004,DUR,Durham Bulls,Tampa Bay Devil Rays
2004,MEM,Memphis Redbirds,St. Louis Cardinals
2004,NAS,Nashville Sounds,Pittsburgh Pirates
2004,CLT,Charlotte Knights,Chicago White Sox
2004,OKL,Oklahoma RedHawks,Texas Rangers
2004,RIC,Richmond Braves,Atlanta Braves
2004,YUC,Leones de Yucatan,Office of the Commissioner
2004,MVA,Acereros del Norte,Office of the Commissioner
2004,CAN,Langosteros de Cancun,Office of the Commissioner
2004,SLC,Salt Lake City Stingers,Anaheim Angels
2004,REY,Broncos de Reynosa,Office of the Commissioner
2004,MTY,Sultanes de Monterrey,Office of the Commissioner
2004,OTT,Ottawa Lynx,Baltimore Orioles
2004,SAL,Saraperos de Saltillo,Office of the Commissioner
2004,POR,Portland Beavers,San Diego Padres
2004,NOR,Norfolk Tides,New York Mets
2004,TIG,Tigres de Quintana Roo,Office of the Commissioner
2004,TAB,Olmecas de Tabasco,Office of the Commissioner
2004,EDM,Edmonton Trappers,Montreal Expos
2004,COL,Columbus Clippers,New York Yankees
2004,LAG,Vaqueros de la Laguna,Office of the Commissioner
2004,CHI,Dorados de Chihuahua,Office of the Commissioner
2004,NOR,Norwich Navigators,San Francisco Giants
2004,GRE,Greenville Braves,Atlanta Braves
2004,ALT,Altoona Curve,Pittsburgh Pirates
2004,TUL,Tulsa Drillers,Colorado Rockies
2004,WIC,Wichita Wranglers,Kansas City Royals
2004,REA,Reading Phillies,Philadelphia Phillies
2004,NH,New Hampshire Fisher Cats,Toronto Blue Jays
2004,AKR,Akron Aeros,Cleveland Indians
2004,NBR,New Britain Rock Cats,Minnesota Twins
2004,FRI,Frisco RoughRiders,Texas Rangers
2004,MOB,Mobile Bay Bears,San Diego Padres
2004,POR,Portland Sea Dogs,Boston Red Sox
2004,BOW,Bowie Baysox,Baltimore Orioles
2004,HBG,Harrisburg Senators,Montreal Expos
2004,MTG,Montgomery Biscuits,Tampa Bay Devil Rays
2004,WTN,West Tennessee Diamond Jaxx,Chicago Cubs
2004,TNS,Tennessee Smokies,St. Louis Cardinals
2004,ERI,Erie SeaWolves,Detroit Tigers
2004,MID,Midland RockHounds,Oakland Athletics
2004,HVL,Huntsville Stars,Milwaukee Brewers
2004,CHA,Chattanooga Lookouts,Cincinnati Reds
2004,JAX,Jacksonville Suns,Los Angeles Dodgers
2004,ELP,El Paso Diablos,Arizona Diamondbacks
2004,TRN,Trenton Thunder,New York Yankees
2004,BIR,Birmingham Barons,Chicago White Sox
2004,BNG,Binghamton Mets,New York Mets
2004,CAR,Carolina Mudcats,Florida Marlins
2004,ARK,Arkansas Travelers,Anaheim Angels
2004,SA,San Antonio Missions,Seattle Mariners
2004,DAY,Daytona Cubs,Chicago Cubs
2004,MOD,Modesto A's,Oakland Athletics
2004,WS,Winston-Salem Warthogs,Chicago White Sox
2004,VIS,Visalia Oaks,Colorado Rockies
2004,MB,Myrtle Beach Pelicans,Atlanta Braves
2004,VER,Vero Beach Dodgers,Los Angeles Dodgers
2004,TAM,Tampa Yankees,New York Yankees
2004,STK,Stockton Ports,Texas Rangers
2004,RC,Rancho Cucamonga Quakes,Anaheim Angels
2004,IE,Inland Empire 66ers,Seattle Mariners
2004,SAR,Sarasota Red Sox,Boston Red Sox
2004,PMB,Palm Beach Cardinals,St. Louis Cardinals
2004,SJ,San Jose Giants,San Francisco Giants
2004,SAL,Salem Avalanche,Houston Astros
2004,JUP,Jupiter Hammerheads,Florida Marlins
2004,LYN,Lynchburg Hillcats,Pittsburgh Pirates
2004,KIN,Kinston Indians,Cleveland Indians
2004,BAK,Bakersfield Blaze,Tampa Bay Devil Rays
2004,LE,Lake Elsinore Storm,San Diego Padres
2004,DUN,Dunedin Blue Jays,Toronto Blue Jays
2004,WIL,Wilmington Blue Rocks,Kansas City Royals
2004,LAN,Lancaster Jethawks,Arizona Diamondbacks
2004,FRE,Frederick Keys,Baltimore Orioles
2004,POT,Potomac Cannons,Cincinnati Reds
2004,CLR,Clearwater Threshers,Philadelphia Phillies
2004,BRV,Brevard County Manatees,Montreal Expos
2004,HD,High Desert Mavericks,Milwaukee Brewers
2004,LAK,Lakeland Tigers,Detroit Tigers
2004,SLU,St. Lucie Mets,New York Mets
2004,FTM,Fort Myers Miracle,Minnesota Twins
2004,HIC,Hickory Crawdads,Pittsburgh Pirates
2004,WM,West Michigan Whitecaps,Detroit Tigers
2004,BC,Battle Creek Yankees,New York Yankees
2004,FW,Fort Wayne Wizards,San Diego Padres
2004,DAY,Dayton Dragons,Cincinnati Reds
2004,CHA,Charleston AlleyCats,Toronto Blue Jays
2004,GBO,Greensboro Bats,Florida Marlins
2004,AUG,Augusta GreenJackets,Boston Red Sox
2004,SAV,Savannah Sand Gnats,Montreal Expos
2004,BUR,Burlington Bees,Kansas City Royals
2004,DEL,Delmarva Shorebirds,Baltimore Orioles
2004,SB,South Bend Silver Hawks,Arizona Diamondbacks
2004,KAN,Kannapolis Intimidators,Chicago White Sox
2004,CHS,Charleston RiverDogs,Tampa Bay Devil Rays
2004,BEL,Beloit Snappers,Milwaukee Brewers
2004,LWD,Lakewood BlueClaws,Philadelphia Phillies
2004,CR,Cedar Rapids Kernels,Anaheim Angels
2004,LEX,Lexington Legends,Houston Astros
2004,ROM,Rome Braves,Atlanta Braves
2004,LAN,Lansing Lugnuts,Chicago Cubs
2004,HAG,Hagerstown Suns,San Francisco Giants
2004,CLI,Clinton Lumber Kings,Texas Rangers
2004,LC,Lake County Captains,Cleveland Indians
2004,QC,Swing of the Quad Cities,Minnesota Twins
2004,COL,Columbus Catfish,Los Angeles Dodgers
2004,CAP,Capital City Bombers,New York Mets
2004,PEO,Peoria Chiefs,St. Louis Cardinals
2004,WIS,Wisconsin Timber Rattlers,Seattle Mariners
2004,ASH,Asheville Tourists,Colorado Rockies
2004,KC,Kane County Cougars,Oakland Athletics
2004,BOI,Boise Hawks,Chicago Cubs
2004,WIL,Williamsport Crosscutters,Pittsburgh Pirates
2004,TRI,Tri-City ValleyCats,Houston Astros
2004,MV,Mahoning Valley Scrappers,Cleveland Indians
2004,SK,Salem-Keizer Volcanoes,San Francisco Giants
2004,YAK,Yakima Bears,Arizona Diamondbacks
2004,BRK,Brooklyn Cyclones,New York Mets
2004,SPO,Spokane Indians,Texas Rangers
2004,ABD,Aberdeen IronBirds,Baltimore Orioles
2004,JAM,Jamestown Jammers,Florida Marlins
2004,AUB,Auburn Doubledays,Toronto Blue Jays
2004,SI,Staten Island Yankees,New York Yankees
2004,TRI,Tri-City Dust Devils,Colorado Rockies
2004,EUG,Eugene Emeralds,San Diego Padres
2004,VER,Vermont Expos,Montreal Expos
2004,LOW,Lowell Spinners,Boston Red Sox
2004,VAN,Vancouver Canadians,Oakland Athletics
2004,EVE,Everett AquaSox,Seattle Mariners
2004,NJC,New Jersey Cardinals,St. Louis Cardinals
2004,HV,Hudson Valley Renegades,Tampa Bay Devil Rays
2004,ONE,Oneonta Tigers,Detroit Tigers
2004,BAT,Batavia Muckdogs,Philadelphia Phillies
2004,BIL,Billings Mustangs,Cincinnati Reds
2004,BLU,Bluefield Orioles,Baltimore Orioles
2004,MIS,Missoula Osprey,Arizona Diamondbacks
2004,PRO,Provo Angels,Anaheim Angels
2004,V-AST,VSL Astros,Houston Astros
2004,V-BLU,VSL Blue Jays,Toronto Blue Jays
2004,V-BRW,VSL Brewers,Milwaukee Brewers
2004,V-CAR,VSL Cardinals,St. Louis Cardinals
2004,V-CUB,VSL Cubs,Chicago Cubs
2004,V-DOD,VSL Dodgers,Los Angeles Dodgers
2004,V-NAT,VSL Nationals,Montreal Expos
2004,V-IND,VSL Indians,Cleveland Indians
2004,V-MRN,VSL Mariners,Seattle Mariners
2004,V-MRL,VSL Marlins,Florida Marlins
2004,V-MET,VSL Mets,New York Mets
2004,OGD,Ogden Raptors,Los Angeles Dodgers
2004,V-ORI,VSL Orioles,Baltimore Orioles
2004,V-PAD,VSL Padres,San Diego Padres
2004,A-ANG,AZL Angels,Anaheim Angels
2004,V-PHI,VSL Phillies,Philadelphia Phillies
2004,A-ATH,AZL Athletics,Oakland Athletics
2004,V-PIR,VSL Pirates,Pittsburgh Pirates
2004,A-BRW,AZL Brewers,Milwaukee Brewers
2004,V-RSX,VSL Red Sox,Boston Red Sox
2004,A-CUB,AZL Cubs,Chicago Cubs
2004,V-RED,VSL Reds,Cincinnati Reds
2004,A-GIA,AZL Giants,San Francisco Giants
2004,V-RCK,VSL Rockies,Colorado Rockies
2004,A-MRN,AZL Mariners,Seattle Mariners
2004,V-TWI,VSL Twins,Minnesota Twins
2004,A-PAD,AZL Padres,San Diego Padres
2004,CAS,Casper Rockies,Colorado Rockies
2004,A-RAN,AZL Rangers,Texas Rangers
2004,A-ROY,AZL Royals,Kansas City Royals
2004,GRN,Greeneville Astros,Houston Astros
2004,PUL,Pulaski Blue Jays,Toronto Blue Jays
2004,BRI,Bristol White Sox,Chicago White Sox
2004,DAN,Danville Braves,Atlanta Braves
2004,HEL,Helena Brewers,Milwaukee Brewers
2004,JC,Johnson City Cardinals,St. Louis Cardinals
2004,IDF,Idaho Falls Chukars,Kansas City Royals
2004,ELZ,Elizabethton Twins,Minnesota Twins
2004,GRF,Great Falls White Sox,Chicago White Sox
2004,PRN,Princeton Devil Rays,Tampa Bay Devil Rays
2004,G-IND,GCL Indians,Cleveland Indians
2004,G-BRV,GCL Braves,Atlanta Braves
2004,G-DOD,GCL Dodgers,Los Angeles Dodgers
2004,G-EXP,GCL Expos,Montreal Expos
2004,G-MRL,GCL Marlins,Florida Marlins
2004,G-MET,GCL Mets,New York Mets
2004,G-PHI,GCL Phillies,Philadelphia Phillies
2004,G-PIR,GCL Pirates,Pittsburgh Pirates
2004,G-ORI,GCL Orioles,Baltimore Orioles
2004,G-RSX,GCL Red Sox,Boston Red Sox
2004,D-ANG,DSL Angels,Anaheim Angels
2004,G-RED,GCL Reds,Cincinnati Reds
2004,D-AST,DSL Astros,Houston Astros
2004,G-TIG,GCL Tigers,Detroit Tigers
2004,G-CAR,GCL Cardinals,St. Louis Cardinals
2004,D-AT1,DSL Athletics 1,Oakland Athletics
2004,G-TWI,GCL Twins,Minnesota Twins
2004,D-AT2,DSL Athletics 2,Oakland Athletics
2004,G-YAN,GCL Yankees,New York Yankees
2004,D-BLJ,DSL Blue Jays,Toronto Blue Jays
2004,D-BR1,DSL Braves 1,Atlanta Braves
2004,D-BR2,DSL Braves 2,Atlanta Braves
2004,D-BRW,DSL Brewers,Milwaukee Brewers
2004,D-CUB,DSL Cubs,Chicago Cubs
2004,D-DBA,DSL Diamondbacks,Arizona Diamondbacks
2004,D-DO1,DSL Dodgers 1,Los Angeles Dodgers
2004,BUR,Burlington Indians,Cleveland Indians
2004,D-DO2,DSL Dodgers 2,Los Angeles Dodgers
2004,D-GIA,DSL Giants,San Francisco Giants
2004,D-IN1,DSL Indians 1,Cleveland Indians
2004,D-IN2,DSL Indians 2,Cleveland Indians
2004,D-MRL,DSL Marlins,Florida Marlins
2004,D-MET,DSL Mets,New York Mets
2004,D-ORI,DSL Orioles,Baltimore Orioles
2004,G-BLU,GCL Blue Jays,Toronto Blue Jays
2004,D-PAD,DSL Padres,San Diego Padres
2004,D-PHI,DSL Phillies,Philadelphia Phillies
2004,D-PIR,DSL Pirates,Pittsburgh Pirates
2004,D-RNG,DSL Rangers,Texas Rangers
2004,D-RSX,DSL Red Sox,Boston Red Sox
2004,D-RED,DSL Reds,Cincinnati Reds
2004,D-RCK,DSL Rockies,Colorado Rockies
2004,D-EXP,DSL Expos,Montreal Expos
2004,D-ROY,DSL Royals,Kansas City Royals
2004,D-TIG,DSL Tigers,Detroit Tigers
2004,D-TWI,DSL Twins,Minnesota Twins
2004,D-WSX,DSL White Sox,Chicago White Sox
2004,D-YA1,DSL Yankees 1,New York Yankees
2004,KNG,Kingsport Mets,New York Mets
2004,D-YA2,DSL Yankees 2,New York Yankees
2004,PDD,Phoenix Desert Dogs,Office of the Commissioner
2004,GCR,Grand Canyon Rafters,Office of the Commissioner
2004,AGU,Aguilas Cibaenas,Office of the Commissioner
2004,TOR,Toros del Este,Office of the Commissioner
2004,EST,Estrellas de Oriente,Office of the Commissioner
2004,GIG,Gigantes del Cibao,Office of the Commissioner
2004,PES,Peoria Saguaros,Office of the Commissioner
2004,TDN,Tren del Norte,Office of the Commissioner
2004,ESC,Leones del Escogido,Office of the Commissioner
2004,LIC,Tigres del Licey,Office of the Commissioner
2004,SCO,Scottsdale Scorpions,Office of the Commissioner
2004,MXC,Aguilas de Mexicali,Office of the Commissioner
2004,GSV,Algodoneros de Guasave,Office of the Commissioner
2004,MOC,Caneros de los Mochis,Office of the Commissioner
2004,NAV,Mayos de Navojoa,Office of the Commissioner
2004,HER,Naranjeros de Hermosillo,Office of the Commissioner
2004,CUL,Tomateros de Culiacan,Office of the Commissioner
2004,MAZ,Venados de Mazatlan,Office of the Commissioner
2004,OBR,Yaquis de Obregon,Office of the Commissioner
2004,PEJ,Peoria Javelinas,Office of the Commissioner
2004,MSS,Mesa Solar Sox,Office of the Commissioner
2004,SAN,Cangrejeros de Santurce,Office of the Commissioner
2004,CAG,Criollos de Caguas,Office of the Commissioner
2004,CAR,Gigantes de Carolina,Office of the Commissioner
2004,MAY,Indios de Mayaguez,Office of the Commissioner
2004,PON,Leones de Ponce,Office of the Commissioner
2004,ARE,Lobos de Arecibo,Office of the Commissioner
2004,ZUL,Aguilas del Zulia,Office of the Commissioner
2004,LAR,Cardenales de Lara,Office of the Commissioner
2004,ORI,Caribes de Anzoategui,Office of the Commissioner
2004,CAR,Leones del Caracas,Office of the Commissioner
2004,MAG,Navegantes del Magallanes,Office of the Commissioner
2004,MAR,Bravos de Margarita,Office of the Commissioner
2004,LAG,Tiburones de La Guaira,Office of the Commissioner
2004,ARA,Tigres de Aragua,Office of the Commissioner
2005,TOL,Toledo Mud Hens,Detroit Tigers
2005,OAX,Guerreros de Oaxaca,Office of the Commissioner
2005,IOW,Iowa Cubs,Chicago Cubs
2005,FRE,Fresno Grizzlies,San Francisco Giants
2005,PUE,Pericos de Puebla,Office of the Commissioner
2005,CAM,Piratas de Campeche,Office of the Commissioner
2005,NEW,New Orleans Zephyrs,Washington Nationals
2005,AGU,Rieleros de Aguascalientes,Office of the Commissioner
2005,LV,Las Vegas 51s,Los Angeles Dodgers
2005,TAC,Tacoma Rainiers,Seattle Mariners
2005,SWB,Scranton/Wilkes-Barre Red Barons,Philadelphia Phillies
2005,MXO,Diablos Rojos del Mexico,Office of the Commissioner
2005,PAW,Pawtucket Red Sox,Boston Red Sox
2005,ABQ,Albuquerque Isotopes,Florida Marlins
2005,ROC,Rochester Red Wings,Minnesota Twins
2005,VRA,Rojos del Aguila de Veracruz,Office of the Commissioner
2005,OMA,Omaha Royals,Kansas City Royals
2005,LOU,Louisville Bats,Cincinnati Reds
2005,IND,Indianapolis Indians,Pittsburgh Pirates
2005,TUC,Tucson Sidewinders,Arizona Diamondbacks
2005,RR,Round Rock Express,Houston Astros
2005,BUF,Buffalo Bisons,Cleveland Indians
2005,COL,Colorado Springs Sky Sox,Colorado Rockies
2005,SYR,Syracuse SkyChiefs,Toronto Blue Jays
2005,SAC,Sacramento River Cats,Oakland Athletics
2005,DUR,Durham Bulls,Tampa Bay Devil Rays
2005,MEM,Memphis Redbirds,St. Louis Cardinals
2005,NAS,Nashville Sounds,Milwaukee Brewers
2005,CLT,Charlotte Knights,Chicago White Sox
2005,OKL,Oklahoma RedHawks,Texas Rangers
2005,RIC,Richmond Braves,Atlanta Braves
2005,YUC,Leones de Yucatan,Office of the Commissioner
2005,MVA,Acereros de Monclova,Office of the Commissioner
2005,CAN,Langosteros de Cancun,Office of the Commissioner
2005,SLC,Salt Lake Stingers,Los Angeles Angels
2005,MTY,Sultanes de Monterrey,Office of the Commissioner
2005,TIJ,Potros de Tijuana,Office of the Commissioner
2005,OTT,Ottawa Lynx,Baltimore Orioles
2005,SLT,Saraperos de Saltillo,Office of the Commissioner
2005,POR,Portland Beavers,San Diego Padres
2005,NOR,Norfolk Tides,New York Mets
2005,TIG,Tigres de la Angelopolis,Office of the Commissioner
2005,TAB,Olmecas de Tabasco,Office of the Commissioner
2005,COL,Columbus Clippers,New York Yankees
2005,SLP,Tuneros de San Luis,Office of the Commissioner
2005,VAQ,Vaqueros Laguna,Office of the Commissioner
2005,NOR,Norwich Navigators,San Francisco Giants
2005,ALT,Altoona Curve,Pittsburgh Pirates
2005,TUL,Tulsa Drillers,Colorado Rockies
2005,WIC,Wichita Wranglers,Kansas City Royals
2005,REA,Reading Phillies,Philadelphia Phillies
2005,NH,New Hampshire Fisher Cats,Toronto Blue Jays
2005,AKR,Akron Aeros,Cleveland Indians
2005,NBR,New Britain Rock Cats,Minnesota Twins
2005,FRI,Frisco RoughRiders,Texas Rangers
2005,MOB,Mobile BayBears,San Diego Padres
2005,POR,Portland Sea Dogs,Boston Red Sox
2005,CC,Corpus Christi Hooks,Houston Astros
2005,BOW,Bowie Baysox,Baltimore Orioles
2005,HBG,Harrisburg Senators,Washington Nationals
2005,MTG,Montgomery Biscuits,Tampa Bay Devil Rays
2005,WTN,West Tenn Diamond Jaxx,Chicago Cubs
2005,TNS,Tennessee Smokies,Arizona Diamondbacks
2005,ERI,Erie SeaWolves,Detroit Tigers
2005,MID,Midland RockHounds,Oakland Athletics
2005,MIS,Mississippi Braves,Atlanta Braves
2005,HVL,Huntsville Stars,Milwaukee Brewers
2005,CHA,Chattanooga Lookouts,Cincinnati Reds
2005,JAX,Jacksonville Suns,Los Angeles Dodgers
2005,TRN,Trenton Thunder,New York Yankees
2005,BIR,Birmingham Barons,Chicago White Sox
2005,SPR,Springfield Cardinals,St. Louis Cardinals
2005,BNG,Binghamton Mets,New York Mets
2005,CAR,Carolina Mudcats,Florida Marlins
2005,ARK,Arkansas Travelers,Los Angeles Angels
2005,SA,San Antonio Missions,Seattle Mariners
2005,DAY,Daytona Cubs,Chicago Cubs
2005,MOD,Modesto Nuts,Colorado Rockies
2005,WS,Winston-Salem Warthogs,Chicago White Sox
2005,VIS,Visalia Oaks,Tampa Bay Devil Rays
2005,MB,Myrtle Beach Pelicans,Atlanta Braves
2005,VER,Vero Beach Dodgers,Los Angeles Dodgers
2005,TAM,Tampa Yankees,New York Yankees
2005,STK,Stockton Ports,Oakland Athletics
2005,RC,Rancho Cucamonga Quakes,Los Angeles Angels
2005,IE,Inland Empire 66ers,Seattle Mariners
2005,SAR,Sarasota Reds,Cincinnati Reds
2005,PMB,Palm Beach Cardinals,St. Louis Cardinals
2005,SJ,San Jose Giants,San Francisco Giants
2005,SAL,Salem Avalanche,Houston Astros
2005,JUP,Jupiter Hammerheads,Florida Marlins
2005,LYN,Lynchburg Hillcats,Pittsburgh Pirates
2005,KIN,Kinston Indians,Cleveland Indians
2005,BAK,Bakersfield Blaze,Texas Rangers
2005,LE,Lake Elsinore Storm,San Diego Padres
2005,DUN,Dunedin Blue Jays,Toronto Blue Jays
2005,WIL,Wilmington Blue Rocks,Boston Red Sox
2005,LAN,Lancaster JetHawks,Arizona Diamondbacks
2005,FRE,Frederick Keys,Baltimore Orioles
2005,POT,Potomac Nationals,Washington Nationals
2005,CLR,Clearwater Threshers,Philadelphia Phillies
2005,BRV,Brevard County Manatees,Milwaukee Brewers
2005,HD,High Desert Mavericks,Kansas City Royals
2005,LAK,Lakeland Tigers,Detroit Tigers
2005,SLU,St. Lucie Mets,New York Mets
2005,FTM,Fort Myers Miracle,Minnesota Twins
2005,HIC,Hickory Crawdads,Pittsburgh Pirates
2005,WM,West Michigan Whitecaps,Detroit Tigers
2005,FW,Fort Wayne Wizards,San Diego Padres
2005,SWM,Southwest Michigan Devil Rays,Tampa Bay Devil Rays
2005,DAY,Dayton Dragons,Cincinnati Reds
2005,WV,West Virginia Power,Milwaukee Brewers
2005,GBO,Greensboro Grasshoppers,Florida Marlins
2005,AUG,Augusta GreenJackets,San Francisco Giants
2005,SAV,Savannah Sand Gnats,Washington Nationals
2005,DEL,Delmarva Shorebirds,Baltimore Orioles
2005,BUR,Burlington Bees,Kansas City Royals
2005,SB,South Bend Silver Hawks,Arizona Diamondbacks
2005,KAN,Kannapolis Intimidators,Chicago White Sox
2005,CHS,Charleston RiverDogs,New York Yankees
2005,BEL,Beloit Snappers,Minnesota Twins
2005,LWD,Lakewood BlueClaws,Philadelphia Phillies
2005,CR,Cedar Rapids Kernels,Los Angeles Angels
2005,GVL,Greenville Bombers,Boston Red Sox
2005,LEX,Lexington Legends,Houston Astros
2005,ROM,Rome Braves,Atlanta Braves
2005,LAN,Lansing Lugnuts,Toronto Blue Jays
2005,HAG,Hagerstown Suns,New York Mets
2005,CLI,Clinton LumberKings,Texas Rangers
2005,QC,Swing of the Quad Cities,St. Louis Cardinals
2005,LC,Lake County Captains,Cleveland Indians
2005,COL,Columbus Catfish,Los Angeles Dodgers
2005,PEO,Peoria Chiefs,Chicago Cubs
2005,WIS,Wisconsin Timber Rattlers,Seattle Mariners
2005,ASH,Asheville Tourists,Colorado Rockies
2005,KC,Kane County Cougars,Oakland Athletics
2005,BOI,Boise Hawks,Chicago Cubs
2005,MV,Mahoning Valley Scrappers,Cleveland Indians
2005,TRI,Tri-City ValleyCats,Houston Astros
2005,WIL,Williamsport Crosscutters,Pittsburgh Pirates
2005,SK,Salem-Keizer Volcanoes,San Francisco Giants
2005,YAK,Yakima Bears,Arizona Diamondbacks
2005,BRK,Brooklyn Cyclones,New York Mets
2005,SPO,Spokane Indians,Texas Rangers
2005,ABD,Aberdeen IronBirds,Baltimore Orioles
2005,JAM,Jamestown Jammers,Florida Marlins
2005,SI,Staten Island Yankees,New York Yankees
2005,AUB,Auburn Doubledays,Toronto Blue Jays
2005,TRI,Tri-City Dust Devils,Colorado Rockies
2005,EUG,Eugene Emeralds,San Diego Padres
2005,LOW,Lowell Spinners,Boston Red Sox
2005,VER,Vermont Expos,Washington Nationals
2005,VAN,Vancouver Canadians,Oakland Athletics
2005,EVE,Everett AquaSox,Seattle Mariners
2005,NJC,New Jersey Cardinals,St. Louis Cardinals
2005,HV,Hudson Valley Renegades,Tampa Bay Devil Rays
2005,ONE,Oneonta Tigers,Detroit Tigers
2005,BAT,Batavia Muckdogs,Philadelphia Phillies
2005,BIL,Billings Mustangs,Cincinnati Reds
2005,BLU,Bluefield Orioles,Baltimore Orioles
2005,MIS,Missoula Osprey,Arizona Diamondbacks
2005,ORM,Orem Owlz,Los Angeles Angels
2005,V-AST,VSL Astros,Houston Astros
2005,V-BLU,VSL Blue Jays,Toronto Blue Jays
2005,V-BRW,VSL Brewers,Milwaukee Brewers
2005,V-CAR,VSL Cardinals,St. Louis Cardinals
2005,V-CUB,VSL Cubs,Chicago Cubs
2005,V-DOD,VSL Dodgers,Los Angeles Dodgers
2005,V-NAT,VSL Nationals,Washington Nationals
2005,V-IND,VSL Indians,Cleveland Indians
2005,V-MRN,VSL Mariners,Seattle Mariners
2005,V-MRL,VSL Marlins,Florida Marlins
2005,V-MET,VSL Mets,New York Mets
2005,OGD,Ogden Raptors,Los Angeles Dodgers
2005,V-ORI,VSL Orioles,Baltimore Orioles
2005,V-PAD,VSL Padres,San Diego Padres
2005,A-ANG,AZL Angels,Los Angeles Angels
2005,V-PHI,VSL Phillies,Philadelphia Phillies
2005,A-ATH,AZL Athletics,Oakland Athletics
2005,V-PIR,VSL Pirates,Pittsburgh Pirates
2005,A-BRW,AZL Brewers,Milwaukee Brewers
2005,V-RSX,VSL Red Sox,Boston Red Sox
2005,A-CUB,AZL Cubs,Chicago Cubs
2005,V-RED,VSL Reds,Cincinnati Reds
2005,A-GIA,AZL Giants,San Francisco Giants
2005,V-RCK,VSL Rockies,Colorado Rockies
2005,A-MRN,AZL Mariners,Seattle Mariners
2005,V-TWI,VSL Twins,Minnesota Twins
2005,A-PAD,AZL Padres,San Diego Padres
2005,A-RAN,AZL Rangers,Texas Rangers
2005,CAS,Casper Rockies,Colorado Rockies
2005,A-ROY,AZL Royals,Kansas City Royals
2005,GRN,Greeneville Astros,Houston Astros
2005,PUL,Pulaski Blue Jays,Toronto Blue Jays
2005,DAN,Danville Braves,Atlanta Braves
2005,BRI,Bristol White Sox,Chicago White Sox
2005,HEL,Helena Brewers,Milwaukee Brewers
2005,JC,Johnson City Cardinals,St. Louis Cardinals
2005,IDF,Idaho Falls Chukars,Kansas City Royals
2005,ELZ,Elizabethton Twins,Minnesota Twins
2005,GRF,Great Falls White Sox,Chicago White Sox
2005,PRN,Princeton Devil Rays,Tampa Bay Devil Rays
2005,G-IND,GCL Indians,Cleveland Indians
2005,G-BRV,GCL Braves,Atlanta Braves
2005,G-DOD,GCL Dodgers,Los Angeles Dodgers
2005,G-NAT,GCL Nationals,Washington Nationals
2005,G-MRL,GCL Marlins,Florida Marlins
2005,G-MET,GCL Mets,New York Mets
2005,G-PHI,GCL Phillies,Philadelphia Phillies
2005,G-PIR,GCL Pirates,Pittsburgh Pirates
2005,G-RSX,GCL Red Sox,Boston Red Sox
2005,G-ORI,GCL Orioles,Baltimore Orioles
2005,G-RED,GCL Reds,Cincinnati Reds
2005,D-ANG,DSL Angels,Los Angeles Angels
2005,G-TIG,GCL Tigers,Detroit Tigers
2005,D-AST,DSL Astros,Houston Astros
2005,G-TWI,GCL Twins,Minnesota Twins
2005,G-CAR,GCL Cardinals,St. Louis Cardinals
2005,D-AT1,DSL Athletics 1,Oakland Athletics
2005,G-YAN,GCL Yankees,New York Yankees
2005,D-AT2,DSL Athletics 2,Oakland Athletics
2005,D-BLJ,DSL Blue Jays,Toronto Blue Jays
2005,D-BR1,DSL Braves 1,Atlanta Braves
2005,D-BR2,DSL Braves 2,Atlanta Braves
2005,D-BRW,DSL Brewers,Milwaukee Brewers
2005,D-CAR,DSL Cardinals,St. Louis Cardinals
2005,D-CUB,DSL Cubs,Chicago Cubs
2005,D-DBA,DSL Diamondbacks,Arizona Diamondbacks
2005,BUR,Burlington Indians,Cleveland Indians
2005,D-DOD,DSL Dodgers,Los Angeles Dodgers
2005,D-GIA,DSL Giants,San Francisco Giants
2005,D-IN1,DSL Indians 1,Cleveland Indians
2005,D-IN2,DSL Indians 2,Cleveland Indians
2005,D-MRN,DSL Mariners,Seattle Mariners
2005,D-MRL,DSL Marlins,Florida Marlins
2005,D-MET,DSL Mets,New York Mets
2005,D-ORI,DSL Orioles,Baltimore Orioles
2005,G-BLU,GCL Blue Jays,Toronto Blue Jays
2005,D-PAD,DSL Padres,San Diego Padres
2005,D-PHI,DSL Phillies,Philadelphia Phillies
2005,D-PIR,DSL Pirates,Pittsburgh Pirates
2005,D-RNG,DSL Rangers,Texas Rangers
2005,D-RSX,DSL Red Sox,Boston Red Sox
2005,D-RED,DSL Reds,Cincinnati Reds
2005,D-RCK,DSL Rockies,Colorado Rockies
2005,D-NAT,DSL Nationals,Washington Nationals
2005,D-ROY,DSL Royals,Kansas City Royals
2005,D-TIG,DSL Tigers,Detroit Tigers
2005,D-TWI,DSL Twins,Minnesota Twins
2005,D-WSX,DSL White Sox,Chicago White Sox
2005,KNG,Kingsport Mets,New York Mets
2005,D-YA1,DSL Yankees 1,New York Yankees
2005,D-YA2,DSL Yankees 2,New York Yankees
2005,PDD,Phoenix Desert Dogs,Office of the Commissioner
2005,GCR,Grand Canyon Rafters,Office of the Commissioner
2005,AGU,Aguilas Cibaenas,Office of the Commissioner
2005,TOR,Toros del Este,Office of the Commissioner
2005,EST,Estrellas de Oriente,Office of the Commissioner
2005,GIG,Gigantes del Cibao,Office of the Commissioner
2005,PES,Peoria Saguaros,Office of the Commissioner
2005,TDN,Tren del Norte,Office of the Commissioner
2005,ESC,Leones del Escogido,Office of the Commissioner
2005,LIC,Tigres del Licey,Office of the Commissioner
2005,SCO,Surprise Scorpions,Office of the Commissioner
2005,MXC,Aguilas de Mexicali,Office of the Commissioner
2005,GSV,Algodoneros de Guasave,Office of the Commissioner
2005,MOC,Caneros de los Mochis,Office of the Commissioner
2005,NAV,Mayos de Navojoa,Office of the Commissioner
2005,HER,Naranjeros de Hermosillo,Office of the Commissioner
2005,CUL,Tomateros de Culiacan,Office of the Commissioner
2005,DOM,Dominican Republic,Office of the Commissioner
2005,MAZ,Venados de Mazatlan,Office of the Commissioner
2005,MEX,Mexico,Office of the Commissioner
2005,OBR,Yaquis de Obregon,Office of the Commissioner
2005,VEN,Venezuela,Office of the Commissioner
2005,PEJ,Peoria Javelinas,Office of the Commissioner
2005,MSS,Mesa Solar Sox,Office of the Commissioner
2005,SAN,Cangrejeros de Santurce,Office of the Commissioner
2005,CAG,Criollos de Caguas,Office of the Commissioner
2005,CAR,Gigantes de Carolina,Office of the Commissioner
2005,MAY,Indios de Mayaguez,Office of the Commissioner
2005,PON,Leones de Ponce,Office of the Commissioner
2005,PUR,Puerto Rico,Office of the Commissioner
2005,ARE,Lobos de Arecibo,Office of the Commissioner
2005,ZUL,Aguilas del Zulia,Office of the Commissioner
2005,LAR,Cardenales de Lara,Office of the Commissioner
2005,ORI,Caribes de Anzoategui,Office of the Commissioner
2005,CAR,Leones del Caracas,Office of the Commissioner
2005,MAG,Navegantes del Magallanes,Office of the Commissioner
2005,MAR,Bravos de Margarita,Office of the Commissioner
2005,LAG,Tiburones de La Guaira,Office of the Commissioner
2005,ARA,Tigres de Aragua,Office of the Commissioner
2006,TOL,Toledo Mud Hens,Detroit Tigers
2006,OAX,Guerreros de Oaxaca,Office of the Commissioner
2006,IOW,Iowa Cubs,Chicago Cubs
2006,FRE,Fresno Grizzlies,San Francisco Giants
2006,PUE,Pericos de Puebla,Office of the Commissioner
2006,CAM,Piratas de Campeche,Office of the Commissioner
2006,NEW,New Orleans Zephyrs,Washington Nationals
2006,AGU,Rieleros de Aguascalientes,Office of the Commissioner
2006,LV,Las Vegas 51s,Los Angeles Dodgers
2006,TAC,Tacoma Rainiers,Seattle Mariners
2006,SWB,Scranton/Wilkes-Barre Red Barons,Philadelphia Phillies
2006,MXO,Diablos Rojos del Mexico,Office of the Commissioner
2006,PAW,Pawtucket Red Sox,Boston Red Sox
2006,ABQ,Albuquerque Isotopes,Florida Marlins
2006,ROC,Rochester Red Wings,Minnesota Twins
2006,VRA,Rojos del Aguila de Veracruz,Office of the Commissioner
2006,OMA,Omaha Royals,Kansas City Royals
2006,LOU,Louisville Bats,Cincinnati Reds
2006,IND,Indianapolis Indians,Pittsburgh Pirates
2006,TUC,Tucson Sidewinders,Arizona Diamondbacks
2006,RR,Round Rock Express,Houston Astros
2006,BUF,Buffalo Bisons,Cleveland Indians
2006,COL,Colorado Springs Sky Sox,Colorado Rockies
2006,SYR,Syracuse SkyChiefs,Toronto Blue Jays
2006,SAC,Sacramento River Cats,Oakland Athletics
2006,DUR,Durham Bulls,Tampa Bay Devil Rays
2006,MEM,Memphis Redbirds,St. Louis Cardinals
2006,NAS,Nashville Sounds,Milwaukee Brewers
2006,CLT,Charlotte Knights,Chicago White Sox
2006,OKL,Oklahoma RedHawks,Texas Rangers
2006,RIC,Richmond Braves,Atlanta Braves
2006,YUC,Leones de Yucatan,Office of the Commissioner
2006,MVA,Acereros de Monclova,Office of the Commissioner
2006,SL,Salt Lake Bees,Los Angeles Angels
2006,MTY,Sultanes de Monterrey,Office of the Commissioner
2006,TIJ,Potros de Tijuana,Office of the Commissioner
2006,OTT,Ottawa Lynx,Baltimore Orioles
2006,SLT,Saraperos de Saltillo,Office of the Commissioner
2006,POR,Portland Beavers,San Diego Padres
2006,NOR,Norfolk Tides,New York Mets
2006,TIG,Tigres de la Angelopolis,Office of the Commissioner
2006,COR,Cafeteros de Cordoba,Office of the Commissioner
2006,TAB,Olmecas de Tabasco,Office of the Commissioner
2006,COL,Columbus Clippers,New York Yankees
2006,SLP,Tuneros de San Luis,Office of the Commissioner
2006,VAQ,Vaqueros Laguna,Office of the Commissioner
2006,CON,Connecticut Defenders,San Francisco Giants
2006,ALT,Altoona Curve,Pittsburgh Pirates
2006,TUL,Tulsa Drillers,Colorado Rockies
2006,WIC,Wichita Wranglers,Kansas City Royals
2006,REA,Reading Phillies,Philadelphia Phillies
2006,NH,New Hampshire Fisher Cats,Toronto Blue Jays
2006,AKR,Akron Aeros,Cleveland Indians
2006,NBR,New Britain Rock Cats,Minnesota Twins
2006,FRI,Frisco RoughRiders,Texas Rangers
2006,MOB,Mobile BayBears,San Diego Padres
2006,POR,Portland Sea Dogs,Boston Red Sox
2006,CC,Corpus Christi Hooks,Houston Astros
2006,BOW,Bowie Baysox,Baltimore Orioles
2006,HBG,Harrisburg Senators,Washington Nationals
2006,MTG,Montgomery Biscuits,Tampa Bay Devil Rays
2006,WTN,West Tenn Diamond Jaxx,Chicago Cubs
2006,TNS,Tennessee Smokies,Arizona Diamondbacks
2006,ERI,Erie SeaWolves,Detroit Tigers
2006,MID,Midland RockHounds,Oakland Athletics
2006,MIS,Mississippi Braves,Atlanta Braves
2006,HVL,Huntsville Stars,Milwaukee Brewers
2006,CHA,Chattanooga Lookouts,Cincinnati Reds
2006,JAX,Jacksonville Suns,Los Angeles Dodgers
2006,TRN,Trenton Thunder,New York Yankees
2006,BIR,Birmingham Barons,Chicago White Sox
2006,SPR,Springfield Cardinals,St. Louis Cardinals
2006,BNG,Binghamton Mets,New York Mets
2006,CAR,Carolina Mudcats,Florida Marlins
2006,ARK,Arkansas Travelers,Los Angeles Angels
2006,SA,San Antonio Missions,Seattle Mariners
2006,DAY,Daytona Cubs,Chicago Cubs
2006,MOD,Modesto Nuts,Colorado Rockies
2006,WS,Winston-Salem Warthogs,Chicago White Sox
2006,VIS,Visalia Oaks,Tampa Bay Devil Rays
2006,MB,Myrtle Beach Pelicans,Atlanta Braves
2006,VER,Vero Beach Dodgers,Los Angeles Dodgers
2006,TAM,Tampa Yankees,New York Yankees
2006,STK,Stockton Ports,Oakland Athletics
2006,RC,Rancho Cucamonga Quakes,Los Angeles Angels
2006,IE,Inland Empire 66ers,Seattle Mariners
2006,SAR,Sarasota Reds,Cincinnati Reds
2006,PMB,Palm Beach Cardinals,St. Louis Cardinals
2006,SJ,San Jose Giants,San Francisco Giants
2006,SAL,Salem Avalanche,Houston Astros
2006,JUP,Jupiter Hammerheads,Florida Marlins
2006,LYN,Lynchburg Hillcats,Pittsburgh Pirates
2006,KIN,Kinston Indians,Cleveland Indians
2006,BAK,Bakersfield Blaze,Texas Rangers
2006,LE,Lake Elsinore Storm,San Diego Padres
2006,DUN,Dunedin Blue Jays,Toronto Blue Jays
2006,WIL,Wilmington Blue Rocks,Boston Red Sox
2006,LAN,Lancaster JetHawks,Arizona Diamondbacks
2006,FRE,Frederick Keys,Baltimore Orioles
2006,POT,Potomac Nationals,Washington Nationals
2006,CLR,Clearwater Threshers,Philadelphia Phillies
2006,BRV,Brevard County Manatees,Milwaukee Brewers
2006,HD,High Desert Mavericks,Kansas City Royals
2006,LAK,Lakeland Tigers,Detroit Tigers
2006,SLU,St. Lucie Mets,New York Mets
2006,FTM,Fort Myers Miracle,Minnesota Twins
2006,HIC,Hickory Crawdads,Pittsburgh Pirates
2006,WM,West Michigan Whitecaps,Detroit Tigers
2006,FW,Fort Wayne Wizards,San Diego Padres
2006,SWM,Southwest Michigan Devil Rays,Tampa Bay Devil Rays
2006,DAY,Dayton Dragons,Cincinnati Reds
2006,WV,West Virginia Power,Milwaukee Brewers
2006,GBO,Greensboro Grasshoppers,Florida Marlins
2006,AUG,Augusta GreenJackets,San Francisco Giants
2006,SAV,Savannah Sand Gnats,Washington Nationals
2006,DEL,Delmarva Shorebirds,Baltimore Orioles
2006,BUR,Burlington Bees,Kansas City Royals
2006,SB,South Bend Silver Hawks,Arizona Diamondbacks
2006,KAN,Kannapolis Intimidators,Chicago White Sox
2006,CHS,Charleston RiverDogs,New York Yankees
2006,BEL,Beloit Snappers,Minnesota Twins
2006,LWD,Lakewood BlueClaws,Philadelphia Phillies
2006,CR,Cedar Rapids Kernels,Los Angeles Angels
2006,GVL,Greenville Drive,Boston Red Sox
2006,LEX,Lexington Legends,Houston Astros
2006,ROM,Rome Braves,Atlanta Braves
2006,HAG,Hagerstown Suns,New York Mets
2006,LAN,Lansing Lugnuts,Toronto Blue Jays
2006,CLI,Clinton LumberKings,Texas Rangers
2006,QC,Swing of the Quad Cities,St. Louis Cardinals
2006,LC,Lake County Captains,Cleveland Indians
2006,COL,Columbus Catfish,Los Angeles Dodgers
2006,PEO,Peoria Chiefs,Chicago Cubs
2006,WIS,Wisconsin Timber Rattlers,Seattle Mariners
2006,ASH,Asheville Tourists,Colorado Rockies
2006,KC,Kane County Cougars,Oakland Athletics
2006,BOI,Boise Hawks,Chicago Cubs
2006,MV,Mahoning Valley Scrappers,Cleveland Indians
2006,TRI,Tri-City ValleyCats,Houston Astros
2006,WIL,Williamsport Crosscutters,Pittsburgh Pirates
2006,SK,Salem-Keizer Volcanoes,San Francisco Giants
2006,YAK,Yakima Bears,Arizona Diamondbacks
2006,BRK,Brooklyn Cyclones,New York Mets
2006,SPO,Spokane Indians,Texas Rangers
2006,ABD,Aberdeen IronBirds,Baltimore Orioles
2006,JAM,Jamestown Jammers,Florida Marlins
2006,SI,Staten Island Yankees,New York Yankees
2006,AUB,Auburn Doubledays,Toronto Blue Jays
2006,TRI,Tri-City Dust Devils,Colorado Rockies
2006,EUG,Eugene Emeralds,San Diego Padres
2006,LOW,Lowell Spinners,Boston Red Sox
2006,VER,Vermont Lake Monsters,Washington Nationals
2006,VAN,Vancouver Canadians,Oakland Athletics
2006,EVE,Everett AquaSox,Seattle Mariners
2006,SC,State College Spikes,St. Louis Cardinals
2006,HV,Hudson Valley Renegades,Tampa Bay Devil Rays
2006,ONE,Oneonta Tigers,Detroit Tigers
2006,BAT,Batavia Muckdogs,Philadelphia Phillies
2006,BIL,Billings Mustangs,Cincinnati Reds
2006,BLU,Bluefield Orioles,Baltimore Orioles
2006,MIS,Missoula Osprey,Arizona Diamondbacks
2006,ORM,Orem Owlz,Los Angeles Angels
2006,V-AST,VSL Astros,Houston Astros
2006,V-BLU,VSL Blue Jays,Toronto Blue Jays
2006,V-BRW,VSL Brewers,Milwaukee Brewers
2006,V-CAR,VSL Cardinals,St. Louis Cardinals
2006,V-CUB,VSL Cubs,Chicago Cubs
2006,V-DOD,VSL Dodgers,Los Angeles Dodgers
2006,V-NAT,VSL Nationals,Washington Nationals
2006,V-IND,VSL Indians,Cleveland Indians
2006,V-MRN,VSL Mariners,Seattle Mariners
2006,V-MRL,VSL Marlins,Florida Marlins
2006,V-MET,VSL Mets,New York Mets
2006,OGD,Ogden Raptors,Los Angeles Dodgers
2006,V-PAD,VSL Padres,San Diego Padres
2006,A-ANG,AZL Angels,Los Angeles Angels
2006,V-PHI,VSL Phillies,Philadelphia Phillies
2006,A-ATH,AZL Athletics,Oakland Athletics
2006,V-PIR,VSL Pirates,Pittsburgh Pirates
2006,A-BRW,AZL Brewers,Milwaukee Brewers
2006,V-RSX,VSL Red Sox,Boston Red Sox
2006,A-CUB,AZL Cubs,Chicago Cubs
2006,V-RED,VSL Reds,Cincinnati Reds
2006,A-GIA,AZL Giants,San Francisco Giants
2006,V-RCK,VSL Rockies,Colorado Rockies
2006,A-MRN,AZL Mariners,Seattle Mariners
2006,V-TWI,VSL Twins,Minnesota Twins
2006,A-PAD,AZL Padres,San Diego Padres
2006,A-RAN,AZL Rangers,Texas Rangers
2006,CAS,Casper Rockies,Colorado Rockies
2006,A-ROY,AZL Royals,Kansas City Royals
2006,GRN,Greeneville Astros,Houston Astros
2006,PUL,Pulaski Blue Jays,Toronto Blue Jays
2006,DAN,Danville Braves,Atlanta Braves
2006,BRI,Bristol White Sox,Chicago White Sox
2006,HEL,Helena Brewers,Milwaukee Brewers
2006,JC,Johnson City Cardinals,St. Louis Cardinals
2006,IDF,Idaho Falls Chukars,Kansas City Royals
2006,ELZ,Elizabethton Twins,Minnesota Twins
2006,GRF,Great Falls White Sox,Chicago White Sox
2006,PRN,Princeton Devil Rays,Tampa Bay Devil Rays
2006,G-IND,GCL Indians,Cleveland Indians
2006,G-BRV,GCL Braves,Atlanta Braves
2006,G-DOD,GCL Dodgers,Los Angeles Dodgers
2006,G-NAT,GCL Nationals,Washington Nationals
2006,G-MRL,GCL Marlins,Florida Marlins
2006,G-MET,GCL Mets,New York Mets
2006,G-PHI,GCL Phillies,Philadelphia Phillies
2006,G-PIR,GCL Pirates,Pittsburgh Pirates
2006,G-RSX,GCL Red Sox,Boston Red Sox
2006,G-ORI,GCL Orioles,Baltimore Orioles
2006,G-RED,GCL Reds,Cincinnati Reds
2006,D-ANG,DSL Angels,Los Angeles Angels
2006,G-TIG,GCL Tigers,Detroit Tigers
2006,D-AST,DSL Astros,Houston Astros
2006,G-TWI,GCL Twins,Minnesota Twins
2006,G-CAR,GCL Cardinals,St. Louis Cardinals
2006,D-AT1,DSL Athletics 1,Oakland Athletics
2006,G-YAN,GCL Yankees,New York Yankees
2006,D-AT2,DSL Athletics 2,Oakland Athletics
2006,D-BLJ,DSL Blue Jays,Toronto Blue Jays
2006,D-BRV,DSL Braves,Atlanta Braves
2006,D-BRW,DSL Brewers,Milwaukee Brewers
2006,D-CAR,DSL Cardinals,St. Louis Cardinals
2006,D-CUB,DSL Cubs,Chicago Cubs
2006,D-DBA,DSL Diamondbacks,Arizona Diamondbacks
2006,BUR,Burlington Indians,Cleveland Indians
2006,D-DOD,DSL Dodgers,Los Angeles Dodgers
2006,D-GIA,DSL Giants,San Francisco Giants
2006,D-IND,DSL Indians,Cleveland Indians
2006,D-MRN,DSL Mariners,Seattle Mariners
2006,D-MRL,DSL Marlins,Florida Marlins
2006,D-MET,DSL Mets,New York Mets
2006,D-ORI,DSL Orioles,Baltimore Orioles
2006,G-BLU,GCL Blue Jays,Toronto Blue Jays
2006,D-PAD,DSL Padres,San Diego Padres
2006,D-PHI,DSL Phillies,Philadelphia Phillies
2006,D-PIR,DSL Pirates,Pittsburgh Pirates
2006,D-RNG,DSL Rangers,Texas Rangers
2006,D-RSX,DSL Red Sox,Boston Red Sox
2006,D-RED,DSL Reds,Cincinnati Reds
2006,D-RCK,DSL Rockies,Colorado Rockies
2006,D-NA1,DSL Nationals 1,Washington Nationals
2006,D-ROY,DSL Royals,Kansas City Royals
2006,D-NA2,DSL Nationals 2,Washington Nationals
2006,D-TIG,DSL Tigers,Detroit Tigers
2006,D-TWI,DSL Twins,Minnesota Twins
2006,D-WSX,DSL White Sox,Chicago White Sox
2006,KNG,Kingsport Mets,New York Mets
2006,D-YA1,DSL Yankees 1,New York Yankees
2006,D-YA2,DSL Yankees 2,New York Yankees
2006,PDD,Phoenix Desert Dogs,Office of the Commissioner
2006,WAI,Waikiki BeachBoys,Office of the Commissioner
2006,WO,West Oahu CaneFires,Office of the Commissioner
2006,GCR,Grand Canyon Rafters,Office of the Commissioner
2006,NS,North Shore Honu,Office of the Commissioner
2006,HON,Honolulu Sharks,Office of the Commissioner
2006,AGU,Aguilas Cibaenas,Office of the Commissioner
2006,AZU,Azucareros del Este,Office of the Commissioner
2006,EST,Estrellas de Oriente,Office of the Commissioner
2006,GIG,Gigantes del Cibao,Office of the Commissioner
2006,PES,Peoria Saguaros,Office of the Commissioner
2006,TDN,Tren del Norte,Office of the Commissioner
2006,ESC,Leones del Escogido,Office of the Commissioner
2006,LIC,Tigres del Licey,Office of the Commissioner
2006,SCO,Scottsdale Scorpions,Office of the Commissioner
2006,MXC,Aguilas de Mexicali,Office of the Commissioner
2006,GSV,Algodoneros de Guasave,Office of the Commissioner
2006,MOC,Caneros de los Mochis,Office of the Commissioner
2006,NAV,Mayos de Navojoa,Office of the Commissioner
2006,HER,Naranjeros de Hermosillo,Office of the Commissioner
2006,CUL,Tomateros de Culiacan,Office of the Commissioner
2006,DOM,Dominican Republic,Office of the Commissioner
2006,MAZ,Venados de Mazatlan,Office of the Commissioner
2006,MEX,Mexico,Office of the Commissioner
2006,OBR,Yaquis de Obregon,Office of the Commissioner
2006,VEN,Venezuela,Office of the Commissioner
2006,PEJ,Peoria Javelinas,Office of the Commissioner
2006,MSS,Mesa Solar Sox,Office of the Commissioner
2006,MAN,Atenienses de Manati,Office of the Commissioner
2006,CAG,Criollos de Caguas,Office of the Commissioner
2006,CAR,Gigantes de Carolina,Office of the Commissioner
2006,MAY,Indios de Mayaguez,Office of the Commissioner
2006,PON,Leones de Ponce,Office of the Commissioner
2006,PUR,Puerto Rico,Office of the Commissioner
2006,ARE,Lobos de Arecibo,Office of the Commissioner
2006,ZUL,Aguilas del Zulia,Office of the Commissioner
2006,LAR,Cardenales de Lara,Office of the Commissioner
2006,ORI,Caribes de Oriente,Office of the Commissioner
2006,CAR,Leones del Caracas,Office of the Commissioner
2006,MAG,Navegantes del Magallanes,Office of the Commissioner
2006,LLA,Pastora de los Llanos,Office of the Commissioner
2006,LAG,Tiburones de La Guaira,Office of the Commissioner
2006,ARA,Tigres de Aragua,Office of the Commissioner
2007,TOL,Toledo Mud Hens,Detroit Tigers
2007,OAX,Guerreros de Oaxaca,Office of the Commissioner
2007,IOW,Iowa Cubs,Chicago Cubs
2007,FRE,Fresno Grizzlies,San Francisco Giants
2007,PUE,Pericos de Puebla,Office of the Commissioner
2007,CAM,Piratas de Campeche,Office of the Commissioner
2007,NEW,New Orleans Zephyrs,New York Mets
2007,AGU,Rieleros de Aguascalientes,Office of the Commissioner
2007,LV,Las Vegas 51s,Los Angeles Dodgers
2007,TAC,Tacoma Rainiers,Seattle Mariners
2007,SWB,Scranton/Wilkes-Barre Yankees,New York Yankees
2007,MXO,Diablos Rojos del Mexico,Office of the Commissioner
2007,PAW,Pawtucket Red Sox,Boston Red Sox
2007,ABQ,Albuquerque Isotopes,Florida Marlins
2007,ROC,Rochester Red Wings,Minnesota Twins
2007,VRA,Rojos del Aguila de Veracruz,Office of the Commissioner
2007,OMA,Omaha Royals,Kansas City Royals
2007,LOU,Louisville Bats,Cincinnati Reds
2007,IND,Indianapolis Indians,Pittsburgh Pirates
2007,TUC,Tucson Sidewinders,Arizona Diamondbacks
2007,RR,Round Rock Express,Houston Astros
2007,BUF,Buffalo Bisons,Cleveland Indians
2007,COL,Colorado Springs Sky Sox,Colorado Rockies
2007,SYR,Syracuse Chiefs,Toronto Blue Jays
2007,SAC,Sacramento River Cats,Oakland Athletics
2007,DUR,Durham Bulls,Tampa Bay Devil Rays
2007,MEM,Memphis Redbirds,St. Louis Cardinals
2007,NAS,Nashville Sounds,Milwaukee Brewers
2007,CLT,Charlotte Knights,Chicago White Sox
2007,OKL,Oklahoma RedHawks,Texas Rangers
2007,RIC,Richmond Braves,Atlanta Braves
2007,YUC,Leones de Yucatan,Office of the Commissioner
2007,MVA,Acereros del Norte,Office of the Commissioner
2007,SL,Salt Lake Bees,Los Angeles Angels
2007,MTY,Sultanes de Monterrey,Office of the Commissioner
2007,TIJ,Potros de Tijuana,Office of the Commissioner
2007,OTT,Ottawa Lynx,Philadelphia Phillies
2007,SLT,Saraperos de Saltillo,Office of the Commissioner
2007,POR,Portland Beavers,San Diego Padres
2007,NOR,Norfolk Tides,Baltimore Orioles
2007,QR,Tigres de Quintana Roo,Office of the Commissioner
2007,MIN,Petroleros de Minatitlan,Office of the Commissioner
2007,TAB,Olmecas de Tabasco,Office of the Commissioner
2007,COL,Columbus Clippers,Washington Nationals
2007,CHI,Dorados de Chihuahua,Office of the Commissioner
2007,VAQ,Vaqueros Laguna,Office of the Commissioner
2007,CON,Connecticut Defenders,San Francisco Giants
2007,ALT,Altoona Curve,Pittsburgh Pirates
2007,TUL,Tulsa Drillers,Colorado Rockies
2007,WIC,Wichita Wranglers,Kansas City Royals
2007,REA,Reading Phillies,Philadelphia Phillies
2007,NH,New Hampshire Fisher Cats,Toronto Blue Jays
2007,AKR,Akron Aeros,Cleveland Indians
2007,NBR,New Britain Rock Cats,Minnesota Twins
2007,FRI,Frisco RoughRiders,Texas Rangers
2007,MOB,Mobile BayBears,Arizona Diamondbacks
2007,CC,Corpus Christi Hooks,Houston Astros
2007,BOW,Bowie Baysox,Baltimore Orioles
2007,POR,Portland Sea Dogs,Boston Red Sox
2007,HBG,Harrisburg Senators,Washington Nationals
2007,MTG,Montgomery Biscuits,Tampa Bay Devil Rays
2007,WTN,West Tenn Diamond Jaxx,Seattle Mariners
2007,TNS,Tennessee Smokies,Chicago Cubs
2007,ERI,Erie SeaWolves,Detroit Tigers
2007,MID,Midland RockHounds,Oakland Athletics
2007,MIS,Mississippi Braves,Atlanta Braves
2007,HVL,Huntsville Stars,Milwaukee Brewers
2007,CHA,Chattanooga Lookouts,Cincinnati Reds
2007,JAX,Jacksonville Suns,Los Angeles Dodgers
2007,BIR,Birmingham Barons,Chicago White Sox
2007,TRN,Trenton Thunder,New York Yankees
2007,SPR,Springfield Cardinals,St. Louis Cardinals
2007,BNG,Binghamton Mets,New York Mets
2007,CAR,Carolina Mudcats,Florida Marlins
2007,SA,San Antonio Missions,San Diego Padres
2007,ARK,Arkansas Travelers,Los Angeles Angels
2007,DAY,Daytona Cubs,Chicago Cubs
2007,MOD,Modesto Nuts,Colorado Rockies
2007,WS,Winston-Salem Warthogs,Chicago White Sox
2007,VIS,Visalia Oaks,Arizona Diamondbacks
2007,MB,Myrtle Beach Pelicans,Atlanta Braves
2007,VER,Vero Beach Devil Rays,Tampa Bay Devil Rays
2007,TAM,Tampa Yankees,New York Yankees
2007,STK,Stockton Ports,Oakland Athletics
2007,RC,Rancho Cucamonga Quakes,Los Angeles Angels
2007,IE,Inland Empire 66ers,Los Angeles Dodgers
2007,SAR,Sarasota Reds,Cincinnati Reds
2007,PMB,Palm Beach Cardinals,St. Louis Cardinals
2007,SJ,San Jose Giants,San Francisco Giants
2007,SAL,Salem Avalanche,Houston Astros
2007,JUP,Jupiter Hammerheads,Florida Marlins
2007,LYN,Lynchburg Hillcats,Pittsburgh Pirates
2007,KIN,Kinston Indians,Cleveland Indians
2007,BAK,Bakersfield Blaze,Texas Rangers
2007,LE,Lake Elsinore Storm,San Diego Padres
2007,DUN,Dunedin Blue Jays,Toronto Blue Jays
2007,WIL,Wilmington Blue Rocks,Kansas City Royals
2007,LAN,Lancaster JetHawks,Boston Red Sox
2007,FRE,Frederick Keys,Baltimore Orioles
2007,POT,Potomac Nationals,Washington Nationals
2007,CLR,Clearwater Threshers,Philadelphia Phillies
2007,BRV,Brevard County Manatees,Milwaukee Brewers
2007,HD,High Desert Mavericks,Seattle Mariners
2007,LAK,Lakeland Flying Tigers,Detroit Tigers
2007,SLU,St. Lucie Mets,New York Mets
2007,FTM,Fort Myers Miracle,Minnesota Twins
2007,HIC,Hickory Crawdads,Pittsburgh Pirates
2007,WM,West Michigan Whitecaps,Detroit Tigers
2007,GL,Great Lakes Loons,Los Angeles Dodgers
2007,FW,Fort Wayne Wizards,San Diego Padres
2007,DAY,Dayton Dragons,Cincinnati Reds
2007,WV,West Virginia Power,Milwaukee Brewers
2007,GBO,Greensboro Grasshoppers,Florida Marlins
2007,AUG,Augusta GreenJackets,San Francisco Giants
2007,SAV,Savannah Sand Gnats,New York Mets
2007,BUR,Burlington Bees,Kansas City Royals
2007,DEL,Delmarva Shorebirds,Baltimore Orioles
2007,SB,South Bend Silver Hawks,Arizona Diamondbacks
2007,KAN,Kannapolis Intimidators,Chicago White Sox
2007,CHS,Charleston RiverDogs,New York Yankees
2007,BEL,Beloit Snappers,Minnesota Twins
2007,LWD,Lakewood BlueClaws,Philadelphia Phillies
2007,CR,Cedar Rapids Kernels,Los Angeles Angels
2007,GVL,Greenville Drive,Boston Red Sox
2007,LEX,Lexington Legends,Houston Astros
2007,ROM,Rome Braves,Atlanta Braves
2007,LAN,Lansing Lugnuts,Toronto Blue Jays
2007,HAG,Hagerstown Suns,Washington Nationals
2007,CLI,Clinton LumberKings,Texas Rangers
2007,LC,Lake County Captains,Cleveland Indians
2007,QC,Swing of the Quad Cities,St. Louis Cardinals
2007,COL,Columbus Catfish,Tampa Bay Devil Rays
2007,PEO,Peoria Chiefs,Chicago Cubs
2007,WIS,Wisconsin Timber Rattlers,Seattle Mariners
2007,ASH,Asheville Tourists,Colorado Rockies
2007,KC,Kane County Cougars,Oakland Athletics
2007,BOI,Boise Hawks,Chicago Cubs
2007,MV,Mahoning Valley Scrappers,Cleveland Indians
2007,WIL,Williamsport Crosscutters,Philadelphia Phillies
2007,TRI,Tri-City ValleyCats,Houston Astros
2007,SK,Salem-Keizer Volcanoes,San Francisco Giants
2007,YAK,Yakima Bears,Arizona Diamondbacks
2007,BRK,Brooklyn Cyclones,New York Mets
2007,SPO,Spokane Indians,Texas Rangers
2007,ABD,Aberdeen IronBirds,Baltimore Orioles
2007,JAM,Jamestown Jammers,Florida Marlins
2007,AUB,Auburn Doubledays,Toronto Blue Jays
2007,SI,Staten Island Yankees,New York Yankees
2007,TRI,Tri-City Dust Devils,Colorado Rockies
2007,EUG,Eugene Emeralds,San Diego Padres
2007,LOW,Lowell Spinners,Boston Red Sox
2007,VER,Vermont Lake Monsters,Washington Nationals
2007,VAN,Vancouver Canadians,Oakland Athletics
2007,EVE,Everett AquaSox,Seattle Mariners
2007,SC,State College Spikes,Pittsburgh Pirates
2007,HV,Hudson Valley Renegades,Tampa Bay Devil Rays
2007,ONE,Oneonta Tigers,Detroit Tigers
2007,BAT,Batavia Muckdogs,St. Louis Cardinals
2007,BIL,Billings Mustangs,Cincinnati Reds
2007,BLU,Bluefield Orioles,Baltimore Orioles
2007,MIS,Missoula Osprey,Arizona Diamondbacks
2007,ORM,Orem Owlz,Los Angeles Angels
2007,OGD,Ogden Raptors,Los Angeles Dodgers
2007,CAS,Casper Rockies,Colorado Rockies
2007,BRI,Bristol White Sox,Chicago White Sox
2007,V-TIG,VSL Tigers,Detroit Tigers
2007,ELZ,Elizabethton Twins,Minnesota Twins
2007,GRF,Great Falls White Sox,Chicago White Sox
2007,D-BJ2,DSL Blue Jays 2,Toronto Blue Jays
2007,D-DEV,DSL Devil Rays,Tampa Bay Devil Rays
2007,D-WS2,DSL White Sox 2,Chicago White Sox
2007,G-ORI,GCL Orioles,Baltimore Orioles
2007,D-ANG,DSL Angels,Los Angeles Angels
2007,D-AST,DSL Astros,Houston Astros
2007,G-CAR,GCL Cardinals,St. Louis Cardinals
2007,D-AT1,DSL Athletics 1,Oakland Athletics
2007,D-AT2,DSL Athletics 2,Oakland Athletics
2007,D-BJ1,DSL Blue Jays 1,Toronto Blue Jays
2007,D-BRV,DSL Braves,Atlanta Braves
2007,D-BRW,DSL Brewers,Milwaukee Brewers
2007,D-CAR,DSL Cardinals,St. Louis Cardinals
2007,D-CUB,DSL Cubs,Chicago Cubs
2007,D-DBA,DSL Diamondbacks,Arizona Diamondbacks
2007,D-DOD,DSL Dodgers,Los Angeles Dodgers
2007,D-GIA,DSL Giants,San Francisco Giants
2007,D-IND,DSL Indians,Cleveland Indians
2007,D-MRN,DSL Mariners,Seattle Mariners
2007,D-MRL,DSL Marlins,Florida Marlins
2007,D-MET,DSL Mets,New York Mets
2007,D-ORI,DSL Orioles,Baltimore Orioles
2007,G-BLU,GCL Blue Jays,Toronto Blue Jays
2007,D-PAD,DSL Padres,San Diego Padres
2007,D-PHI,DSL Phillies,Philadelphia Phillies
2007,D-PIR,DSL Pirates,Pittsburgh Pirates
2007,D-RNG,DSL Rangers,Texas Rangers
2007,D-RSX,DSL Red Sox,Boston Red Sox
2007,D-RED,DSL Reds,Cincinnati Reds
2007,D-RCK,DSL Rockies,Colorado Rockies
2007,D-ROY,DSL Royals,Kansas City Royals
2007,D-TIG,DSL Tigers,Detroit Tigers
2007,D-TWI,DSL Twins,Minnesota Twins
2007,D-WS1,DSL White Sox 1,Chicago White Sox
2007,D-YA1,DSL Yankees 1,New York Yankees
2007,D-YA2,DSL Yankees 2,New York Yankees
2007,V-AST,VSL Astros,Houston Astros
2007,V-BLU,VSL Blue Jays,Toronto Blue Jays
2007,V-BRW,VSL Brewers,Milwaukee Brewers
2007,V-CAR,VSL Cardinals,St. Louis Cardinals
2007,V-CUB,VSL Cubs,Chicago Cubs
2007,V-DOD,VSL Dodgers,Los Angeles Dodgers
2007,V-NAT,VSL Nationals,Washington Nationals
2007,V-IND,VSL Indians,Cleveland Indians
2007,V-MRN,VSL Mariners,Seattle Mariners
2007,V-MRL,VSL Marlins,Florida Marlins
2007,V-MET,VSL Mets,New York Mets
2007,V-PAD,VSL Padres,San Diego Padres
2007,A-ANG,AZL Angels,Los Angeles Angels
2007,V-PHI,VSL Phillies,Philadelphia Phillies
2007,A-ATH,AZL Athletics,Oakland Athletics
2007,V-PIR,VSL Pirates,Pittsburgh Pirates
2007,A-BRW,AZL Brewers,Milwaukee Brewers
2007,V-RSX,VSL Red Sox,Boston Red Sox
2007,A-CUB,AZL Cubs,Chicago Cubs
2007,V-RED,VSL Reds,Cincinnati Reds
2007,A-GIA,AZL Giants,San Francisco Giants
2007,V-RCK,VSL Rockies,Colorado Rockies
2007,A-MRN,AZL Mariners,Seattle Mariners
2007,V-TWI,VSL Twins,Minnesota Twins
2007,A-PAD,AZL Padres,San Diego Padres
2007,A-RAN,AZL Rangers,Texas Rangers
2007,A-ROY,AZL Royals,Kansas City Royals
2007,GRN,Greeneville Astros,Houston Astros
2007,DAN,Danville Braves,Atlanta Braves
2007,HEL,Helena Brewers,Milwaukee Brewers
2007,JC,Johnson City Cardinals,St. Louis Cardinals
2007,IDF,Idaho Falls Chukars,Kansas City Royals
2007,PRN,Princeton Devil Rays,Tampa Bay Devil Rays
2007,G-IND,GCL Indians,Cleveland Indians
2007,G-BRV,GCL Braves,Atlanta Braves
2007,G-DOD,GCL Dodgers,Los Angeles Dodgers
2007,G-NAT,GCL Nationals,Washington Nationals
2007,G-MRL,GCL Marlins,Florida Marlins
2007,G-MET,GCL Mets,New York Mets
2007,G-PHI,GCL Phillies,Philadelphia Phillies
2007,G-PIR,GCL Pirates,Pittsburgh Pirates
2007,G-RSX,GCL Red Sox,Boston Red Sox
2007,G-RED,GCL Reds,Cincinnati Reds
2007,G-TIG,GCL Tigers,Detroit Tigers
2007,G-TWI,GCL Twins,Minnesota Twins
2007,G-YAN,GCL Yankees,New York Yankees
2007,BUR,Burlington Royals,Kansas City Royals
2007,D-NA1,DSL Nationals 1,Washington Nationals
2007,D-NA2,DSL Nationals 2,Washington Nationals
2007,KNG,Kingsport Mets,New York Mets
2007,PDD,Phoenix Desert Dogs,Office of the Commissioner
2007,DR2,Dominican Republic 2,Office of the Commissioner
2007,WAI,Waikiki BeachBoys,Office of the Commissioner
2007,WO,West Oahu CaneFires,Office of the Commissioner
2007,SUR,Surprise Rafters,Office of the Commissioner
2007,NS,North Shore Honu,Office of the Commissioner
2007,HON,Honolulu Sharks,Office of the Commissioner
2007,AGU,Aguilas Cibaenas,Office of the Commissioner
2007,AZU,Azucareros del Este,Office of the Commissioner
2007,EST,Estrellas de Oriente,Office of the Commissioner
2007,GIG,Gigantes del Cibao,Office of the Commissioner
2007,PES,Peoria Saguaros,Office of the Commissioner
2007,TDN,Tren del Norte,Office of the Commissioner
2007,ESC,Leones del Escogido,Office of the Commissioner
2007,LIC,Tigres del Licey,Office of the Commissioner
2007,SCO,Scottsdale Scorpions,Office of the Commissioner
2007,MXC,Aguilas de Mexicali,Office of the Commissioner
2007,GSV,Algodoneros de Guasave,Office of the Commissioner
2007,MOC,Caneros de los Mochis,Office of the Commissioner
2007,NAV,Mayos de Navojoa,Office of the Commissioner
2007,CHN,Team China,Office of the Commissioner
2007,HER,Naranjeros de Hermosillo,Office of the Commissioner
2007,CUL,Tomateros de Culiacan,Office of the Commissioner
2007,DR1,Dominican Republic 1,Office of the Commissioner
2007,MAZ,Venados de Mazatlan,Office of the Commissioner
2007,MEX,Mexico,Office of the Commissioner
2007,OBR,Yaquis de Obregon,Office of the Commissioner
2007,VEN,Venezuela,Office of the Commissioner
2007,PEJ,Peoria Javelinas,Office of the Commissioner
2007,MSS,Mesa Solar Sox,Office of the Commissioner
2007,MAN,Atenienses de Manati,Office of the Commissioner
2007,CAG,Criollos de Caguas,Office of the Commissioner
2007,CAR,Gigantes de Carolina,Office of the Commissioner
2007,MAY,Indios de Mayaguez,Office of the Commissioner
2007,PON,Leones de Ponce,Office of the Commissioner
2007,PUR,Puerto Rico,Office of the Commissioner
2007,ARE,Lobos de Arecibo,Office of the Commissioner
2007,ZUL,Aguilas del Zulia,Office of the Commissioner
2007,LAR,Cardenales de Lara,Office of the Commissioner
2007,ORI,Caribes de Anzoategui,Office of the Commissioner
2007,CAR,Leones del Caracas,Office of the Commissioner
2007,MAG,Navegantes del Magallanes,Office of the Commissioner
2007,MAR,Bravos de Margarita,Office of the Commissioner
2007,LAG,Tiburones de La Guaira,Office of the Commissioner
2007,ARA,Tigres de Aragua,Office of the Commissioner
2008,TOL,Toledo Mud Hens,Detroit Tigers
2008,LHV,Lehigh Valley IronPigs,Philadelphia Phillies
2008,OAX,Guerreros de Oaxaca,Office of the Commissioner
2008,IOW,Iowa Cubs,Chicago Cubs
2008,FRE,Fresno Grizzlies,San Francisco Giants
2008,PUE,Pericos de Puebla,Office of the Commissioner
2008,CAM,Piratas de Campeche,Office of the Commissioner
2008,NEW,New Orleans Zephyrs,New York Mets
2008,LAR,Tecolotes de Nuevo Laredo,Office of the Commissioner
2008,LV,Las Vegas 51s,Los Angeles Dodgers
2008,TAC,Tacoma Rainiers,Seattle Mariners
2008,SWB,Scranton/Wilkes-Barre Yankees,New York Yankees
2008,MXO,Diablos Rojos del Mexico,Office of the Commissioner
2008,PAW,Pawtucket Red Sox,Boston Red Sox
2008,ABQ,Albuquerque Isotopes,Florida Marlins
2008,ROC,Rochester Red Wings,Minnesota Twins
2008,VRA,Rojos del Aguila de Veracruz,Office of the Commissioner
2008,OMA,Omaha Royals,Kansas City Royals
2008,LOU,Louisville Bats,Cincinnati Reds
2008,IND,Indianapolis Indians,Pittsburgh Pirates
2008,TUC,Tucson Sidewinders,Arizona Diamondbacks
2008,RR,Round Rock Express,Houston Astros
2008,BUF,Buffalo Bisons,Cleveland Indians
2008,COL,Colorado Springs Sky Sox,Colorado Rockies
2008,SYR,Syracuse Chiefs,Toronto Blue Jays
2008,SAC,Sacramento River Cats,Oakland Athletics
2008,DUR,Durham Bulls,Tampa Bay Rays
2008,MEM,Memphis Redbirds,St. Louis Cardinals
2008,NAS,Nashville Sounds,Milwaukee Brewers
2008,CLT,Charlotte Knights,Chicago White Sox
2008,OKL,Oklahoma RedHawks,Texas Rangers
2008,RIC,Richmond Braves,Atlanta Braves
2008,YUC,Leones de Yucatan,Office of the Commissioner
2008,MVA,Acereros del Norte,Office of the Commissioner
2008,SL,Salt Lake Bees,Los Angeles Angels
2008,MTY,Sultanes de Monterrey,Office of the Commissioner
2008,TIJ,Potros de Tijuana,Office of the Commissioner
2008,SLT,Saraperos de Saltillo,Office of the Commissioner
2008,POR,Portland Beavers,San Diego Padres
2008,NOR,Norfolk Tides,Baltimore Orioles
2008,QR,Tigres de Quintana Roo,Office of the Commissioner
2008,MIN,Petroleros de Minatitlan,Office of the Commissioner
2008,TAB,Olmecas de Tabasco,Office of the Commissioner
2008,COL,Columbus Clippers,Washington Nationals
2008,CHI,Dorados de Chihuahua,Office of the Commissioner
2008,VAQ,Vaqueros Laguna,Office of the Commissioner
2008,CON,Connecticut Defenders,San Francisco Giants
2008,ALT,Altoona Curve,Pittsburgh Pirates
2008,TUL,Tulsa Drillers,Colorado Rockies
2008,NWA,Northwest Arkansas Naturals,Kansas City Royals
2008,REA,Reading Phillies,Philadelphia Phillies
2008,NH,New Hampshire Fisher Cats,Toronto Blue Jays
2008,AKR,Akron Aeros,Cleveland Indians
2008,NBR,New Britain Rock Cats,Minnesota Twins
2008,FRI,Frisco RoughRiders,Texas Rangers
2008,MOB,Mobile BayBears,Arizona Diamondbacks
2008,POR,Portland Sea Dogs,Boston Red Sox
2008,CC,Corpus Christi Hooks,Houston Astros
2008,BOW,Bowie Baysox,Baltimore Orioles
2008,HBG,Harrisburg Senators,Washington Nationals
2008,MTG,Montgomery Biscuits,Tampa Bay Rays
2008,WTN,West Tenn Diamond Jaxx,Seattle Mariners
2008,TNS,Tennessee Smokies,Chicago Cubs
2008,ERI,Erie SeaWolves,Detroit Tigers
2008,MID,Midland RockHounds,Oakland Athletics
2008,MIS,Mississippi Braves,Atlanta Braves
2008,HVL,Huntsville Stars,Milwaukee Brewers
2008,CHA,Chattanooga Lookouts,Cincinnati Reds
2008,JAX,Jacksonville Suns,Los Angeles Dodgers
2008,TRN,Trenton Thunder,New York Yankees
2008,BIR,Birmingham Barons,Chicago White Sox
2008,SPR,Springfield Cardinals,St. Louis Cardinals
2008,BNG,Binghamton Mets,New York Mets
2008,CAR,Carolina Mudcats,Florida Marlins
2008,ARK,Arkansas Travelers,Los Angeles Angels
2008,SA,San Antonio Missions,San Diego Padres
2008,DAY,Daytona Cubs,Chicago Cubs
2008,MOD,Modesto Nuts,Colorado Rockies
2008,WS,Winston-Salem Warthogs,Chicago White Sox
2008,VIS,Visalia Oaks,Arizona Diamondbacks
2008,MB,Myrtle Beach Pelicans,Atlanta Braves
2008,VER,Vero Beach Devil Rays,Tampa Bay Rays
2008,TAM,Tampa Yankees,New York Yankees
2008,STK,Stockton Ports,Oakland Athletics
2008,RC,Rancho Cucamonga Quakes,Los Angeles Angels
2008,IE,Inland Empire 66ers,Los Angeles Dodgers
2008,SAR,Sarasota Reds,Cincinnati Reds
2008,PMB,Palm Beach Cardinals,St. Louis Cardinals
2008,SJ,San Jose Giants,San Francisco Giants
2008,SAL,Salem Avalanche,Houston Astros
2008,JUP,Jupiter Hammerheads,Florida Marlins
2008,LYN,Lynchburg Hillcats,Pittsburgh Pirates
2008,KIN,Kinston Indians,Cleveland Indians
2008,BAK,Bakersfield Blaze,Texas Rangers
2008,LE,Lake Elsinore Storm,San Diego Padres
2008,DUN,Dunedin Blue Jays,Toronto Blue Jays
2008,WIL,Wilmington Blue Rocks,Kansas City Royals
2008,LAN,Lancaster JetHawks,Boston Red Sox
2008,FRE,Frederick Keys,Baltimore Orioles
2008,POT,Potomac Nationals,Washington Nationals
2008,CLR,Clearwater Threshers,Philadelphia Phillies
2008,BRV,Brevard County Manatees,Milwaukee Brewers
2008,HD,High Desert Mavericks,Seattle Mariners
2008,LAK,Lakeland Flying Tigers,Detroit Tigers
2008,SLU,St. Lucie Mets,New York Mets
2008,FTM,Fort Myers Miracle,Minnesota Twins
2008,HIC,Hickory Crawdads,Pittsburgh Pirates
2008,WM,West Michigan Whitecaps,Detroit Tigers
2008,FW,Fort Wayne Wizards,San Diego Padres
2008,GL,Great Lakes Loons,Los Angeles Dodgers
2008,DAY,Dayton Dragons,Cincinnati Reds
2008,WV,West Virginia Power,Milwaukee Brewers
2008,GBO,Greensboro Grasshoppers,Florida Marlins
2008,AUG,Augusta GreenJackets,San Francisco Giants
2008,SAV,Savannah Sand Gnats,New York Mets
2008,DEL,Delmarva Shorebirds,Baltimore Orioles
2008,BUR,Burlington Bees,Kansas City Royals
2008,SB,South Bend Silver Hawks,Arizona Diamondbacks
2008,KAN,Kannapolis Intimidators,Chicago White Sox
2008,CHS,Charleston RiverDogs,New York Yankees
2008,BEL,Beloit Snappers,Minnesota Twins
2008,LWD,Lakewood BlueClaws,Philadelphia Phillies
2008,CR,Cedar Rapids Kernels,Los Angeles Angels
2008,GVL,Greenville Drive,Boston Red Sox
2008,LEX,Lexington Legends,Houston Astros
2008,ROM,Rome Braves,Atlanta Braves
2008,LAN,Lansing Lugnuts,Toronto Blue Jays
2008,HAG,Hagerstown Suns,Washington Nationals
2008,CLI,Clinton LumberKings,Texas Rangers
2008,QC,Quad Cities River Bandits,St. Louis Cardinals
2008,LC,Lake County Captains,Cleveland Indians
2008,COL,Columbus Catfish,Tampa Bay Rays
2008,PEO,Peoria Chiefs,Chicago Cubs
2008,WIS,Wisconsin Timber Rattlers,Seattle Mariners
2008,ASH,Asheville Tourists,Colorado Rockies
2008,KC,Kane County Cougars,Oakland Athletics
2008,BOI,Boise Hawks,Chicago Cubs
2008,MV,Mahoning Valley Scrappers,Cleveland Indians
2008,TRI,Tri-City ValleyCats,Houston Astros
2008,WIL,Williamsport Crosscutters,Philadelphia Phillies
2008,SK,Salem-Keizer Volcanoes,San Francisco Giants
2008,YAK,Yakima Bears,Arizona Diamondbacks
2008,BRK,Brooklyn Cyclones,New York Mets
2008,SPO,Spokane Indians,Texas Rangers
2008,ABD,Aberdeen IronBirds,Baltimore Orioles
2008,JAM,Jamestown Jammers,Florida Marlins
2008,SI,Staten Island Yankees,New York Yankees
2008,AUB,Auburn Doubledays,Toronto Blue Jays
2008,TRI,Tri-City Dust Devils,Colorado Rockies
2008,EUG,Eugene Emeralds,San Diego Padres
2008,LOW,Lowell Spinners,Boston Red Sox
2008,VER,Vermont Lake Monsters,Washington Nationals
2008,VAN,Vancouver Canadians,Oakland Athletics
2008,EVE,Everett AquaSox,Seattle Mariners
2008,SC,State College Spikes,Pittsburgh Pirates
2008,HV,Hudson Valley Renegades,Tampa Bay Rays
2008,ONE,Oneonta Tigers,Detroit Tigers
2008,BAT,Batavia Muckdogs,St. Louis Cardinals
2008,BIL,Billings Mustangs,Cincinnati Reds
2008,BLU,Bluefield Orioles,Baltimore Orioles
2008,MIS,Missoula Osprey,Arizona Diamondbacks
2008,ORM,Orem Owlz,Los Angeles Angels
2008,OGD,Ogden Raptors,Los Angeles Dodgers
2008,CAS,Casper Ghosts,Colorado Rockies
2008,BRI,Bristol White Sox,Chicago White Sox
2008,V-RAY,VSL Rays,Tampa Bay Rays
2008,V-TIG,VSL Tigers,Detroit Tigers
2008,ELZ,Elizabethton Twins,Minnesota Twins
2008,GRF,Great Falls Voyagers,Chicago White Sox
2008,D-BJ2,DSL Blue Jays 2,Toronto Blue Jays
2008,D-RAY,DSL Rays,Tampa Bay Rays
2008,D-WS2,DSL White Sox 2,Chicago White Sox
2008,G-ORI,GCL Orioles,Baltimore Orioles
2008,D-ANG,DSL Angels,Los Angeles Angels
2008,D-AST,DSL Astros,Houston Astros
2008,G-CAR,GCL Cardinals,St. Louis Cardinals
2008,D-AT1,DSL Athletics 1,Oakland Athletics
2008,D-AT2,DSL Athletics 2,Oakland Athletics
2008,D-BJ1,DSL Blue Jays 1,Toronto Blue Jays
2008,D-BRV,DSL Braves,Atlanta Braves
2008,D-BRW,DSL Brewers,Milwaukee Brewers
2008,D-CAR,DSL Cardinals,St. Louis Cardinals
2008,D-CU1,DSL Cubs 1,Chicago Cubs
2008,D-DBA,DSL Diamondbacks,Arizona Diamondbacks
2008,D-DOD,DSL Dodgers,Los Angeles Dodgers
2008,D-GIA,DSL Giants,San Francisco Giants
2008,D-IND,DSL Indians,Cleveland Indians
2008,D-MRN,DSL Mariners,Seattle Mariners
2008,D-MRL,DSL Marlins,Florida Marlins
2008,D-MET,DSL Mets,New York Mets
2008,D-RN2,DSL Rangers 2,Texas Rangers
2008,D-ORI,DSL Orioles,Baltimore Orioles
2008,G-BLU,GCL Blue Jays,Toronto Blue Jays
2008,D-PAD,DSL Padres,San Diego Padres
2008,D-PHI,DSL Phillies,Philadelphia Phillies
2008,D-PIR,DSL Pirates,Pittsburgh Pirates
2008,D-RN1,DSL Rangers 1,Texas Rangers
2008,D-RSX,DSL Red Sox,Boston Red Sox
2008,D-RED,DSL Reds,Cincinnati Reds
2008,D-RCK,DSL Rockies,Colorado Rockies
2008,D-ROY,DSL Royals,Kansas City Royals
2008,D-TIG,DSL Tigers,Detroit Tigers
2008,D-TWI,DSL Twins,Minnesota Twins
2008,D-WS1,DSL White Sox 1,Chicago White Sox
2008,D-YA1,DSL Yankees 1,New York Yankees
2008,D-YA2,DSL Yankees 2,New York Yankees
2008,V-AST,VSL Astros,Houston Astros
2008,V-BLU,VSL Blue Jays,Toronto Blue Jays
2008,V-BRW,VSL Brewers,Milwaukee Brewers
2008,V-CAR,VSL Cardinals,St. Louis Cardinals
2008,V-CUB,VSL Cubs,Chicago Cubs
2008,V-DOD,VSL Dodgers,Los Angeles Dodgers
2008,V-NAT,VSL Nationals,Washington Nationals
2008,V-IND,VSL Indians,Cleveland Indians
2008,V-MRN,VSL Mariners,Seattle Mariners
2008,V-MRL,VSL Marlins,Florida Marlins
2008,V-MET,VSL Mets,New York Mets
2008,V-PAD,VSL Padres,San Diego Padres
2008,A-ANG,AZL Angels,Los Angeles Angels
2008,V-PHI,VSL Phillies,Philadelphia Phillies
2008,A-ATH,AZL Athletics,Oakland Athletics
2008,V-PIR,VSL Pirates,Pittsburgh Pirates
2008,A-BRW,AZL Brewers,Milwaukee Brewers
2008,V-RSX,VSL Red Sox,Boston Red Sox
2008,A-CUB,AZL Cubs,Chicago Cubs
2008,V-RED,VSL Reds,Cincinnati Reds
2008,A-GIA,AZL Giants,San Francisco Giants
2008,V-RCK,VSL Rockies,Colorado Rockies
2008,A-MRN,AZL Mariners,Seattle Mariners
2008,V-TWI,VSL Twins,Minnesota Twins
2008,A-PAD,AZL Padres,San Diego Padres
2008,A-RAN,AZL Rangers,Texas Rangers
2008,A-ROY,AZL Royals,Kansas City Royals
2008,GRN,Greeneville Astros,Houston Astros
2008,PUL,Pulaski Mariners,Seattle Mariners
2008,DAN,Danville Braves,Atlanta Braves
2008,HEL,Helena Brewers,Milwaukee Brewers
2008,JC,Johnson City Cardinals,St. Louis Cardinals
2008,IDF,Idaho Falls Chukars,Kansas City Royals
2008,PRN,Princeton Devil Rays,Tampa Bay Rays
2008,G-IND,GCL Indians,Cleveland Indians
2008,G-BRV,GCL Braves,Atlanta Braves
2008,G-DOD,GCL Dodgers,Los Angeles Dodgers
2008,G-NAT,GCL Nationals,Washington Nationals
2008,G-MRL,GCL Marlins,Florida Marlins
2008,G-MET,GCL Mets,New York Mets
2008,G-PHI,GCL Phillies,Philadelphia Phillies
2008,G-PIR,GCL Pirates,Pittsburgh Pirates
2008,G-RSX,GCL Red Sox,Boston Red Sox
2008,G-RED,GCL Reds,Cincinnati Reds
2008,G-TIG,GCL Tigers,Detroit Tigers
2008,G-TWI,GCL Twins,Minnesota Twins
2008,G-YAN,GCL Yankees,New York Yankees
2008,D-CU2,DSL Cubs 2,Chicago Cubs
2008,BUR,Burlington Royals,Kansas City Royals
2008,D-NA1,DSL Nationals 1,Washington Nationals
2008,D-NA2,DSL Nationals 2,Washington Nationals
2008,KNG,Kingsport Mets,New York Mets
2008,PDD,Phoenix Desert Dogs,Office of the Commissioner
2008,WAI,Waikiki BeachBoys,Office of the Commissioner
2008,WO,West Oahu CaneFires,Office of the Commissioner
2008,SUR,Surprise Rafters,Office of the Commissioner
2008,NS,North Shore Honu,Office of the Commissioner
2008,HON,Honolulu Sharks,Office of the Commissioner
2008,AGU,Aguilas Cibaenas,Office of the Commissioner
2008,AZU,Azucareros del Este,Office of the Commissioner
2008,EST,Estrellas de Oriente,Office of the Commissioner
2008,GIG,Gigantes del Cibao,Office of the Commissioner
2008,PES,Peoria Saguaros,Office of the Commissioner
2008,TDN,Tren del Norte,Office of the Commissioner
2008,ESC,Leones del Escogido,Office of the Commissioner
2008,LIC,Tigres del Licey,Office of the Commissioner
2008,SCO,Scottsdale Scorpions,Office of the Commissioner
2008,MXC,Aguilas de Mexicali,Office of the Commissioner
2008,GSV,Algodoneros de Guasave,Office of the Commissioner
2008,MOC,Caneros de los Mochis,Office of the Commissioner
2008,NAV,Mayos de Navojoa,Office of the Commissioner
2008,HER,Naranjeros de Hermosillo,Office of the Commissioner
2008,CUL,Tomateros de Culiacan,Office of the Commissioner
2008,DR,Dominican Republic,Office of the Commissioner
2008,MAZ,Venados de Mazatlan,Office of the Commissioner
2008,MEX,Mexico,Office of the Commissioner
2008,OBR,Yaquis de Obregon,Office of the Commissioner
2008,VEN,Venezuela,Office of the Commissioner
2008,PEJ,Peoria Javelinas,Office of the Commissioner
2008,MSS,Mesa Solar Sox,Office of the Commissioner
2008,SAN,Cangrejeros de Santurce,Office of the Commissioner
2008,CAG,Criollos de Caguas,Office of the Commissioner
2008,CAR,Gigantes de Carolina,Office of the Commissioner
2008,MAY,Indios de Mayaguez,Office of the Commissioner
2008,PON,Leones de Ponce,Office of the Commissioner
2008,PUR,Puerto Rico,Office of the Commissioner
2008,ARE,Lobos de Arecibo,Office of the Commissioner
2008,ZUL,Aguilas del Zulia,Office of the Commissioner
2008,LAR,Cardenales de Lara,Office of the Commissioner
2008,ORI,Caribes de Anzoategui,Office of the Commissioner
2008,CAR,Leones del Caracas,Office of the Commissioner
2008,MAG,Navegantes del Magallanes,Office of the Commissioner
2008,MAR,Bravos de Margarita,Office of the Commissioner
2008,LAG,Tiburones de La Guaira,Office of the Commissioner
2008,ARA,Tigres de Aragua,Office of the Commissioner
2009,TOL,Toledo Mud Hens,Detroit Tigers
2009,LHV,Lehigh Valley IronPigs,Philadelphia Phillies
2009,OAX,Guerreros de Oaxaca,Office of the Commissioner
2009,IOW,Iowa Cubs,Chicago Cubs
2009,FRE,Fresno Grizzlies,San Francisco Giants
2009,RNO,Reno Aces,Arizona Diamondbacks
2009,PUE,Pericos de Puebla,Office of the Commissioner
2009,CAM,Piratas de Campeche,Office of the Commissioner
2009,NEW,New Orleans Zephyrs,Florida Marlins
2009,LAR,Tecolotes de Nuevo Laredo,Office of the Commissioner
2009,LV,Las Vegas 51s,Toronto Blue Jays
2009,TAC,Tacoma Rainiers,Seattle Mariners
2009,SWB,Scranton/Wilkes-Barre Yankees,New York Yankees
2009,MEX,Diablos Rojos del Mexico,Office of the Commissioner
2009,PAW,Pawtucket Red Sox,Boston Red Sox
2009,ABQ,Albuquerque Isotopes,Los Angeles Dodgers
2009,ROC,Rochester Red Wings,Minnesota Twins
2009,VER,Rojos del Aguila de Veracruz,Office of the Commissioner
2009,OMA,Omaha Royals,Kansas City Royals
2009,LOU,Louisville Bats,Cincinnati Reds
2009,IND,Indianapolis Indians,Pittsburgh Pirates
2009,RR,Round Rock Express,Houston Astros
2009,BUF,Buffalo Bisons,New York Mets
2009,COL,Colorado Springs Sky Sox,Colorado Rockies
2009,SYR,Syracuse Chiefs,Washington Nationals
2009,SAC,Sacramento River Cats,Oakland Athletics
2009,DUR,Durham Bulls,Tampa Bay Rays
2009,MEM,Memphis Redbirds,St. Louis Cardinals
2009,NAS,Nashville Sounds,Milwaukee Brewers
2009,CLT,Charlotte Knights,Chicago White Sox
2009,OKC,Oklahoma City RedHawks,Texas Rangers
2009,GWN,Gwinnett Braves,Atlanta Braves
2009,YUC,Leones de Yucatan,Office of the Commissioner
2009,MVA,Acereros del Norte,Office of the Commissioner
2009,SL,Salt Lake Bees,Los Angeles Angels
2009,MTY,Sultanes de Monterrey,Office of the Commissioner
2009,REY,Broncos de Reynosa,Office of the Commissioner
2009,SLT,Saraperos de Saltillo,Office of the Commissioner
2009,POR,Portland Beavers,San Diego Padres
2009,NOR,Norfolk Tides,Baltimore Orioles
2009,TIG,Tigres de Quintana Roo,Office of the Commissioner
2009,MIN,Petroleros de Minatitlan,Office of the Commissioner
2009,TAB,Olmecas de Tabasco,Office of the Commissioner
2009,COL,Columbus Clippers,Cleveland Indians
2009,CHI,Dorados de Chihuahua,Office of the Commissioner
2009,LAG,Vaqueros Laguna,Office of the Commissioner
2009,CON,Connecticut Defenders,San Francisco Giants
2009,ALT,Altoona Curve,Pittsburgh Pirates
2009,TUL,Tulsa Drillers,Colorado Rockies
2009,NWA,Northwest Arkansas Naturals,Kansas City Royals
2009,REA,Reading Phillies,Philadelphia Phillies
2009,NH,New Hampshire Fisher Cats,Toronto Blue Jays
2009,AKR,Akron Aeros,Cleveland Indians
2009,NBR,New Britain Rock Cats,Minnesota Twins
2009,FRI,Frisco RoughRiders,Texas Rangers
2009,MOB,Mobile BayBears,Arizona Diamondbacks
2009,CC,Corpus Christi Hooks,Houston Astros
2009,BOW,Bowie Baysox,Baltimore Orioles
2009,POR,Portland Sea Dogs,Boston Red Sox
2009,HBG,Harrisburg Senators,Washington Nationals
2009,MTG,Montgomery Biscuits,Tampa Bay Rays
2009,WTN,West Tenn Diamond Jaxx,Seattle Mariners
2009,TNS,Tennessee Smokies,Chicago Cubs
2009,ERI,Erie SeaWolves,Detroit Tigers
2009,MID,Midland RockHounds,Oakland Athletics
2009,MIS,Mississippi Braves,Atlanta Braves
2009,HVL,Huntsville Stars,Milwaukee Brewers
2009,CHA,Chattanooga Lookouts,Los Angeles Dodgers
2009,JAX,Jacksonville Suns,Florida Marlins
2009,BIR,Birmingham Barons,Chicago White Sox
2009,TRN,Trenton Thunder,New York Yankees
2009,SPR,Springfield Cardinals,St. Louis Cardinals
2009,BNG,Binghamton Mets,New York Mets
2009,CAR,Carolina Mudcats,Cincinnati Reds
2009,SA,San Antonio Missions,San Diego Padres
2009,ARK,Arkansas Travelers,Los Angeles Angels
2009,DAY,Daytona Cubs,Chicago Cubs
2009,MOD,Modesto Nuts,Colorado Rockies
2009,WS,Winston-Salem Dash,Chicago White Sox
2009,VIS,Visalia Rawhide,Arizona Diamondbacks
2009,MB,Myrtle Beach Pelicans,Atlanta Braves
2009,TAM,Tampa Yankees,New York Yankees
2009,STK,Stockton Ports,Oakland Athletics
2009,RC,Rancho Cucamonga Quakes,Los Angeles Angels
2009,IE,Inland Empire 66ers,Los Angeles Dodgers
2009,SAR,Sarasota Reds,Cincinnati Reds
2009,PMB,Palm Beach Cardinals,St. Louis Cardinals
2009,SJ,San Jose Giants,San Francisco Giants
2009,SAL,Salem Red Sox,Boston Red Sox
2009,JUP,Jupiter Hammerheads,Florida Marlins
2009,LYN,Lynchburg Hillcats,Pittsburgh Pirates
2009,KIN,Kinston Indians,Cleveland Indians
2009,BAK,Bakersfield Blaze,Texas Rangers
2009,LE,Lake Elsinore Storm,San Diego Padres
2009,DUN,Dunedin Blue Jays,Toronto Blue Jays
2009,CHA,Charlotte Stone Crabs,Tampa Bay Rays
2009,WIL,Wilmington Blue Rocks,Kansas City Royals
2009,LAN,Lancaster JetHawks,Houston Astros
2009,FRE,Frederick Keys,Baltimore Orioles
2009,POT,Potomac Nationals,Washington Nationals
2009,CLR,Clearwater Threshers,Philadelphia Phillies
2009,BRV,Brevard County Manatees,Milwaukee Brewers
2009,HD,High Desert Mavericks,Seattle Mariners
2009,LAK,Lakeland Flying Tigers,Detroit Tigers
2009,SLU,St. Lucie Mets,New York Mets
2009,FTM,Fort Myers Miracle,Minnesota Twins
2009,HIC,Hickory Crawdads,Texas Rangers
2009,BG,Bowling Green Hot Rods,Tampa Bay Rays
2009,WM,West Michigan Whitecaps,Detroit Tigers
2009,GL,Great Lakes Loons,Los Angeles Dodgers
2009,FW,Fort Wayne TinCaps,San Diego Padres
2009,DAY,Dayton Dragons,Cincinnati Reds
2009,WV,West Virginia Power,Pittsburgh Pirates
2009,GBO,Greensboro Grasshoppers,Florida Marlins
2009,AUG,Augusta GreenJackets,San Francisco Giants
2009,SAV,Savannah Sand Gnats,New York Mets
2009,BUR,Burlington Bees,Kansas City Royals
2009,DEL,Delmarva Shorebirds,Baltimore Orioles
2009,SB,South Bend Silver Hawks,Arizona Diamondbacks
2009,KAN,Kannapolis Intimidators,Chicago White Sox
2009,CHS,Charleston RiverDogs,New York Yankees
2009,BEL,Beloit Snappers,Minnesota Twins
2009,LWD,Lakewood BlueClaws,Philadelphia Phillies
2009,CR,Cedar Rapids Kernels,Los Angeles Angels
2009,GVL,Greenville Drive,Boston Red Sox
2009,LEX,Lexington Legends,Houston Astros
2009,ROM,Rome Braves,Atlanta Braves
2009,LAN,Lansing Lugnuts,Toronto Blue Jays
2009,HAG,Hagerstown Suns,Washington Nationals
2009,CLI,Clinton LumberKings,Seattle Mariners
2009,LC,Lake County Captains,Cleveland Indians
2009,QC,Quad Cities River Bandits,St. Louis Cardinals
2009,PEO,Peoria Chiefs,Chicago Cubs
2009,WIS,Wisconsin Timber Rattlers,Milwaukee Brewers
2009,ASH,Asheville Tourists,Colorado Rockies
2009,KC,Kane County Cougars,Oakland Athletics
2009,BOI,Boise Hawks,Chicago Cubs
2009,MV,Mahoning Valley Scrappers,Cleveland Indians
2009,WIL,Williamsport Crosscutters,Philadelphia Phillies
2009,TRI,Tri-City ValleyCats,Houston Astros
2009,SK,Salem-Keizer Volcanoes,San Francisco Giants
2009,YAK,Yakima Bears,Arizona Diamondbacks
2009,BRK,Brooklyn Cyclones,New York Mets
2009,SPO,Spokane Indians,Texas Rangers
2009,ABD,Aberdeen IronBirds,Baltimore Orioles
2009,JAM,Jamestown Jammers,Florida Marlins
2009,AUB,Auburn Doubledays,Toronto Blue Jays
2009,SI,Staten Island Yankees,New York Yankees
2009,TRI,Tri-City Dust Devils,Colorado Rockies
2009,EUG,Eugene Emeralds,San Diego Padres
2009,LOW,Lowell Spinners,Boston Red Sox
2009,VER,Vermont Lake Monsters,Washington Nationals
2009,VAN,Vancouver Canadians,Oakland Athletics
2009,EVE,Everett AquaSox,Seattle Mariners
2009,SC,State College Spikes,Pittsburgh Pirates
2009,HV,Hudson Valley Renegades,Tampa Bay Rays
2009,ONE,Oneonta Tigers,Detroit Tigers
2009,BAT,Batavia Muckdogs,St. Louis Cardinals
2009,BIL,Billings Mustangs,Cincinnati Reds
2009,BLU,Bluefield Orioles,Baltimore Orioles
2009,MIS,Missoula Osprey,Arizona Diamondbacks
2009,ORM,Orem Owlz,Los Angeles Angels
2009,OGD,Ogden Raptors,Los Angeles Dodgers
2009,CAS,Casper Ghosts,Colorado Rockies
2009,BRS,Bristol White Sox,Chicago White Sox
2009,V-RAY,VSL Rays,Tampa Bay Rays
2009,V-TIG,VSL Tigers,Detroit Tigers
2009,ELZ,Elizabethton Twins,Minnesota Twins
2009,GRF,Great Falls Voyagers,Chicago White Sox
2009,D-RAY,DSL Rays,Tampa Bay Rays
2009,G-ORI,GCL Orioles,Baltimore Orioles
2009,D-ANG,DSL Angels,Los Angeles Angels
2009,D-AST,DSL Astros,Houston Astros
2009,G-CAR,GCL Cardinals,St. Louis Cardinals
2009,D-ATH,DSL Athletics,Oakland Athletics
2009,D-BLJ,DSL Blue Jays,Toronto Blue Jays
2009,D-BRV,DSL Braves,Atlanta Braves
2009,D-BRW,DSL Brewers,Milwaukee Brewers
2009,D-CAR,DSL Cardinals,St. Louis Cardinals
2009,D-CU1,DSL Cubs 1,Chicago Cubs
2009,D-DBA,DSL Diamondbacks,Arizona Diamondbacks
2009,D-DOD,DSL Dodgers,Los Angeles Dodgers
2009,D-GIA,DSL Giants,San Francisco Giants
2009,D-IND,DSL Indians,Cleveland Indians
2009,D-MRN,DSL Mariners,Seattle Mariners
2009,D-MRL,DSL Marlins,Florida Marlins
2009,D-MET,DSL Mets,New York Mets
2009,D-RN2,DSL Rangers 2,Texas Rangers
2009,D-ORI,DSL Orioles,Baltimore Orioles
2009,G-BLU,GCL Blue Jays,Toronto Blue Jays
2009,D-PAD,DSL Padres,San Diego Padres
2009,D-PHI,DSL Phillies,Philadelphia Phillies
2009,D-PIR,DSL Pirates,Pittsburgh Pirates
2009,D-RN1,DSL Rangers 1,Texas Rangers
2009,D-RSX,DSL Red Sox,Boston Red Sox
2009,D-RED,DSL Reds,Cincinnati Reds
2009,D-RCK,DSL Rockies,Colorado Rockies
2009,D-ROY,DSL Royals,Kansas City Royals
2009,D-TIG,DSL Tigers,Detroit Tigers
2009,D-TWI,DSL Twins,Minnesota Twins
2009,D-WSX,DSL White Sox,Chicago White Sox
2009,D-YA1,DSL Yankees 1,New York Yankees
2009,D-YA2,DSL Yankees 2,New York Yankees
2009,A-DOD,AZL Dodgers,Los Angeles Dodgers
2009,V-BLU,VSL Blue Jays,Toronto Blue Jays
2009,V-BRW,VSL Brewers,Milwaukee Brewers
2009,V-CAR,VSL Cardinals,St. Louis Cardinals
2009,V-CUB,VSL Cubs,Chicago Cubs
2009,V-DOD,VSL Dodgers,Los Angeles Dodgers
2009,V-NAT,VSL Nationals,Washington Nationals
2009,V-IND,VSL Indians,Cleveland Indians
2009,V-MRN,VSL Mariners,Seattle Mariners
2009,V-MRL,VSL Marlins,Florida Marlins
2009,V-MET,VSL Mets,New York Mets
2009,V-PAD,VSL Padres,San Diego Padres
2009,A-ANG,AZL Angels,Los Angeles Angels
2009,V-PHI,VSL Phillies,Philadelphia Phillies
2009,A-ATH,AZL Athletics,Oakland Athletics
2009,V-PIR,VSL Pirates,Pittsburgh Pirates
2009,A-BRW,AZL Brewers,Milwaukee Brewers
2009,V-RSX,VSL Red Sox,Boston Red Sox
2009,A-CUB,AZL Cubs,Chicago Cubs
2009,V-RED,VSL Reds,Cincinnati Reds
2009,A-GIA,AZL Giants,San Francisco Giants
2009,V-RCK,VSL Rockies,Colorado Rockies
2009,A-MRN,AZL Mariners,Seattle Mariners
2009,V-TWI,VSL Twins,Minnesota Twins
2009,A-PAD,AZL Padres,San Diego Padres
2009,A-RAN,AZL Rangers,Texas Rangers
2009,A-ROY,AZL Royals,Kansas City Royals
2009,GRN,Greeneville Astros,Houston Astros
2009,PUL,Pulaski Mariners,Seattle Mariners
2009,DAN,Danville Braves,Atlanta Braves
2009,HEL,Helena Brewers,Milwaukee Brewers
2009,JC,Johnson City Cardinals,St. Louis Cardinals
2009,IDF,Idaho Falls Chukars,Kansas City Royals
2009,PRN,Princeton Rays,Tampa Bay Rays
2009,G-AST,GCL Astros,Houston Astros
2009,G-BRV,GCL Braves,Atlanta Braves
2009,A-IND,AZL Indians,Cleveland Indians
2009,G-NAT,GCL Nationals,Washington Nationals
2009,G-RAY,GCL Rays,Tampa Bay Rays
2009,G-MRL,GCL Marlins,Florida Marlins
2009,G-MET,GCL Mets,New York Mets
2009,G-PHI,GCL Phillies,Philadelphia Phillies
2009,G-PIR,GCL Pirates,Pittsburgh Pirates
2009,G-RSX,GCL Red Sox,Boston Red Sox
2009,G-RED,GCL Reds,Cincinnati Reds
2009,G-TIG,GCL Tigers,Detroit Tigers
2009,G-TWI,GCL Twins,Minnesota Twins
2009,G-YAN,GCL Yankees,New York Yankees
2009,D-CU2,DSL Cubs 2,Chicago Cubs
2009,BUR,Burlington Royals,Kansas City Royals
2009,D-NAT,DSL Nationals,Washington Nationals
2009,KNG,Kingsport Mets,New York Mets
2009,PDD,Phoenix Desert Dogs,Office of the Commissioner
2009,SUR,Surprise Rafters,Office of the Commissioner
2009,AGU,Aguilas Cibaenas,Office of the Commissioner
2009,TOR,Toros del Este,Office of the Commissioner
2009,EST,Estrellas de Oriente,Office of the Commissioner
2009,GIG,Gigantes del Cibao,Office of the Commissioner
2009,PES,Peoria Saguaros,Office of the Commissioner
2009,TDN,Tren del Norte,Office of the Commissioner
2009,ESC,Leones del Escogido,Office of the Commissioner
2009,LIC,Tigres del Licey,Office of the Commissioner
2009,SCO,Scottsdale Scorpions,Office of the Commissioner
2009,MXC,Aguilas de Mexicali,Office of the Commissioner
2009,GSV,Algodoneros de Guasave,Office of the Commissioner
2009,MOC,Caneros de los Mochis,Office of the Commissioner
2009,NAV,Mayos de Navojoa,Office of the Commissioner
2009,HER,Naranjeros de Hermosillo,Office of the Commissioner
2009,CUL,Tomateros de Culiacan,Office of the Commissioner
2009,DR,Dominican Republic,Office of the Commissioner
2009,MAZ,Venados de Mazatlan,Office of the Commissioner
2009,MEX,Mexico,Office of the Commissioner
2009,OBR,Yaquis de Obregon,Office of the Commissioner
2009,VEN,Venezuela,Office of the Commissioner
2009,PEJ,Peoria Javelinas,Office of the Commissioner
2009,MSS,Mesa Solar Sox,Office of the Commissioner
2009,SAN,Cangrejeros de Santurce,Office of the Commissioner
2009,CAG,Criollos de Caguas,Office of the Commissioner
2009,CAR,Gigantes de Carolina,Office of the Commissioner
2009,MAY,Indios de Mayaguez,Office of the Commissioner
2009,PON,Leones de Ponce,Office of the Commissioner
2009,PUR,Puerto Rico,Office of the Commissioner
2009,ARE,Lobos de Arecibo,Office of the Commissioner
2009,ZUL,Aguilas del Zulia,Office of the Commissioner
2009,LAR,Cardenales de Lara,Office of the Commissioner
2009,ORI,Caribes de Anzoategui,Office of the Commissioner
2009,CAR,Leones del Caracas,Office of the Commissioner
2009,MAG,Navegantes del Magallanes,Office of the Commissioner
2009,MAR,Bravos de Margarita,Office of the Commissioner
2009,LAG,Tiburones de La Guaira,Office of the Commissioner
2009,ARA,Tigres de Aragua,Office of the Commissioner
2010,TOL,Toledo Mud Hens,Detroit Tigers
2010,LHV,Lehigh Valley IronPigs,Philadelphia Phillies
2010,OAX,Guerreros de Oaxaca,Office of the Commissioner
2010,IOW,Iowa Cubs,Chicago Cubs
2010,FRE,Fresno Grizzlies,San Francisco Giants
2010,RNO,Reno Aces,Arizona Diamondbacks
2010,PUE,Pericos de Puebla,Office of the Commissioner
2010,CAM,Piratas de Campeche,Office of the Commissioner
2010,NEW,New Orleans Zephyrs,Florida Marlins
2010,LAR,Tecolotes de Nuevo Laredo,Office of the Commissioner
2010,LV,Las Vegas 51s,Toronto Blue Jays
2010,TAC,Tacoma Rainiers,Seattle Mariners
2010,SWB,Scranton/Wilkes-Barre Yankees,New York Yankees
2010,MEX,Diablos Rojos del Mexico,Office of the Commissioner
2010,PAW,Pawtucket Red Sox,Boston Red Sox
2010,ABQ,Albuquerque Isotopes,Los Angeles Dodgers
2010,ROC,Rochester Red Wings,Minnesota Twins
2010,VER,Rojos del Aguila de Veracruz,Office of the Commissioner
2010,OMA,Omaha Royals,Kansas City Royals
2010,LOU,Louisville Bats,Cincinnati Reds
2010,IND,Indianapolis Indians,Pittsburgh Pirates
2010,RR,Round Rock Express,Houston Astros
2010,BUF,Buffalo Bisons,New York Mets
2010,COL,Colorado Springs Sky Sox,Colorado Rockies
2010,SYR,Syracuse Chiefs,Washington Nationals
2010,SAC,Sacramento River Cats,Oakland Athletics
2010,DUR,Durham Bulls,Tampa Bay Rays
2010,MEM,Memphis Redbirds,St. Louis Cardinals
2010,NAS,Nashville Sounds,Milwaukee Brewers
2010,CLT,Charlotte Knights,Chicago White Sox
2010,OKC,Oklahoma City RedHawks,Texas Rangers
2010,GWN,Gwinnett Braves,Atlanta Braves
2010,YUC,Leones de Yucatan,Office of the Commissioner
2010,MVA,Acereros del Norte,Office of the Commissioner
2010,SL,Salt Lake Bees,Los Angeles Angels
2010,MTY,Sultanes de Monterrey,Office of the Commissioner
2010,REY,Broncos de Reynosa,Office of the Commissioner
2010,SLT,Saraperos de Saltillo,Office of the Commissioner
2010,POR,Portland Beavers,San Diego Padres
2010,NOR,Norfolk Tides,Baltimore Orioles
2010,TIG,Tigres de Quintana Roo,Office of the Commissioner
2010,MIN,Petroleros de Minatitlan,Office of the Commissioner
2010,TAB,Olmecas de Tabasco,Office of the Commissioner
2010,COL,Columbus Clippers,Cleveland Indians
2010,CHI,Dorados de Chihuahua,Office of the Commissioner
2010,LAG,Vaqueros de la Laguna,Office of the Commissioner
2010,ALT,Altoona Curve,Pittsburgh Pirates
2010,TUL,Tulsa Drillers,Colorado Rockies
2010,NWA,Northwest Arkansas Naturals,Kansas City Royals
2010,REA,Reading Phillies,Philadelphia Phillies
2010,NH,New Hampshire Fisher Cats,Toronto Blue Jays
2010,RIC,Richmond Flying Squirrels,San Francisco Giants
2010,AKR,Akron Aeros,Cleveland Indians
2010,NBR,New Britain Rock Cats,Minnesota Twins
2010,FRI,Frisco RoughRiders,Texas Rangers
2010,MOB,Mobile BayBears,Arizona Diamondbacks
2010,POR,Portland Sea Dogs,Boston Red Sox
2010,CC,Corpus Christi Hooks,Houston Astros
2010,BOW,Bowie Baysox,Baltimore Orioles
2010,HBG,Harrisburg Senators,Washington Nationals
2010,MTG,Montgomery Biscuits,Tampa Bay Rays
2010,WTN,West Tenn Diamond Jaxx,Seattle Mariners
2010,TNS,Tennessee Smokies,Chicago Cubs
2010,ERI,Erie SeaWolves,Detroit Tigers
2010,MID,Midland RockHounds,Oakland Athletics
2010,MIS,Mississippi Braves,Atlanta Braves
2010,HVL,Huntsville Stars,Milwaukee Brewers
2010,CHA,Chattanooga Lookouts,Los Angeles Dodgers
2010,JAX,Jacksonville Suns,Florida Marlins
2010,TRN,Trenton Thunder,New York Yankees
2010,BIR,Birmingham Barons,Chicago White Sox
2010,SPR,Springfield Cardinals,St. Louis Cardinals
2010,BNG,Binghamton Mets,New York Mets
2010,CAR,Carolina Mudcats,Cincinnati Reds
2010,ARK,Arkansas Travelers,Los Angeles Angels
2010,SA,San Antonio Missions,San Diego Padres
2010,DAY,Daytona Cubs,Chicago Cubs
2010,MOD,Modesto Nuts,Colorado Rockies
2010,WS,Winston-Salem Dash,Chicago White Sox
2010,VIS,Visalia Rawhide,Arizona Diamondbacks
2010,MB,Myrtle Beach Pelicans,Atlanta Braves
2010,TAM,Tampa Yankees,New York Yankees
2010,STK,Stockton Ports,Oakland Athletics
2010,RC,Rancho Cucamonga Quakes,Los Angeles Angels
2010,IE,Inland Empire 66ers,Los Angeles Dodgers
2010,PMB,Palm Beach Cardinals,St. Louis Cardinals
2010,SJ,San Jose Giants,San Francisco Giants
2010,SAL,Salem Red Sox,Boston Red Sox
2010,JUP,Jupiter Hammerheads,Florida Marlins
2010,LYN,Lynchburg Hillcats,Cincinnati Reds
2010,KIN,Kinston Indians,Cleveland Indians
2010,BAK,Bakersfield Blaze,Texas Rangers
2010,LE,Lake Elsinore Storm,San Diego Padres
2010,DUN,Dunedin Blue Jays,Toronto Blue Jays
2010,CHA,Charlotte Stone Crabs,Tampa Bay Rays
2010,WIL,Wilmington Blue Rocks,Kansas City Royals
2010,LAN,Lancaster JetHawks,Houston Astros
2010,FRE,Frederick Keys,Baltimore Orioles
2010,POT,Potomac Nationals,Washington Nationals
2010,CLR,Clearwater Threshers,Philadelphia Phillies
2010,BRV,Brevard County Manatees,Milwaukee Brewers
2010,HD,High Desert Mavericks,Seattle Mariners
2010,LAK,Lakeland Flying Tigers,Detroit Tigers
2010,SLU,St. Lucie Mets,New York Mets
2010,FTM,Fort Myers Miracle,Minnesota Twins
2010,BRD,Bradenton Marauders,Pittsburgh Pirates
2010,HIC,Hickory Crawdads,Texas Rangers
2010,BG,Bowling Green Hot Rods,Tampa Bay Rays
2010,WM,West Michigan Whitecaps,Detroit Tigers
2010,FW,Fort Wayne TinCaps,San Diego Padres
2010,GL,Great Lakes Loons,Los Angeles Dodgers
2010,DAY,Dayton Dragons,Cincinnati Reds
2010,WV,West Virginia Power,Pittsburgh Pirates
2010,GBO,Greensboro Grasshoppers,Florida Marlins
2010,AUG,Augusta GreenJackets,San Francisco Giants
2010,SAV,Savannah Sand Gnats,New York Mets
2010,DEL,Delmarva Shorebirds,Baltimore Orioles
2010,BUR,Burlington Bees,Kansas City Royals
2010,SB,South Bend Silver Hawks,Arizona Diamondbacks
2010,KAN,Kannapolis Intimidators,Chicago White Sox
2010,CHS,Charleston RiverDogs,New York Yankees
2010,BEL,Beloit Snappers,Minnesota Twins
2010,LWD,Lakewood BlueClaws,Philadelphia Phillies
2010,CR,Cedar Rapids Kernels,Los Angeles Angels
2010,GVL,Greenville Drive,Boston Red Sox
2010,LEX,Lexington Legends,Houston Astros
2010,ROM,Rome Braves,Atlanta Braves
2010,LAN,Lansing Lugnuts,Toronto Blue Jays
2010,HAG,Hagerstown Suns,Washington Nationals
2010,CLI,Clinton LumberKings,Seattle Mariners
2010,QC,Quad Cities River Bandits,St. Louis Cardinals
2010,LC,Lake County Captains,Cleveland Indians
2010,PEO,Peoria Chiefs,Chicago Cubs
2010,WIS,Wisconsin Timber Rattlers,Milwaukee Brewers
2010,ASH,Asheville Tourists,Colorado Rockies
2010,KC,Kane County Cougars,Oakland Athletics
2010,BOI,Boise Hawks,Chicago Cubs
2010,MV,Mahoning Valley Scrappers,Cleveland Indians
2010,TRI,Tri-City ValleyCats,Houston Astros
2010,WIL,Williamsport Crosscutters,Philadelphia Phillies
2010,SK,Salem-Keizer Volcanoes,San Francisco Giants
2010,YAK,Yakima Bears,Arizona Diamondbacks
2010,BRK,Brooklyn Cyclones,New York Mets
2010,SPO,Spokane Indians,Texas Rangers
2010,ABD,Aberdeen IronBirds,Baltimore Orioles
2010,JAM,Jamestown Jammers,Florida Marlins
2010,SI,Staten Island Yankees,New York Yankees
2010,AUB,Auburn Doubledays,Toronto Blue Jays
2010,TRI,Tri-City Dust Devils,Colorado Rockies
2010,EUG,Eugene Emeralds,San Diego Padres
2010,LOW,Lowell Spinners,Boston Red Sox
2010,VER,Vermont Lake Monsters,Washington Nationals
2010,VAN,Vancouver Canadians,Oakland Athletics
2010,EVE,Everett AquaSox,Seattle Mariners
2010,SC,State College Spikes,Pittsburgh Pirates
2010,HV,Hudson Valley Renegades,Tampa Bay Rays
2010,CT,Connecticut Tigers,Detroit Tigers
2010,BAT,Batavia Muckdogs,St. Louis Cardinals
2010,BIL,Billings Mustangs,Cincinnati Reds
2010,A-DOD,AZL Dodgers,Los Angeles Dodgers
2010,BLU,Bluefield Orioles,Baltimore Orioles
2010,MIS,Missoula Osprey,Arizona Diamondbacks
2010,ORM,Orem Owlz,Los Angeles Angels
2010,V-BLU,VSL Blue Jays,Toronto Blue Jays
2010,V-BRW,VSL Brewers,Milwaukee Brewers
2010,V-CAR,VSL Cardinals,St. Louis Cardinals
2010,V-CUB,VSL Cubs,Chicago Cubs
2010,V-DOD,VSL Dodgers,Los Angeles Dodgers
2010,V-NAT,VSL Nationals,Washington Nationals
2010,V-IND,VSL Indians,Cleveland Indians
2010,V-MRN,VSL Mariners,Seattle Mariners
2010,V-MRL,VSL Marlins,Florida Marlins
2010,OGD,Ogden Raptors,Los Angeles Dodgers
2010,V-PAD,VSL Padres,San Diego Padres
2010,A-ANG,AZL Angels,Los Angeles Angels
2010,V-PHI,VSL Phillies,Philadelphia Phillies
2010,A-ATH,AZL Athletics,Oakland Athletics
2010,V-PIR,VSL Pirates,Pittsburgh Pirates
2010,A-BRW,AZL Brewers,Milwaukee Brewers
2010,V-RSX,VSL Red Sox,Boston Red Sox
2010,A-CUB,AZL Cubs,Chicago Cubs
2010,V-RED,VSL Reds,Cincinnati Reds
2010,A-GIA,AZL Giants,San Francisco Giants
2010,V-RCK,VSL Rockies,Colorado Rockies
2010,A-MRN,AZL Mariners,Seattle Mariners
2010,V-TWI,VSL Twins,Minnesota Twins
2010,A-PAD,AZL Padres,San Diego Padres
2010,A-RAN,AZL Rangers,Texas Rangers
2010,CAS,Casper Ghosts,Colorado Rockies
2010,A-ROY,AZL Royals,Kansas City Royals
2010,GRN,Greeneville Astros,Houston Astros
2010,PUL,Pulaski Mariners,Seattle Mariners
2010,DAN,Danville Braves,Atlanta Braves
2010,BRS,Bristol White Sox,Chicago White Sox
2010,HEL,Helena Brewers,Milwaukee Brewers
2010,JC,Johnson City Cardinals,St. Louis Cardinals
2010,V-RAY,VSL Rays,Tampa Bay Rays
2010,V-TIG,VSL Tigers,Detroit Tigers
2010,D-OR2,DSL Orioles 2,Baltimore Orioles
2010,IDF,Idaho Falls Chukars,Kansas City Royals
2010,ELZ,Elizabethton Twins,Minnesota Twins
2010,D-ME2,DSL Mets 2,New York Mets
2010,GTF,Great Falls Voyagers,Chicago White Sox
2010,PRN,Princeton Rays,Tampa Bay Rays
2010,D-RAY,DSL Rays,Tampa Bay Rays
2010,G-AST,GCL Astros,Houston Astros
2010,G-BRV,GCL Braves,Atlanta Braves
2010,A-IND,AZL Indians,Cleveland Indians
2010,G-NAT,GCL Nationals,Washington Nationals
2010,G-RAY,GCL Rays,Tampa Bay Rays
2010,G-MRL,GCL Marlins,Florida Marlins
2010,G-MET,GCL Mets,New York Mets
2010,G-PHI,GCL Phillies,Philadelphia Phillies
2010,G-PIR,GCL Pirates,Pittsburgh Pirates
2010,G-RSX,GCL Red Sox,Boston Red Sox
2010,G-ORI,GCL Orioles,Baltimore Orioles
2010,D-ANG,DSL Angels,Los Angeles Angels
2010,G-TIG,GCL Tigers,Detroit Tigers
2010,D-AST,DSL Astros,Houston Astros
2010,G-TWI,GCL Twins,Minnesota Twins
2010,G-CAR,GCL Cardinals,St. Louis Cardinals
2010,D-ATH,DSL Athletics,Oakland Athletics
2010,G-YAN,GCL Yankees,New York Yankees
2010,D-BLJ,DSL Blue Jays,Toronto Blue Jays
2010,D-BRV,DSL Braves,Atlanta Braves
2010,D-CU2,DSL Cubs 2,Chicago Cubs
2010,D-BRW,DSL Brewers,Milwaukee Brewers
2010,D-CAR,DSL Cardinals,St. Louis Cardinals
2010,D-CU1,DSL Cubs 1,Chicago Cubs
2010,D-DBA,DSL Diamondbacks,Arizona Diamondbacks
2010,BUR,Burlington Royals,Kansas City Royals
2010,D-DOD,DSL Dodgers,Los Angeles Dodgers
2010,A-RED,AZL Reds,Cincinnati Reds
2010,D-GIA,DSL Giants,San Francisco Giants
2010,D-IND,DSL Indians,Cleveland Indians
2010,D-MRN,DSL Mariners,Seattle Mariners
2010,D-MRL,DSL Marlins,Florida Marlins
2010,D-ME1,DSL Mets 1,New York Mets
2010,D-OR1,DSL Orioles 1,Baltimore Orioles
2010,G-BLU,GCL Blue Jays,Toronto Blue Jays
2010,D-PAD,DSL Padres,San Diego Padres
2010,D-PHI,DSL Phillies,Philadelphia Phillies
2010,D-PIR,DSL Pirates,Pittsburgh Pirates
2010,D-RNG,DSL Rangers,Texas Rangers
2010,D-RSX,DSL Red Sox,Boston Red Sox
2010,D-RED,DSL Reds,Cincinnati Reds
2010,D-RCK,DSL Rockies,Colorado Rockies
2010,D-NAT,DSL Nationals,Washington Nationals
2010,D-ROY,DSL Royals,Kansas City Royals
2010,D-TIG,DSL Tigers,Detroit Tigers
2010,D-TWI,DSL Twins,Minnesota Twins
2010,D-WSX,DSL White Sox,Chicago White Sox
2010,KNG,Kingsport Mets,New York Mets
2010,D-YA1,DSL Yankees 1,New York Yankees
2010,D-YA2,DSL Yankees 2,New York Yankees
2010,PDD,Phoenix Desert Dogs,Office of the Commissioner
2010,SUR,Surprise Rafters,Office of the Commissioner
2010,AGU,Aguilas Cibaenas,Office of the Commissioner
2010,TOR,Toros del Este,Office of the Commissioner
2010,EST,Estrellas de Oriente,Office of the Commissioner
2010,GIG,Gigantes del Cibao,Office of the Commissioner
2010,PES,Peoria Saguaros,Office of the Commissioner
2010,TDN,Tren del Norte,Office of the Commissioner
2010,ESC,Leones del Escogido,Office of the Commissioner
2010,ADE,Adelaide Bite,Office of the Commissioner
2010,LIC,Tigres del Licey,Office of the Commissioner
2010,SCO,Scottsdale Scorpions,Office of the Commissioner
2010,BRI,Brisbane Bandits,Office of the Commissioner
2010,MXC,Aguilas de Mexicali,Office of the Commissioner
2010,CAN,Canberra Cavalry,Office of the Commissioner
2010,GSV,Algodoneros de Guasave,Office of the Commissioner
2010,MEL,Melbourne Aces,Office of the Commissioner
2010,MOC,Caneros de los Mochis,Office of the Commissioner
2010,PER,Perth Heat,Office of the Commissioner
2010,NAV,Mayos de Navojoa,Office of the Commissioner
2010,SYD,Sydney Blue Sox,Office of the Commissioner
2010,HER,Naranjeros de Hermosillo,Office of the Commissioner
2010,CUL,Tomateros de Culiacan,Office of the Commissioner
2010,DR,Dominican Republic,Office of the Commissioner
2010,MAZ,Venados de Mazatlan,Office of the Commissioner
2010,MEX,Mexico,Office of the Commissioner
2010,OBR,Yaquis de Obregon,Office of the Commissioner
2010,VEN,Venezuela,Office of the Commissioner
2010,PEJ,Peoria Javelinas,Office of the Commissioner
2010,MSS,Mesa Solar Sox,Office of the Commissioner
2010,SAN,Cangrejeros de Santurce,Office of the Commissioner
2010,CAG,Criollos de Caguas,Office of the Commissioner
2010,CAR,Gigantes de Carolina,Office of the Commissioner
2010,MAY,Indios de Mayaguez,Office of the Commissioner
2010,PON,Leones de Ponce,Office of the Commissioner
2010,PUR,Puerto Rico,Office of the Commissioner
2010,ARE,Lobos de Arecibo,Office of the Commissioner
2010,ZUL,Aguilas del Zulia,Office of the Commissioner
2010,LAR,Cardenales de Lara,Office of the Commissioner
2010,ORI,Caribes de Anzoategui,Office of the Commissioner
2010,SJU,Senadores de San Juan,Office of the Commissioner
2010,CAR,Leones del Caracas,Office of the Commissioner
2010,MAG,Navegantes del Magallanes,Office of the Commissioner
2010,MAR,Bravos de Margarita,Office of the Commissioner
2010,LAG,Tiburones de La Guaira,Office of the Commissioner
2010,ARA,Tigres de Aragua,Office of the Commissioner
2011,TOL,Toledo Mud Hens,Detroit Tigers
2011,LHV,Lehigh Valley IronPigs,Philadelphia Phillies
2011,OAX,Guerreros de Oaxaca,Office of the Commissioner
2011,IOW,Iowa Cubs,Chicago Cubs
2011,FRE,Fresno Grizzlies,San Francisco Giants
2011,RNO,Reno Aces,Arizona Diamondbacks
2011,PUE,Pericos de Puebla,Office of the Commissioner
2011,CAM,Piratas de Campeche,Office of the Commissioner
2011,NEW,New Orleans Zephyrs,Florida Marlins
2011,LV,Las Vegas 51s,Toronto Blue Jays
2011,TAC,Tacoma Rainiers,Seattle Mariners
2011,SWB,Scranton/Wilkes-Barre Yankees,New York Yankees
2011,MEX,Diablos Rojos del Mexico,Office of the Commissioner
2011,PAW,Pawtucket Red Sox,Boston Red Sox
2011,ABQ,Albuquerque Isotopes,Los Angeles Dodgers
2011,ROC,Rochester Red Wings,Minnesota Twins
2011,VER,Rojos del Aguila de Veracruz,Office of the Commissioner
2011,OMA,Omaha Storm Chasers,Kansas City Royals
2011,LOU,Louisville Bats,Cincinnati Reds
2011,IND,Indianapolis Indians,Pittsburgh Pirates
2011,TUC,Tucson Padres,San Diego Padres
2011,RR,Round Rock Express,Texas Rangers
2011,BUF,Buffalo Bisons,New York Mets
2011,COL,Colorado Springs Sky Sox,Colorado Rockies
2011,SYR,Syracuse Chiefs,Washington Nationals
2011,SAC,Sacramento River Cats,Oakland Athletics
2011,DUR,Durham Bulls,Tampa Bay Rays
2011,MEM,Memphis Redbirds,St. Louis Cardinals
2011,NAS,Nashville Sounds,Milwaukee Brewers
2011,CLT,Charlotte Knights,Chicago White Sox
2011,OKC,Oklahoma City RedHawks,Houston Astros
2011,GWN,Gwinnett Braves,Atlanta Braves
2011,YUC,Leones de Yucatan,Office of the Commissioner
2011,MVA,Acereros del Norte,Office of the Commissioner
2011,SL,Salt Lake Bees,Los Angeles Angels
2011,MTY,Sultanes de Monterrey,Office of the Commissioner
2011,REY,Broncos de Reynosa,Office of the Commissioner
2011,SLT,Saraperos de Saltillo,Office of the Commissioner
2011,NOR,Norfolk Tides,Baltimore Orioles
2011,TIG,Tigres de Quintana Roo,Office of the Commissioner
2011,MIN,Petroleros de Minatitlan,Office of the Commissioner
2011,TAB,Olmecas de Tabasco,Office of the Commissioner
2011,COL,Columbus Clippers,Cleveland Indians
2011,LAG,Vaqueros de la Laguna,Office of the Commissioner
2011,ALT,Altoona Curve,Pittsburgh Pirates
2011,TUL,Tulsa Drillers,Colorado Rockies
2011,NWA,Northwest Arkansas Naturals,Kansas City Royals
2011,REA,Reading Phillies,Philadelphia Phillies
2011,NH,New Hampshire Fisher Cats,Toronto Blue Jays
2011,RIC,Richmond Flying Squirrels,San Francisco Giants
2011,AKR,Akron Aeros,Cleveland Indians
2011,NBR,New Britain Rock Cats,Minnesota Twins
2011,FRI,Frisco RoughRiders,Texas Rangers
2011,MOB,Mobile BayBears,Arizona Diamondbacks
2011,POR,Portland Sea Dogs,Boston Red Sox
2011,CC,Corpus Christi Hooks,Houston Astros
2011,BOW,Bowie Baysox,Baltimore Orioles
2011,HBG,Harrisburg Senators,Washington Nationals
2011,MTG,Montgomery Biscuits,Tampa Bay Rays
2011,JXN,Jackson Generals,Seattle Mariners
2011,TNS,Tennessee Smokies,Chicago Cubs
2011,ERI,Erie SeaWolves,Detroit Tigers
2011,MID,Midland RockHounds,Oakland Athletics
2011,MIS,Mississippi Braves,Atlanta Braves
2011,HVL,Huntsville Stars,Milwaukee Brewers
2011,CHA,Chattanooga Lookouts,Los Angeles Dodgers
2011,JAX,Jacksonville Suns,Florida Marlins
2011,TRN,Trenton Thunder,New York Yankees
2011,BIR,Birmingham Barons,Chicago White Sox
2011,SPR,Springfield Cardinals,St. Louis Cardinals
2011,BNG,Binghamton Mets,New York Mets
2011,CAR,Carolina Mudcats,Cincinnati Reds
2011,ARK,Arkansas Travelers,Los Angeles Angels
2011,SA,San Antonio Missions,San Diego Padres
2011,DAY,Daytona Cubs,Chicago Cubs
2011,MOD,Modesto Nuts,Colorado Rockies
2011,WS,Winston-Salem Dash,Chicago White Sox
2011,VIS,Visalia Rawhide,Arizona Diamondbacks
2011,MB,Myrtle Beach Pelicans,Texas Rangers
2011,TAM,Tampa Yankees,New York Yankees
2011,STK,Stockton Ports,Oakland Athletics
2011,RC,Rancho Cucamonga Quakes,Los Angeles Dodgers
2011,IE,Inland Empire 66ers,Los Angeles Angels
2011,PMB,Palm Beach Cardinals,St. Louis Cardinals
2011,SJ,San Jose Giants,San Francisco Giants
2011,SAL,Salem Red Sox,Boston Red Sox
2011,JUP,Jupiter Hammerheads,Florida Marlins
2011,LYN,Lynchburg Hillcats,Atlanta Braves
2011,KIN,Kinston Indians,Cleveland Indians
2011,BAK,Bakersfield Blaze,Cincinnati Reds
2011,LE,Lake Elsinore Storm,San Diego Padres
2011,DUN,Dunedin Blue Jays,Toronto Blue Jays
2011,CHA,Charlotte Stone Crabs,Tampa Bay Rays
2011,WIL,Wilmington Blue Rocks,Kansas City Royals
2011,LAN,Lancaster JetHawks,Houston Astros
2011,FRE,Frederick Keys,Baltimore Orioles
2011,POT,Potomac Nationals,Washington Nationals
2011,CLR,Clearwater Threshers,Philadelphia Phillies
2011,BRV,Brevard County Manatees,Milwaukee Brewers
2011,HD,High Desert Mavericks,Seattle Mariners
2011,LAK,Lakeland Flying Tigers,Detroit Tigers
2011,SLU,St. Lucie Mets,New York Mets
2011,FTM,Fort Myers Miracle,Minnesota Twins
2011,BRD,Bradenton Marauders,Pittsburgh Pirates
2011,HIC,Hickory Crawdads,Texas Rangers
2011,BG,Bowling Green Hot Rods,Tampa Bay Rays
2011,WM,West Michigan Whitecaps,Detroit Tigers
2011,FW,Fort Wayne TinCaps,San Diego Padres
2011,GL,Great Lakes Loons,Los Angeles Dodgers
2011,DAY,Dayton Dragons,Cincinnati Reds
2011,WV,West Virginia Power,Pittsburgh Pirates
2011,GBO,Greensboro Grasshoppers,Florida Marlins
2011,AUG,Augusta GreenJackets,San Francisco Giants
2011,SAV,Savannah Sand Gnats,New York Mets
2011,DEL,Delmarva Shorebirds,Baltimore Orioles
2011,BUR,Burlington Bees,Oakland Athletics
2011,SB,South Bend Silver Hawks,Arizona Diamondbacks
2011,KAN,Kannapolis Intimidators,Chicago White Sox
2011,CHS,Charleston RiverDogs,New York Yankees
2011,BEL,Beloit Snappers,Minnesota Twins
2011,LWD,Lakewood BlueClaws,Philadelphia Phillies
2011,CR,Cedar Rapids Kernels,Los Angeles Angels
2011,GVL,Greenville Drive,Boston Red Sox
2011,LEX,Lexington Legends,Houston Astros
2011,ROM,Rome Braves,Atlanta Braves
2011,HAG,Hagerstown Suns,Washington Nationals
2011,LAN,Lansing Lugnuts,Toronto Blue Jays
2011,CLI,Clinton LumberKings,Seattle Mariners
2011,QC,Quad Cities River Bandits,St. Louis Cardinals
2011,LC,Lake County Captains,Cleveland Indians
2011,PEO,Peoria Chiefs,Chicago Cubs
2011,WIS,Wisconsin Timber Rattlers,Milwaukee Brewers
2011,ASH,Asheville Tourists,Colorado Rockies
2011,KC,Kane County Cougars,Kansas City Royals
2011,BOI,Boise Hawks,Chicago Cubs
2011,MV,Mahoning Valley Scrappers,Cleveland Indians
2011,TRI,Tri-City ValleyCats,Houston Astros
2011,WIL,Williamsport Crosscutters,Philadelphia Phillies
2011,SK,Salem-Keizer Volcanoes,San Francisco Giants
2011,YAK,Yakima Bears,Arizona Diamondbacks
2011,BRK,Brooklyn Cyclones,New York Mets
2011,SPO,Spokane Indians,Texas Rangers
2011,ABD,Aberdeen IronBirds,Baltimore Orioles
2011,JAM,Jamestown Jammers,Florida Marlins
2011,SI,Staten Island Yankees,New York Yankees
2011,AUB,Auburn Doubledays,Washington Nationals
2011,TRI,Tri-City Dust Devils,Colorado Rockies
2011,EUG,Eugene Emeralds,San Diego Padres
2011,LOW,Lowell Spinners,Boston Red Sox
2011,VER,Vermont Lake Monsters,Oakland Athletics
2011,VAN,Vancouver Canadians,Toronto Blue Jays
2011,EVE,Everett AquaSox,Seattle Mariners
2011,SC,State College Spikes,Pittsburgh Pirates
2011,HV,Hudson Valley Renegades,Tampa Bay Rays
2011,CT,Connecticut Tigers,Detroit Tigers
2011,BAT,Batavia Muckdogs,St. Louis Cardinals
2011,BIL,Billings Mustangs,Cincinnati Reds
2011,A-DOD,AZL Dodgers,Los Angeles Dodgers
2011,BLU,Bluefield Blue Jays,Toronto Blue Jays
2011,MIS,Missoula Osprey,Arizona Diamondbacks
2011,ORM,Orem Owlz,Los Angeles Angels
2011,V-BLU,VSL Blue Jays,Toronto Blue Jays
2011,V-BRW,VSL Brewers,Milwaukee Brewers
2011,V-CUB,VSL Cubs,Chicago Cubs
2011,V-DOD,VSL Dodgers,Los Angeles Dodgers
2011,V-NAT,VSL Nationals,Washington Nationals
2011,V-IND,VSL Indians,Cleveland Indians
2011,V-MRN,VSL Mariners,Seattle Mariners
2011,V-MRL,VSL Marlins,Florida Marlins
2011,OGD,Ogden Raptors,Los Angeles Dodgers
2011,V-PAD,VSL Padres,San Diego Padres
2011,A-ANG,AZL Angels,Los Angeles Angels
2011,V-PHI,VSL Phillies,Philadelphia Phillies
2011,A-ATH,AZL Athletics,Oakland Athletics
2011,V-PIR,VSL Pirates,Pittsburgh Pirates
2011,A-BRW,AZL Brewers,Milwaukee Brewers
2011,V-RSX,VSL Red Sox,Boston Red Sox
2011,A-CUB,AZL Cubs,Chicago Cubs
2011,V-RED,VSL Reds,Cincinnati Reds
2011,A-GIA,AZL Giants,San Francisco Giants
2011,V-RCK,VSL Rockies,Colorado Rockies
2011,A-MRN,AZL Mariners,Seattle Mariners
2011,V-TWI,VSL Twins,Minnesota Twins
2011,A-PAD,AZL Padres,San Diego Padres
2011,A-RAN,AZL Rangers,Texas Rangers
2011,CAS,Casper Ghosts,Colorado Rockies
2011,A-ROY,AZL Royals,Kansas City Royals
2011,GRN,Greeneville Astros,Houston Astros
2011,PUL,Pulaski Mariners,Seattle Mariners
2011,DAN,Danville Braves,Atlanta Braves
2011,BRS,Bristol White Sox,Chicago White Sox
2011,HEL,Helena Brewers,Milwaukee Brewers
2011,JC,Johnson City Cardinals,St. Louis Cardinals
2011,V-RAY,VSL Rays,Tampa Bay Rays
2011,V-TIG,VSL Tigers,Detroit Tigers
2011,D-OR2,DSL Orioles 2,Baltimore Orioles
2011,IDF,Idaho Falls Chukars,Kansas City Royals
2011,ELZ,Elizabethton Twins,Minnesota Twins
2011,D-ME2,DSL Mets 2,New York Mets
2011,GTF,Great Falls Voyagers,Chicago White Sox
2011,A-DBA,ACL D-backs,Arizona Diamondbacks
2011,PRN,Princeton Rays,Tampa Bay Rays
2011,D-RAY,DSL Rays,Tampa Bay Rays
2011,G-AST,GCL Astros,Houston Astros
2011,G-BRV,GCL Braves,Atlanta Braves
2011,A-IND,AZL Indians,Cleveland Indians
2011,G-NAT,GCL Nationals,Washington Nationals
2011,G-RAY,GCL Rays,Tampa Bay Rays
2011,G-MRL,GCL Marlins,Florida Marlins
2011,G-MET,GCL Mets,New York Mets
2011,G-PHI,GCL Phillies,Philadelphia Phillies
2011,G-PIR,GCL Pirates,Pittsburgh Pirates
2011,G-RSX,GCL Red Sox,Boston Red Sox
2011,G-ORI,GCL Orioles,Baltimore Orioles
2011,D-ANG,DSL Angels,Los Angeles Angels
2011,G-TIG,GCL Tigers,Detroit Tigers
2011,D-AST,DSL Astros,Houston Astros
2011,G-TWI,GCL Twins,Minnesota Twins
2011,G-CAR,GCL Cardinals,St. Louis Cardinals
2011,D-ATH,DSL Athletics,Oakland Athletics
2011,G-YAN,GCL Yankees,New York Yankees
2011,D-BLJ,DSL Blue Jays,Toronto Blue Jays
2011,D-BRV,DSL Braves,Atlanta Braves
2011,D-CU2,DSL Cubs 2,Chicago Cubs
2011,D-BRW,DSL Brewers,Milwaukee Brewers
2011,D-CAR,DSL Cardinals,St. Louis Cardinals
2011,D-CU1,DSL Cubs 1,Chicago Cubs
2011,D-DBA,DSL Diamondbacks,Arizona Diamondbacks
2011,BUR,Burlington Royals,Kansas City Royals
2011,D-DOD,DSL Dodgers,Los Angeles Dodgers
2011,A-RED,AZL Reds,Cincinnati Reds
2011,D-GIA,DSL Giants,San Francisco Giants
2011,D-IND,DSL Indians,Cleveland Indians
2011,D-MRN,DSL Mariners,Seattle Mariners
2011,D-MRL,DSL Marlins,Florida Marlins
2011,D-ME1,DSL Mets 1,New York Mets
2011,D-ORI,DSL Orioles,Baltimore Orioles
2011,G-BLU,GCL Blue Jays,Toronto Blue Jays
2011,D-PAD,DSL Padres,San Diego Padres
2011,D-PHI,DSL Phillies,Philadelphia Phillies
2011,D-PIR,DSL Pirates,Pittsburgh Pirates
2011,D-RNG,DSL Rangers,Texas Rangers
2011,D-RSX,DSL Red Sox,Boston Red Sox
2011,D-RED,DSL Reds,Cincinnati Reds
2011,D-RCK,DSL Rockies,Colorado Rockies
2011,D-NAT,DSL Nationals,Washington Nationals
2011,D-ROY,DSL Royals,Kansas City Royals
2011,D-TIG,DSL Tigers,Detroit Tigers
2011,D-TWI,DSL Twins,Minnesota Twins
2011,D-WSX,DSL White Sox,Chicago White Sox
2011,KNG,Kingsport Mets,New York Mets
2011,D-YA1,DSL Yankees 1,New York Yankees
2011,D-YA2,DSL Yankees 2,New York Yankees
2011,PDD,Phoenix Desert Dogs,Office of the Commissioner
2011,SRR,Salt River Rafters,Office of the Commissioner
2011,AGU,Aguilas Cibaenas,Office of the Commissioner
2011,TOR,Toros del Este,Office of the Commissioner
2011,EST,Estrellas de Oriente,Office of the Commissioner
2011,GIG,Gigantes del Cibao,Office of the Commissioner
2011,SUR,Surprise Saguaros,Office of the Commissioner
2011,TDN,Tren del Norte,Office of the Commissioner
2011,ESC,Leones del Escogido,Office of the Commissioner
2011,ADE,Adelaide Bite,Office of the Commissioner
2011,LIC,Tigres del Licey,Office of the Commissioner
2011,SCO,Scottsdale Scorpions,Office of the Commissioner
2011,BRI,Brisbane Bandits,Office of the Commissioner
2011,MXC,Aguilas de Mexicali,Office of the Commissioner
2011,CAN,Canberra Cavalry,Office of the Commissioner
2011,GSV,Algodoneros de Guasave,Office of the Commissioner
2011,MEL,Melbourne Aces,Office of the Commissioner
2011,MOC,Caneros de los Mochis,Office of the Commissioner
2011,PER,Perth Heat,Office of the Commissioner
2011,NAV,Mayos de Navojoa,Office of the Commissioner
2011,SYD,Sydney Blue Sox,Office of the Commissioner
2011,HER,Naranjeros de Hermosillo,Office of the Commissioner
2011,CUL,Tomateros de Culiacan,Office of the Commissioner
2011,DR,Dominican Republic,Office of the Commissioner
2011,MAZ,Venados de Mazatlan,Office of the Commissioner
2011,MEX,Mexico,Office of the Commissioner
2011,OBR,Yaquis de Obregon,Office of the Commissioner
2011,VEN,Venezuela,Office of the Commissioner
2011,PEJ,Peoria Javelinas,Office of the Commissioner
2011,MSS,Mesa Solar Sox,Office of the Commissioner
2011,SAN,Cangrejeros de Santurce,Office of the Commissioner
2011,CAG,Criollos de Caguas,Office of the Commissioner
2011,CAR,Gigantes de Carolina,Office of the Commissioner
2011,MAY,Indios de Mayaguez,Office of the Commissioner
2011,PON,Leones de Ponce,Office of the Commissioner
2011,PUR,Puerto Rico,Office of the Commissioner
2011,ZUL,Aguilas del Zulia,Office of the Commissioner
2011,LAR,Cardenales de Lara,Office of the Commissioner
2011,ORI,Caribes de Anzoategui,Office of the Commissioner
2011,CAR,Leones del Caracas,Office of the Commissioner
2011,MAG,Navegantes del Magallanes,Office of the Commissioner
2011,MAR,Bravos de Margarita,Office of the Commissioner
2011,LAG,Tiburones de La Guaira,Office of the Commissioner
2011,ARA,Tigres de Aragua,Office of the Commissioner
2012,TOL,Toledo Mud Hens,Detroit Tigers
2012,LHV,Lehigh Valley IronPigs,Philadelphia Phillies
2012,OAX,Guerreros de Oaxaca,Office of the Commissioner
2012,IOW,Iowa Cubs,Chicago Cubs
2012,FRE,Fresno Grizzlies,San Francisco Giants
2012,RNO,Reno Aces,Arizona Diamondbacks
2012,PUE,Pericos de Puebla,Office of the Commissioner
2012,CAM,Piratas de Campeche,Office of the Commissioner
2012,NEW,New Orleans Zephyrs,Miami Marlins
2012,AGS,Rieleros de Aguascalientes,Office of the Commissioner
2012,LV,Las Vegas 51s,Toronto Blue Jays
2012,TAC,Tacoma Rainiers,Seattle Mariners
2012,SWB,Scranton/Wilkes-Barre Yankees,New York Yankees
2012,MEX,Diablos Rojos del Mexico,Office of the Commissioner
2012,PAW,Pawtucket Red Sox,Boston Red Sox
2012,ABQ,Albuquerque Isotopes,Los Angeles Dodgers
2012,ROC,Rochester Red Wings,Minnesota Twins
2012,VER,Rojos del Aguila de Veracruz,Office of the Commissioner
2012,CDC,Delfines de Ciudad del Carmen,Office of the Commissioner
2012,OMA,Omaha Storm Chasers,Kansas City Royals
2012,LOU,Louisville Bats,Cincinnati Reds
2012,IND,Indianapolis Indians,Pittsburgh Pirates
2012,TUC,Tucson Padres,San Diego Padres
2012,RR,Round Rock Express,Texas Rangers
2012,BUF,Buffalo Bisons,New York Mets
2012,COL,Colorado Springs Sky Sox,Colorado Rockies
2012,SYR,Syracuse Chiefs,Washington Nationals
2012,SAC,Sacramento River Cats,Oakland Athletics
2012,DUR,Durham Bulls,Tampa Bay Rays
2012,MEM,Memphis Redbirds,St. Louis Cardinals
2012,NAS,Nashville Sounds,Milwaukee Brewers
2012,CLT,Charlotte Knights,Chicago White Sox
2012,OKC,Oklahoma City RedHawks,Houston Astros
2012,GWN,Gwinnett Braves,Atlanta Braves
2012,YUC,Leones de Yucatan,Office of the Commissioner
2012,MVA,Acereros del Norte,Office of the Commissioner
2012,SL,Salt Lake Bees,Los Angeles Angels
2012,MTY,Sultanes de Monterrey,Office of the Commissioner
2012,REY,Broncos de Reynosa,Office of the Commissioner
2012,SLT,Saraperos de Saltillo,Office of the Commissioner
2012,NOR,Norfolk Tides,Baltimore Orioles
2012,TIG,Tigres de Quintana Roo,Office of the Commissioner
2012,MIN,Petroleros de Minatitlan,Office of the Commissioner
2012,TAB,Olmecas de Tabasco,Office of the Commissioner
2012,COL,Columbus Clippers,Cleveland Indians
2012,LAG,Vaqueros de la Laguna,Office of the Commissioner
2012,ALT,Altoona Curve,Pittsburgh Pirates
2012,TUL,Tulsa Drillers,Colorado Rockies
2012,NWA,Northwest Arkansas Naturals,Kansas City Royals
2012,REA,Reading Phillies,Philadelphia Phillies
2012,NH,New Hampshire Fisher Cats,Toronto Blue Jays
2012,AKR,Akron Aeros,Cleveland Indians
2012,RIC,Richmond Flying Squirrels,San Francisco Giants
2012,NBR,New Britain Rock Cats,Minnesota Twins
2012,PNS,Pensacola Blue Wahoos,Cincinnati Reds
2012,FRI,Frisco RoughRiders,Texas Rangers
2012,MOB,Mobile BayBears,Arizona Diamondbacks
2012,CC,Corpus Christi Hooks,Houston Astros
2012,BOW,Bowie Baysox,Baltimore Orioles
2012,POR,Portland Sea Dogs,Boston Red Sox
2012,HBG,Harrisburg Senators,Washington Nationals
2012,MTG,Montgomery Biscuits,Tampa Bay Rays
2012,JXN,Jackson Generals,Seattle Mariners
2012,TNS,Tennessee Smokies,Chicago Cubs
2012,ERI,Erie SeaWolves,Detroit Tigers
2012,MID,Midland RockHounds,Oakland Athletics
2012,MIS,Mississippi Braves,Atlanta Braves
2012,HVL,Huntsville Stars,Milwaukee Brewers
2012,CHA,Chattanooga Lookouts,Los Angeles Dodgers
2012,JAX,Jacksonville Suns,Miami Marlins
2012,BIR,Birmingham Barons,Chicago White Sox
2012,TRN,Trenton Thunder,New York Yankees
2012,SPR,Springfield Cardinals,St. Louis Cardinals
2012,BNG,Binghamton Mets,New York Mets
2012,SA,San Antonio Missions,San Diego Padres
2012,ARK,Arkansas Travelers,Los Angeles Angels
2012,DAY,Daytona Cubs,Chicago Cubs
2012,MOD,Modesto Nuts,Colorado Rockies
2012,WS,Winston-Salem Dash,Chicago White Sox
2012,VIS,Visalia Rawhide,Arizona Diamondbacks
2012,MB,Myrtle Beach Pelicans,Texas Rangers
2012,TAM,Tampa Yankees,New York Yankees
2012,STK,Stockton Ports,Oakland Athletics
2012,RC,Rancho Cucamonga Quakes,Los Angeles Dodgers
2012,IE,Inland Empire 66ers,Los Angeles Angels
2012,PMB,Palm Beach Cardinals,St. Louis Cardinals
2012,SJ,San Jose Giants,San Francisco Giants
2012,SAL,Salem Red Sox,Boston Red Sox
2012,JUP,Jupiter Hammerheads,Miami Marlins
2012,LYN,Lynchburg Hillcats,Atlanta Braves
2012,BAK,Bakersfield Blaze,Cincinnati Reds
2012,LE,Lake Elsinore Storm,San Diego Padres
2012,DUN,Dunedin Blue Jays,Toronto Blue Jays
2012,CHA,Charlotte Stone Crabs,Tampa Bay Rays
2012,WIL,Wilmington Blue Rocks,Kansas City Royals
2012,LAN,Lancaster JetHawks,Houston Astros
2012,FRE,Frederick Keys,Baltimore Orioles
2012,POT,Potomac Nationals,Washington Nationals
2012,CLR,Clearwater Threshers,Philadelphia Phillies
2012,BRV,Brevard County Manatees,Milwaukee Brewers
2012,HD,High Desert Mavericks,Seattle Mariners
2012,CAR,Carolina Mudcats,Cleveland Indians
2012,LAK,Lakeland Flying Tigers,Detroit Tigers
2012,SLU,St. Lucie Mets,New York Mets
2012,FTM,Fort Myers Miracle,Minnesota Twins
2012,BRD,Bradenton Marauders,Pittsburgh Pirates
2012,HIC,Hickory Crawdads,Texas Rangers
2012,BG,Bowling Green Hot Rods,Tampa Bay Rays
2012,WM,West Michigan Whitecaps,Detroit Tigers
2012,GL,Great Lakes Loons,Los Angeles Dodgers
2012,FW,Fort Wayne TinCaps,San Diego Padres
2012,DAY,Dayton Dragons,Cincinnati Reds
2012,WV,West Virginia Power,Pittsburgh Pirates
2012,GBO,Greensboro Grasshoppers,Miami Marlins
2012,AUG,Augusta GreenJackets,San Francisco Giants
2012,SAV,Savannah Sand Gnats,New York Mets
2012,BUR,Burlington Bees,Oakland Athletics
2012,DEL,Delmarva Shorebirds,Baltimore Orioles
2012,SB,South Bend Silver Hawks,Arizona Diamondbacks
2012,KAN,Kannapolis Intimidators,Chicago White Sox
2012,CHS,Charleston RiverDogs,New York Yankees
2012,BEL,Beloit Snappers,Minnesota Twins
2012,LWD,Lakewood BlueClaws,Philadelphia Phillies
2012,CR,Cedar Rapids Kernels,Los Angeles Angels
2012,GVL,Greenville Drive,Boston Red Sox
2012,LEX,Lexington Legends,Houston Astros
2012,ROM,Rome Braves,Atlanta Braves
2012,LAN,Lansing Lugnuts,Toronto Blue Jays
2012,HAG,Hagerstown Suns,Washington Nationals
2012,CLI,Clinton LumberKings,Seattle Mariners
2012,LC,Lake County Captains,Cleveland Indians
2012,QC,Quad Cities River Bandits,St. Louis Cardinals
2012,PEO,Peoria Chiefs,Chicago Cubs
2012,WIS,Wisconsin Timber Rattlers,Milwaukee Brewers
2012,ASH,Asheville Tourists,Colorado Rockies
2012,KC,Kane County Cougars,Kansas City Royals
2012,BOI,Boise Hawks,Chicago Cubs
2012,MV,Mahoning Valley Scrappers,Cleveland Indians
2012,WIL,Williamsport Crosscutters,Philadelphia Phillies
2012,TRI,Tri-City ValleyCats,Houston Astros
2012,SK,Salem-Keizer Volcanoes,San Francisco Giants
2012,YAK,Yakima Bears,Arizona Diamondbacks
2012,BRK,Brooklyn Cyclones,New York Mets
2012,SPO,Spokane Indians,Texas Rangers
2012,ABD,Aberdeen IronBirds,Baltimore Orioles
2012,JAM,Jamestown Jammers,Miami Marlins
2012,AUB,Auburn Doubledays,Washington Nationals
2012,SI,Staten Island Yankees,New York Yankees
2012,TRI,Tri-City Dust Devils,Colorado Rockies
2012,EUG,Eugene Emeralds,San Diego Padres
2012,LOW,Lowell Spinners,Boston Red Sox
2012,VER,Vermont Lake Monsters,Oakland Athletics
2012,VAN,Vancouver Canadians,Toronto Blue Jays
2012,EVE,Everett AquaSox,Seattle Mariners
2012,SC,State College Spikes,Pittsburgh Pirates
2012,HV,Hudson Valley Renegades,Tampa Bay Rays
2012,CT,Connecticut Tigers,Detroit Tigers
2012,BAT,Batavia Muckdogs,St. Louis Cardinals
2012,BIL,Billings Mustangs,Cincinnati Reds
2012,A-DOD,AZL Dodgers,Los Angeles Dodgers
2012,BLU,Bluefield Blue Jays,Toronto Blue Jays
2012,MIS,Missoula Osprey,Arizona Diamondbacks
2012,ORM,Orem Owlz,Los Angeles Angels
2012,V-BLU,VSL Blue Jays,Toronto Blue Jays
2012,V-BRW,VSL Brewers,Milwaukee Brewers
2012,V-CUB,VSL Cubs,Chicago Cubs
2012,GJ,Grand Junction Rockies,Colorado Rockies
2012,V-DOD,VSL Dodgers,Los Angeles Dodgers
2012,V-NAT,VSL Nationals,Washington Nationals
2012,V-IND,VSL Indians,Cleveland Indians
2012,V-MRN,VSL Mariners,Seattle Mariners
2012,V-MRL,VSL Marlins,Miami Marlins
2012,OGD,Ogden Raptors,Los Angeles Dodgers
2012,V-PAD,VSL Padres,San Diego Padres
2012,A-ANG,AZL Angels,Los Angeles Angels
2012,V-PHI,VSL Phillies,Philadelphia Phillies
2012,A-ATH,AZL Athletics,Oakland Athletics
2012,A-BRW,AZL Brewers,Milwaukee Brewers
2012,V-RSX,VSL Red Sox,Boston Red Sox
2012,A-CUB,AZL Cubs,Chicago Cubs
2012,A-GIA,AZL Giants,San Francisco Giants
2012,V-RCK,VSL Rockies,Colorado Rockies
2012,A-MRN,AZL Mariners,Seattle Mariners
2012,V-TWI,VSL Twins,Minnesota Twins
2012,A-PAD,AZL Padres,San Diego Padres
2012,A-RAN,AZL Rangers,Texas Rangers
2012,A-ROY,AZL Royals,Kansas City Royals
2012,GRN,Greeneville Astros,Houston Astros
2012,PUL,Pulaski Mariners,Seattle Mariners
2012,DAN,Danville Braves,Atlanta Braves
2012,BRS,Bristol White Sox,Chicago White Sox
2012,HEL,Helena Brewers,Milwaukee Brewers
2012,D-PI2,DSL Pirates 2,Pittsburgh Pirates
2012,JC,Johnson City Cardinals,St. Louis Cardinals
2012,V-RAY,VSL Rays,Tampa Bay Rays
2012,V-TIG,VSL Tigers,Detroit Tigers
2012,D-OR2,DSL Orioles 2,Baltimore Orioles
2012,IDF,Idaho Falls Chukars,Kansas City Royals
2012,ELZ,Elizabethton Twins,Minnesota Twins
2012,D-ME2,DSL Mets 2,New York Mets
2012,GTF,Great Falls Voyagers,Chicago White Sox
2012,A-DBA,ACL D-backs,Arizona Diamondbacks
2012,PRN,Princeton Rays,Tampa Bay Rays
2012,D-RAY,DSL Rays,Tampa Bay Rays
2012,G-AST,GCL Astros,Houston Astros
2012,G-BRV,GCL Braves,Atlanta Braves
2012,A-IND,AZL Indians,Cleveland Indians
2012,G-NAT,GCL Nationals,Washington Nationals
2012,G-RAY,GCL Rays,Tampa Bay Rays
2012,G-MRL,GCL Marlins,Miami Marlins
2012,G-MET,GCL Mets,New York Mets
2012,G-PHI,GCL Phillies,Philadelphia Phillies
2012,G-PIR,GCL Pirates,Pittsburgh Pirates
2012,G-RSX,GCL Red Sox,Boston Red Sox
2012,G-ORI,GCL Orioles,Baltimore Orioles
2012,D-ANG,DSL Angels,Los Angeles Angels
2012,G-TIG,GCL Tigers,Detroit Tigers
2012,D-AST,DSL Astros,Houston Astros
2012,G-TWI,GCL Twins,Minnesota Twins
2012,G-CAR,GCL Cardinals,St. Louis Cardinals
2012,D-ATH,DSL Athletics,Oakland Athletics
2012,G-YAN,GCL Yankees,New York Yankees
2012,D-BLJ,DSL Blue Jays,Toronto Blue Jays
2012,D-BRV,DSL Braves,Atlanta Braves
2012,D-CU2,DSL Cubs 2,Chicago Cubs
2012,D-BRW,DSL Brewers,Milwaukee Brewers
2012,D-CAR,DSL Cardinals,St. Louis Cardinals
2012,D-CU1,DSL Cubs 1,Chicago Cubs
2012,D-DBA,DSL D-backs,Arizona Diamondbacks
2012,BUR,Burlington Royals,Kansas City Royals
2012,D-DOD,DSL Dodgers,Los Angeles Dodgers
2012,A-RED,AZL Reds,Cincinnati Reds
2012,D-GIA,DSL Giants,San Francisco Giants
2012,D-IND,DSL Indians,Cleveland Indians
2012,D-MRN,DSL Mariners,Seattle Mariners
2012,D-MRL,DSL Marlins,Miami Marlins
2012,D-ME1,DSL Mets 1,New York Mets
2012,D-ORI,DSL Orioles,Baltimore Orioles
2012,G-BLU,GCL Blue Jays,Toronto Blue Jays
2012,D-PAD,DSL Padres,San Diego Padres
2012,D-PHI,DSL Phillies,Philadelphia Phillies
2012,D-PI1,DSL Pirates 1,Pittsburgh Pirates
2012,D-RNG,DSL Rangers,Texas Rangers
2012,D-RSX,DSL Red Sox,Boston Red Sox
2012,D-RED,DSL Reds,Cincinnati Reds
2012,D-RCK,DSL Rockies,Colorado Rockies
2012,D-NAT,DSL Nationals,Washington Nationals
2012,D-ROY,DSL Royals,Kansas City Royals
2012,D-TIG,DSL Tigers,Detroit Tigers
2012,D-TWI,DSL Twins,Minnesota Twins
2012,D-WSX,DSL White Sox,Chicago White Sox
2012,KNG,Kingsport Mets,New York Mets
2012,D-YA1,DSL Yankees 1,New York Yankees
2012,D-YA2,DSL Yankees 2,New York Yankees
2012,PDD,Phoenix Desert Dogs,Office of the Commissioner
2012,SRR,Salt River Rafters,Office of the Commissioner
2012,AGU,Aguilas Cibaenas,Office of the Commissioner
2012,TOR,Toros del Este,Office of the Commissioner
2012,EST,Estrellas de Oriente,Office of the Commissioner
2012,GIG,Gigantes del Cibao,Office of the Commissioner
2012,SUR,Surprise Saguaros,Office of the Commissioner
2012,TDN,Tren del Norte,Office of the Commissioner
2012,ESC,Leones del Escogido,Office of the Commissioner
2012,ADE,Adelaide Bite,Office of the Commissioner
2012,LIC,Tigres del Licey,Office of the Commissioner
2012,SCO,Scottsdale Scorpions,Office of the Commissioner
2012,BRI,Brisbane Bandits,Office of the Commissioner
2012,MXC,Aguilas de Mexicali,Office of the Commissioner
2012,CAN,Canberra Cavalry,Office of the Commissioner
2012,GSV,Algodoneros de Guasave,Office of the Commissioner
2012,MEL,Melbourne Aces,Office of the Commissioner
2012,MOC,Caneros de los Mochis,Office of the Commissioner
2012,PER,Perth Heat,Office of the Commissioner
2012,MAN,Atenienses de Manati,Office of the Commissioner
2012,NAV,Mayos de Navojoa,Office of the Commissioner
2012,SYD,Sydney Blue Sox,Office of the Commissioner
2012,HER,Naranjeros de Hermosillo,Office of the Commissioner
2012,CUL,Tomateros de Culiacan,Office of the Commissioner
2012,DR,Dominican Republic,Office of the Commissioner
2012,MAZ,Venados de Mazatlan,Office of the Commissioner
2012,MEX,Mexico,Office of the Commissioner
2012,OBR,Yaquis de Obregon,Office of the Commissioner
2012,VEN,Venezuela,Office of the Commissioner
2012,PEJ,Peoria Javelinas,Office of the Commissioner
2012,MSS,Mesa Solar Sox,Office of the Commissioner
2012,SAN,Cangrejeros de Santurce,Office of the Commissioner
2012,CAG,Criollos de Caguas,Office of the Commissioner
2012,CAR,Gigantes de Carolina,Office of the Commissioner
2012,MAY,Indios de Mayaguez,Office of the Commissioner
2012,PON,Leones de Ponce,Office of the Commissioner
2012,PUR,Puerto Rico,Office of the Commissioner
2012,ZUL,Aguilas del Zulia,Office of the Commissioner
2012,LAR,Cardenales de Lara,Office of the Commissioner
2012,ORI,Caribes de Anzoategui,Office of the Commissioner
2012,CAR,Leones del Caracas,Office of the Commissioner
2012,MAG,Navegantes del Magallanes,Office of the Commissioner
2012,MAR,Bravos de Margarita,Office of the Commissioner
2012,LAG,Tiburones de La Guaira,Office of the Commissioner
2012,ARA,Tigres de Aragua,Office of the Commissioner
2013,TOL,Toledo Mud Hens,Detroit Tigers
2013,LHV,Lehigh Valley IronPigs,Philadelphia Phillies
2013,OAX,Guerreros de Oaxaca,Office of the Commissioner
2013,IOW,Iowa Cubs,Chicago Cubs
2013,FRE,Fresno Grizzlies,San Francisco Giants
2013,RNO,Reno Aces,Arizona Diamondbacks
2013,PUE,Pericos de Puebla,Office of the Commissioner
2013,CAM,Piratas de Campeche,Office of the Commissioner
2013,NEW,New Orleans Zephyrs,Miami Marlins
2013,AGS,Rieleros de Aguascalientes,Office of the Commissioner
2013,LV,Las Vegas 51s,New York Mets
2013,TAC,Tacoma Rainiers,Seattle Mariners
2013,SWB,Scranton/Wilkes-Barre RailRiders,New York Yankees
2013,MEX,Diablos Rojos del Mexico,Office of the Commissioner
2013,PAW,Pawtucket Red Sox,Boston Red Sox
2013,ABQ,Albuquerque Isotopes,Los Angeles Dodgers
2013,ROC,Rochester Red Wings,Minnesota Twins
2013,VER,Rojos del Aguila de Veracruz,Office of the Commissioner
2013,CDC,Delfines de Ciudad del Carmen,Office of the Commissioner
2013,OMA,Omaha Storm Chasers,Kansas City Royals
2013,LOU,Louisville Bats,Cincinnati Reds
2013,IND,Indianapolis Indians,Pittsburgh Pirates
2013,TUC,Tucson Padres,San Diego Padres
2013,RR,Round Rock Express,Texas Rangers
2013,BUF,Buffalo Bisons,Toronto Blue Jays
2013,COL,Colorado Springs Sky Sox,Colorado Rockies
2013,SYR,Syracuse Chiefs,Washington Nationals
2013,SAC,Sacramento River Cats,Oakland Athletics
2013,DUR,Durham Bulls,Tampa Bay Rays
2013,MEM,Memphis Redbirds,St. Louis Cardinals
2013,NAS,Nashville Sounds,Milwaukee Brewers
2013,CLT,Charlotte Knights,Chicago White Sox
2013,OKC,Oklahoma City RedHawks,Houston Astros
2013,GWN,Gwinnett Braves,Atlanta Braves
2013,YUC,Leones de Yucatan,Office of the Commissioner
2013,MVA,Acereros del Norte,Office of the Commissioner
2013,SL,Salt Lake Bees,Los Angeles Angels
2013,MTY,Sultanes de Monterrey,Office of the Commissioner
2013,REY,Broncos de Reynosa,Office of the Commissioner
2013,SLT,Saraperos de Saltillo,Office of the Commissioner
2013,NOR,Norfolk Tides,Baltimore Orioles
2013,TIG,Tigres de Quintana Roo,Office of the Commissioner
2013,MIN,Petroleros de Minatitlan,Office of the Commissioner
2013,TAB,Olmecas de Tabasco,Office of the Commissioner
2013,COL,Columbus Clippers,Cleveland Indians
2013,LAG,Vaqueros de la Laguna,Office of the Commissioner
2013,ALT,Altoona Curve,Pittsburgh Pirates
2013,TUL,Tulsa Drillers,Colorado Rockies
2013,NWA,Northwest Arkansas Naturals,Kansas City Royals
2013,REA,Reading Fightin Phils,Philadelphia Phillies
2013,NH,New Hampshire Fisher Cats,Toronto Blue Jays
2013,RIC,Richmond Flying Squirrels,San Francisco Giants
2013,AKR,Akron Aeros,Cleveland Indians
2013,NBR,New Britain Rock Cats,Minnesota Twins
2013,PNS,Pensacola Blue Wahoos,Cincinnati Reds
2013,FRI,Frisco RoughRiders,Texas Rangers
2013,MOB,Mobile BayBears,Arizona Diamondbacks
2013,POR,Portland Sea Dogs,Boston Red Sox
2013,CC,Corpus Christi Hooks,Houston Astros
2013,BOW,Bowie Baysox,Baltimore Orioles
2013,HBG,Harrisburg Senators,Washington Nationals
2013,MTG,Montgomery Biscuits,Tampa Bay Rays
2013,JXN,Jackson Generals,Seattle Mariners
2013,TNS,Tennessee Smokies,Chicago Cubs
2013,ERI,Erie SeaWolves,Detroit Tigers
2013,MID,Midland RockHounds,Oakland Athletics
2013,MIS,Mississippi Braves,Atlanta Braves
2013,HVL,Huntsville Stars,Milwaukee Brewers
2013,CHA,Chattanooga Lookouts,Los Angeles Dodgers
2013,JAX,Jacksonville Suns,Miami Marlins
2013,TRN,Trenton Thunder,New York Yankees
2013,BIR,Birmingham Barons,Chicago White Sox
2013,SPR,Springfield Cardinals,St. Louis Cardinals
2013,BNG,Binghamton Mets,New York Mets
2013,ARK,Arkansas Travelers,Los Angeles Angels
2013,SA,San Antonio Missions,San Diego Padres
2013,DAY,Daytona Cubs,Chicago Cubs
2013,MOD,Modesto Nuts,Colorado Rockies
2013,WS,Winston-Salem Dash,Chicago White Sox
2013,VIS,Visalia Rawhide,Arizona Diamondbacks
2013,MB,Myrtle Beach Pelicans,Texas Rangers
2013,TAM,Tampa Yankees,New York Yankees
2013,STK,Stockton Ports,Oakland Athletics
2013,RC,Rancho Cucamonga Quakes,Los Angeles Dodgers
2013,IE,Inland Empire 66ers,Los Angeles Angels
2013,PMB,Palm Beach Cardinals,St. Louis Cardinals
2013,SJ,San Jose Giants,San Francisco Giants
2013,SAL,Salem Red Sox,Boston Red Sox
2013,JUP,Jupiter Hammerheads,Miami Marlins
2013,LYN,Lynchburg Hillcats,Atlanta Braves
2013,BAK,Bakersfield Blaze,Cincinnati Reds
2013,LE,Lake Elsinore Storm,San Diego Padres
2013,DUN,Dunedin Blue Jays,Toronto Blue Jays
2013,CHA,Charlotte Stone Crabs,Tampa Bay Rays
2013,WIL,Wilmington Blue Rocks,Kansas City Royals
2013,LAN,Lancaster JetHawks,Houston Astros
2013,FRE,Frederick Keys,Baltimore Orioles
2013,POT,Potomac Nationals,Washington Nationals
2013,CLR,Clearwater Threshers,Philadelphia Phillies
2013,BRV,Brevard County Manatees,Milwaukee Brewers
2013,HD,High Desert Mavericks,Seattle Mariners
2013,CAR,Carolina Mudcats,Cleveland Indians
2013,LAK,Lakeland Flying Tigers,Detroit Tigers
2013,SLU,St. Lucie Mets,New York Mets
2013,FTM,Fort Myers Miracle,Minnesota Twins
2013,BRD,Bradenton Marauders,Pittsburgh Pirates
2013,HIC,Hickory Crawdads,Texas Rangers
2013,BG,Bowling Green Hot Rods,Tampa Bay Rays
2013,WM,West Michigan Whitecaps,Detroit Tigers
2013,FW,Fort Wayne TinCaps,San Diego Padres
2013,GL,Great Lakes Loons,Los Angeles Dodgers
2013,DAY,Dayton Dragons,Cincinnati Reds
2013,WV,West Virginia Power,Pittsburgh Pirates
2013,GBO,Greensboro Grasshoppers,Miami Marlins
2013,AUG,Augusta GreenJackets,San Francisco Giants
2013,SAV,Savannah Sand Gnats,New York Mets
2013,DEL,Delmarva Shorebirds,Baltimore Orioles
2013,BUR,Burlington Bees,Los Angeles Angels
2013,SB,South Bend Silver Hawks,Arizona Diamondbacks
2013,KAN,Kannapolis Intimidators,Chicago White Sox
2013,CHS,Charleston RiverDogs,New York Yankees
2013,BEL,Beloit Snappers,Oakland Athletics
2013,LWD,Lakewood BlueClaws,Philadelphia Phillies
2013,CR,Cedar Rapids Kernels,Minnesota Twins
2013,GVL,Greenville Drive,Boston Red Sox
2013,LEX,Lexington Legends,Kansas City Royals
2013,ROM,Rome Braves,Atlanta Braves
2013,HAG,Hagerstown Suns,Washington Nationals
2013,LAN,Lansing Lugnuts,Toronto Blue Jays
2013,CLI,Clinton LumberKings,Seattle Mariners
2013,QC,Quad Cities River Bandits,Houston Astros
2013,LC,Lake County Captains,Cleveland Indians
2013,PEO,Peoria Chiefs,St. Louis Cardinals
2013,WIS,Wisconsin Timber Rattlers,Milwaukee Brewers
2013,ASH,Asheville Tourists,Colorado Rockies
2013,KC,Kane County Cougars,Chicago Cubs
2013,BOI,Boise Hawks,Chicago Cubs
2013,MV,Mahoning Valley Scrappers,Cleveland Indians
2013,TRI,Tri-City ValleyCats,Houston Astros
2013,WIL,Williamsport Crosscutters,Philadelphia Phillies
2013,SK,Salem-Keizer Volcanoes,San Francisco Giants
2013,HIL,Hillsboro Hops,Arizona Diamondbacks
2013,BRK,Brooklyn Cyclones,New York Mets
2013,SPO,Spokane Indians,Texas Rangers
2013,ABD,Aberdeen IronBirds,Baltimore Orioles
2013,JAM,Jamestown Jammers,Pittsburgh Pirates
2013,SI,Staten Island Yankees,New York Yankees
2013,AUB,Auburn Doubledays,Washington Nationals
2013,TRI,Tri-City Dust Devils,Colorado Rockies
2013,EUG,Eugene Emeralds,San Diego Padres
2013,LOW,Lowell Spinners,Boston Red Sox
2013,VER,Vermont Lake Monsters,Oakland Athletics
2013,VAN,Vancouver Canadians,Toronto Blue Jays
2013,EVE,Everett AquaSox,Seattle Mariners
2013,SC,State College Spikes,St. Louis Cardinals
2013,HV,Hudson Valley Renegades,Tampa Bay Rays
2013,CT,Connecticut Tigers,Detroit Tigers
2013,BAT,Batavia Muckdogs,Miami Marlins
2013,BIL,Billings Mustangs,Cincinnati Reds
2013,BLU,Bluefield Blue Jays,Toronto Blue Jays
2013,MIS,Missoula Osprey,Arizona Diamondbacks
2013,ORM,Orem Owlz,Los Angeles Angels
2013,GJ,Grand Junction Rockies,Colorado Rockies
2013,OGD,Ogden Raptors,Los Angeles Dodgers
2013,BRS,Bristol White Sox,Chicago White Sox
2013,D-PI2,DSL Pirates 2,Pittsburgh Pirates
2013,V-RAY,VSL Rays,Tampa Bay Rays
2013,V-TIG,VSL Tigers,Detroit Tigers
2013,D-OR2,DSL Orioles 2,Baltimore Orioles
2013,ELZ,Elizabethton Twins,Minnesota Twins
2013,D-ME2,DSL Mets 2,New York Mets
2013,GTF,Great Falls Voyagers,Chicago White Sox
2013,D-RAY,DSL Rays,Tampa Bay Rays
2013,G-ORI,GCL Orioles,Baltimore Orioles
2013,D-ANG,DSL Angels,Los Angeles Angels
2013,D-AST,DSL Astros,Houston Astros
2013,G-CAR,GCL Cardinals,St. Louis Cardinals
2013,D-ATH,DSL Athletics,Oakland Athletics
2013,D-BLJ,DSL Blue Jays,Toronto Blue Jays
2013,D-BRV,DSL Braves,Atlanta Braves
2013,D-BRW,DSL Brewers,Milwaukee Brewers
2013,D-CAR,DSL Cardinals,St. Louis Cardinals
2013,D-CUB,DSL Cubs,Chicago Cubs
2013,D-DBA,DSL D-backs,Arizona Diamondbacks
2013,D-DOD,DSL Dodgers,Los Angeles Dodgers
2013,A-RED,AZL Reds,Cincinnati Reds
2013,D-GIA,DSL Giants,San Francisco Giants
2013,D-IND,DSL Indians,Cleveland Indians
2013,D-MRN,DSL Mariners,Seattle Mariners
2013,D-MRL,DSL Marlins,Miami Marlins
2013,D-ROJ,DSL Rojos,Cincinnati Reds
2013,D-ME1,DSL Mets 1,New York Mets
2013,D-OR1,DSL Orioles 1,Baltimore Orioles
2013,G-BLU,GCL Blue Jays,Toronto Blue Jays
2013,D-PAD,DSL Padres,San Diego Padres
2013,D-PHI,DSL Phillies,Philadelphia Phillies
2013,D-PI1,DSL Pirates 1,Pittsburgh Pirates
2013,D-RNG,DSL Rangers,Texas Rangers
2013,D-RSX,DSL Red Sox,Boston Red Sox
2013,D-RED,DSL Reds,Cincinnati Reds
2013,G-YA2,GCL Yankees2,New York Yankees
2013,D-RCK,DSL Rockies,Colorado Rockies
2013,D-ROY,DSL Royals,Kansas City Royals
2013,D-TIG,DSL Tigers,Detroit Tigers
2013,D-TWI,DSL Twins,Minnesota Twins
2013,D-WSX,DSL White Sox,Chicago White Sox
2013,D-YA1,DSL Yankees 1,New York Yankees
2013,D-YA2,DSL Yankees 2,New York Yankees
2013,A-DOD,AZL Dodgers,Los Angeles Dodgers
2013,V-BLU,VSL Blue Jays,Toronto Blue Jays
2013,V-BRW,VSL Brewers,Milwaukee Brewers
2013,V-CUB,VSL Cubs,Chicago Cubs
2013,V-DOD,VSL Dodgers,Los Angeles Dodgers
2013,V-NAT,VSL Nationals,Washington Nationals
2013,V-IND,VSL Indians,Cleveland Indians
2013,V-MRN,VSL Mariners,Seattle Mariners
2013,V-MRL,VSL Marlins,Miami Marlins
2013,V-PAD,VSL Padres,San Diego Padres
2013,A-ANG,AZL Angels,Los Angeles Angels
2013,V-PHI,VSL Phillies,Philadelphia Phillies
2013,A-ATH,AZL Athletics,Oakland Athletics
2013,A-BRW,AZL Brewers,Milwaukee Brewers
2013,V-RSX,VSL Red Sox,Boston Red Sox
2013,A-CUB,AZL Cubs,Chicago Cubs
2013,A-GIA,AZL Giants,San Francisco Giants
2013,V-RCK,VSL Rockies,Colorado Rockies
2013,A-MRN,AZL Mariners,Seattle Mariners
2013,V-TWI,VSL Twins,Minnesota Twins
2013,A-PAD,AZL Padres,San Diego Padres
2013,A-RAN,AZL Rangers,Texas Rangers
2013,A-ROY,AZL Royals,Kansas City Royals
2013,GRN,Greeneville Astros,Houston Astros
2013,PUL,Pulaski Mariners,Seattle Mariners
2013,DAN,Danville Braves,Atlanta Braves
2013,HEL,Helena Brewers,Milwaukee Brewers
2013,JC,Johnson City Cardinals,St. Louis Cardinals
2013,IDF,Idaho Falls Chukars,Kansas City Royals
2013,A-DBA,ACL D-backs,Arizona Diamondbacks
2013,PRN,Princeton Rays,Tampa Bay Rays
2013,G-AST,GCL Astros,Houston Astros
2013,G-BRV,GCL Braves,Atlanta Braves
2013,A-IND,AZL Indians,Cleveland Indians
2013,G-NAT,GCL Nationals,Washington Nationals
2013,G-RAY,GCL Rays,Tampa Bay Rays
2013,G-MRL,GCL Marlins,Miami Marlins
2013,G-MET,GCL Mets,New York Mets
2013,G-PHI,GCL Phillies,Philadelphia Phillies
2013,G-PIR,GCL Pirates,Pittsburgh Pirates
2013,G-RSX,GCL Red Sox,Boston Red Sox
2013,G-TIG,GCL Tigers,Detroit Tigers
2013,G-TWI,GCL Twins,Minnesota Twins
2013,G-YA1,GCL Yankees1,New York Yankees
2013,D-CU2,DSL Cubs 2,Chicago Cubs
2013,BUR,Burlington Royals,Kansas City Royals
2013,D-NAT,DSL Nationals,Washington Nationals
2013,KNG,Kingsport Mets,New York Mets
2013,GDD,Glendale Desert Dogs,Office of the Commissioner
2013,CUB,Cuba,Office of the Commissioner
2013,SRR,Salt River Rafters,Office of the Commissioner
2013,AGU,Aguilas Cibaenas,Office of the Commissioner
2013,TOR,Toros del Este,Office of the Commissioner
2013,EST,Estrellas de Oriente,Office of the Commissioner
2013,GIG,Gigantes del Cibao,Office of the Commissioner
2013,SUR,Surprise Saguaros,Office of the Commissioner
2013,TDN,Tren del Norte,Office of the Commissioner
2013,ESC,Leones del Escogido,Office of the Commissioner
2013,ADE,Adelaide Bite,Office of the Commissioner
2013,LIC,Tigres del Licey,Office of the Commissioner
2013,SCO,Scottsdale Scorpions,Office of the Commissioner
2013,BRI,Brisbane Bandits,Office of the Commissioner
2013,MXC,Aguilas de Mexicali,Office of the Commissioner
2013,CAN,Canberra Cavalry,Office of the Commissioner
2013,GSV,Algodoneros de Guasave,Office of the Commissioner
2013,MEL,Melbourne Aces,Office of the Commissioner
2013,MOC,Caneros de los Mochis,Office of the Commissioner
2013,PER,Perth Heat,Office of the Commissioner
2013,MAN,Atenienses de Manati,Office of the Commissioner
2013,NAV,Mayos de Navojoa,Office of the Commissioner
2013,SYD,Sydney Blue Sox,Office of the Commissioner
2013,HER,Naranjeros de Hermosillo,Office of the Commissioner
2013,CUL,Tomateros de Culiacan,Office of the Commissioner
2013,DR,Dominican Republic,Office of the Commissioner
2013,MAZ,Venados de Mazatlan,Office of the Commissioner
2013,MEX,Mexico,Office of the Commissioner
2013,OBR,Yaquis de Obregon,Office of the Commissioner
2013,VEN,Venezuela,Office of the Commissioner
2013,PEJ,Peoria Javelinas,Office of the Commissioner
2013,MSS,Mesa Solar Sox,Office of the Commissioner
2013,SAN,Cangrejeros de Santurce,Office of the Commissioner
2013,CAG,Criollos de Caguas,Office of the Commissioner
2013,CAR,Gigantes de Carolina,Office of the Commissioner
2013,MAY,Indios de Mayaguez,Office of the Commissioner
2013,PON,Leones de Ponce,Office of the Commissioner
2013,PUR,Puerto Rico,Office of the Commissioner
2013,ZUL,Aguilas del Zulia,Office of the Commissioner
2013,LAR,Cardenales de Lara,Office of the Commissioner
2013,ORI,Caribes de Anzoategui,Office of the Commissioner
2013,CAR,Leones del Caracas,Office of the Commissioner
2013,MAG,Navegantes del Magallanes,Office of the Commissioner
2013,MAR,Bravos de Margarita,Office of the Commissioner
2013,LAG,Tiburones de La Guaira,Office of the Commissioner
2013,ARA,Tigres de Aragua,Office of the Commissioner
2014,TOL,Toledo Mud Hens,Detroit Tigers
2014,LHV,Lehigh Valley IronPigs,Philadelphia Phillies
2014,OAX,Guerreros de Oaxaca,Office of the Commissioner
2014,IOW,Iowa Cubs,Chicago Cubs
2014,FRE,Fresno Grizzlies,San Francisco Giants
2014,RNO,Reno Aces,Arizona Diamondbacks
2014,PUE,Pericos de Puebla,Office of the Commissioner
2014,CAM,Piratas de Campeche,Office of the Commissioner
2014,NEW,New Orleans Zephyrs,Miami Marlins
2014,AGS,Rieleros de Aguascalientes,Office of the Commissioner
2014,LV,Las Vegas 51s,New York Mets
2014,TAC,Tacoma Rainiers,Seattle Mariners
2014,TIJ,Toros de Tijuana,Office of the Commissioner
2014,SWB,Scranton/Wilkes-Barre RailRiders,New York Yankees
2014,MEX,Diablos Rojos del Mexico,Office of the Commissioner
2014,PAW,Pawtucket Red Sox,Boston Red Sox
2014,ABQ,Albuquerque Isotopes,Los Angeles Dodgers
2014,ROC,Rochester Red Wings,Minnesota Twins
2014,VER,Rojos del Aguila de Veracruz,Office of the Commissioner
2014,CDC,Delfines de Ciudad del Carmen,Office of the Commissioner
2014,OMA,Omaha Storm Chasers,Kansas City Royals
2014,LOU,Louisville Bats,Cincinnati Reds
2014,IND,Indianapolis Indians,Pittsburgh Pirates
2014,RR,Round Rock Express,Texas Rangers
2014,BUF,Buffalo Bisons,Toronto Blue Jays
2014,COL,Colorado Springs Sky Sox,Colorado Rockies
2014,ELP,El Paso Chihuahuas,San Diego Padres
2014,SYR,Syracuse Chiefs,Washington Nationals
2014,SAC,Sacramento River Cats,Oakland Athletics
2014,DUR,Durham Bulls,Tampa Bay Rays
2014,MEM,Memphis Redbirds,St. Louis Cardinals
2014,NAS,Nashville Sounds,Milwaukee Brewers
2014,CLT,Charlotte Knights,Chicago White Sox
2014,OKC,Oklahoma City RedHawks,Houston Astros
2014,GWN,Gwinnett Braves,Atlanta Braves
2014,YUC,Leones de Yucatan,Office of the Commissioner
2014,MVA,Acereros del Norte,Office of the Commissioner
2014,SL,Salt Lake Bees,Los Angeles Angels
2014,MTY,Sultanes de Monterrey,Office of the Commissioner
2014,REY,Broncos de Reynosa,Office of the Commissioner
2014,SLT,Saraperos de Saltillo,Office of the Commissioner
2014,NOR,Norfolk Tides,Baltimore Orioles
2014,TIG,Tigres de Quintana Roo,Office of the Commissioner
2014,TAB,Olmecas de Tabasco,Office of the Commissioner
2014,COL,Columbus Clippers,Cleveland Indians
2014,LAG,Vaqueros de la Laguna,Office of the Commissioner
2014,ALT,Altoona Curve,Pittsburgh Pirates
2014,TUL,Tulsa Drillers,Colorado Rockies
2014,NWA,Northwest Arkansas Naturals,Kansas City Royals
2014,REA,Reading Fightin Phils,Philadelphia Phillies
2014,NH,New Hampshire Fisher Cats,Toronto Blue Jays
2014,RIC,Richmond Flying Squirrels,San Francisco Giants
2014,AKR,Akron RubberDucks,Cleveland Indians
2014,NBR,New Britain Rock Cats,Minnesota Twins
2014,PNS,Pensacola Blue Wahoos,Cincinnati Reds
2014,FRI,Frisco RoughRiders,Texas Rangers
2014,MOB,Mobile BayBears,Arizona Diamondbacks
2014,POR,Portland Sea Dogs,Boston Red Sox
2014,CC,Corpus Christi Hooks,Houston Astros
2014,BOW,Bowie Baysox,Baltimore Orioles
2014,HBG,Harrisburg Senators,Washington Nationals
2014,MTG,Montgomery Biscuits,Tampa Bay Rays
2014,JXN,Jackson Generals,Seattle Mariners
2014,TNS,Tennessee Smokies,Chicago Cubs
2014,ERI,Erie SeaWolves,Detroit Tigers
2014,MID,Midland RockHounds,Oakland Athletics
2014,MIS,Mississippi Braves,Atlanta Braves
2014,HVL,Huntsville Stars,Milwaukee Brewers
2014,CHA,Chattanooga Lookouts,Los Angeles Dodgers
2014,JAX,Jacksonville Suns,Miami Marlins
2014,TRN,Trenton Thunder,New York Yankees
2014,BIR,Birmingham Barons,Chicago White Sox
2014,SPR,Springfield Cardinals,St. Louis Cardinals
2014,BNG,Binghamton Mets,New York Mets
2014,ARK,Arkansas Travelers,Los Angeles Angels
2014,SA,San Antonio Missions,San Diego Padres
2014,DAY,Daytona Cubs,Chicago Cubs
2014,MOD,Modesto Nuts,Colorado Rockies
2014,WS,Winston-Salem Dash,Chicago White Sox
2014,VIS,Visalia Rawhide,Arizona Diamondbacks
2014,MB,Myrtle Beach Pelicans,Texas Rangers
2014,TAM,Tampa Yankees,New York Yankees
2014,STK,Stockton Ports,Oakland Athletics
2014,RC,Rancho Cucamonga Quakes,Los Angeles Dodgers
2014,IE,Inland Empire 66ers,Los Angeles Angels
2014,PMB,Palm Beach Cardinals,St. Louis Cardinals
2014,SJ,San Jose Giants,San Francisco Giants
2014,SAL,Salem Red Sox,Boston Red Sox
2014,JUP,Jupiter Hammerheads,Miami Marlins
2014,LYN,Lynchburg Hillcats,Atlanta Braves
2014,BAK,Bakersfield Blaze,Cincinnati Reds
2014,LE,Lake Elsinore Storm,San Diego Padres
2014,DUN,Dunedin Blue Jays,Toronto Blue Jays
2014,CHA,Charlotte Stone Crabs,Tampa Bay Rays
2014,WIL,Wilmington Blue Rocks,Kansas City Royals
2014,LAN,Lancaster JetHawks,Houston Astros
2014,FRE,Frederick Keys,Baltimore Orioles
2014,POT,Potomac Nationals,Washington Nationals
2014,CLR,Clearwater Threshers,Philadelphia Phillies
2014,BRV,Brevard County Manatees,Milwaukee Brewers
2014,HD,High Desert Mavericks,Seattle Mariners
2014,CAR,Carolina Mudcats,Cleveland Indians
2014,LAK,Lakeland Flying Tigers,Detroit Tigers
2014,SLU,St. Lucie Mets,New York Mets
2014,FTM,Fort Myers Miracle,Minnesota Twins
2014,BRD,Bradenton Marauders,Pittsburgh Pirates
2014,HIC,Hickory Crawdads,Texas Rangers
2014,BG,Bowling Green Hot Rods,Tampa Bay Rays
2014,WM,West Michigan Whitecaps,Detroit Tigers
2014,FW,Fort Wayne TinCaps,San Diego Padres
2014,GL,Great Lakes Loons,Los Angeles Dodgers
2014,DAY,Dayton Dragons,Cincinnati Reds
2014,WV,West Virginia Power,Pittsburgh Pirates
2014,GBO,Greensboro Grasshoppers,Miami Marlins
2014,AUG,Augusta GreenJackets,San Francisco Giants
2014,SAV,Savannah Sand Gnats,New York Mets
2014,DEL,Delmarva Shorebirds,Baltimore Orioles
2014,BUR,Burlington Bees,Los Angeles Angels
2014,SB,South Bend Silver Hawks,Arizona Diamondbacks
2014,KAN,Kannapolis Intimidators,Chicago White Sox
2014,CHS,Charleston RiverDogs,New York Yankees
2014,BEL,Beloit Snappers,Oakland Athletics
2014,LWD,Lakewood BlueClaws,Philadelphia Phillies
2014,CR,Cedar Rapids Kernels,Minnesota Twins
2014,GVL,Greenville Drive,Boston Red Sox
2014,LEX,Lexington Legends,Kansas City Royals
2014,ROM,Rome Braves,Atlanta Braves
2014,HAG,Hagerstown Suns,Washington Nationals
2014,LAN,Lansing Lugnuts,Toronto Blue Jays
2014,CLI,Clinton LumberKings,Seattle Mariners
2014,QC,Quad Cities River Bandits,Houston Astros
2014,LC,Lake County Captains,Cleveland Indians
2014,PEO,Peoria Chiefs,St. Louis Cardinals
2014,WIS,Wisconsin Timber Rattlers,Milwaukee Brewers
2014,ASH,Asheville Tourists,Colorado Rockies
2014,KC,Kane County Cougars,Chicago Cubs
2014,BOI,Boise Hawks,Chicago Cubs
2014,MV,Mahoning Valley Scrappers,Cleveland Indians
2014,TRI,Tri-City ValleyCats,Houston Astros
2014,WIL,Williamsport Crosscutters,Philadelphia Phillies
2014,SK,Salem-Keizer Volcanoes,San Francisco Giants
2014,HIL,Hillsboro Hops,Arizona Diamondbacks
2014,BRK,Brooklyn Cyclones,New York Mets
2014,SPO,Spokane Indians,Texas Rangers
2014,ABD,Aberdeen IronBirds,Baltimore Orioles
2014,JAM,Jamestown Jammers,Pittsburgh Pirates
2014,SI,Staten Island Yankees,New York Yankees
2014,AUB,Auburn Doubledays,Washington Nationals
2014,TRI,Tri-City Dust Devils,Colorado Rockies
2014,EUG,Eugene Emeralds,San Diego Padres
2014,LOW,Lowell Spinners,Boston Red Sox
2014,VER,Vermont Lake Monsters,Oakland Athletics
2014,VAN,Vancouver Canadians,Toronto Blue Jays
2014,EVE,Everett AquaSox,Seattle Mariners
2014,SC,State College Spikes,St. Louis Cardinals
2014,HV,Hudson Valley Renegades,Tampa Bay Rays
2014,CT,Connecticut Tigers,Detroit Tigers
2014,BAT,Batavia Muckdogs,Miami Marlins
2014,BIL,Billings Mustangs,Cincinnati Reds
2014,A-DOD,AZL Dodgers,Los Angeles Dodgers
2014,BLU,Bluefield Blue Jays,Toronto Blue Jays
2014,MIS,Missoula Osprey,Arizona Diamondbacks
2014,ORM,Orem Owlz,Los Angeles Angels
2014,V-CUB,VSL Cubs,Chicago Cubs
2014,GJ,Grand Junction Rockies,Colorado Rockies
2014,D-ASO,DSL Astros Orange,Houston Astros
2014,V-MRN,VSL Mariners,Seattle Mariners
2014,OGD,Ogden Raptors,Los Angeles Dodgers
2014,A-ANG,AZL Angels,Los Angeles Angels
2014,V-PHI,VSL Phillies,Philadelphia Phillies
2014,A-ATH,AZL Athletics,Oakland Athletics
2014,A-BRW,AZL Brewers,Milwaukee Brewers
2014,A-CUB,AZL Cubs,Chicago Cubs
2014,A-GIA,AZL Giants,San Francisco Giants
2014,A-MRN,AZL Mariners,Seattle Mariners
2014,A-PAD,AZL Padres,San Diego Padres
2014,A-RAN,AZL Rangers,Texas Rangers
2014,A-ROY,AZL Royals,Kansas City Royals
2014,GRN,Greeneville Astros,Houston Astros
2014,PUL,Pulaski Mariners,Seattle Mariners
2014,DAN,Danville Braves,Atlanta Braves
2014,BRS,Bristol Pirates,Pittsburgh Pirates
2014,HEL,Helena Brewers,Milwaukee Brewers
2014,JC,Johnson City Cardinals,St. Louis Cardinals
2014,V-RAY,VSL Rays,Tampa Bay Rays
2014,V-TIG,VSL Tigers,Detroit Tigers
2014,D-OR2,DSL Orioles 2,Baltimore Orioles
2014,IDF,Idaho Falls Chukars,Kansas City Royals
2014,ELZ,Elizabethton Twins,Minnesota Twins
2014,D-ME2,DSL Mets 2,New York Mets
2014,GTF,Great Falls Voyagers,Chicago White Sox
2014,A-DBA,ACL D-backs,Arizona Diamondbacks
2014,PRN,Princeton Rays,Tampa Bay Rays
2014,D-RAY,DSL Rays,Tampa Bay Rays
2014,A-WSX,ACL White Sox,Chicago White Sox
2014,G-AST,GCL Astros,Houston Astros
2014,G-BRV,GCL Braves,Atlanta Braves
2014,A-IND,AZL Indians,Cleveland Indians
2014,G-NAT,GCL Nationals,Washington Nationals
2014,G-RAY,GCL Rays,Tampa Bay Rays
2014,G-MRL,GCL Marlins,Miami Marlins
2014,G-MET,GCL Mets,New York Mets
2014,G-PHI,GCL Phillies,Philadelphia Phillies
2014,G-PIR,GCL Pirates,Pittsburgh Pirates
2014,G-RSX,GCL Red Sox,Boston Red Sox
2014,G-ORI,GCL Orioles,Baltimore Orioles
2014,D-ANG,DSL Angels,Los Angeles Angels
2014,G-TIG,GCL Tigers,Detroit Tigers
2014,D-ASB,DSL Astros Blue,Houston Astros
2014,G-TWI,GCL Twins,Minnesota Twins
2014,G-CAR,GCL Cardinals,St. Louis Cardinals
2014,D-ATH,DSL Athletics,Oakland Athletics
2014,G-YA1,GCL Yankees1,New York Yankees
2014,D-BLJ,DSL Blue Jays,Toronto Blue Jays
2014,D-BRV,DSL Braves,Atlanta Braves
2014,D-CU2,DSL Cubs 2,Chicago Cubs
2014,D-BRW,DSL Brewers,Milwaukee Brewers
2014,D-CAR,DSL Cardinals,St. Louis Cardinals
2014,D-CUB,DSL Cubs,Chicago Cubs
2014,D-DBA,DSL D-backs,Arizona Diamondbacks
2014,BUR,Burlington Royals,Kansas City Royals
2014,D-DOD,DSL Dodgers,Los Angeles Dodgers
2014,A-RED,AZL Reds,Cincinnati Reds
2014,D-GIA,DSL Giants,San Francisco Giants
2014,D-IND,DSL Indians,Cleveland Indians
2014,D-MRN,DSL Mariners,Seattle Mariners
2014,D-MRL,DSL Marlins,Miami Marlins
2014,D-ROJ,DSL Rojos,Cincinnati Reds
2014,D-ME1,DSL Mets 1,New York Mets
2014,D-RN2,DSL Rangers 2,Texas Rangers
2014,D-OR1,DSL Orioles 1,Baltimore Orioles
2014,G-BLU,GCL Blue Jays,Toronto Blue Jays
2014,D-PAD,DSL Padres,San Diego Padres
2014,D-PHI,DSL Phillies,Philadelphia Phillies
2014,D-PIR,DSL Pirates,Pittsburgh Pirates
2014,D-RN1,DSL Rangers 1,Texas Rangers
2014,D-RSX,DSL Red Sox,Boston Red Sox
2014,D-RED,DSL Reds,Cincinnati Reds
2014,G-YA2,GCL Yankees2,New York Yankees
2014,D-RCK,DSL Rockies,Colorado Rockies
2014,D-NAT,DSL Nationals,Washington Nationals
2014,D-ROY,DSL Royals,Kansas City Royals
2014,D-TIG,DSL Tigers,Detroit Tigers
2014,D-TWI,DSL Twins,Minnesota Twins
2014,D-WSX,DSL White Sox,Chicago White Sox
2014,KNG,Kingsport Mets,New York Mets
2014,D-YA1,DSL Yankees 1,New York Yankees
2014,D-YA2,DSL Yankees 2,New York Yankees
2014,GDD,Glendale Desert Dogs,Office of the Commissioner
2014,CUB,Cuba,Office of the Commissioner
2014,SRR,Salt River Rafters,Office of the Commissioner
2014,AGU,Aguilas Cibaenas,Office of the Commissioner
2014,TOR,Toros del Este,Office of the Commissioner
2014,EST,Estrellas de Oriente,Office of the Commissioner
2014,GIG,Gigantes del Cibao,Office of the Commissioner
2014,SUR,Surprise Saguaros,Office of the Commissioner
2014,TDN,Tren del Norte,Office of the Commissioner
2014,ESC,Leones del Escogido,Office of the Commissioner
2014,ADE,Adelaide Bite,Office of the Commissioner
2014,LIC,Tigres del Licey,Office of the Commissioner
2014,SCO,Scottsdale Scorpions,Office of the Commissioner
2014,BRI,Brisbane Bandits,Office of the Commissioner
2014,MXC,Aguilas de Mexicali,Office of the Commissioner
2014,CAN,Canberra Cavalry,Office of the Commissioner
2014,JAL,Charros de Jalisco,Office of the Commissioner
2014,MEL,Melbourne Aces,Office of the Commissioner
2014,MOC,Caneros de los Mochis,Office of the Commissioner
2014,PER,Perth Heat,Office of the Commissioner
2014,NAV,Mayos de Navojoa,Office of the Commissioner
2014,SYD,Sydney Blue Sox,Office of the Commissioner
2014,HER,Naranjeros de Hermosillo,Office of the Commissioner
2014,CUL,Tomateros de Culiacan,Office of the Commissioner
2014,DR,Dominican Republic,Office of the Commissioner
2014,MAZ,Venados de Mazatlan,Office of the Commissioner
2014,MEX,Mexico,Office of the Commissioner
2014,OBR,Yaquis de Obregon,Office of the Commissioner
2014,VEN,Venezuela,Office of the Commissioner
2014,PEJ,Peoria Javelinas,Office of the Commissioner
2014,MSS,Mesa Solar Sox,Office of the Commissioner
2014,SAN,Cangrejeros de Santurce,Office of the Commissioner
2014,CAG,Criollos de Caguas,Office of the Commissioner
2014,CAR,Gigantes de Carolina,Office of the Commissioner
2014,MAY,Indios de Mayaguez,Office of the Commissioner
2014,PUR,Puerto Rico,Office of the Commissioner
2014,ZUL,Aguilas del Zulia,Office of the Commissioner
2014,LAR,Cardenales de Lara,Office of the Commissioner
2014,ORI,Caribes de Anzoategui,Office of the Commissioner
2014,SJU,Senadores de San Juan,Office of the Commissioner
2014,CAR,Leones del Caracas,Office of the Commissioner
2014,MAG,Navegantes del Magallanes,Office of the Commissioner
2014,MAR,Bravos de Margarita,Office of the Commissioner
2014,LAG,Tiburones de La Guaira,Office of the Commissioner
2014,ARA,Tigres de Aragua,Office of the Commissioner
2015,TOL,Toledo Mud Hens,Detroit Tigers
2015,LHV,Lehigh Valley IronPigs,Philadelphia Phillies
2015,OAX,Guerreros de Oaxaca,Office of the Commissioner
2015,IOW,Iowa Cubs,Chicago Cubs
2015,FRE,Fresno Grizzlies,Houston Astros
2015,RNO,Reno Aces,Arizona Diamondbacks
2015,PUE,Pericos de Puebla,Office of the Commissioner
2015,CAM,Piratas de Campeche,Office of the Commissioner
2015,NEW,New Orleans Zephyrs,Miami Marlins
2015,AGS,Rieleros de Aguascalientes,Office of the Commissioner
2015,LV,Las Vegas 51s,New York Mets
2015,TAC,Tacoma Rainiers,Seattle Mariners
2015,TIJ,Toros de Tijuana,Office of the Commissioner
2015,SWB,Scranton/Wilkes-Barre RailRiders,New York Yankees
2015,MEX,Diablos Rojos del Mexico,Office of the Commissioner
2015,PAW,Pawtucket Red Sox,Boston Red Sox
2015,ABQ,Albuquerque Isotopes,Colorado Rockies
2015,ROC,Rochester Red Wings,Minnesota Twins
2015,VER,Rojos del Aguila de Veracruz,Office of the Commissioner
2015,CDC,Delfines de Ciudad del Carmen,Office of the Commissioner
2015,OMA,Omaha Storm Chasers,Kansas City Royals
2015,LOU,Louisville Bats,Cincinnati Reds
2015,IND,Indianapolis Indians,Pittsburgh Pirates
2015,RR,Round Rock Express,Texas Rangers
2015,BUF,Buffalo Bisons,Toronto Blue Jays
2015,COL,Colorado Springs Sky Sox,Milwaukee Brewers
2015,ELP,El Paso Chihuahuas,San Diego Padres
2015,SYR,Syracuse Chiefs,Washington Nationals
2015,SAC,Sacramento River Cats,San Francisco Giants
2015,DUR,Durham Bulls,Tampa Bay Rays
2015,MEM,Memphis Redbirds,St. Louis Cardinals
2015,NAS,Nashville Sounds,Oakland Athletics
2015,CLT,Charlotte Knights,Chicago White Sox
2015,OKC,Oklahoma City Dodgers,Los Angeles Dodgers
2015,GWN,Gwinnett Braves,Atlanta Braves
2015,YUC,Leones de Yucatan,Office of the Commissioner
2015,MVA,Acereros del Norte,Office of the Commissioner
2015,SL,Salt Lake Bees,Los Angeles Angels
2015,MTY,Sultanes de Monterrey,Office of the Commissioner
2015,TAM,Broncos de Tamaulipas,Office of the Commissioner
2015,SLT,Saraperos de Saltillo,Office of the Commissioner
2015,NOR,Norfolk Tides,Baltimore Orioles
2015,TIG,Tigres de Quintana Roo,Office of the Commissioner
2015,TAB,Olmecas de Tabasco,Office of the Commissioner
2015,COL,Columbus Clippers,Cleveland Indians
2015,LAG,Vaqueros de la Laguna,Office of the Commissioner
2015,ALT,Altoona Curve,Pittsburgh Pirates
2015,TUL,Tulsa Drillers,Los Angeles Dodgers
2015,NWA,Northwest Arkansas Naturals,Kansas City Royals
2015,REA,Reading Fightin Phils,Philadelphia Phillies
2015,NH,New Hampshire Fisher Cats,Toronto Blue Jays
2015,AKR,Akron RubberDucks,Cleveland Indians
2015,RIC,Richmond Flying Squirrels,San Francisco Giants
2015,BLX,Biloxi Shuckers,Milwaukee Brewers
2015,NBR,New Britain Rock Cats,Colorado Rockies
2015,PNS,Pensacola Blue Wahoos,Cincinnati Reds
2015,FRI,Frisco RoughRiders,Texas Rangers
2015,MOB,Mobile BayBears,Arizona Diamondbacks
2015,CC,Corpus Christi Hooks,Houston Astros
2015,BOW,Bowie Baysox,Baltimore Orioles
2015,POR,Portland Sea Dogs,Boston Red Sox
2015,HBG,Harrisburg Senators,Washington Nationals
2015,MTG,Montgomery Biscuits,Tampa Bay Rays
2015,JXN,Jackson Generals,Seattle Mariners
2015,TNS,Tennessee Smokies,Chicago Cubs
2015,ERI,Erie SeaWolves,Detroit Tigers
2015,MID,Midland RockHounds,Oakland Athletics
2015,MIS,Mississippi Braves,Atlanta Braves
2015,CHA,Chattanooga Lookouts,Minnesota Twins
2015,JAX,Jacksonville Suns,Miami Marlins
2015,BIR,Birmingham Barons,Chicago White Sox
2015,TRN,Trenton Thunder,New York Yankees
2015,SPR,Springfield Cardinals,St. Louis Cardinals
2015,BNG,Binghamton Mets,New York Mets
2015,SA,San Antonio Missions,San Diego Padres
2015,ARK,Arkansas Travelers,Los Angeles Angels
2015,DBT,Daytona Tortugas,Cincinnati Reds
2015,MOD,Modesto Nuts,Colorado Rockies
2015,WS,Winston-Salem Dash,Chicago White Sox
2015,VIS,Visalia Rawhide,Arizona Diamondbacks
2015,MB,Myrtle Beach Pelicans,Chicago Cubs
2015,TAM,Tampa Yankees,New York Yankees
2015,STK,Stockton Ports,Oakland Athletics
2015,RC,Rancho Cucamonga Quakes,Los Angeles Dodgers
2015,IE,Inland Empire 66ers,Los Angeles Angels
2015,PMB,Palm Beach Cardinals,St. Louis Cardinals
2015,SJ,San Jose Giants,San Francisco Giants
2015,SAL,Salem Red Sox,Boston Red Sox
2015,JUP,Jupiter Hammerheads,Miami Marlins
2015,LYN,Lynchburg Hillcats,Cleveland Indians
2015,BAK,Bakersfield Blaze,Seattle Mariners
2015,LE,Lake Elsinore Storm,San Diego Padres
2015,DUN,Dunedin Blue Jays,Toronto Blue Jays
2015,CHA,Charlotte Stone Crabs,Tampa Bay Rays
2015,WIL,Wilmington Blue Rocks,Kansas City Royals
2015,LAN,Lancaster JetHawks,Houston Astros
2015,FRE,Frederick Keys,Baltimore Orioles
2015,POT,Potomac Nationals,Washington Nationals
2015,CLR,Clearwater Threshers,Philadelphia Phillies
2015,BRV,Brevard County Manatees,Milwaukee Brewers
2015,HD,High Desert Mavericks,Texas Rangers
2015,CAR,Carolina Mudcats,Atlanta Braves
2015,LAK,Lakeland Flying Tigers,Detroit Tigers
2015,SLU,St. Lucie Mets,New York Mets
2015,FTM,Fort Myers Miracle,Minnesota Twins
2015,BRD,Bradenton Marauders,Pittsburgh Pirates
2015,HIC,Hickory Crawdads,Texas Rangers
2015,BG,Bowling Green Hot Rods,Tampa Bay Rays
2015,WM,West Michigan Whitecaps,Detroit Tigers
2015,GL,Great Lakes Loons,Los Angeles Dodgers
2015,FW,Fort Wayne TinCaps,San Diego Padres
2015,DAY,Dayton Dragons,Cincinnati Reds
2015,WV,West Virginia Power,Pittsburgh Pirates
2015,GBO,Greensboro Grasshoppers,Miami Marlins
2015,AUG,Augusta GreenJackets,San Francisco Giants
2015,SAV,Savannah Sand Gnats,New York Mets
2015,BUR,Burlington Bees,Los Angeles Angels
2015,DEL,Delmarva Shorebirds,Baltimore Orioles
2015,SB,South Bend Cubs,Chicago Cubs
2015,KAN,Kannapolis Intimidators,Chicago White Sox
2015,CHS,Charleston RiverDogs,New York Yankees
2015,BEL,Beloit Snappers,Oakland Athletics
2015,LWD,Lakewood BlueClaws,Philadelphia Phillies
2015,CR,Cedar Rapids Kernels,Minnesota Twins
2015,GVL,Greenville Drive,Boston Red Sox
2015,LEX,Lexington Legends,Kansas City Royals
2015,ROM,Rome Braves,Atlanta Braves
2015,LAN,Lansing Lugnuts,Toronto Blue Jays
2015,HAG,Hagerstown Suns,Washington Nationals
2015,CLI,Clinton LumberKings,Seattle Mariners
2015,LC,Lake County Captains,Cleveland Indians
2015,QC,Quad Cities River Bandits,Houston Astros
2015,PEO,Peoria Chiefs,St. Louis Cardinals
2015,WIS,Wisconsin Timber Rattlers,Milwaukee Brewers
2015,ASH,Asheville Tourists,Colorado Rockies
2015,KC,Kane County Cougars,Arizona Diamondbacks
2015,BOI,Boise Hawks,Colorado Rockies
2015,MV,Mahoning Valley Scrappers,Cleveland Indians
2015,WIL,Williamsport Crosscutters,Philadelphia Phillies
2015,TRI,Tri-City ValleyCats,Houston Astros
2015,SK,Salem-Keizer Volcanoes,San Francisco Giants
2015,HIL,Hillsboro Hops,Arizona Diamondbacks
2015,BRK,Brooklyn Cyclones,New York Mets
2015,SPO,Spokane Indians,Texas Rangers
2015,ABD,Aberdeen IronBirds,Baltimore Orioles
2015,AUB,Auburn Doubledays,Washington Nationals
2015,SI,Staten Island Yankees,New York Yankees
2015,TRI,Tri-City Dust Devils,San Diego Padres
2015,EUG,Eugene Emeralds,Chicago Cubs
2015,LOW,Lowell Spinners,Boston Red Sox
2015,VER,Vermont Lake Monsters,Oakland Athletics
2015,VAN,Vancouver Canadians,Toronto Blue Jays
2015,EVE,Everett AquaSox,Seattle Mariners
2015,SC,State College Spikes,St. Louis Cardinals
2015,HV,Hudson Valley Renegades,Tampa Bay Rays
2015,CT,Connecticut Tigers,Detroit Tigers
2015,WV,West Virginia Black Bears,Pittsburgh Pirates
2015,BAT,Batavia Muckdogs,Miami Marlins
2015,BIL,Billings Mustangs,Cincinnati Reds
2015,A-DOD,AZL Dodgers,Los Angeles Dodgers
2015,BLU,Bluefield Blue Jays,Toronto Blue Jays
2015,MIS,Missoula Osprey,Arizona Diamondbacks
2015,ORM,Orem Owlz,Los Angeles Angels
2015,V-CUB,VSL Cubs,Chicago Cubs
2015,GJ,Grand Junction Rockies,Colorado Rockies
2015,D-ASO,DSL Astros Orange,Houston Astros
2015,OGD,Ogden Raptors,Los Angeles Dodgers
2015,A-ANG,AZL Angels,Los Angeles Angels
2015,V-PHI,VSL Phillies,Philadelphia Phillies
2015,A-ATH,AZL Athletics,Oakland Athletics
2015,A-BRW,AZL Brewers,Milwaukee Brewers
2015,A-CUB,AZL Cubs,Chicago Cubs
2015,A-GIA,AZL Giants,San Francisco Giants
2015,A-MRN,AZL Mariners,Seattle Mariners
2015,A-PAD,AZL Padres,San Diego Padres
2015,A-RAN,AZL Rangers,Texas Rangers
2015,A-ROY,AZL Royals,Kansas City Royals
2015,GRN,Greeneville Astros,Houston Astros
2015,PUL,Pulaski Yankees,New York Yankees
2015,DAN,Danville Braves,Atlanta Braves
2015,BRS,Bristol Pirates,Pittsburgh Pirates
2015,HEL,Helena Brewers,Milwaukee Brewers
2015,JC,Johnson City Cardinals,St. Louis Cardinals
2015,V-RAY,VSL Rays,Tampa Bay Rays
2015,V-TIG,VSL Tigers,Detroit Tigers
2015,D-OR2,DSL Orioles 2,Baltimore Orioles
2015,IDF,Idaho Falls Chukars,Kansas City Royals
2015,ELZ,Elizabethton Twins,Minnesota Twins
2015,D-MA2,DSL Mariners 2,Seattle Mariners
2015,D-ME2,DSL Mets 2,New York Mets
2015,GTF,Great Falls Voyagers,Chicago White Sox
2015,A-DBA,ACL D-backs,Arizona Diamondbacks
2015,PRN,Princeton Rays,Tampa Bay Rays
2015,D-RAY,DSL Rays,Tampa Bay Rays
2015,A-WSX,ACL White Sox,Chicago White Sox
2015,G-AST,GCL Astros,Houston Astros
2015,G-BRV,GCL Braves,Atlanta Braves
2015,A-IND,AZL Indians,Cleveland Indians
2015,G-NAT,GCL Nationals,Washington Nationals
2015,G-RAY,GCL Rays,Tampa Bay Rays
2015,G-MRL,GCL Marlins,Miami Marlins
2015,G-MET,GCL Mets,New York Mets
2015,G-PHI,GCL Phillies,Philadelphia Phillies
2015,G-PIR,GCL Pirates,Pittsburgh Pirates
2015,G-RSX,GCL Red Sox,Boston Red Sox
2015,G-ORI,GCL Orioles,Baltimore Orioles
2015,D-ANG,DSL Angels,Los Angeles Angels
2015,G-TIG,GCL Tigers,Detroit Tigers
2015,D-ASB,DSL Astros Blue,Houston Astros
2015,G-TWI,GCL Twins,Minnesota Twins
2015,G-CAR,GCL Cardinals,St. Louis Cardinals
2015,D-ATH,DSL Athletics,Oakland Athletics
2015,G-YA1,GCL Yankees1,New York Yankees
2015,D-BLJ,DSL Blue Jays,Toronto Blue Jays
2015,D-BRV,DSL Braves,Atlanta Braves
2015,D-CU2,DSL Cubs 2,Chicago Cubs
2015,D-BRW,DSL Brewers,Milwaukee Brewers
2015,D-CAR,DSL Cardinals,St. Louis Cardinals
2015,D-CUB,DSL Cubs,Chicago Cubs
2015,D-DBA,DSL D-backs,Arizona Diamondbacks
2015,BUR,Burlington Royals,Kansas City Royals
2015,D-DOD,DSL Dodgers,Los Angeles Dodgers
2015,A-RED,AZL Reds,Cincinnati Reds
2015,D-GIA,DSL Giants,San Francisco Giants
2015,D-IND,DSL Indians,Cleveland Indians
2015,D-MR1,DSL Mariners 1,Seattle Mariners
2015,D-MRL,DSL Marlins,Miami Marlins
2015,D-ROJ,DSL Rojos,Cincinnati Reds
2015,D-ME1,DSL Mets 1,New York Mets
2015,D-RN2,DSL Rangers 2,Texas Rangers
2015,D-OR1,DSL Orioles 1,Baltimore Orioles
2015,G-BLU,GCL Blue Jays,Toronto Blue Jays
2015,D-PAD,DSL Padres,San Diego Padres
2015,D-PHI,DSL Phillies,Philadelphia Phillies
2015,D-PIR,DSL Pirates,Pittsburgh Pirates
2015,D-RN1,DSL Rangers 1,Texas Rangers
2015,D-RS1,DSL Red Sox 1,Boston Red Sox
2015,D-RS2,DSL Red Sox 2,Boston Red Sox
2015,D-RED,DSL Reds,Cincinnati Reds
2015,G-YA2,GCL Yankees2,New York Yankees
2015,D-RCK,DSL Rockies,Colorado Rockies
2015,D-NAT,DSL Nationals,Washington Nationals
2015,D-ROY,DSL Royals,Kansas City Royals
2015,D-TIG,DSL Tigers,Detroit Tigers
2015,D-TWI,DSL Twins,Minnesota Twins
2015,D-WSX,DSL White Sox,Chicago White Sox
2015,KNG,Kingsport Mets,New York Mets
2015,D-YA1,DSL Yankees 1,New York Yankees
2015,D-YA2,DSL Yankees 2,New York Yankees
2015,GDD,Glendale Desert Dogs,Office of the Commissioner
2015,CUB,Cuba,Office of the Commissioner
2015,SRR,Salt River Rafters,Office of the Commissioner
2015,AGU,Aguilas Cibaenas,Office of the Commissioner
2015,TOR,Toros del Este,Office of the Commissioner
2015,EST,Estrellas de Oriente,Office of the Commissioner
2015,GIG,Gigantes del Cibao,Office of the Commissioner
2015,SUR,Surprise Saguaros,Office of the Commissioner
2015,TDN,Tren del Norte,Office of the Commissioner
2015,ESC,Leones del Escogido,Office of the Commissioner
2015,ADE,Adelaide Bite,Office of the Commissioner
2015,LIC,Tigres del Licey,Office of the Commissioner
2015,SCO,Scottsdale Scorpions,Office of the Commissioner
2015,BRI,Brisbane Bandits,Office of the Commissioner
2015,MXC,Aguilas de Mexicali,Office of the Commissioner
2015,CAN,Canberra Cavalry,Office of the Commissioner
2015,JAL,Charros de Jalisco,Office of the Commissioner
2015,MEL,Melbourne Aces,Office of the Commissioner
2015,MOC,Caneros de los Mochis,Office of the Commissioner
2015,PER,Perth Heat,Office of the Commissioner
2015,NAV,Mayos de Navojoa,Office of the Commissioner
2015,SYD,Sydney Blue Sox,Office of the Commissioner
2015,HER,Naranjeros de Hermosillo,Office of the Commissioner
2015,CUL,Tomateros de Culiacan,Office of the Commissioner
2015,DR,Dominican Republic,Office of the Commissioner
2015,MAZ,Venados de Mazatlan,Office of the Commissioner
2015,MEX,Mexico,Office of the Commissioner
2015,OBR,Yaquis de Obregon,Office of the Commissioner
2015,VEN,Venezuela,Office of the Commissioner
2015,PEJ,Peoria Javelinas,Office of the Commissioner
2015,MSS,Mesa Solar Sox,Office of the Commissioner
2015,SAN,Cangrejeros de Santurce,Office of the Commissioner
2015,CAG,Criollos de Caguas,Office of the Commissioner
2015,CAR,Gigantes de Carolina,Office of the Commissioner
2015,MAY,Indios de Mayaguez,Office of the Commissioner
2015,PUR,Puerto Rico,Office of the Commissioner
2015,ZUL,Aguilas del Zulia,Office of the Commissioner
2015,LAR,Cardenales de Lara,Office of the Commissioner
2015,ORI,Caribes de Anzoategui,Office of the Commissioner
2015,CAR,Leones del Caracas,Office of the Commissioner
2015,MAG,Navegantes del Magallanes,Office of the Commissioner
2015,MAR,Bravos de Margarita,Office of the Commissioner
2015,LAG,Tiburones de La Guaira,Office of the Commissioner
2015,ARA,Tigres de Aragua,Office of the Commissioner
2016,TOL,Toledo Mud Hens,Detroit Tigers
2016,LHV,Lehigh Valley IronPigs,Philadelphia Phillies
2016,OAX,Guerreros de Oaxaca,Office of the Commissioner
2016,IOW,Iowa Cubs,Chicago Cubs
2016,FRE,Fresno Grizzlies,Houston Astros
2016,RNO,Reno Aces,Arizona Diamondbacks
2016,PUE,Pericos de Puebla,Office of the Commissioner
2016,CAM,Piratas de Campeche,Office of the Commissioner
2016,NEW,New Orleans Zephyrs,Miami Marlins
2016,AGS,Rieleros de Aguascalientes,Office of the Commissioner
2016,LV,Las Vegas 51s,New York Mets
2016,TAC,Tacoma Rainiers,Seattle Mariners
2016,TIJ,Toros de Tijuana,Office of the Commissioner
2016,SWB,Scranton/Wilkes-Barre RailRiders,New York Yankees
2016,MEX,Diablos Rojos del Mexico,Office of the Commissioner
2016,PAW,Pawtucket Red Sox,Boston Red Sox
2016,ABQ,Albuquerque Isotopes,Colorado Rockies
2016,ROC,Rochester Red Wings,Minnesota Twins
2016,VER,Rojos del Aguila de Veracruz,Office of the Commissioner
2016,CDC,Delfines de Ciudad del Carmen,Office of the Commissioner
2016,OMA,Omaha Storm Chasers,Kansas City Royals
2016,LOU,Louisville Bats,Cincinnati Reds
2016,IND,Indianapolis Indians,Pittsburgh Pirates
2016,RR,Round Rock Express,Texas Rangers
2016,BUF,Buffalo Bisons,Toronto Blue Jays
2016,COL,Colorado Springs Sky Sox,Milwaukee Brewers
2016,ELP,El Paso Chihuahuas,San Diego Padres
2016,SYR,Syracuse Chiefs,Washington Nationals
2016,SAC,Sacramento River Cats,San Francisco Giants
2016,DUR,Durham Bulls,Tampa Bay Rays
2016,MEM,Memphis Redbirds,St. Louis Cardinals
2016,NAS,Nashville Sounds,Oakland Athletics
2016,CLT,Charlotte Knights,Chicago White Sox
2016,OKC,Oklahoma City Dodgers,Los Angeles Dodgers
2016,GWN,Gwinnett Braves,Atlanta Braves
2016,YUC,Leones de Yucatan,Office of the Commissioner
2016,MVA,Acereros del Norte,Office of the Commissioner
2016,SL,Salt Lake Bees,Los Angeles Angels
2016,MTY,Sultanes de Monterrey,Office of the Commissioner
2016,REY,Broncos de Reynosa,Office of the Commissioner
2016,SLT,Saraperos de Saltillo,Office of the Commissioner
2016,NOR,Norfolk Tides,Baltimore Orioles
2016,TIG,Tigres de Quintana Roo,Office of the Commissioner
2016,TAB,Olmecas de Tabasco,Office of the Commissioner
2016,COL,Columbus Clippers,Cleveland Indians
2016,LAG,Vaqueros de la Laguna,Office of the Commissioner
2016,ALT,Altoona Curve,Pittsburgh Pirates
2016,TUL,Tulsa Drillers,Los Angeles Dodgers
2016,NWA,Northwest Arkansas Naturals,Kansas City Royals
2016,REA,Reading Fightin Phils,Philadelphia Phillies
2016,NH,New Hampshire Fisher Cats,Toronto Blue Jays
2016,RIC,Richmond Flying Squirrels,San Francisco Giants
2016,AKR,Akron RubberDucks,Cleveland Indians
2016,BLX,Biloxi Shuckers,Milwaukee Brewers
2016,HFD,Hartford Yard Goats,Colorado Rockies
2016,PNS,Pensacola Blue Wahoos,Cincinnati Reds
2016,FRI,Frisco RoughRiders,Texas Rangers
2016,MOB,Mobile BayBears,Arizona Diamondbacks
2016,POR,Portland Sea Dogs,Boston Red Sox
2016,CC,Corpus Christi Hooks,Houston Astros
2016,BOW,Bowie Baysox,Baltimore Orioles
2016,HBG,Harrisburg Senators,Washington Nationals
2016,MTG,Montgomery Biscuits,Tampa Bay Rays
2016,JXN,Jackson Generals,Seattle Mariners
2016,TNS,Tennessee Smokies,Chicago Cubs
2016,ERI,Erie SeaWolves,Detroit Tigers
2016,MID,Midland RockHounds,Oakland Athletics
2016,MIS,Mississippi Braves,Atlanta Braves
2016,CHA,Chattanooga Lookouts,Minnesota Twins
2016,JAX,Jacksonville Suns,Miami Marlins
2016,TRN,Trenton Thunder,New York Yankees
2016,BIR,Birmingham Barons,Chicago White Sox
2016,SPR,Springfield Cardinals,St. Louis Cardinals
2016,BNG,Binghamton Mets,New York Mets
2016,ARK,Arkansas Travelers,Los Angeles Angels
2016,SA,San Antonio Missions,San Diego Padres
2016,DBT,Daytona Tortugas,Cincinnati Reds
2016,MOD,Modesto Nuts,Colorado Rockies
2016,WS,Winston-Salem Dash,Chicago White Sox
2016,VIS,Visalia Rawhide,Arizona Diamondbacks
2016,MB,Myrtle Beach Pelicans,Chicago Cubs
2016,TAM,Tampa Yankees,New York Yankees
2016,STK,Stockton Ports,Oakland Athletics
2016,RC,Rancho Cucamonga Quakes,Los Angeles Dodgers
2016,IE,Inland Empire 66ers,Los Angeles Angels
2016,PMB,Palm Beach Cardinals,St. Louis Cardinals
2016,SJ,San Jose Giants,San Francisco Giants
2016,SAL,Salem Red Sox,Boston Red Sox
2016,JUP,Jupiter Hammerheads,Miami Marlins
2016,LYN,Lynchburg Hillcats,Cleveland Indians
2016,BAK,Bakersfield Blaze,Seattle Mariners
2016,LE,Lake Elsinore Storm,San Diego Padres
2016,DUN,Dunedin Blue Jays,Toronto Blue Jays
2016,CHA,Charlotte Stone Crabs,Tampa Bay Rays
2016,WIL,Wilmington Blue Rocks,Kansas City Royals
2016,LAN,Lancaster JetHawks,Houston Astros
2016,FRE,Frederick Keys,Baltimore Orioles
2016,POT,Potomac Nationals,Washington Nationals
2016,CLR,Clearwater Threshers,Philadelphia Phillies
2016,BRV,Brevard County Manatees,Milwaukee Brewers
2016,HD,High Desert Mavericks,Texas Rangers
2016,CAR,Carolina Mudcats,Atlanta Braves
2016,LAK,Lakeland Flying Tigers,Detroit Tigers
2016,SLU,St. Lucie Mets,New York Mets
2016,FTM,Fort Myers Miracle,Minnesota Twins
2016,BRD,Bradenton Marauders,Pittsburgh Pirates
2016,HIC,Hickory Crawdads,Texas Rangers
2016,BG,Bowling Green Hot Rods,Tampa Bay Rays
2016,WM,West Michigan Whitecaps,Detroit Tigers
2016,FW,Fort Wayne TinCaps,San Diego Padres
2016,GL,Great Lakes Loons,Los Angeles Dodgers
2016,DAY,Dayton Dragons,Cincinnati Reds
2016,WV,West Virginia Power,Pittsburgh Pirates
2016,GBO,Greensboro Grasshoppers,Miami Marlins
2016,AUG,Augusta GreenJackets,San Francisco Giants
2016,DEL,Delmarva Shorebirds,Baltimore Orioles
2016,BUR,Burlington Bees,Los Angeles Angels
2016,SB,South Bend Cubs,Chicago Cubs
2016,KAN,Kannapolis Intimidators,Chicago White Sox
2016,CHS,Charleston RiverDogs,New York Yankees
2016,BEL,Beloit Snappers,Oakland Athletics
2016,LWD,Lakewood BlueClaws,Philadelphia Phillies
2016,CR,Cedar Rapids Kernels,Minnesota Twins
2016,GVL,Greenville Drive,Boston Red Sox
2016,LEX,Lexington Legends,Kansas City Royals
2016,ROM,Rome Braves,Atlanta Braves
2016,LAN,Lansing Lugnuts,Toronto Blue Jays
2016,HAG,Hagerstown Suns,Washington Nationals
2016,CLI,Clinton LumberKings,Seattle Mariners
2016,QC,Quad Cities River Bandits,Houston Astros
2016,LC,Lake County Captains,Cleveland Indians
2016,COL,Columbia Fireflies,New York Mets
2016,PEO,Peoria Chiefs,St. Louis Cardinals
2016,WIS,Wisconsin Timber Rattlers,Milwaukee Brewers
2016,ASH,Asheville Tourists,Colorado Rockies
2016,KC,Kane County Cougars,Arizona Diamondbacks
2016,BOI,Boise Hawks,Colorado Rockies
2016,MV,Mahoning Valley Scrappers,Cleveland Indians
2016,TRI,Tri-City ValleyCats,Houston Astros
2016,WIL,Williamsport Crosscutters,Philadelphia Phillies
2016,SK,Salem-Keizer Volcanoes,San Francisco Giants
2016,HIL,Hillsboro Hops,Arizona Diamondbacks
2016,BRK,Brooklyn Cyclones,New York Mets
2016,SPO,Spokane Indians,Texas Rangers
2016,ABD,Aberdeen IronBirds,Baltimore Orioles
2016,SI,Staten Island Yankees,New York Yankees
2016,AUB,Auburn Doubledays,Washington Nationals
2016,TRI,Tri-City Dust Devils,San Diego Padres
2016,EUG,Eugene Emeralds,Chicago Cubs
2016,LOW,Lowell Spinners,Boston Red Sox
2016,VER,Vermont Lake Monsters,Oakland Athletics
2016,VAN,Vancouver Canadians,Toronto Blue Jays
2016,EVE,Everett AquaSox,Seattle Mariners
2016,SC,State College Spikes,St. Louis Cardinals
2016,HV,Hudson Valley Renegades,Tampa Bay Rays
2016,CT,Connecticut Tigers,Detroit Tigers
2016,WV,West Virginia Black Bears,Pittsburgh Pirates
2016,BAT,Batavia Muckdogs,Miami Marlins
2016,BIL,Billings Mustangs,Cincinnati Reds
2016,A-DOD,AZL Dodgers,Los Angeles Dodgers
2016,BLU,Bluefield Blue Jays,Toronto Blue Jays
2016,MIS,Missoula Osprey,Arizona Diamondbacks
2016,ORM,Orem Owlz,Los Angeles Angels
2016,GJ,Grand Junction Rockies,Colorado Rockies
2016,D-ASO,DSL Astros Orange,Houston Astros
2016,OGD,Ogden Raptors,Los Angeles Dodgers
2016,A-ANG,AZL Angels,Los Angeles Angels
2016,A-ATH,AZL Athletics,Oakland Athletics
2016,A-BRW,AZL Brewers,Milwaukee Brewers
2016,A-CUB,AZL Cubs,Chicago Cubs
2016,A-GIA,AZL Giants,San Francisco Giants
2016,A-MRN,AZL Mariners,Seattle Mariners
2016,A-PAD,AZL Padres,San Diego Padres
2016,A-RAN,AZL Rangers,Texas Rangers
2016,A-ROY,AZL Royals,Kansas City Royals
2016,GRN,Greeneville Astros,Houston Astros
2016,PUL,Pulaski Yankees,New York Yankees
2016,DAN,Danville Braves,Atlanta Braves
2016,BRS,Bristol Pirates,Pittsburgh Pirates
2016,HEL,Helena Brewers,Milwaukee Brewers
2016,JC,Johnson City Cardinals,St. Louis Cardinals
2016,D-OR2,DSL Orioles 2,Baltimore Orioles
2016,IDF,Idaho Falls Chukars,Kansas City Royals
2016,ELZ,Elizabethton Twins,Minnesota Twins
2016,D-ME2,DSL Mets 2,New York Mets
2016,GTF,Great Falls Voyagers,Chicago White Sox
2016,A-DBA,ACL D-backs,Arizona Diamondbacks
2016,PRN,Princeton Rays,Tampa Bay Rays
2016,D-RA1,DSL Rays 1,Tampa Bay Rays
2016,A-WSX,ACL White Sox,Chicago White Sox
2016,G-AST,GCL Astros,Houston Astros
2016,G-TIW,GCL Tigers West,Detroit Tigers
2016,G-BRV,GCL Braves,Atlanta Braves
2016,A-IND,AZL Indians,Cleveland Indians
2016,G-NAT,GCL Nationals,Washington Nationals
2016,G-RAY,GCL Rays,Tampa Bay Rays
2016,G-MRL,GCL Marlins,Miami Marlins
2016,G-MET,GCL Mets,New York Mets
2016,G-PHI,GCL Phillies,Philadelphia Phillies
2016,G-PIR,GCL Pirates,Pittsburgh Pirates
2016,G-RSX,GCL Red Sox,Boston Red Sox
2016,G-ORI,GCL Orioles,Baltimore Orioles
2016,D-ANG,DSL Angels,Los Angeles Angels
2016,F-TIE,FCL Tigers East,Detroit Tigers
2016,D-ASB,DSL Astros Blue,Houston Astros
2016,G-TWI,GCL Twins,Minnesota Twins
2016,G-CAR,GCL Cardinals,St. Louis Cardinals
2016,D-ATH,DSL Athletics,Oakland Athletics
2016,G-YAE,GCL Yankees East,New York Yankees
2016,D-BLJ,DSL Blue Jays,Toronto Blue Jays
2016,D-PH2,DSL Phillies 2,Philadelphia Phillies
2016,D-BRV,DSL Braves,Atlanta Braves
2016,D-RA2,DSL Rays 2,Tampa Bay Rays
2016,D-CU2,DSL Cubs 2,Chicago Cubs
2016,D-DB2,DSL D-backs 2,Arizona Diamondbacks
2016,D-BRW,DSL Brewers,Milwaukee Brewers
2016,D-CAR,DSL Cardinals,St. Louis Cardinals
2016,D-CU1,DSL Cubs 1,Chicago Cubs
2016,D-DBA,DSL D-backs,Arizona Diamondbacks
2016,BUR,Burlington Royals,Kansas City Royals
2016,D-DO1,DSL Dodgers 1,Los Angeles Dodgers
2016,D-DO2,DSL Dodgers 2,Los Angeles Dodgers
2016,A-RED,AZL Reds,Cincinnati Reds
2016,D-GIA,DSL Giants,San Francisco Giants
2016,D-IND,DSL Indians,Cleveland Indians
2016,D-MR1,DSL Mariners 1,Seattle Mariners
2016,D-MRL,DSL Marlins,Miami Marlins
2016,D-ROJ,DSL Rojos,Cincinnati Reds
2016,D-ME1,DSL Mets 1,New York Mets
2016,D-RN2,DSL Rangers 2,Texas Rangers
2016,D-OR1,DSL Orioles 1,Baltimore Orioles
2016,G-BLU,GCL Blue Jays,Toronto Blue Jays
2016,D-PAD,DSL Padres,San Diego Padres
2016,D-PHI,DSL Phillies,Philadelphia Phillies
2016,D-PIR,DSL Pirates,Pittsburgh Pirates
2016,D-RN1,DSL Rangers 1,Texas Rangers
2016,D-RS1,DSL Red Sox 1,Boston Red Sox
2016,D-RS2,DSL Red Sox 2,Boston Red Sox
2016,D-RED,DSL Reds,Cincinnati Reds
2016,G-YAW,GCL Yankees West,New York Yankees
2016,D-RCK,DSL Rockies,Colorado Rockies
2016,D-NAT,DSL Nationals,Washington Nationals
2016,D-ROY,DSL Royals,Kansas City Royals
2016,D-TIG,DSL Tigers,Detroit Tigers
2016,D-TWI,DSL Twins,Minnesota Twins
2016,D-WSX,DSL White Sox,Chicago White Sox
2016,KNG,Kingsport Mets,New York Mets
2016,D-YA1,DSL Yankees 1,New York Yankees
2016,D-YA2,DSL Yankees 2,New York Yankees
2016,GDD,Glendale Desert Dogs,Office of the Commissioner
2016,CUB,Cuba,Office of the Commissioner
2016,SRR,Salt River Rafters,Office of the Commissioner
2016,AGU,Aguilas Cibaenas,Office of the Commissioner
2016,TOR,Toros del Este,Office of the Commissioner
2016,EST,Estrellas Orientales,Office of the Commissioner
2016,GIG,Gigantes del Cibao,Office of the Commissioner
2016,SUR,Surprise Saguaros,Office of the Commissioner
2016,TDN,Tren del Norte,Office of the Commissioner
2016,ESC,Leones del Escogido,Office of the Commissioner
2016,ADE,Adelaide Bite,Office of the Commissioner
2016,LIC,Tigres del Licey,Office of the Commissioner
2016,SCO,Scottsdale Scorpions,Office of the Commissioner
2016,BRI,Brisbane Bandits,Office of the Commissioner
2016,MXC,Aguilas de Mexicali,Office of the Commissioner
2016,CAN,Canberra Cavalry,Office of the Commissioner
2016,JAL,Charros de Jalisco,Office of the Commissioner
2016,MEL,Melbourne Aces,Office of the Commissioner
2016,MOC,Caneros de los Mochis,Office of the Commissioner
2016,PER,Perth Heat,Office of the Commissioner
2016,NAV,Mayos de Navojoa,Office of the Commissioner
2016,SYD,Sydney Blue Sox,Office of the Commissioner
2016,HER,Naranjeros de Hermosillo,Office of the Commissioner
2016,CUL,Tomateros de Culiacan,Office of the Commissioner
2016,DR,Dominican Republic,Office of the Commissioner
2016,MAZ,Venados de Mazatlan,Office of the Commissioner
2016,MEX,Mexico,Office of the Commissioner
2016,OBR,Yaquis de Obregon,Office of the Commissioner
2016,VEN,Venezuela,Office of the Commissioner
2016,PEJ,Peoria Javelinas,Office of the Commissioner
2016,MSS,Mesa Solar Sox,Office of the Commissioner
2016,SAN,Cangrejeros de Santurce,Office of the Commissioner
2016,CAG,Criollos de Caguas,Office of the Commissioner
2016,CAR,Gigantes de Carolina,Office of the Commissioner
2016,MAY,Indios de Mayaguez,Office of the Commissioner
2016,AGU,Tiburones de Aguadilla,Office of the Commissioner
2016,PUR,Puerto Rico,Office of the Commissioner
2016,ZUL,Aguilas del Zulia,Office of the Commissioner
2016,LAR,Cardenales de Lara,Office of the Commissioner
2016,ORI,Caribes de Anzoategui,Office of the Commissioner
2016,CAR,Leones del Caracas,Office of the Commissioner
2016,MAG,Navegantes del Magallanes,Office of the Commissioner
2016,MAR,Bravos de Margarita,Office of the Commissioner
2016,LAG,Tiburones de La Guaira,Office of the Commissioner
2016,ARA,Tigres de Aragua,Office of the Commissioner
2017,TOL,Toledo Mud Hens,Detroit Tigers
2017,LHV,Lehigh Valley IronPigs,Philadelphia Phillies
2017,OAX,Guerreros de Oaxaca,Office of the Commissioner
2017,IOW,Iowa Cubs,Chicago Cubs
2017,FRE,Fresno Grizzlies,Houston Astros
2017,RNO,Reno Aces,Arizona Diamondbacks
2017,PUE,Pericos de Puebla,Office of the Commissioner
2017,CAM,Piratas de Campeche,Office of the Commissioner
2017,NO,New Orleans Baby Cakes,Miami Marlins
2017,AGS,Rieleros de Aguascalientes,Office of the Commissioner
2017,LV,Las Vegas 51s,New York Mets
2017,TAC,Tacoma Rainiers,Seattle Mariners
2017,TIJ,Toros de Tijuana,Office of the Commissioner
2017,SWB,Scranton/Wilkes-Barre RailRiders,New York Yankees
2017,MEX,Diablos Rojos del Mexico,Office of the Commissioner
2017,PAW,Pawtucket Red Sox,Boston Red Sox
2017,ABQ,Albuquerque Isotopes,Colorado Rockies
2017,ROC,Rochester Red Wings,Minnesota Twins
2017,VER,Rojos del Aguila de Veracruz,Office of the Commissioner
2017,DUR,Generales de Durango,Office of the Commissioner
2017,OMA,Omaha Storm Chasers,Kansas City Royals
2017,LOU,Louisville Bats,Cincinnati Reds
2017,IND,Indianapolis Indians,Pittsburgh Pirates
2017,RR,Round Rock Express,Texas Rangers
2017,BUF,Buffalo Bisons,Toronto Blue Jays
2017,COS,Colorado Springs Sky Sox,Milwaukee Brewers
2017,ELP,El Paso Chihuahuas,San Diego Padres
2017,SYR,Syracuse Chiefs,Washington Nationals
2017,SAC,Sacramento River Cats,San Francisco Giants
2017,DUR,Durham Bulls,Tampa Bay Rays
2017,MEM,Memphis Redbirds,St. Louis Cardinals
2017,NAS,Nashville Sounds,Oakland Athletics
2017,CLT,Charlotte Knights,Chicago White Sox
2017,OKC,Oklahoma City Dodgers,Los Angeles Dodgers
2017,GWN,Gwinnett Braves,Atlanta Braves
2017,YUC,Leones de Yucatan,Office of the Commissioner
2017,MVA,Acereros del Norte,Office of the Commissioner
2017,SL,Salt Lake Bees,Los Angeles Angels
2017,MTY,Sultanes de Monterrey,Office of the Commissioner
2017,LEO,Bravos de Leon,Office of the Commissioner
2017,SLT,Saraperos de Saltillo,Office of the Commissioner
2017,NOR,Norfolk Tides,Baltimore Orioles
2017,TIG,Tigres de Quintana Roo,Office of the Commissioner
2017,TAB,Olmecas de Tabasco,Office of the Commissioner
2017,COL,Columbus Clippers,Cleveland Indians
2017,LAG,Vaqueros Union Laguna,Office of the Commissioner
2017,ALT,Altoona Curve,Pittsburgh Pirates
2017,TUL,Tulsa Drillers,Los Angeles Dodgers
2017,NWA,Northwest Arkansas Naturals,Kansas City Royals
2017,REA,Reading Fightin Phils,Philadelphia Phillies
2017,NH,New Hampshire Fisher Cats,Toronto Blue Jays
2017,RIC,Richmond Flying Squirrels,San Francisco Giants
2017,AKR,Akron RubberDucks,Cleveland Indians
2017,BLX,Biloxi Shuckers,Milwaukee Brewers
2017,HFD,Hartford Yard Goats,Colorado Rockies
2017,PNS,Pensacola Blue Wahoos,Cincinnati Reds
2017,FRI,Frisco RoughRiders,Texas Rangers
2017,MOB,Mobile BayBears,Los Angeles Angels
2017,POR,Portland Sea Dogs,Boston Red Sox
2017,CC,Corpus Christi Hooks,Houston Astros
2017,BOW,Bowie Baysox,Baltimore Orioles
2017,HBG,Harrisburg Senators,Washington Nationals
2017,MTG,Montgomery Biscuits,Tampa Bay Rays
2017,JXN,Jackson Generals,Arizona Diamondbacks
2017,TNS,Tennessee Smokies,Chicago Cubs
2017,ERI,Erie SeaWolves,Detroit Tigers
2017,MID,Midland RockHounds,Oakland Athletics
2017,MIS,Mississippi Braves,Atlanta Braves
2017,CHA,Chattanooga Lookouts,Minnesota Twins
2017,JAX,Jacksonville Jumbo Shrimp,Miami Marlins
2017,TRN,Trenton Thunder,New York Yankees
2017,BIR,Birmingham Barons,Chicago White Sox
2017,SPR,Springfield Cardinals,St. Louis Cardinals
2017,BNG,Binghamton Rumble Ponies,New York Mets
2017,ARK,Arkansas Travelers,Seattle Mariners
2017,SA,San Antonio Missions,San Diego Padres
2017,BC,Buies Creek Astros,Houston Astros
2017,DBT,Daytona Tortugas,Cincinnati Reds
2017,MOD,Modesto Nuts,Seattle Mariners
2017,WS,Winston-Salem Dash,Chicago White Sox
2017,VIS,Visalia Rawhide,Arizona Diamondbacks
2017,MB,Myrtle Beach Pelicans,Chicago Cubs
2017,TAM,Tampa Yankees,New York Yankees
2017,STK,Stockton Ports,Oakland Athletics
2017,RC,Rancho Cucamonga Quakes,Los Angeles Dodgers
2017,IE,Inland Empire 66ers,Los Angeles Angels
2017,PMB,Palm Beach Cardinals,St. Louis Cardinals
2017,SJ,San Jose Giants,San Francisco Giants
2017,SAL,Salem Red Sox,Boston Red Sox
2017,JUP,Jupiter Hammerheads,Miami Marlins
2017,LYN,Lynchburg Hillcats,Cleveland Indians
2017,DE,Down East Wood Ducks,Texas Rangers
2017,LE,Lake Elsinore Storm,San Diego Padres
2017,DUN,Dunedin Blue Jays,Toronto Blue Jays
2017,CHA,Charlotte Stone Crabs,Tampa Bay Rays
2017,WIL,Wilmington Blue Rocks,Kansas City Royals
2017,LAN,Lancaster JetHawks,Colorado Rockies
2017,FRE,Frederick Keys,Baltimore Orioles
2017,POT,Potomac Nationals,Washington Nationals
2017,CLR,Clearwater Threshers,Philadelphia Phillies
2017,FLO,Florida Fire Frogs,Atlanta Braves
2017,CAR,Carolina Mudcats,Milwaukee Brewers
2017,LAK,Lakeland Flying Tigers,Detroit Tigers
2017,SLU,St. Lucie Mets,New York Mets
2017,FTM,Fort Myers Miracle,Minnesota Twins
2017,BRD,Bradenton Marauders,Pittsburgh Pirates
2017,HIC,Hickory Crawdads,Texas Rangers
2017,BG,Bowling Green Hot Rods,Tampa Bay Rays
2017,WM,West Michigan Whitecaps,Detroit Tigers
2017,FW,Fort Wayne TinCaps,San Diego Padres
2017,GL,Great Lakes Loons,Los Angeles Dodgers
2017,DAY,Dayton Dragons,Cincinnati Reds
2017,WV,West Virginia Power,Pittsburgh Pirates
2017,GBO,Greensboro Grasshoppers,Miami Marlins
2017,AUG,Augusta GreenJackets,San Francisco Giants
2017,DEL,Delmarva Shorebirds,Baltimore Orioles
2017,BUR,Burlington Bees,Los Angeles Angels
2017,SB,South Bend Cubs,Chicago Cubs
2017,KAN,Kannapolis Intimidators,Chicago White Sox
2017,CHS,Charleston RiverDogs,New York Yankees
2017,BEL,Beloit Snappers,Oakland Athletics
2017,LWD,Lakewood BlueClaws,Philadelphia Phillies
2017,CR,Cedar Rapids Kernels,Minnesota Twins
2017,GVL,Greenville Drive,Boston Red Sox
2017,LEX,Lexington Legends,Kansas City Royals
2017,ROM,Rome Braves,Atlanta Braves
2017,LAN,Lansing Lugnuts,Toronto Blue Jays
2017,HAG,Hagerstown Suns,Washington Nationals
2017,CLI,Clinton LumberKings,Seattle Mariners
2017,QC,Quad Cities River Bandits,Houston Astros
2017,LC,Lake County Captains,Cleveland Indians
2017,COL,Columbia Fireflies,New York Mets
2017,PEO,Peoria Chiefs,St. Louis Cardinals
2017,WIS,Wisconsin Timber Rattlers,Milwaukee Brewers
2017,ASH,Asheville Tourists,Colorado Rockies
2017,KC,Kane County Cougars,Arizona Diamondbacks
2017,BOI,Boise Hawks,Colorado Rockies
2017,MV,Mahoning Valley Scrappers,Cleveland Indians
2017,TRI,Tri-City ValleyCats,Houston Astros
2017,WIL,Williamsport Crosscutters,Philadelphia Phillies
2017,SK,Salem-Keizer Volcanoes,San Francisco Giants
2017,HIL,Hillsboro Hops,Arizona Diamondbacks
2017,BRK,Brooklyn Cyclones,New York Mets
2017,SPO,Spokane Indians,Texas Rangers
2017,ABD,Aberdeen IronBirds,Baltimore Orioles
2017,SI,Staten Island Yankees,New York Yankees
2017,AUB,Auburn Doubledays,Washington Nationals
2017,TRI,Tri-City Dust Devils,San Diego Padres
2017,EUG,Eugene Emeralds,Chicago Cubs
2017,LOW,Lowell Spinners,Boston Red Sox
2017,VER,Vermont Lake Monsters,Oakland Athletics
2017,VAN,Vancouver Canadians,Toronto Blue Jays
2017,EVE,Everett AquaSox,Seattle Mariners
2017,SC,State College Spikes,St. Louis Cardinals
2017,HV,Hudson Valley Renegades,Tampa Bay Rays
2017,CT,Connecticut Tigers,Detroit Tigers
2017,WV,West Virginia Black Bears,Pittsburgh Pirates
2017,BAT,Batavia Muckdogs,Miami Marlins
2017,BIL,Billings Mustangs,Cincinnati Reds
2017,A-DOD,AZL Dodgers,Los Angeles Dodgers
2017,BLU,Bluefield Blue Jays,Toronto Blue Jays
2017,MIS,Missoula Osprey,Arizona Diamondbacks
2017,ORM,Orem Owlz,Los Angeles Angels
2017,GJ,Grand Junction Rockies,Colorado Rockies
2017,D-ASO,DSL Astros Orange,Houston Astros
2017,OGD,Ogden Raptors,Los Angeles Dodgers
2017,A-ANG,AZL Angels,Los Angeles Angels
2017,A-ATH,AZL Athletics,Oakland Athletics
2017,A-BRW,AZL Brewers,Milwaukee Brewers
2017,A-CUB,AZL Cubs,Chicago Cubs
2017,A-GIA,AZL Giants,San Francisco Giants
2017,A-MRN,AZL Mariners,Seattle Mariners
2017,A-PAD,AZL Padres,San Diego Padres
2017,A-RAN,AZL Rangers,Texas Rangers
2017,A-ROY,AZL Royals,Kansas City Royals
2017,GRN,Greeneville Astros,Houston Astros
2017,PUL,Pulaski Yankees,New York Yankees
2017,DAN,Danville Braves,Atlanta Braves
2017,BRS,Bristol Pirates,Pittsburgh Pirates
2017,HEL,Helena Brewers,Milwaukee Brewers
2017,JC,Johnson City Cardinals,St. Louis Cardinals
2017,IDF,Idaho Falls Chukars,Kansas City Royals
2017,ELZ,Elizabethton Twins,Minnesota Twins
2017,A-PA2,AZL Padres 2,San Diego Padres
2017,D-ME2,DSL Mets 2,New York Mets
2017,GTF,Great Falls Voyagers,Chicago White Sox
2017,A-DBA,ACL D-backs,Arizona Diamondbacks
2017,PRN,Princeton Rays,Tampa Bay Rays
2017,D-RA1,DSL Rays 1,Tampa Bay Rays
2017,A-WSX,ACL White Sox,Chicago White Sox
2017,G-AST,GCL Astros,Houston Astros
2017,G-TIW,GCL Tigers West,Detroit Tigers
2017,G-BRV,GCL Braves,Atlanta Braves
2017,A-IND,AZL Indians,Cleveland Indians
2017,G-NAT,GCL Nationals,Washington Nationals
2017,G-RAY,GCL Rays,Tampa Bay Rays
2017,G-MRL,GCL Marlins,Miami Marlins
2017,G-MET,GCL Mets,New York Mets
2017,G-PHI,GCL Phillies,Philadelphia Phillies
2017,G-PIR,GCL Pirates,Pittsburgh Pirates
2017,G-RSX,GCL Red Sox,Boston Red Sox
2017,G-ORI,GCL Orioles,Baltimore Orioles
2017,D-ANG,DSL Angels,Los Angeles Angels
2017,F-TIE,FCL Tigers East,Detroit Tigers
2017,D-ASB,DSL Astros Blue,Houston Astros
2017,G-TWI,GCL Twins,Minnesota Twins
2017,G-CAR,GCL Cardinals,St. Louis Cardinals
2017,D-ATH,DSL Athletics,Oakland Athletics
2017,G-YAE,GCL Yankees East,New York Yankees
2017,D-BLJ,DSL Blue Jays,Toronto Blue Jays
2017,D-PHW,DSL Phillies White,Philadelphia Phillies
2017,D-BRV,DSL Braves,Atlanta Braves
2017,D-RA2,DSL Rays 2,Tampa Bay Rays
2017,D-CU2,DSL Cubs 2,Chicago Cubs
2017,D-DB2,DSL D-backs 2,Arizona Diamondbacks
2017,D-BRW,DSL Brewers,Milwaukee Brewers
2017,D-CAR,DSL Cardinals,St. Louis Cardinals
2017,D-CU1,DSL Cubs 1,Chicago Cubs
2017,D-DB1,DSL D-backs 1,Arizona Diamondbacks
2017,BUR,Burlington Royals,Kansas City Royals
2017,D-DO1,DSL Dodgers 1,Los Angeles Dodgers
2017,D-DO2,DSL Dodgers 2,Los Angeles Dodgers
2017,A-RED,AZL Reds,Cincinnati Reds
2017,D-GIA,DSL Giants,San Francisco Giants
2017,D-IND,DSL Indians,Cleveland Indians
2017,D-MRN,DSL Mariners,Seattle Mariners
2017,D-MRL,DSL Marlins,Miami Marlins
2017,D-ROJ,DSL Rojos,Cincinnati Reds
2017,D-ME1,DSL Mets 1,New York Mets
2017,D-RN2,DSL Rangers 2,Texas Rangers
2017,D-ORI,DSL Orioles,Baltimore Orioles
2017,G-BLU,GCL Blue Jays,Toronto Blue Jays
2017,D-PAD,DSL Padres,San Diego Padres
2017,D-PHR,DSL Phillies Red,Philadelphia Phillies
2017,D-PIR,DSL Pirates,Pittsburgh Pirates
2017,D-RN1,DSL Rangers 1,Texas Rangers
2017,D-RSX,DSL Red Sox,Boston Red Sox
2017,D-RED,DSL Reds,Cincinnati Reds
2017,G-YAW,GCL Yankees West,New York Yankees
2017,D-RCK,DSL Rockies,Colorado Rockies
2017,D-NAT,DSL Nationals,Washington Nationals
2017,D-ROY,DSL Royals,Kansas City Royals
2017,D-TIG,DSL Tigers,Detroit Tigers
2017,D-TWI,DSL Twins,Minnesota Twins
2017,D-WSX,DSL White Sox,Chicago White Sox
2017,KNG,Kingsport Mets,New York Mets
2017,D-YAN,DSL Yankees,New York Yankees
2017,GDD,Glendale Desert Dogs,Office of the Commissioner
2017,CUB,Cuba,Office of the Commissioner
2017,SRR,Salt River Rafters,Office of the Commissioner
2017,AGU,Aguilas Cibaenas,Office of the Commissioner
2017,TOR,Toros del Este,Office of the Commissioner
2017,EST,Estrellas Orientales,Office of the Commissioner
2017,GIG,Gigantes del Cibao,Office of the Commissioner
2017,SUR,Surprise Saguaros,Office of the Commissioner
2017,TDN,Tren del Norte,Office of the Commissioner
2017,ESC,Leones del Escogido,Office of the Commissioner
2017,ADE,Adelaide Bite,Office of the Commissioner
2017,LIC,Tigres del Licey,Office of the Commissioner
2017,SCO,Scottsdale Scorpions,Office of the Commissioner
2017,BRI,Brisbane Bandits,Office of the Commissioner
2017,MXC,Aguilas de Mexicali,Office of the Commissioner
2017,CAN,Canberra Cavalry,Office of the Commissioner
2017,JAL,Charros de Jalisco,Office of the Commissioner
2017,MEL,Melbourne Aces,Office of the Commissioner
2017,MOC,Caneros de los Mochis,Office of the Commissioner
2017,PER,Perth Heat,Office of the Commissioner
2017,NAV,Mayos de Navojoa,Office of the Commissioner
2017,SYD,Sydney Blue Sox,Office of the Commissioner
2017,HER,Naranjeros de Hermosillo,Office of the Commissioner
2017,CUL,Tomateros de Culiacan,Office of the Commissioner
2017,DR,Dominican Republic,Office of the Commissioner
2017,MAZ,Venados de Mazatlan,Office of the Commissioner
2017,MEX,Mexico,Office of the Commissioner
2017,OBR,Yaquis de Obregon,Office of the Commissioner
2017,VEN,Venezuela,Office of the Commissioner
2017,PEJ,Peoria Javelinas,Office of the Commissioner
2017,MSS,Mesa Solar Sox,Office of the Commissioner
2017,SAN,Cangrejeros de Santurce,Office of the Commissioner
2017,CAG,Criollos de Caguas,Office of the Commissioner
2017,CAR,Gigantes de Carolina,Office of the Commissioner
2017,MAY,Indios de Mayaguez,Office of the Commissioner
2017,PUR,Puerto Rico,Office of the Commissioner
2017,ZUL,Aguilas del Zulia,Office of the Commissioner
2017,LAR,Cardenales de Lara,Office of the Commissioner
2017,ORI,Caribes de Anzoategui,Office of the Commissioner
2017,CAR,Leones del Caracas,Office of the Commissioner
2017,MAG,Navegantes del Magallanes,Office of the Commissioner
2017,MAR,Bravos de Margarita,Office of the Commissioner
2017,LAG,Tiburones de La Guaira,Office of the Commissioner
2017,ARA,Tigres de Aragua,Office of the Commissioner
2018,TOL,Toledo Mud Hens,Detroit Tigers
2018,LHV,Lehigh Valley IronPigs,Philadelphia Phillies
2018,OAX,Guerreros de Oaxaca,Office of the Commissioner
2018,IOW,Iowa Cubs,Chicago Cubs
2018,FRE,Fresno Grizzlies,Houston Astros
2018,RNO,Reno Aces,Arizona Diamondbacks
2018,PUE,Pericos de Puebla,Office of the Commissioner
2018,CAM,Piratas de Campeche,Office of the Commissioner
2018,NO,New Orleans Baby Cakes,Miami Marlins
2018,AGS,Rieleros de Aguascalientes,Office of the Commissioner
2018,LV,Las Vegas 51s,New York Mets
2018,TAC,Tacoma Rainiers,Seattle Mariners
2018,TIJ,Toros de Tijuana,Office of the Commissioner
2018,SWB,Scranton/Wilkes-Barre RailRiders,New York Yankees
2018,MEX,Diablos Rojos del Mexico,Office of the Commissioner
2018,PAW,Pawtucket Red Sox,Boston Red Sox
2018,ABQ,Albuquerque Isotopes,Colorado Rockies
2018,ROC,Rochester Red Wings,Minnesota Twins
2018,LAR,Tecos de los Dos Laredos,Office of the Commissioner
2018,DUR,Generales de Durango,Office of the Commissioner
2018,OMA,Omaha Storm Chasers,Kansas City Royals
2018,LOU,Louisville Bats,Cincinnati Reds
2018,IND,Indianapolis Indians,Pittsburgh Pirates
2018,RR,Round Rock Express,Texas Rangers
2018,BUF,Buffalo Bisons,Toronto Blue Jays
2018,COS,Colorado Springs Sky Sox,Milwaukee Brewers
2018,ELP,El Paso Chihuahuas,San Diego Padres
2018,SYR,Syracuse Chiefs,Washington Nationals
2018,SAC,Sacramento River Cats,San Francisco Giants
2018,DUR,Durham Bulls,Tampa Bay Rays
2018,MEM,Memphis Redbirds,St. Louis Cardinals
2018,NAS,Nashville Sounds,Oakland Athletics
2018,CLT,Charlotte Knights,Chicago White Sox
2018,OKC,Oklahoma City Dodgers,Los Angeles Dodgers
2018,GWN,Gwinnett Stripers,Atlanta Braves
2018,YUC,Leones de Yucatan,Office of the Commissioner
2018,MVA,Acereros del Norte,Office of the Commissioner
2018,SL,Salt Lake Bees,Los Angeles Angels
2018,MTY,Sultanes de Monterrey,Office of the Commissioner
2018,LEO,Bravos de Leon,Office of the Commissioner
2018,SLT,Saraperos de Saltillo,Office of the Commissioner
2018,NOR,Norfolk Tides,Baltimore Orioles
2018,TIG,Tigres de Quintana Roo,Office of the Commissioner
2018,TAB,Olmecas de Tabasco,Office of the Commissioner
2018,COL,Columbus Clippers,Cleveland Indians
2018,LAG,Algodoneros Union Laguna,Office of the Commissioner
2018,ALT,Altoona Curve,Pittsburgh Pirates
2018,TUL,Tulsa Drillers,Los Angeles Dodgers
2018,NWA,Northwest Arkansas Naturals,Kansas City Royals
2018,REA,Reading Fightin Phils,Philadelphia Phillies
2018,NH,New Hampshire Fisher Cats,Toronto Blue Jays
2018,RIC,Richmond Flying Squirrels,San Francisco Giants
2018,AKR,Akron RubberDucks,Cleveland Indians
2018,BLX,Biloxi Shuckers,Milwaukee Brewers
2018,HFD,Hartford Yard Goats,Colorado Rockies
2018,PNS,Pensacola Blue Wahoos,Cincinnati Reds
2018,FRI,Frisco RoughRiders,Texas Rangers
2018,MOB,Mobile BayBears,Los Angeles Angels
2018,POR,Portland Sea Dogs,Boston Red Sox
2018,CC,Corpus Christi Hooks,Houston Astros
2018,BOW,Bowie Baysox,Baltimore Orioles
2018,HBG,Harrisburg Senators,Washington Nationals
2018,MTG,Montgomery Biscuits,Tampa Bay Rays
2018,JXN,Jackson Generals,Arizona Diamondbacks
2018,TNS,Tennessee Smokies,Chicago Cubs
2018,ERI,Erie SeaWolves,Detroit Tigers
2018,MID,Midland RockHounds,Oakland Athletics
2018,MIS,Mississippi Braves,Atlanta Braves
2018,CHA,Chattanooga Lookouts,Minnesota Twins
2018,JAX,Jacksonville Jumbo Shrimp,Miami Marlins
2018,TRN,Trenton Thunder,New York Yankees
2018,BIR,Birmingham Barons,Chicago White Sox
2018,AMA,Amarillo Sod Poodles,San Diego Padres
2018,SPR,Springfield Cardinals,St. Louis Cardinals
2018,BNG,Binghamton Rumble Ponies,New York Mets
2018,ARK,Arkansas Travelers,Seattle Mariners
2018,SA,San Antonio Missions,San Diego Padres
2018,BC,Buies Creek Astros,Houston Astros
2018,DBT,Daytona Tortugas,Cincinnati Reds
2018,MOD,Modesto Nuts,Seattle Mariners
2018,WS,Winston-Salem Dash,Chicago White Sox
2018,VIS,Visalia Rawhide,Arizona Diamondbacks
2018,MB,Myrtle Beach Pelicans,Chicago Cubs
2018,TAM,Tampa Tarpons,New York Yankees
2018,STK,Stockton Ports,Oakland Athletics
2018,RC,Rancho Cucamonga Quakes,Los Angeles Dodgers
2018,IE,Inland Empire 66ers,Los Angeles Angels
2018,PMB,Palm Beach Cardinals,St. Louis Cardinals
2018,SJ,San Jose Giants,San Francisco Giants
2018,SAL,Salem Red Sox,Boston Red Sox
2018,JUP,Jupiter Hammerheads,Miami Marlins
2018,LYN,Lynchburg Hillcats,Cleveland Indians
2018,DE,Down East Wood Ducks,Texas Rangers
2018,LE,Lake Elsinore Storm,San Diego Padres
2018,DUN,Dunedin Blue Jays,Toronto Blue Jays
2018,CHA,Charlotte Stone Crabs,Tampa Bay Rays
2018,WIL,Wilmington Blue Rocks,Kansas City Royals
2018,LAN,Lancaster JetHawks,Colorado Rockies
2018,FRE,Frederick Keys,Baltimore Orioles
2018,POT,Potomac Nationals,Washington Nationals
2018,CLR,Clearwater Threshers,Philadelphia Phillies
2018,FLO,Florida Fire Frogs,Atlanta Braves
2018,CAR,Carolina Mudcats,Milwaukee Brewers
2018,LAK,Lakeland Flying Tigers,Detroit Tigers
2018,SLU,St. Lucie Mets,New York Mets
2018,FTM,Fort Myers Miracle,Minnesota Twins
2018,BRD,Bradenton Marauders,Pittsburgh Pirates
2018,HIC,Hickory Crawdads,Texas Rangers
2018,BG,Bowling Green Hot Rods,Tampa Bay Rays
2018,WM,West Michigan Whitecaps,Detroit Tigers
2018,FW,Fort Wayne TinCaps,San Diego Padres
2018,GL,Great Lakes Loons,Los Angeles Dodgers
2018,DAY,Dayton Dragons,Cincinnati Reds
2018,WV,West Virginia Power,Pittsburgh Pirates
2018,GBO,Greensboro Grasshoppers,Miami Marlins
2018,AUG,Augusta GreenJackets,San Francisco Giants
2018,DEL,Delmarva Shorebirds,Baltimore Orioles
2018,BUR,Burlington Bees,Los Angeles Angels
2018,SB,South Bend Cubs,Chicago Cubs
2018,KAN,Kannapolis Intimidators,Chicago White Sox
2018,CHS,Charleston RiverDogs,New York Yankees
2018,BEL,Beloit Snappers,Oakland Athletics
2018,LWD,Lakewood BlueClaws,Philadelphia Phillies
2018,CR,Cedar Rapids Kernels,Minnesota Twins
2018,GVL,Greenville Drive,Boston Red Sox
2018,LEX,Lexington Legends,Kansas City Royals
2018,ROM,Rome Braves,Atlanta Braves
2018,LAN,Lansing Lugnuts,Toronto Blue Jays
2018,HAG,Hagerstown Suns,Washington Nationals
2018,CLI,Clinton LumberKings,Seattle Mariners
2018,QC,Quad Cities River Bandits,Houston Astros
2018,LC,Lake County Captains,Cleveland Indians
2018,COL,Columbia Fireflies,New York Mets
2018,PEO,Peoria Chiefs,St. Louis Cardinals
2018,WIS,Wisconsin Timber Rattlers,Milwaukee Brewers
2018,ASH,Asheville Tourists,Colorado Rockies
2018,KC,Kane County Cougars,Arizona Diamondbacks
2018,BOI,Boise Hawks,Colorado Rockies
2018,MV,Mahoning Valley Scrappers,Cleveland Indians
2018,TRI,Tri-City ValleyCats,Houston Astros
2018,WIL,Williamsport Crosscutters,Philadelphia Phillies
2018,SK,Salem-Keizer Volcanoes,San Francisco Giants
2018,HIL,Hillsboro Hops,Arizona Diamondbacks
2018,BRK,Brooklyn Cyclones,New York Mets
2018,SPO,Spokane Indians,Texas Rangers
2018,ABD,Aberdeen IronBirds,Baltimore Orioles
2018,SI,Staten Island Yankees,New York Yankees
2018,AUB,Auburn Doubledays,Washington Nationals
2018,TRI,Tri-City Dust Devils,San Diego Padres
2018,EUG,Eugene Emeralds,Chicago Cubs
2018,LOW,Lowell Spinners,Boston Red Sox
2018,VER,Vermont Lake Monsters,Oakland Athletics
2018,VAN,Vancouver Canadians,Toronto Blue Jays
2018,EVE,Everett AquaSox,Seattle Mariners
2018,SC,State College Spikes,St. Louis Cardinals
2018,HV,Hudson Valley Renegades,Tampa Bay Rays
2018,CON,Connecticut Tigers,Detroit Tigers
2018,WV,West Virginia Black Bears,Pittsburgh Pirates
2018,BAT,Batavia Muckdogs,Miami Marlins
2018,BIL,Billings Mustangs,Cincinnati Reds
2018,BLU,Bluefield Blue Jays,Toronto Blue Jays
2018,MIS,Missoula Osprey,Arizona Diamondbacks
2018,ORM,Orem Owlz,Los Angeles Angels
2018,GJ,Grand Junction Rockies,Colorado Rockies
2018,OGD,Ogden Raptors,Los Angeles Dodgers
2018,BRS,Bristol Pirates,Pittsburgh Pirates
2018,D-CAR,DSL Cardinals Red,St. Louis Cardinals
2018,D-PI2,DSL Pirates 2,Pittsburgh Pirates
2018,ELZ,Elizabethton Twins,Minnesota Twins
2018,D-ME2,DSL Mets 2,New York Mets
2018,GTF,Great Falls Voyagers,Chicago White Sox
2018,D-RA1,DSL Rays 1,Tampa Bay Rays
2018,D-RO2,DSL Royals 2,Kansas City Royals
2018,D-COL,DSL Colorado,Colorado Rockies
2018,D-TI2,DSL Tigers 2,Detroit Tigers
2018,G-ORI,GCL Orioles,Baltimore Orioles
2018,D-ANG,DSL Angels,Los Angeles Angels
2018,D-AST,DSL Astros,Houston Astros
2018,G-CAR,GCL Cardinals,St. Louis Cardinals
2018,D-ATH,DSL Athletics,Oakland Athletics
2018,D-BLJ,DSL Blue Jays,Toronto Blue Jays
2018,D-BRV,DSL Braves,Atlanta Braves
2018,D-BRW,DSL Brewers,Milwaukee Brewers
2018,D-CAB,DSL Cardinals Blue,St. Louis Cardinals
2018,D-CU1,DSL Cubs 1,Chicago Cubs
2018,D-DB1,DSL D-backs 1,Arizona Diamondbacks
2018,D-DOR,DSL Dodgers Robinson,Los Angeles Dodgers
2018,D-DOG,DSL Dodgers Guerrero,Los Angeles Dodgers
2018,A-RED,AZL Reds,Cincinnati Reds
2018,D-GIA,DSL Giants,San Francisco Giants
2018,D-IND,DSL Indians,Cleveland Indians
2018,D-MRN,DSL Mariners,Seattle Mariners
2018,D-MRL,DSL Marlins,Miami Marlins
2018,D-ME1,DSL Mets 1,New York Mets
2018,D-RN2,DSL Rangers 2,Texas Rangers
2018,D-ORI,DSL Orioles,Baltimore Orioles
2018,G-BLU,GCL Blue Jays,Toronto Blue Jays
2018,D-PAD,DSL Padres,San Diego Padres
2018,D-PHR,DSL Phillies Red,Philadelphia Phillies
2018,D-PI1,DSL Pirates 1,Pittsburgh Pirates
2018,D-RN1,DSL Rangers 1,Texas Rangers
2018,D-RS1,DSL Red Sox 1,Boston Red Sox
2018,D-RS2,DSL Red Sox 2,Boston Red Sox
2018,D-RED,DSL Reds,Cincinnati Reds
2018,G-YAW,GCL Yankees West,New York Yankees
2018,D-RCK,DSL Rockies,Colorado Rockies
2018,D-RO1,DSL Royals 1,Kansas City Royals
2018,D-TI1,DSL Tigers 1,Detroit Tigers
2018,D-TWI,DSL Twins,Minnesota Twins
2018,D-WSX,DSL White Sox,Chicago White Sox
2018,D-YAN,DSL Yankees,New York Yankees
2018,A-DOD,AZL Dodgers,Los Angeles Dodgers
2018,A-ANG,AZL Angels,Los Angeles Angels
2018,A-ATH,AZL Athletics,Oakland Athletics
2018,A-BRW,AZL Brewers,Milwaukee Brewers
2018,A-CUB,AZL Cubs 1,Chicago Cubs
2018,A-GIB,AZL Giants Black,San Francisco Giants
2018,A-MRN,AZL Mariners,Seattle Mariners
2018,A-PA1,AZL Padres 1,San Diego Padres
2018,A-RAN,AZL Rangers,Texas Rangers
2018,A-ROY,AZL Royals,Kansas City Royals
2018,GRN,Greeneville Reds,Cincinnati Reds
2018,PUL,Pulaski Yankees,New York Yankees
2018,DAN,Danville Braves,Atlanta Braves
2018,HEL,Helena Brewers,Milwaukee Brewers
2018,JC,Johnson City Cardinals,St. Louis Cardinals
2018,IDF,Idaho Falls Chukars,Kansas City Royals
2018,A-PA2,AZL Padres 2,San Diego Padres
2018,A-DBA,ACL D-backs,Arizona Diamondbacks
2018,PRN,Princeton Rays,Tampa Bay Rays
2018,A-CUB,AZL Cubs 2,Chicago Cubs
2018,A-WSX,ACL White Sox,Chicago White Sox
2018,G-AST,GCL Astros,Houston Astros
2018,G-TIW,GCL Tigers West,Detroit Tigers
2018,G-BRV,GCL Braves,Atlanta Braves
2018,A-IN1,AZL Indians 1,Cleveland Indians
2018,G-NAT,GCL Nationals,Washington Nationals
2018,G-RAY,GCL Rays,Tampa Bay Rays
2018,G-MRL,GCL Marlins,Miami Marlins
2018,G-MET,GCL Mets,New York Mets
2018,G-PHE,GCL Phillies East,Philadelphia Phillies
2018,G-PIR,GCL Pirates,Pittsburgh Pirates
2018,G-RSX,GCL Red Sox,Boston Red Sox
2018,F-TIE,FCL Tigers East,Detroit Tigers
2018,G-TWI,GCL Twins,Minnesota Twins
2018,G-YAE,GCL Yankees East,New York Yankees
2018,D-PHW,DSL Phillies White,Philadelphia Phillies
2018,D-RA2,DSL Rays 2,Tampa Bay Rays
2018,D-CU2,DSL Cubs 2,Chicago Cubs
2018,D-DB2,DSL D-backs 2,Arizona Diamondbacks
2018,BUR,Burlington Royals,Kansas City Royals
2018,D-NAT,DSL Nationals,Washington Nationals
2018,A-GIO,AZL Giants Orange,San Francisco Giants
2018,KNG,Kingsport Mets,New York Mets
2018,G-PHW,GCL Phillies West,Philadelphia Phillies
2018,A-IN2,AZL Indians 2,Cleveland Indians
2018,PAN,Panama,Office of the Commissioner
2018,GDD,Glendale Desert Dogs,Office of the Commissioner
2018,CUB,Cuba,Office of the Commissioner
2018,SRR,Salt River Rafters,Office of the Commissioner
2018,AGU,Aguilas Cibaenas,Office of the Commissioner
2018,GEE,Geelong-Korea,Office of the Commissioner
2018,TOR,Toros del Este,Office of the Commissioner
2018,AKL,Auckland Tuatara,Office of the Commissioner
2018,EST,Estrellas Orientales,Office of the Commissioner
2018,GIG,Gigantes del Cibao,Office of the Commissioner
2018,SUR,Surprise Saguaros,Office of the Commissioner
2018,TDN,Tren del Norte,Office of the Commissioner
2018,ESC,Leones del Escogido,Office of the Commissioner
2018,ADE,Adelaide Bite,Office of the Commissioner
2018,LIC,Tigres del Licey,Office of the Commissioner
2018,SCO,Scottsdale Scorpions,Office of the Commissioner
2018,BRI,Brisbane Bandits,Office of the Commissioner
2018,MXC,Aguilas de Mexicali,Office of the Commissioner
2018,CAN,Canberra Cavalry,Office of the Commissioner
2018,JAL,Charros de Jalisco,Office of the Commissioner
2018,MEL,Melbourne Aces,Office of the Commissioner
2018,MOC,Caneros de los Mochis,Office of the Commissioner
2018,PER,Perth Heat,Office of the Commissioner
2018,NAV,Mayos de Navojoa,Office of the Commissioner
2018,SYD,Sydney Blue Sox,Office of the Commissioner
2018,HER,Naranjeros de Hermosillo,Office of the Commissioner
2018,CUL,Tomateros de Culiacan,Office of the Commissioner
2018,DR,Dominican Republic,Office of the Commissioner
2018,MAZ,Venados de Mazatlan,Office of the Commissioner
2018,MEX,Mexico,Office of the Commissioner
2018,OBR,Yaquis de Obregon,Office of the Commissioner
2018,VEN,Venezuela,Office of the Commissioner
2018,PEJ,Peoria Javelinas,Office of the Commissioner
2018,MSS,Mesa Solar Sox,Office of the Commissioner
2018,SAN,Cangrejeros de Santurce,Office of the Commissioner
2018,CAG,Criollos de Caguas,Office of the Commissioner
2018,CAR,Gigantes de Carolina,Office of the Commissioner
2018,MAY,Indios de Mayaguez,Office of the Commissioner
2018,PUR,Puerto Rico,Office of the Commissioner
2018,ZUL,Aguilas del Zulia,Office of the Commissioner
2018,LAR,Cardenales de Lara,Office of the Commissioner
2018,ORI,Caribes de Anzoategui,Office of the Commissioner
2018,CAR,Leones del Caracas,Office of the Commissioner
2018,MAG,Navegantes del Magallanes,Office of the Commissioner
2018,MAR,Bravos de Margarita,Office of the Commissioner
2018,LAG,Tiburones de La Guaira,Office of the Commissioner
2018,ARA,Tigres de Aragua,Office of the Commissioner
2019,TOL,Toledo Mud Hens,Detroit Tigers
2019,LHV,Lehigh Valley IronPigs,Philadelphia Phillies
2019,OAX,Guerreros de Oaxaca,Office of the Commissioner
2019,IOW,Iowa Cubs,Chicago Cubs
2019,FRE,Fresno Grizzlies,Washington Nationals
2019,RNO,Reno Aces,Arizona Diamondbacks
2019,PUE,Pericos de Puebla,Office of the Commissioner
2019,CAM,Piratas de Campeche,Office of the Commissioner
2019,NO,New Orleans Baby Cakes,Miami Marlins
2019,AGS,Rieleros de Aguascalientes,Office of the Commissioner
2019,LV,Las Vegas Aviators,Oakland Athletics
2019,TAC,Tacoma Rainiers,Seattle Mariners
2019,TIJ,Toros de Tijuana,Office of the Commissioner
2019,SWB,Scranton/Wilkes-Barre RailRiders,New York Yankees
2019,MEX,Diablos Rojos del Mexico,Office of the Commissioner
2019,PAW,Pawtucket Red Sox,Boston Red Sox
2019,ABQ,Albuquerque Isotopes,Colorado Rockies
2019,ROC,Rochester Red Wings,Minnesota Twins
2019,LAR,Tecos de los Dos Laredos,Office of the Commissioner
2019,DUR,Generales de Durango,Office of the Commissioner
2019,OMA,Omaha Storm Chasers,Kansas City Royals
2019,LOU,Louisville Bats,Cincinnati Reds
2019,IND,Indianapolis Indians,Pittsburgh Pirates
2019,RR,Round Rock Express,Houston Astros
2019,BUF,Buffalo Bisons,Toronto Blue Jays
2019,ELP,El Paso Chihuahuas,San Diego Padres
2019,SYR,Syracuse Mets,New York Mets
2019,SAC,Sacramento River Cats,San Francisco Giants
2019,DUR,Durham Bulls,Tampa Bay Rays
2019,MEM,Memphis Redbirds,St. Louis Cardinals
2019,NAS,Nashville Sounds,Texas Rangers
2019,CLT,Charlotte Knights,Chicago White Sox
2019,OKC,Oklahoma City Dodgers,Los Angeles Dodgers
2019,GWN,Gwinnett Stripers,Atlanta Braves
2019,YUC,Leones de Yucatan,Office of the Commissioner
2019,MVA,Acereros del Norte,Office of the Commissioner
2019,SL,Salt Lake Bees,Los Angeles Angels
2019,MTY,Sultanes de Monterrey,Office of the Commissioner
2019,LEO,Bravos de Leon,Office of the Commissioner
2019,SLT,Saraperos de Saltillo,Office of the Commissioner
2019,NOR,Norfolk Tides,Baltimore Orioles
2019,TIG,Tigres de Quintana Roo,Office of the Commissioner
2019,TAB,Olmecas de Tabasco,Office of the Commissioner
2019,COL,Columbus Clippers,Cleveland Indians
2019,SA,San Antonio Missions,Milwaukee Brewers
2019,LAG,Algodoneros Union Laguna,Office of the Commissioner
2019,ALT,Altoona Curve,Pittsburgh Pirates
2019,TUL,Tulsa Drillers,Los Angeles Dodgers
2019,NWA,Northwest Arkansas Naturals,Kansas City Royals
2019,REA,Reading Fightin Phils,Philadelphia Phillies
2019,NH,New Hampshire Fisher Cats,Toronto Blue Jays
2019,RIC,Richmond Flying Squirrels,San Francisco Giants
2019,AKR,Akron RubberDucks,Cleveland Indians
2019,BLX,Biloxi Shuckers,Milwaukee Brewers
2019,HFD,Hartford Yard Goats,Colorado Rockies
2019,PNS,Pensacola Blue Wahoos,Minnesota Twins
2019,FRI,Frisco RoughRiders,Texas Rangers
2019,MOB,Mobile BayBears,Los Angeles Angels
2019,POR,Portland Sea Dogs,Boston Red Sox
2019,CC,Corpus Christi Hooks,Houston Astros
2019,BOW,Bowie Baysox,Baltimore Orioles
2019,HBG,Harrisburg Senators,Washington Nationals
2019,MTG,Montgomery Biscuits,Tampa Bay Rays
2019,JXN,Jackson Generals,Arizona Diamondbacks
2019,TNS,Tennessee Smokies,Chicago Cubs
2019,ERI,Erie SeaWolves,Detroit Tigers
2019,MID,Midland RockHounds,Oakland Athletics
2019,MIS,Mississippi Braves,Atlanta Braves
2019,CHA,Chattanooga Lookouts,Cincinnati Reds
2019,JAX,Jacksonville Jumbo Shrimp,Miami Marlins
2019,TRN,Trenton Thunder,New York Yankees
2019,BIR,Birmingham Barons,Chicago White Sox
2019,AMA,Amarillo Sod Poodles,San Diego Padres
2019,SPR,Springfield Cardinals,St. Louis Cardinals
2019,BNG,Binghamton Rumble Ponies,New York Mets
2019,ARK,Arkansas Travelers,Seattle Mariners
2019,FAY,Fayetteville Woodpeckers,Houston Astros
2019,DBT,Daytona Tortugas,Cincinnati Reds
2019,MOD,Modesto Nuts,Seattle Mariners
2019,WS,Winston-Salem Dash,Chicago White Sox
2019,VIS,Visalia Rawhide,Arizona Diamondbacks
2019,MB,Myrtle Beach Pelicans,Chicago Cubs
2019,TAM,Tampa Tarpons,New York Yankees
2019,STK,Stockton Ports,Oakland Athletics
2019,RC,Rancho Cucamonga Quakes,Los Angeles Dodgers
2019,IE,Inland Empire 66ers,Los Angeles Angels
2019,PMB,Palm Beach Cardinals,St. Louis Cardinals
2019,SJ,San Jose Giants,San Francisco Giants
2019,SAL,Salem Red Sox,Boston Red Sox
2019,JUP,Jupiter Hammerheads,Miami Marlins
2019,LYN,Lynchburg Hillcats,Cleveland Indians
2019,DE,Down East Wood Ducks,Texas Rangers
2019,LE,Lake Elsinore Storm,San Diego Padres
2019,DUN,Dunedin Blue Jays,Toronto Blue Jays
2019,CHA,Charlotte Stone Crabs,Tampa Bay Rays
2019,WIL,Wilmington Blue Rocks,Kansas City Royals
2019,LAN,Lancaster JetHawks,Colorado Rockies
2019,FRE,Frederick Keys,Baltimore Orioles
2019,POT,Potomac Nationals,Washington Nationals
2019,CLR,Clearwater Threshers,Philadelphia Phillies
2019,FLO,Florida Fire Frogs,Atlanta Braves
2019,CAR,Carolina Mudcats,Milwaukee Brewers
2019,LAK,Lakeland Flying Tigers,Detroit Tigers
2019,SLU,St. Lucie Mets,New York Mets
2019,FTM,Fort Myers Miracle,Minnesota Twins
2019,BRD,Bradenton Marauders,Pittsburgh Pirates
2019,HIC,Hickory Crawdads,Texas Rangers
2019,BG,Bowling Green Hot Rods,Tampa Bay Rays
2019,WM,West Michigan Whitecaps,Detroit Tigers
2019,FW,Fort Wayne TinCaps,San Diego Padres
2019,GL,Great Lakes Loons,Los Angeles Dodgers
2019,DAY,Dayton Dragons,Cincinnati Reds
2019,WV,West Virginia Power,Seattle Mariners
2019,GBO,Greensboro Grasshoppers,Pittsburgh Pirates
2019,AUG,Augusta GreenJackets,San Francisco Giants
2019,DEL,Delmarva Shorebirds,Baltimore Orioles
2019,BUR,Burlington Bees,Los Angeles Angels
2019,SB,South Bend Cubs,Chicago Cubs
2019,KAN,Kannapolis Intimidators,Chicago White Sox
2019,CHS,Charleston RiverDogs,New York Yankees
2019,BEL,Beloit Snappers,Oakland Athletics
2019,LWD,Lakewood BlueClaws,Philadelphia Phillies
2019,CR,Cedar Rapids Kernels,Minnesota Twins
2019,GVL,Greenville Drive,Boston Red Sox
2019,LEX,Lexington Legends,Kansas City Royals
2019,ROM,Rome Braves,Atlanta Braves
2019,LAN,Lansing Lugnuts,Toronto Blue Jays
2019,HAG,Hagerstown Suns,Washington Nationals
2019,CLI,Clinton LumberKings,Miami Marlins
2019,QC,Quad Cities River Bandits,Houston Astros
2019,LC,Lake County Captains,Cleveland Indians
2019,COL,Columbia Fireflies,New York Mets
2019,PEO,Peoria Chiefs,St. Louis Cardinals
2019,WIS,Wisconsin Timber Rattlers,Milwaukee Brewers
2019,ASH,Asheville Tourists,Colorado Rockies
2019,KC,Kane County Cougars,Arizona Diamondbacks
2019,BOI,Boise Hawks,Colorado Rockies
2019,MV,Mahoning Valley Scrappers,Cleveland Indians
2019,TRI,Tri-City ValleyCats,Houston Astros
2019,WIL,Williamsport Crosscutters,Philadelphia Phillies
2019,SK,Salem-Keizer Volcanoes,San Francisco Giants
2019,HIL,Hillsboro Hops,Arizona Diamondbacks
2019,BRK,Brooklyn Cyclones,New York Mets
2019,SPO,Spokane Indians,Texas Rangers
2019,ABD,Aberdeen IronBirds,Baltimore Orioles
2019,SI,Staten Island Yankees,New York Yankees
2019,AUB,Auburn Doubledays,Washington Nationals
2019,TRI,Tri-City Dust Devils,San Diego Padres
2019,EUG,Eugene Emeralds,Chicago Cubs
2019,LOW,Lowell Spinners,Boston Red Sox
2019,VER,Vermont Lake Monsters,Oakland Athletics
2019,VAN,Vancouver Canadians,Toronto Blue Jays
2019,EVE,Everett AquaSox,Seattle Mariners
2019,SC,State College Spikes,St. Louis Cardinals
2019,HV,Hudson Valley Renegades,Tampa Bay Rays
2019,CON,Connecticut Tigers,Detroit Tigers
2019,WV,West Virginia Black Bears,Pittsburgh Pirates
2019,BAT,Batavia Muckdogs,Miami Marlins
2019,A-DOM,AZL Dodgers Mota,Los Angeles Dodgers
2019,A-ANG,AZL Angels,Los Angeles Angels
2019,A-AGR,AZL Athletics Green,Oakland Athletics
2019,A-BRG,AZL Brewers Gold,Milwaukee Brewers
2019,A-CUB,AZL Cubs 1,Chicago Cubs
2019,A-GIB,AZL Giants Black,San Francisco Giants
2019,A-MRN,AZL Mariners,Seattle Mariners
2019,A-PA1,AZL Padres 1,San Diego Padres
2019,A-RAN,AZL Rangers,Texas Rangers
2019,A-ROY,AZL Royals,Kansas City Royals
2019,D-CAR,DSL Cardinals Red,St. Louis Cardinals
2019,A-AGO,AZL Athletics Gold,Oakland Athletics
2019,A-DOL,AZL Dodgers Lasorda,Los Angeles Dodgers
2019,D-PI2,DSL Pirates 2,Pittsburgh Pirates
2019,A-BRB,AZL Brewers Blue,Milwaukee Brewers
2019,D-OR2,DSL Orioles 2,Baltimore Orioles
2019,A-PA2,AZL Padres 2,San Diego Padres
2019,D-ME2,DSL Mets 2,New York Mets
2019,A-DBA,ACL D-backs,Arizona Diamondbacks
2019,A-CUB,AZL Cubs 2,Chicago Cubs
2019,D-RA1,DSL Rays 1,Tampa Bay Rays
2019,A-WSX,ACL White Sox,Chicago White Sox
2019,G-AST,GCL Astros,Houston Astros
2019,G-TIW,GCL Tigers West,Detroit Tigers
2019,D-RO2,DSL Royals 2,Kansas City Royals
2019,G-BRV,GCL Braves,Atlanta Braves
2019,A-INR,AZL Indians Red,Cleveland Indians
2019,G-NAT,GCL Nationals,Washington Nationals
2019,D-COL,DSL Colorado,Colorado Rockies
2019,G-RAY,GCL Rays,Tampa Bay Rays
2019,G-MRL,GCL Marlins,Miami Marlins
2019,D-TI2,DSL Tigers 2,Detroit Tigers
2019,G-MET,GCL Mets,New York Mets
2019,G-PHE,GCL Phillies East,Philadelphia Phillies
2019,G-PIR,GCL Pirates,Pittsburgh Pirates
2019,G-ORI,GCL Orioles,Baltimore Orioles
2019,G-RSX,GCL Red Sox,Boston Red Sox
2019,D-ANG,DSL Angels,Los Angeles Angels
2019,D-AST,DSL Astros,Houston Astros
2019,F-TIE,FCL Tigers East,Detroit Tigers
2019,G-CAR,GCL Cardinals,St. Louis Cardinals
2019,D-ATH,DSL Athletics,Oakland Athletics
2019,G-TWI,GCL Twins,Minnesota Twins
2019,G-YAE,GCL Yankees East,New York Yankees
2019,D-BLJ,DSL Blue Jays,Toronto Blue Jays
2019,D-PHW,DSL Phillies White,Philadelphia Phillies
2019,D-BRV,DSL Braves,Atlanta Braves
2019,D-RA2,DSL Rays 2,Tampa Bay Rays
2019,D-CU2,DSL Cubs 2,Chicago Cubs
2019,D-DB2,DSL D-backs 2,Arizona Diamondbacks
2019,D-BRW,DSL Brewers,Milwaukee Brewers
2019,D-CAB,DSL Cardinals Blue,St. Louis Cardinals
2019,D-CU1,DSL Cubs 1,Chicago Cubs
2019,D-DB1,DSL D-backs 1,Arizona Diamondbacks
2019,D-LAB,DSL LAD Bautista,Los Angeles Dodgers
2019,D-DOS,DSL Dodgers Shoemaker,Los Angeles Dodgers
2019,A-RED,AZL Reds,Cincinnati Reds
2019,D-GIA,DSL Giants,San Francisco Giants
2019,D-IND,DSL Indians,Cleveland Indians
2019,D-MRN,DSL Mariners,Seattle Mariners
2019,D-MRL,DSL Marlins,Miami Marlins
2019,D-ME1,DSL Mets 1,New York Mets
2019,D-RN2,DSL Rangers 2,Texas Rangers
2019,D-OR1,DSL Orioles 1,Baltimore Orioles
2019,G-BLU,GCL Blue Jays,Toronto Blue Jays
2019,D-PAD,DSL Padres,San Diego Padres
2019,D-PHR,DSL Phillies Red,Philadelphia Phillies
2019,D-PI1,DSL Pirates 1,Pittsburgh Pirates
2019,D-RN1,DSL Rangers 1,Texas Rangers
2019,D-RS1,DSL Red Sox 1,Boston Red Sox
2019,D-RS2,DSL Red Sox 2,Boston Red Sox
2019,D-RED,DSL Reds,Cincinnati Reds
2019,G-YAW,GCL Yankees West,New York Yankees
2019,D-RCK,DSL Rockies,Colorado Rockies
2019,D-NAT,DSL Nationals,Washington Nationals
2019,D-RO1,DSL Royals 1,Kansas City Royals
2019,D-TI1,DSL Tigers 1,Detroit Tigers
2019,D-TWI,DSL Twins,Minnesota Twins
2019,D-WSX,DSL White Sox,Chicago White Sox
2019,A-GIO,AZL Giants Orange,San Francisco Giants
2019,D-YAN,DSL Yankees,New York Yankees
2019,G-PHW,GCL Phillies West,Philadelphia Phillies
2019,A-INB,AZL Indians Blue,Cleveland Indians
2019,ELZ,Elizabethton Twins,Minnesota Twins
2019,BIL,Billings Mustangs,Cincinnati Reds
2019,BUR,Burlington Royals,Kansas City Royals
2019,GTF,Great Falls Voyagers,Chicago White Sox
2019,BLU,Bluefield Blue Jays,Toronto Blue Jays
2019,MIS,Missoula Osprey,Arizona Diamondbacks
2019,RMV,Rocky Mountain Vibes,Milwaukee Brewers
2019,ORM,Orem Owlz,Los Angeles Angels
2019,PRN,Princeton Rays,Tampa Bay Rays
2019,PUL,Pulaski Yankees,New York Yankees
2019,GJ,Grand Junction Rockies,Colorado Rockies
2019,BRS,Bristol Pirates,Pittsburgh Pirates
2019,DAN,Danville Braves,Atlanta Braves
2019,OGD,Ogden Raptors,Los Angeles Dodgers
2019,JC,Johnson City Cardinals,St. Louis Cardinals
2019,KNG,Kingsport Mets,New York Mets
2019,IDF,Idaho Falls Chukars,Kansas City Royals
2019,GRN,Greeneville Reds,Cincinnati Reds
2019,SRR,Salt River Rafters,Office of the Commissioner
2019,AGU,Aguilas Cibaenas,Office of the Commissioner
2019,GEE,Geelong-Korea,Office of the Commissioner
2019,TOR,Toros del Este,Office of the Commissioner
2019,AKL,Auckland Tuatara,Office of the Commissioner
2019,EST,Estrellas Orientales,Office of the Commissioner
2019,GIG,Gigantes del Cibao,Office of the Commissioner
2019,SUR,Surprise Saguaros,Office of the Commissioner
2019,TDN,Tren del Norte,Office of the Commissioner
2019,ESC,Leones del Escogido,Office of the Commissioner
2019,LIC,Tigres del Licey,Office of the Commissioner
2019,SCO,Scottsdale Scorpions,Office of the Commissioner
2019,MXC,Aguilas de Mexicali,Office of the Commissioner
2019,JAL,Charros de Jalisco,Office of the Commissioner
2019,MOC,Caneros de los Mochis,Office of the Commissioner
2019,MAN,Atenienses de Manati,Office of the Commissioner
2019,NAV,Mayos de Navojoa,Office of the Commissioner
2019,HER,Naranjeros de Hermosillo,Office of the Commissioner
2019,CUL,Tomateros de Culiacan,Office of the Commissioner
2019,DR,Dominican Republic,Office of the Commissioner
2019,MAZ,Venados de Mazatlan,Office of the Commissioner
2019,MEX,Mexico,Office of the Commissioner
2019,OBR,Yaquis de Obregon,Office of the Commissioner
2019,VEN,Venezuela,Office of the Commissioner
2019,MSS,Mesa Solar Sox,Office of the Commissioner
2019,SAN,Cangrejeros de Santurce,Office of the Commissioner
2019,CAG,Criollos de Caguas,Office of the Commissioner
2019,CAR,Gigantes de Carolina,Office of the Commissioner
2019,MAY,Indios de Mayaguez,Office of the Commissioner
2019,PUR,Puerto Rico,Office of the Commissioner
2019,ZUL,Aguilas del Zulia,Office of the Commissioner
2019,LAR,Cardenales de Lara,Office of the Commissioner
2019,ORI,Caribes de Anzoategui,Office of the Commissioner
2019,CAR,Leones del Caracas,Office of the Commissioner
2019,MAG,Navegantes del Magallanes,Office of the Commissioner
2019,MAR,Bravos de Margarita,Office of the Commissioner
2019,LAG,Tiburones de La Guaira,Office of the Commissioner
2019,ARA,Tigres de Aragua,Office of the Commissioner
2019,PAN,Panama,Office of the Commissioner
2019,GDD,Glendale Desert Dogs,Office of the Commissioner
2019,ADE,Adelaide Giants,Office of the Commissioner
2019,BRI,Brisbane Bandits,Office of the Commissioner
2019,CAN,Canberra Cavalry,Office of the Commissioner
2019,MEL,Melbourne Aces,Office of the Commissioner
2019,PER,Perth Heat,Office of the Commissioner
2019,SYD,Sydney Blue Sox,Office of the Commissioner
2019,GSV,Algodoneros de Guasave,Office of the Commissioner
2019,PEJ,Peoria Javelinas,Office of the Commissioner
2019,COL,Colombia,Office of the Commissioner
2020,TOL,Toledo Mud Hens,Detroit Tigers
2020,LHV,Lehigh Valley IronPigs,Philadelphia Phillies
2020,OAX,Guerreros de Oaxaca,Office of the Commissioner
2020,IOW,Iowa Cubs,Chicago Cubs
2020,FRE,Fresno Grizzlies,Washington Nationals
2020,RNO,Reno Aces,Arizona Diamondbacks
2020,PUE,Pericos de Puebla,Office of the Commissioner
2020,CAM,Piratas de Campeche,Office of the Commissioner
2020,AGS,Rieleros de Aguascalientes,Office of the Commissioner
2020,LV,Las Vegas Aviators,Oakland Athletics
2020,TAC,Tacoma Rainiers,Seattle Mariners
2020,TIJ,Toros de Tijuana,Office of the Commissioner
2020,SWB,Scranton/Wilkes-Barre RailRiders,New York Yankees
2020,MEX,Diablos Rojos del Mexico,Office of the Commissioner
2020,PAW,Pawtucket Red Sox,Boston Red Sox
2020,ABQ,Albuquerque Isotopes,Colorado Rockies
2020,ROC,Rochester Red Wings,Minnesota Twins
2020,LAR,Tecos de los Dos Laredos,Office of the Commissioner
2020,DUR,Generales de Durango,Office of the Commissioner
2020,OMA,Omaha Storm Chasers,Kansas City Royals
2020,LOU,Louisville Bats,Cincinnati Reds
2020,IND,Indianapolis Indians,Pittsburgh Pirates
2020,RR,Round Rock Express,Houston Astros
2020,BUF,Buffalo Bisons,Toronto Blue Jays
2020,ELP,El Paso Chihuahuas,San Diego Padres
2020,SYR,Syracuse Mets,New York Mets
2020,SAC,Sacramento River Cats,San Francisco Giants
2020,DUR,Durham Bulls,Tampa Bay Rays
2020,MEM,Memphis Redbirds,St. Louis Cardinals
2020,NAS,Nashville Sounds,Texas Rangers
2020,CLT,Charlotte Knights,Chicago White Sox
2020,OKC,Oklahoma City Dodgers,Los Angeles Dodgers
2020,GWN,Gwinnett Stripers,Atlanta Braves
2020,YUC,Leones de Yucatan,Office of the Commissioner
2020,MVA,Acereros del Norte,Office of the Commissioner
2020,SL,Salt Lake Bees,Los Angeles Angels
2020,MTY,Sultanes de Monterrey,Office of the Commissioner
2020,LEO,Bravos de Leon,Office of the Commissioner
2020,WOR,Worcester Red Sox,Office of the Commissioner
2020,SLT,Saraperos de Saltillo,Office of the Commissioner
2020,NOR,Norfolk Tides,Baltimore Orioles
2020,TIG,Tigres de Quintana Roo,Office of the Commissioner
2020,WCH,Wichita Wind Surge,Miami Marlins
2020,TAB,Olmecas de Tabasco,Office of the Commissioner
2020,COL,Columbus Clippers,Cleveland Indians
2020,SA,San Antonio Missions,Milwaukee Brewers
2020,LAG,Algodoneros Union Laguna,Office of the Commissioner
2020,ALT,Altoona Curve,Pittsburgh Pirates
2020,TUL,Tulsa Drillers,Los Angeles Dodgers
2020,NWA,Northwest Arkansas Naturals,Kansas City Royals
2020,REA,Reading Fightin Phils,Philadelphia Phillies
2020,NH,New Hampshire Fisher Cats,Toronto Blue Jays
2020,RIC,Richmond Flying Squirrels,San Francisco Giants
2020,AKR,Akron RubberDucks,Cleveland Indians
2020,BLX,Biloxi Shuckers,Milwaukee Brewers
2020,HFD,Hartford Yard Goats,Colorado Rockies
2020,PNS,Pensacola Blue Wahoos,Minnesota Twins
2020,FRI,Frisco RoughRiders,Texas Rangers
2020,POR,Portland Sea Dogs,Boston Red Sox
2020,CC,Corpus Christi Hooks,Houston Astros
2020,BOW,Bowie Baysox,Baltimore Orioles
2020,HBG,Harrisburg Senators,Washington Nationals
2020,MTG,Montgomery Biscuits,Tampa Bay Rays
2020,JXN,Jackson Generals,Arizona Diamondbacks
2020,TNS,Tennessee Smokies,Chicago Cubs
2020,ERI,Erie SeaWolves,Detroit Tigers
2020,MID,Midland RockHounds,Oakland Athletics
2020,MIS,Mississippi Braves,Atlanta Braves
2020,RCT,Rocket City Trash Pandas,Los Angeles Angels
2020,CHA,Chattanooga Lookouts,Cincinnati Reds
2020,JAX,Jacksonville Jumbo Shrimp,Miami Marlins
2020,TRN,Trenton Thunder,New York Yankees
2020,BIR,Birmingham Barons,Chicago White Sox
2020,AMA,Amarillo Sod Poodles,San Diego Padres
2020,SPR,Springfield Cardinals,St. Louis Cardinals
2020,BNG,Binghamton Rumble Ponies,New York Mets
2020,ARK,Arkansas Travelers,Seattle Mariners
2020,FAY,Fayetteville Woodpeckers,Houston Astros
2020,DBT,Daytona Tortugas,Cincinnati Reds
2020,MOD,Modesto Nuts,Seattle Mariners
2020,WS,Winston-Salem Dash,Chicago White Sox
2020,VIS,Visalia Rawhide,Arizona Diamondbacks
2020,MB,Myrtle Beach Pelicans,Chicago Cubs
2020,TAM,Tampa Tarpons,New York Yankees
2020,STK,Stockton Ports,Oakland Athletics
2020,RC,Rancho Cucamonga Quakes,Los Angeles Dodgers
2020,IE,Inland Empire 66ers,Los Angeles Angels
2020,PMB,Palm Beach Cardinals,St. Louis Cardinals
2020,SJ,San Jose Giants,San Francisco Giants
2020,SAL,Salem Red Sox,Boston Red Sox
2020,JUP,Jupiter Hammerheads,Miami Marlins
2020,LYN,Lynchburg Hillcats,Cleveland Indians
2020,DE,Down East Wood Ducks,Texas Rangers
2020,LE,Lake Elsinore Storm,San Diego Padres
2020,DUN,Dunedin Blue Jays,Toronto Blue Jays
2020,CHA,Charlotte Stone Crabs,Tampa Bay Rays
2020,WIL,Wilmington Blue Rocks,Kansas City Royals
2020,LAN,Lancaster JetHawks,Colorado Rockies
2020,FRE,Frederick Keys,Baltimore Orioles
2020,FBG,Fredericksburg Nationals,Washington Nationals
2020,CLR,Clearwater Threshers,Philadelphia Phillies
2020,FLO,Florida Fire Frogs,Atlanta Braves
2020,CAR,Carolina Mudcats,Milwaukee Brewers
2020,LAK,Lakeland Flying Tigers,Detroit Tigers
2020,SLU,St. Lucie Mets,New York Mets
2020,FTM,Fort Myers Mighty Mussels,Minnesota Twins
2020,BRD,Bradenton Marauders,Pittsburgh Pirates
2020,HIC,Hickory Crawdads,Texas Rangers
2020,BG,Bowling Green Hot Rods,Tampa Bay Rays
2020,WM,West Michigan Whitecaps,Detroit Tigers
2020,FW,Fort Wayne TinCaps,San Diego Padres
2020,GL,Great Lakes Loons,Los Angeles Dodgers
2020,DAY,Dayton Dragons,Cincinnati Reds
2020,WV,West Virginia Power,Seattle Mariners
2020,GBO,Greensboro Grasshoppers,Pittsburgh Pirates
2020,AUG,Augusta GreenJackets,San Francisco Giants
2020,DEL,Delmarva Shorebirds,Baltimore Orioles
2020,BUR,Burlington Bees,Los Angeles Angels
2020,SB,South Bend Cubs,Chicago Cubs
2020,KAN,Kannapolis Cannon Ballers,Chicago White Sox
2020,CHS,Charleston RiverDogs,New York Yankees
2020,BEL,Beloit Snappers,Oakland Athletics
2020,LWD,Lakewood BlueClaws,Philadelphia Phillies
2020,CR,Cedar Rapids Kernels,Minnesota Twins
2020,GVL,Greenville Drive,Boston Red Sox
2020,LEX,Lexington Legends,Kansas City Royals
2020,ROM,Rome Braves,Atlanta Braves
2020,HAG,Hagerstown Suns,Washington Nationals
2020,LAN,Lansing Lugnuts,Toronto Blue Jays
2020,CLI,Clinton LumberKings,Miami Marlins
2020,QC,Quad Cities River Bandits,Houston Astros
2020,LC,Lake County Captains,Cleveland Indians
2020,COL,Columbia Fireflies,New York Mets
2020,PEO,Peoria Chiefs,St. Louis Cardinals
2020,WIS,Wisconsin Timber Rattlers,Milwaukee Brewers
2020,ASH,Asheville Tourists,Colorado Rockies
2020,KC,Kane County Cougars,Arizona Diamondbacks
2020,BOI,Boise Hawks,Colorado Rockies
2020,MV,Mahoning Valley Scrappers,Cleveland Indians
2020,TRI,Tri-City ValleyCats,Houston Astros
2020,WIL,Williamsport Crosscutters,Philadelphia Phillies
2020,SK,Salem-Keizer Volcanoes,San Francisco Giants
2020,HIL,Hillsboro Hops,Arizona Diamondbacks
2020,BRK,Brooklyn Cyclones,New York Mets
2020,SPO,Spokane Indians,Texas Rangers
2020,ABD,Aberdeen IronBirds,Baltimore Orioles
2020,SI,Staten Island Yankees,New York Yankees
2020,AUB,Auburn Doubledays,Washington Nationals
2020,TRI,Tri-City Dust Devils,San Diego Padres
2020,EUG,Eugene Emeralds,Chicago Cubs
2020,LOW,Lowell Spinners,Boston Red Sox
2020,VER,Vermont Lake Monsters,Oakland Athletics
2020,VAN,Vancouver Canadians,Toronto Blue Jays
2020,EVE,Everett AquaSox,Seattle Mariners
2020,SC,State College Spikes,St. Louis Cardinals
2020,HV,Hudson Valley Renegades,Tampa Bay Rays
2020,NOR,Norwich Sea Unicorns,Detroit Tigers
2020,WV,West Virginia Black Bears,Pittsburgh Pirates
2020,BAT,Batavia Muckdogs,Miami Marlins
2020,D-IN2,DSL Indians 2,Cleveland Indians
2020,A-DO2,AZL Dodgers 2,Los Angeles Dodgers
2020,A-ANG,AZL Angels,Los Angeles Angels
2020,A-AGR,AZL Athletics Green,Oakland Athletics
2020,A-BRG,AZL Brewers Gold,Milwaukee Brewers
2020,A-CUB,AZL Cubs Blue,Chicago Cubs
2020,A-GIB,AZL Giants Black,San Francisco Giants
2020,A-MRN,AZL Mariners,Seattle Mariners
2020,A-PA1,AZL Padres 1,San Diego Padres
2020,A-RAN,AZL Rangers,Texas Rangers
2020,A-ROY,AZL Royals,Kansas City Royals
2020,D-CAR,DSL Cardinals Red,St. Louis Cardinals
2020,A-AGO,AZL Athletics Gold,Oakland Athletics
2020,A-DO1,AZL Dodgers 1,Los Angeles Dodgers
2020,D-PI2,DSL Pirates 2,Pittsburgh Pirates
2020,A-BRB,AZL Brewers Blue,Milwaukee Brewers
2020,D-OR2,DSL Orioles 2,Baltimore Orioles
2020,A-PA2,AZL Padres 2,San Diego Padres
2020,D-ME2,DSL Mets 2,New York Mets
2020,A-DBA,ACL D-backs,Arizona Diamondbacks
2020,A-CUB,AZL Cubs Red,Chicago Cubs
2020,D-RA1,DSL Rays 1,Tampa Bay Rays
2020,A-WSX,ACL White Sox,Chicago White Sox
2020,G-AST,GCL Astros,Houston Astros
2020,G-TIW,GCL Tigers West,Detroit Tigers
2020,D-RO2,DSL Royals 2,Kansas City Royals
2020,G-BRV,GCL Braves,Atlanta Braves
2020,A-INR,AZL Indians Red,Cleveland Indians
2020,G-NAT,GCL Nationals,Washington Nationals
2020,D-COL,DSL Colorado,Colorado Rockies
2020,G-RAY,GCL Rays,Tampa Bay Rays
2020,G-MRL,GCL Marlins,Miami Marlins
2020,D-TI2,DSL Tigers 2,Detroit Tigers
2020,G-MET,GCL Mets,New York Mets
2020,G-PHE,GCL Phillies East,Philadelphia Phillies
2020,D-GI2,DSL Giants 2,San Francisco Giants
2020,G-PIR,GCL Pirates,Pittsburgh Pirates
2020,G-ORI,GCL Orioles,Baltimore Orioles
2020,G-RSX,GCL Red Sox,Boston Red Sox
2020,D-ANG,DSL Angels,Los Angeles Angels
2020,D-AST,DSL Astros,Houston Astros
2020,F-TIE,FCL Tigers East,Detroit Tigers
2020,G-CAR,GCL Cardinals,St. Louis Cardinals
2020,D-ATH,DSL Athletics,Oakland Athletics
2020,G-TWI,GCL Twins,Minnesota Twins
2020,G-YAE,GCL Yankees East,New York Yankees
2020,D-BLJ,DSL Blue Jays,Toronto Blue Jays
2020,D-PHW,DSL Phillies White,Philadelphia Phillies
2020,D-BRV,DSL Braves,Atlanta Braves
2020,D-RA2,DSL Rays 2,Tampa Bay Rays
2020,D-CUR,DSL Cubs Red,Chicago Cubs
2020,D-DB2,DSL D-backs 2,Arizona Diamondbacks
2020,D-BRW,DSL Brewers,Milwaukee Brewers
2020,D-CAB,DSL Cardinals Blue,St. Louis Cardinals
2020,D-CUB,DSL Cubs Blue,Chicago Cubs
2020,D-DB1,DSL D-backs 1,Arizona Diamondbacks
2020,D-LAB,DSL LAD Bautista,Los Angeles Dodgers
2020,D-DOS,DSL Dodgers Shoemaker,Los Angeles Dodgers
2020,A-RED,AZL Reds,Cincinnati Reds
2020,D-GI1,DSL Giants 1,San Francisco Giants
2020,D-IN1,DSL Indians 1,Cleveland Indians
2020,D-MRN,DSL Mariners,Seattle Mariners
2020,D-MRL,DSL Marlins,Miami Marlins
2020,D-ME1,DSL Mets 1,New York Mets
2020,D-RN2,DSL Rangers 2,Texas Rangers
2020,D-OR1,DSL Orioles 1,Baltimore Orioles
2020,G-BLU,GCL Blue Jays,Toronto Blue Jays
2020,D-PAD,DSL Padres,San Diego Padres
2020,D-PHR,DSL Phillies Red,Philadelphia Phillies
2020,D-PI1,DSL Pirates 1,Pittsburgh Pirates
2020,D-RN1,DSL Rangers 1,Texas Rangers
2020,D-BOB,DSL BOS Blue,Boston Red Sox
2020,D-BOR,DSL BOS Red,Boston Red Sox
2020,D-RED,DSL Reds,Cincinnati Reds
2020,G-YAW,GCL Yankees West,New York Yankees
2020,D-RCK,DSL Rockies,Colorado Rockies
2020,D-NAT,DSL Nationals,Washington Nationals
2020,D-RO1,DSL Royals 1,Kansas City Royals
2020,D-TI1,DSL Tigers 1,Detroit Tigers
2020,D-TWI,DSL Twins,Minnesota Twins
2020,D-WSX,DSL White Sox,Chicago White Sox
2020,A-GIO,AZL Giants Orange,San Francisco Giants
2020,D-YAN,DSL Yankees,New York Yankees
2020,G-PHW,GCL Phillies West,Philadelphia Phillies
2020,A-INB,AZL Indians Blue,Cleveland Indians
2020,ELZ,Elizabethton Twins,Minnesota Twins
2020,BIL,Billings Mustangs,Cincinnati Reds
2020,BUR,Burlington Royals,Kansas City Royals
2020,GTF,Great Falls Voyagers,Chicago White Sox
2020,BLU,Bluefield Blue Jays,Toronto Blue Jays
2020,MIS,Missoula PaddleHeads,Arizona Diamondbacks
2020,RMV,Rocky Mountain Vibes,Milwaukee Brewers
2020,ORM,Orem Owlz,Los Angeles Angels
2020,PRN,Princeton Rays,Tampa Bay Rays
2020,PUL,Pulaski Yankees,New York Yankees
2020,GJ,Grand Junction Rockies,Colorado Rockies
2020,BRS,Bristol Pirates,Pittsburgh Pirates
2020,DAN,Danville Braves,Atlanta Braves
2020,OGD,Ogden Raptors,Los Angeles Dodgers
2020,JC,Johnson City Cardinals,St. Louis Cardinals
2020,KNG,Kingsport Mets,New York Mets
2020,IDF,Idaho Falls Chukars,Kansas City Royals
2020,GRN,Greeneville Reds,Cincinnati Reds
2020,PAN,Panama,Office of the Commissioner
2020,AGU,Aguilas Cibaenas,Office of the Commissioner
2020,TOR,Toros del Este,Office of the Commissioner
2020,GEE,Geelong-Korea,Office of the Commissioner
2020,EST,Estrellas Orientales,Office of the Commissioner
2020,AKL,Auckland Tuatara,Office of the Commissioner
2020,GIG,Gigantes del Cibao,Office of the Commissioner
2020,TDN,Tren del Norte,Office of the Commissioner
2020,ESC,Leones del Escogido,Office of the Commissioner
2020,ADE,Adelaide Giants,Office of the Commissioner
2020,LIC,Tigres del Licey,Office of the Commissioner
2020,BRI,Brisbane Bandits,Office of the Commissioner
2020,MXC,Aguilas de Mexicali,Office of the Commissioner
2020,CAN,Canberra Cavalry,Office of the Commissioner
2020,JAL,Charros de Jalisco,Office of the Commissioner
2020,MEL,Melbourne Aces,Office of the Commissioner
2020,MOC,Caneros de los Mochis,Office of the Commissioner
2020,PER,Perth Heat,Office of the Commissioner
2020,RA12,RA12,Office of the Commissioner
2020,NAV,Mayos de Navojoa,Office of the Commissioner
2020,SYD,Sydney Blue Sox,Office of the Commissioner
2020,HER,Naranjeros de Hermosillo,Office of the Commissioner
2020,CUL,Tomateros de Culiacan,Office of the Commissioner
2020,DR,Dominican Republic,Office of the Commissioner
2020,MAZ,Venados de Mazatlan,Office of the Commissioner
2020,MEX,Mexico,Office of the Commissioner
2020,OBR,Yaquis de Obregon,Office of the Commissioner
2020,VEN,Venezuela,Office of the Commissioner
2020,GSV,Algodoneros de Guasave,Office of the Commissioner
2020,SAN,Cangrejeros de Santurce,Office of the Commissioner
2020,CAG,Criollos de Caguas,Office of the Commissioner
2020,CAR,Gigantes de Carolina,Office of the Commissioner
2020,MAY,Indios de Mayaguez,Office of the Commissioner
2020,PUR,Puerto Rico,Office of the Commissioner
2020,COL,Colombia,Office of the Commissioner
2020,ZUL,Aguilas del Zulia,Office of the Commissioner
2020,LAR,Cardenales de Lara,Office of the Commissioner
2020,ORI,Caribes de Anzoategui,Office of the Commissioner
2020,CAR,Leones del Caracas,Office of the Commissioner
2020,MAG,Navegantes del Magallanes,Office of the Commissioner
2020,MAR,Bravos de Margarita,Office of the Commissioner
2020,LAG,Tiburones de La Guaira,Office of the Commissioner
2020,ARA,Tigres de Aragua,Office of the Commissioner
2021,TOL,Toledo Mud Hens,Detroit Tigers
2021,LHV,Lehigh Valley IronPigs,Philadelphia Phillies
2021,IOW,Iowa Cubs,Chicago Cubs
2021,RNO,Reno Aces,Arizona Diamondbacks
2021,LV,Las Vegas Aviators,Oakland Athletics
2021,TAC,Tacoma Rainiers,Seattle Mariners
2021,SWB,Scranton/Wilkes-Barre RailRiders,New York Yankees
2021,WOR,Worcester Red Sox,Boston Red Sox
2021,ROC,Rochester Red Wings,Washington Nationals
2021,ABQ,Albuquerque Isotopes,Colorado Rockies
2021,OMA,Omaha Storm Chasers,Kansas City Royals
2021,LOU,Louisville Bats,Cincinnati Reds
2021,IND,Indianapolis Indians,Pittsburgh Pirates
2021,BUF,Buffalo Bisons,Toronto Blue Jays
2021,RR,Round Rock Express,Texas Rangers
2021,ELP,El Paso Chihuahuas,San Diego Padres
2021,STP,St. Paul Saints,Minnesota Twins
2021,SYR,Syracuse Mets,New York Mets
2021,SAC,Sacramento River Cats,San Francisco Giants
2021,DUR,Durham Bulls,Tampa Bay Rays
2021,MEM,Memphis Redbirds,St. Louis Cardinals
2021,NAS,Nashville Sounds,Milwaukee Brewers
2021,CLT,Charlotte Knights,Chicago White Sox
2021,OKC,Oklahoma City Dodgers,Los Angeles Dodgers
2021,GWN,Gwinnett Stripers,Atlanta Braves
2021,SL,Salt Lake Bees,Los Angeles Angels
2021,JAX,Jacksonville Jumbo Shrimp,Miami Marlins
2021,NOR,Norfolk Tides,Baltimore Orioles
2021,SUG,Sugar Land Skeeters,Houston Astros
2021,COL,Columbus Clippers,Cleveland Indians
2021,ALT,Altoona Curve,Pittsburgh Pirates
2021,TUL,Tulsa Drillers,Los Angeles Dodgers
2021,NWA,Northwest Arkansas Naturals,Kansas City Royals
2021,REA,Reading Fightin Phils,Philadelphia Phillies
2021,NH,New Hampshire Fisher Cats,Toronto Blue Jays
2021,RIC,Richmond Flying Squirrels,San Francisco Giants
2021,AKR,Akron RubberDucks,Cleveland Indians
2021,BLX,Biloxi Shuckers,Milwaukee Brewers
2021,HFD,Hartford Yard Goats,Colorado Rockies
2021,PNS,Pensacola Blue Wahoos,Miami Marlins
2021,FRI,Frisco RoughRiders,Texas Rangers
2021,POR,Portland Sea Dogs,Boston Red Sox
2021,CC,Corpus Christi Hooks,Houston Astros
2021,BOW,Bowie Baysox,Baltimore Orioles
2021,HBG,Harrisburg Senators,Washington Nationals
2021,SOM,Somerset Patriots,New York Yankees
2021,MTG,Montgomery Biscuits,Tampa Bay Rays
2021,TNS,Tennessee Smokies,Chicago Cubs
2021,ERI,Erie SeaWolves,Detroit Tigers
2021,MID,Midland RockHounds,Oakland Athletics
2021,MIS,Mississippi Braves,Atlanta Braves
2021,RCT,Rocket City Trash Pandas,Los Angeles Angels
2021,CHA,Chattanooga Lookouts,Cincinnati Reds
2021,BIR,Birmingham Barons,Chicago White Sox
2021,AMA,Amarillo Sod Poodles,Arizona Diamondbacks
2021,SPR,Springfield Cardinals,St. Louis Cardinals
2021,BNG,Binghamton Rumble Ponies,New York Mets
2021,WCH,Wichita Wind Surge,Minnesota Twins
2021,ARK,Arkansas Travelers,Seattle Mariners
2021,SA,San Antonio Missions,San Diego Padres
2021,HIC,Hickory Crawdads,Texas Rangers
2021,BG,Bowling Green Hot Rods,Tampa Bay Rays
2021,WS,Winston-Salem Dash,Chicago White Sox
2021,BRK,Brooklyn Cyclones,New York Mets
2021,WM,West Michigan Whitecaps,Detroit Tigers
2021,FW,Fort Wayne TinCaps,San Diego Padres
2021,GL,Great Lakes Loons,Los Angeles Dodgers
2021,DAY,Dayton Dragons,Cincinnati Reds
2021,TRI,Tri-City Dust Devils,Los Angeles Angels
2021,EUG,Eugene Emeralds,San Francisco Giants
2021,EVE,Everett AquaSox,Seattle Mariners
2021,HV,Hudson Valley Renegades,New York Yankees
2021,GBO,Greensboro Grasshoppers,Pittsburgh Pirates
2021,HIL,Hillsboro Hops,Arizona Diamondbacks
2021,SB,South Bend Cubs,Chicago Cubs
2021,SPO,Spokane Indians,Colorado Rockies
2021,ABD,Aberdeen IronBirds,Baltimore Orioles
2021,BEL,Beloit Snappers,Miami Marlins
2021,WIL,Wilmington Blue Rocks,Washington Nationals
2021,JS,Jersey Shore BlueClaws,Philadelphia Phillies
2021,CR,Cedar Rapids Kernels,Minnesota Twins
2021,GVL,Greenville Drive,Boston Red Sox
2021,ROM,Rome Braves,Atlanta Braves
2021,LAN,Lansing Lugnuts,Oakland Athletics
2021,VAN,Vancouver Canadians,Toronto Blue Jays
2021,QC,Quad Cities River Bandits,Kansas City Royals
2021,LC,Lake County Captains,Cleveland Indians
2021,PEO,Peoria Chiefs,St. Louis Cardinals
2021,WIS,Wisconsin Timber Rattlers,Milwaukee Brewers
2021,ASH,Asheville Tourists,Houston Astros
2021,FAY,Fayetteville Woodpeckers,Houston Astros
2021,DBT,Daytona Tortugas,Cincinnati Reds
2021,MOD,Modesto Nuts,Seattle Mariners
2021,FRE,Fresno Grizzlies,Colorado Rockies
2021,VIS,Visalia Rawhide,Arizona Diamondbacks
2021,MB,Myrtle Beach Pelicans,Chicago Cubs
2021,TAM,Tampa Tarpons,New York Yankees
2021,STK,Stockton Ports,Oakland Athletics
2021,RC,Rancho Cucamonga Quakes,Los Angeles Dodgers
2021,IE,Inland Empire 66ers,Los Angeles Angels
2021,PMB,Palm Beach Cardinals,St. Louis Cardinals
2021,SJ,San Jose Giants,San Francisco Giants
2021,AUG,Augusta GreenJackets,Atlanta Braves
2021,SAL,Salem Red Sox,Boston Red Sox
2021,JUP,Jupiter Hammerheads,Miami Marlins
2021,LYN,Lynchburg Hillcats,Cleveland Indians
2021,DEL,Delmarva Shorebirds,Baltimore Orioles
2021,DE,Down East Wood Ducks,Texas Rangers
2021,KAN,Kannapolis Cannon Ballers,Chicago White Sox
2021,LE,Lake Elsinore Storm,San Diego Padres
2021,DUN,Dunedin Blue Jays,Toronto Blue Jays
2021,CHS,Charleston RiverDogs,Tampa Bay Rays
2021,FBG,Fredericksburg Nationals,Washington Nationals
2021,CLR,Clearwater Threshers,Philadelphia Phillies
2021,COL,Columbia Fireflies,Kansas City Royals
2021,CAR,Carolina Mudcats,Milwaukee Brewers
2021,LAK,Lakeland Flying Tigers,Detroit Tigers
2021,SLU,St. Lucie Mets,New York Mets
2021,FTM,Fort Myers Mighty Mussels,Minnesota Twins
2021,BRD,Bradenton Marauders,Pittsburgh Pirates
2021,D-INR,DSL Indians Red,Cleveland Indians
2021,A-ANG,ACL Angels,Los Angeles Angels
2021,A-BRG,ACL Brewers Gold,Milwaukee Brewers
2021,A-CUB,ACL Cubs,Chicago Cubs
2021,A-GIB,ACL Giants Black,San Francisco Giants
2021,A-MRN,ACL Mariners,Seattle Mariners
2021,A-PAD,ACL Padres,San Diego Padres
2021,A-RAN,ACL Rangers,Texas Rangers
2021,A-ROB,ACL Royals Blue,Kansas City Royals
2021,D-CAR,DSL Cardinals Red,St. Louis Cardinals
2021,A-ATH,ACL Athletics,Oakland Athletics
2021,A-DOD,ACL Dodgers,Los Angeles Dodgers
2021,D-PIG,DSL PIT Gold,Pittsburgh Pirates
2021,D-BW2,DSL Brewers 2,Milwaukee Brewers
2021,A-BRB,ACL Brewers Blue,Milwaukee Brewers
2021,D-OR2,DSL Orioles 2,Baltimore Orioles
2021,D-ME2,DSL Mets 2,New York Mets
2021,A-DBA,ACL D-backs,Arizona Diamondbacks
2021,F-ORO,FCL Orioles Orange,Baltimore Orioles
2021,A-RCK,ACL Rockies,Colorado Rockies
2021,F-PIG,FCL Pirates Gold,Pittsburgh Pirates
2021,D-RA1,DSL Rays 1,Tampa Bay Rays
2021,A-ROG,ACL Royals Gold,Kansas City Royals
2021,A-WSX,ACL White Sox,Chicago White Sox
2021,F-AST,FCL Astros,Houston Astros
2021,F-TIW,FCL Tigers West,Detroit Tigers
2021,D-ROW,DSL Royals White,Kansas City Royals
2021,F-BRV,FCL Braves,Atlanta Braves
2021,F-NAT,FCL Nationals,Washington Nationals
2021,D-COL,DSL Colorado,Colorado Rockies
2021,F-RAY,FCL Rays,Tampa Bay Rays
2021,F-MRL,FCL Marlins,Miami Marlins
2021,F-MET,FCL Mets,New York Mets
2021,F-PHI,FCL Phillies,Philadelphia Phillies
2021,D-GIB,DSL Giants Black,San Francisco Giants
2021,F-PIB,FCL Pirates Black,Pittsburgh Pirates
2021,F-ORB,FCL Orioles Black,Baltimore Orioles
2021,F-RSX,FCL Red Sox,Boston Red Sox
2021,D-ANG,DSL Angels,Los Angeles Angels
2021,D-AST,DSL Astros,Houston Astros
2021,F-TIE,FCL Tigers East,Detroit Tigers
2021,F-CAR,FCL Cardinals,St. Louis Cardinals
2021,D-ATH,DSL Athletics,Oakland Athletics
2021,F-TWI,FCL Twins,Minnesota Twins
2021,F-YAN,FCL Yankees,New York Yankees
2021,D-BLJ,DSL Blue Jays,Toronto Blue Jays
2021,D-PHW,DSL Phillies White,Philadelphia Phillies
2021,D-BRV,DSL Braves,Atlanta Braves
2021,D-RA2,DSL Rays 2,Tampa Bay Rays
2021,D-CUR,DSL Cubs Red,Chicago Cubs
2021,D-DB2,DSL D-backs 2,Arizona Diamondbacks
2021,D-BW1,DSL Brewers 1,Milwaukee Brewers
2021,D-CAB,DSL Cardinals Blue,St. Louis Cardinals
2021,D-CUB,DSL Cubs Blue,Chicago Cubs
2021,D-DB1,DSL D-backs 1,Arizona Diamondbacks
2021,D-LAB,DSL LAD Bautista,Los Angeles Dodgers
2021,D-DOS,DSL Dodgers Shoemaker,Los Angeles Dodgers
2021,A-RED,ACL Reds,Cincinnati Reds
2021,D-GIO,DSL Giants Orange,San Francisco Giants
2021,D-INB,DSL Indians Blue,Cleveland Indians
2021,D-MRN,DSL Mariners,Seattle Mariners
2021,D-MRL,DSL Marlins,Miami Marlins
2021,D-ME1,DSL Mets 1,New York Mets
2021,D-RN2,DSL Rangers 2,Texas Rangers
2021,D-OR1,DSL Orioles 1,Baltimore Orioles
2021,F-BLU,FCL Blue Jays,Toronto Blue Jays
2021,D-PAD,DSL Padres,San Diego Padres
2021,D-PHR,DSL Phillies Red,Philadelphia Phillies
2021,D-PIB,DSL PIT Black,Pittsburgh Pirates
2021,D-RN1,DSL Rangers 1,Texas Rangers
2021,D-BOB,DSL BOS Blue,Boston Red Sox
2021,D-BOR,DSL BOS Red,Boston Red Sox
2021,D-RED,DSL Reds,Cincinnati Reds
2021,D-RCK,DSL Rockies,Colorado Rockies
2021,D-NAT,DSL Nationals,Washington Nationals
2021,D-ROB,DSL Royals Blue,Kansas City Royals
2021,D-TIG,DSL Tigers,Detroit Tigers
2021,D-TWI,DSL Twins,Minnesota Twins
2021,D-WSX,DSL White Sox,Chicago White Sox
2021,A-GIO,ACL Giants Orange,San Francisco Giants
2021,D-YA1,DSL Yankees 1,New York Yankees
2021,D-YA2,DSL Yankees 2,New York Yankees
2021,A-IND,ACL Indians,Cleveland Indians
2021,SRR,Salt River Rafters,Office of the Commissioner
2021,AGU,Aguilas Cibaenas,Office of the Commissioner
2021,GEE,Geelong-Korea,Office of the Commissioner
2021,TOR,Toros del Este,Office of the Commissioner
2021,AKL,Auckland Tuatara,Office of the Commissioner
2021,EST,Estrellas Orientales,Office of the Commissioner
2021,GIG,Gigantes del Cibao,Office of the Commissioner
2021,SUR,Surprise Saguaros,Office of the Commissioner
2021,TDN,Tren del Norte,Office of the Commissioner
2021,ESC,Leones del Escogido,Office of the Commissioner
2021,LIC,Tigres del Licey,Office of the Commissioner
2021,SCO,Scottsdale Scorpions,Office of the Commissioner
2021,MXC,Aguilas de Mexicali,Office of the Commissioner
2021,JAL,Charros de Jalisco,Office of the Commissioner
2021,MOC,Caneros de los Mochis,Office of the Commissioner
2021,RA12,RA12,Office of the Commissioner
2021,NAV,Mayos de Navojoa,Office of the Commissioner
2021,HER,Naranjeros de Hermosillo,Office of the Commissioner
2021,CUL,Tomateros de Culiacan,Office of the Commissioner
2021,DR,Dominican Republic,Office of the Commissioner
2021,MAZ,Venados de Mazatlan,Office of the Commissioner
2021,MEX,Mexico,Office of the Commissioner
2021,OBR,Yaquis de Obregon,Office of the Commissioner
2021,VEN,Venezuela,Office of the Commissioner
2021,MSS,Mesa Solar Sox,Office of the Commissioner
2021,SAN,Cangrejeros de Santurce,Office of the Commissioner
2021,CAG,Criollos de Caguas,Office of the Commissioner
2021,CAR,Gigantes de Carolina,Office of the Commissioner
2021,MAY,Indios de Mayaguez,Office of the Commissioner
2021,PUR,Puerto Rico,Office of the Commissioner
2021,ZUL,Aguilas del Zulia,Office of the Commissioner
2021,LAR,Cardenales de Lara,Office of the Commissioner
2021,ORI,Caribes de Anzoategui,Office of the Commissioner
2021,CAR,Leones del Caracas,Office of the Commissioner
2021,MAG,Navegantes del Magallanes,Office of the Commissioner
2021,MAR,Bravos de Margarita,Office of the Commissioner
2021,LAG,Tiburones de La Guaira,Office of the Commissioner
2021,ARA,Tigres de Aragua,Office of the Commissioner
2021,PAN,Panama,Office of the Commissioner
2021,GDD,Glendale Desert Dogs,Office of the Commissioner
2021,ADE,Adelaide Giants,Office of the Commissioner
2021,BRI,Brisbane Bandits,Office of the Commissioner
2021,CAN,Canberra Cavalry,Office of the Commissioner
2021,MEL,Melbourne Aces,Office of the Commissioner
2021,PER,Perth Heat,Office of the Commissioner
2021,SYD,Sydney Blue Sox,Office of the Commissioner
2021,GSV,Algodoneros de Guasave,Office of the Commissioner
2021,PEJ,Peoria Javelinas,Office of the Commissioner
2021,MTY,Sultanes de Monterrey,Office of the Commissioner
2021,COL,Colombia,Office of the Commissioner
2022,TOL,Toledo Mud Hens,Detroit Tigers
2022,LHV,Lehigh Valley IronPigs,Philadelphia Phillies
2022,IOW,Iowa Cubs,Chicago Cubs
2022,RNO,Reno Aces,Arizona Diamondbacks
2022,LV,Las Vegas Aviators,Oakland Athletics
2022,TAC,Tacoma Rainiers,Seattle Mariners
2022,SWB,Scranton/Wilkes-Barre RailRiders,New York Yankees
2022,WOR,Worcester Red Sox,Boston Red Sox
2022,ROC,Rochester Red Wings,Washington Nationals
2022,ABQ,Albuquerque Isotopes,Colorado Rockies
2022,OMA,Omaha Storm Chasers,Kansas City Royals
2022,LOU,Louisville Bats,Cincinnati Reds
2022,IND,Indianapolis Indians,Pittsburgh Pirates
2022,BUF,Buffalo Bisons,Toronto Blue Jays
2022,RR,Round Rock Express,Texas Rangers
2022,ELP,El Paso Chihuahuas,San Diego Padres
2022,STP,St. Paul Saints,Minnesota Twins
2022,SYR,Syracuse Mets,New York Mets
2022,SAC,Sacramento River Cats,San Francisco Giants
2022,DUR,Durham Bulls,Tampa Bay Rays
2022,MEM,Memphis Redbirds,St. Louis Cardinals
2022,NAS,Nashville Sounds,Milwaukee Brewers
2022,CLT,Charlotte Knights,Chicago White Sox
2022,OKC,Oklahoma City Dodgers,Los Angeles Dodgers
2022,GWN,Gwinnett Stripers,Atlanta Braves
2022,SL,Salt Lake Bees,Los Angeles Angels
2022,JAX,Jacksonville Jumbo Shrimp,Miami Marlins
2022,NOR,Norfolk Tides,Baltimore Orioles
2022,SUG,Sugar Land Space Cowboys,Houston Astros
2022,COL,Columbus Clippers,Cleveland Guardians
2022,ALT,Altoona Curve,Pittsburgh Pirates
2022,TUL,Tulsa Drillers,Los Angeles Dodgers
2022,NWA,Northwest Arkansas Naturals,Kansas City Royals
2022,REA,Reading Fightin Phils,Philadelphia Phillies
2022,NH,New Hampshire Fisher Cats,Toronto Blue Jays
2022,RIC,Richmond Flying Squirrels,San Francisco Giants
2022,AKR,Akron RubberDucks,Cleveland Guardians
2022,BLX,Biloxi Shuckers,Milwaukee Brewers
2022,HFD,Hartford Yard Goats,Colorado Rockies
2022,PNS,Pensacola Blue Wahoos,Miami Marlins
2022,FRI,Frisco RoughRiders,Texas Rangers
2022,POR,Portland Sea Dogs,Boston Red Sox
2022,CC,Corpus Christi Hooks,Houston Astros
2022,BOW,Bowie Baysox,Baltimore Orioles
2022,HBG,Harrisburg Senators,Washington Nationals
2022,SOM,Somerset Patriots,New York Yankees
2022,MTG,Montgomery Biscuits,Tampa Bay Rays
2022,TNS,Tennessee Smokies,Chicago Cubs
2022,ERI,Erie SeaWolves,Detroit Tigers
2022,MID,Midland RockHounds,Oakland Athletics
2022,MIS,Mississippi Braves,Atlanta Braves
2022,RCT,Rocket City Trash Pandas,Los Angeles Angels
2022,CHA,Chattanooga Lookouts,Cincinnati Reds
2022,BIR,Birmingham Barons,Chicago White Sox
2022,AMA,Amarillo Sod Poodles,Arizona Diamondbacks
2022,SPR,Springfield Cardinals,St. Louis Cardinals
2022,BNG,Binghamton Rumble Ponies,New York Mets
2022,WCH,Wichita Wind Surge,Minnesota Twins
2022,ARK,Arkansas Travelers,Seattle Mariners
2022,SA,San Antonio Missions,San Diego Padres
2022,HIC,Hickory Crawdads,Texas Rangers
2022,BG,Bowling Green Hot Rods,Tampa Bay Rays
2022,WS,Winston-Salem Dash,Chicago White Sox
2022,BRK,Brooklyn Cyclones,New York Mets
2022,WM,West Michigan Whitecaps,Detroit Tigers
2022,FW,Fort Wayne TinCaps,San Diego Padres
2022,GL,Great Lakes Loons,Los Angeles Dodgers
2022,DAY,Dayton Dragons,Cincinnati Reds
2022,TRI,Tri-City Dust Devils,Los Angeles Angels
2022,EUG,Eugene Emeralds,San Francisco Giants
2022,EVE,Everett AquaSox,Seattle Mariners
2022,HV,Hudson Valley Renegades,New York Yankees
2022,GBO,Greensboro Grasshoppers,Pittsburgh Pirates
2022,HIL,Hillsboro Hops,Arizona Diamondbacks
2022,SB,South Bend Cubs,Chicago Cubs
2022,SPO,Spokane Indians,Colorado Rockies
2022,ABD,Aberdeen IronBirds,Baltimore Orioles
2022,BEL,Beloit Sky Carp,Miami Marlins
2022,WIL,Wilmington Blue Rocks,Washington Nationals
2022,JS,Jersey Shore BlueClaws,Philadelphia Phillies
2022,CR,Cedar Rapids Kernels,Minnesota Twins
2022,GVL,Greenville Drive,Boston Red Sox
2022,ROM,Rome Braves,Atlanta Braves
2022,LAN,Lansing Lugnuts,Oakland Athletics
2022,VAN,Vancouver Canadians,Toronto Blue Jays
2022,QC,Quad Cities River Bandits,Kansas City Royals
2022,LC,Lake County Captains,Cleveland Guardians
2022,PEO,Peoria Chiefs,St. Louis Cardinals
2022,WIS,Wisconsin Timber Rattlers,Milwaukee Brewers
2022,ASH,Asheville Tourists,Houston Astros
2022,FAY,Fayetteville Woodpeckers,Houston Astros
2022,DBT,Daytona Tortugas,Cincinnati Reds
2022,MOD,Modesto Nuts,Seattle Mariners
2022,FRE,Fresno Grizzlies,Colorado Rockies
2022,VIS,Visalia Rawhide,Arizona Diamondbacks
2022,MB,Myrtle Beach Pelicans,Chicago Cubs
2022,TAM,Tampa Tarpons,New York Yankees
2022,STK,Stockton Ports,Oakland Athletics
2022,RC,Rancho Cucamonga Quakes,Los Angeles Dodgers
2022,IE,Inland Empire 66ers,Los Angeles Angels
2022,PMB,Palm Beach Cardinals,St. Louis Cardinals
2022,SJ,San Jose Giants,San Francisco Giants
2022,AUG,Augusta GreenJackets,Atlanta Braves
2022,SAL,Salem Red Sox,Boston Red Sox
2022,JUP,Jupiter Hammerheads,Miami Marlins
2022,LYN,Lynchburg Hillcats,Cleveland Guardians
2022,DEL,Delmarva Shorebirds,Baltimore Orioles
2022,DE,Down East Wood Ducks,Texas Rangers
2022,KAN,Kannapolis Cannon Ballers,Chicago White Sox
2022,LE,Lake Elsinore Storm,San Diego Padres
2022,DUN,Dunedin Blue Jays,Toronto Blue Jays
2022,CHS,Charleston RiverDogs,Tampa Bay Rays
2022,FBG,Fredericksburg Nationals,Washington Nationals
2022,CLR,Clearwater Threshers,Philadelphia Phillies
2022,COL,Columbia Fireflies,Kansas City Royals
2022,CAR,Carolina Mudcats,Milwaukee Brewers
2022,LAK,Lakeland Flying Tigers,Detroit Tigers
2022,SLU,St. Lucie Mets,New York Mets
2022,FTM,Fort Myers Mighty Mussels,Minnesota Twins
2022,BRD,Bradenton Marauders,Pittsburgh Pirates
2022,D-CLR,DSL CLE Red,Cleveland Guardians
2022,D-HOO,DSL HOU Orange,Houston Astros
2022,A-ANG,ACL Angels,Los Angeles Angels
2022,A-DBR,ACL D-backs Red,Arizona Diamondbacks
2022,A-BRG,ACL Brewers Gold,Milwaukee Brewers
2022,A-CUB,ACL Cubs,Chicago Cubs
2022,A-GIB,ACL Giants Black,San Francisco Giants
2022,A-MRN,ACL Mariners,Seattle Mariners
2022,A-PAD,ACL Padres,San Diego Padres
2022,A-RAN,ACL Rangers,Texas Rangers
2022,A-ROY,ACL Royals,Kansas City Royals
2022,A-ATH,ACL Athletics,Oakland Athletics
2022,A-DOD,ACL Dodgers,Los Angeles Dodgers
2022,D-PIG,DSL PIT Gold,Pittsburgh Pirates
2022,D-BW2,DSL Brewers 2,Milwaukee Brewers
2022,A-BRB,ACL Brewers Blue,Milwaukee Brewers
2022,D-BAO,DSL BAL Orange,Baltimore Orioles
2022,D-ME2,DSL Mets 2,New York Mets
2022,A-DBB,ACL D-backs Black,Arizona Diamondbacks
2022,A-RCK,ACL Rockies,Colorado Rockies
2022,D-RAY,DSL Rays,Tampa Bay Rays
2022,A-WSX,ACL White Sox,Chicago White Sox
2022,F-ASB,FCL Astros Blue,Houston Astros
2022,D-MIA,DSL Miami,Miami Marlins
2022,D-KCS,DSL KC Stewart,Kansas City Royals
2022,F-ASO,FCL Astros Orange,Houston Astros
2022,F-BRV,FCL Braves,Atlanta Braves
2022,F-NAT,FCL Nationals,Washington Nationals
2022,D-COL,DSL Colorado,Colorado Rockies
2022,F-RAY,FCL Rays,Tampa Bay Rays
2022,F-MRL,FCL Marlins,Miami Marlins
2022,D-TI2,DSL Tigers 2,Detroit Tigers
2022,F-MET,FCL Mets,New York Mets
2022,F-PHI,FCL Phillies,Philadelphia Phillies
2022,D-GIB,DSL Giants Black,San Francisco Giants
2022,F-PIR,FCL Pirates,Pittsburgh Pirates
2022,F-ORI,FCL Orioles,Baltimore Orioles
2022,F-RSX,FCL Red Sox,Boston Red Sox
2022,D-ANG,DSL Angels,Los Angeles Angels
2022,D-HOB,DSL HOU Blue,Houston Astros
2022,F-TIG,FCL Tigers,Detroit Tigers
2022,F-CAR,FCL Cardinals,St. Louis Cardinals
2022,D-ATH,DSL Athletics,Oakland Athletics
2022,F-TWI,FCL Twins,Minnesota Twins
2022,F-YAN,FCL Yankees,New York Yankees
2022,D-BLJ,DSL Blue Jays,Toronto Blue Jays
2022,D-PHW,DSL Phillies White,Philadelphia Phillies
2022,D-BRV,DSL Braves,Atlanta Braves
2022,D-TAM,DSL Tampa Bay,Tampa Bay Rays
2022,D-CUR,DSL Cubs Red,Chicago Cubs
2022,D-DBR,DSL D-backs Red,Arizona Diamondbacks
2022,D-BW1,DSL Brewers 1,Milwaukee Brewers
2022,D-CAR,DSL Cardinals,St. Louis Cardinals
2022,D-CUB,DSL Cubs Blue,Chicago Cubs
2022,D-DBB,DSL D-backs Black,Arizona Diamondbacks
2022,D-LAB,DSL LAD Bautista,Los Angeles Dodgers
2022,D-LAM,DSL LAD Mega,Los Angeles Dodgers
2022,A-RED,ACL Reds,Cincinnati Reds
2022,D-GIO,DSL Giants Orange,San Francisco Giants
2022,D-CLB,DSL CLE Blue,Cleveland Guardians
2022,D-MRN,DSL Mariners,Seattle Mariners
2022,D-MRL,DSL Marlins,Miami Marlins
2022,D-ME1,DSL Mets 1,New York Mets
2022,D-TXR,DSL TEX Red,Texas Rangers
2022,D-BAB,DSL BAL Black,Baltimore Orioles
2022,F-BLU,FCL Blue Jays,Toronto Blue Jays
2022,D-PAD,DSL Padres,San Diego Padres
2022,D-PHR,DSL Phillies Red,Philadelphia Phillies
2022,D-PIB,DSL PIT Black,Pittsburgh Pirates
2022,D-TXB,DSL TEX Blue,Texas Rangers
2022,D-BOB,DSL BOS Blue,Boston Red Sox
2022,D-BOR,DSL BOS Red,Boston Red Sox
2022,D-RED,DSL Reds,Cincinnati Reds
2022,D-RCK,DSL Rockies,Colorado Rockies
2022,D-NAT,DSL Nationals,Washington Nationals
2022,D-KCG,DSL KC Glass,Kansas City Royals
2022,D-TI1,DSL Tigers 1,Detroit Tigers
2022,D-TWI,DSL Twins,Minnesota Twins
2022,D-WSX,DSL White Sox,Chicago White Sox
2022,A-GIO,ACL Giants Orange,San Francisco Giants
2022,D-NYB,DSL NYY Bombers,New York Yankees
2022,D-NYY,DSL NYY Yankees,New York Yankees
2022,A-GUA,ACL Guardians,Cleveland Guardians
2022,CUB,Cuba,Office of the Commissioner
2022,SRR,Salt River Rafters,Office of the Commissioner
2022,AGU,Aguilas Cibaenas,Office of the Commissioner
2022,GEE,Geelong-Korea,Office of the Commissioner
2022,TOR,Toros del Este,Office of the Commissioner
2022,CW,Curacao,Office of the Commissioner
2022,AKL,Auckland Tuatara,Office of the Commissioner
2022,EST,Estrellas Orientales,Office of the Commissioner
2022,GIG,Gigantes del Cibao,Office of the Commissioner
2022,SUR,Surprise Saguaros,Office of the Commissioner
2022,TDN,Tren del Norte,Office of the Commissioner
2022,ESC,Leones del Escogido,Office of the Commissioner
2022,LIC,Tigres del Licey,Office of the Commissioner
2022,SCO,Scottsdale Scorpions,Office of the Commissioner
2022,MXC,Aguilas de Mexicali,Office of the Commissioner
2022,JAL,Charros de Jalisco,Office of the Commissioner
2022,MOC,Caneros de los Mochis,Office of the Commissioner
2022,RA12,RA12,Office of the Commissioner
2022,NAV,Mayos de Navojoa,Office of the Commissioner
2022,HER,Naranjeros de Hermosillo,Office of the Commissioner
2022,CUL,Tomateros de Culiacan,Office of the Commissioner
2022,DR,Dominican Republic,Office of the Commissioner
2022,MAZ,Venados de Mazatlan,Office of the Commissioner
2022,MEX,Mexico,Office of the Commissioner
2022,OBR,Yaquis de Obregon,Office of the Commissioner
2022,VEN,Venezuela,Office of the Commissioner
2022,MSS,Mesa Solar Sox,Office of the Commissioner
2022,SAN,Cangrejeros de Santurce,Office of the Commissioner
2022,CAG,Criollos de Caguas,Office of the Commissioner
2022,CAR,Gigantes de Carolina,Office of the Commissioner
2022,MAY,Indios de Mayaguez,Office of the Commissioner
2022,PON,Leones de Ponce,Office of the Commissioner
2022,PUR,Puerto Rico,Office of the Commissioner
2022,ZUL,Aguilas del Zulia,Office of the Commissioner
2022,LAR,Cardenales de Lara,Office of the Commissioner
2022,ORI,Caribes de Anzoategui,Office of the Commissioner
2022,CAR,Leones del Caracas,Office of the Commissioner
2022,MAG,Navegantes del Magallanes,Office of the Commissioner
2022,MAR,Bravos de Margarita,Office of the Commissioner
2022,LAG,Tiburones de La Guaira,Office of the Commissioner
2022,ARA,Tigres de Aragua,Office of the Commissioner
2022,PAN,Panama,Office of the Commissioner
2022,GDD,Glendale Desert Dogs,Office of the Commissioner
2022,ADE,Adelaide Giants,Office of the Commissioner
2022,BRI,Brisbane Bandits,Office of the Commissioner
2022,CAN,Canberra Cavalry,Office of the Commissioner
2022,MEL,Melbourne Aces,Office of the Commissioner
2022,PER,Perth Heat,Office of the Commissioner
2022,SYD,Sydney Blue Sox,Office of the Commissioner
2022,GSV,Algodoneros de Guasave,Office of the Commissioner
2022,PEJ,Peoria Javelinas,Office of the Commissioner
2022,MTY,Sultanes de Monterrey,Office of the Commissioner
2022,COL,Colombia,Office of the Commissioner
2023,TOL,Toledo Mud Hens,Detroit Tigers
2023,LHV,Lehigh Valley IronPigs,Philadelphia Phillies
2023,IOW,Iowa Cubs,Chicago Cubs
2023,RNO,Reno Aces,Arizona Diamondbacks
2023,LV,Las Vegas Aviators,Oakland Athletics
2023,TAC,Tacoma Rainiers,Seattle Mariners
2023,SWB,Scranton/Wilkes-Barre RailRiders,New York Yankees
2023,WOR,Worcester Red Sox,Boston Red Sox
2023,ROC,Rochester Red Wings,Washington Nationals
2023,ABQ,Albuquerque Isotopes,Colorado Rockies
2023,OMA,Omaha Storm Chasers,Kansas City Royals
2023,LOU,Louisville Bats,Cincinnati Reds
2023,IND,Indianapolis Indians,Pittsburgh Pirates
2023,BUF,Buffalo Bisons,Toronto Blue Jays
2023,RR,Round Rock Express,Texas Rangers
2023,ELP,El Paso Chihuahuas,San Diego Padres
2023,STP,St. Paul Saints,Minnesota Twins
2023,SYR,Syracuse Mets,New York Mets
2023,SAC,Sacramento River Cats,San Francisco Giants
2023,DUR,Durham Bulls,Tampa Bay Rays
2023,MEM,Memphis Redbirds,St. Louis Cardinals
2023,NAS,Nashville Sounds,Milwaukee Brewers
2023,CLT,Charlotte Knights,Chicago White Sox
2023,OKC,Oklahoma City Dodgers,Los Angeles Dodgers
2023,GWN,Gwinnett Stripers,Atlanta Braves
2023,SL,Salt Lake Bees,Los Angeles Angels
2023,JAX,Jacksonville Jumbo Shrimp,Miami Marlins
2023,NOR,Norfolk Tides,Baltimore Orioles
2023,SUG,Sugar Land Space Cowboys,Houston Astros
2023,COL,Columbus Clippers,Cleveland Guardians
2023,ALT,Altoona Curve,Pittsburgh Pirates
2023,TUL,Tulsa Drillers,Los Angeles Dodgers
2023,NWA,Northwest Arkansas Naturals,Kansas City Royals
2023,REA,Reading Fightin Phils,Philadelphia Phillies
2023,NH,New Hampshire Fisher Cats,Toronto Blue Jays
2023,RIC,Richmond Flying Squirrels,San Francisco Giants
2023,AKR,Akron RubberDucks,Cleveland Guardians
2023,BLX,Biloxi Shuckers,Milwaukee Brewers
2023,HFD,Hartford Yard Goats,Colorado Rockies
2023,PNS,Pensacola Blue Wahoos,Miami Marlins
2023,FRI,Frisco RoughRiders,Texas Rangers
2023,POR,Portland Sea Dogs,Boston Red Sox
2023,CC,Corpus Christi Hooks,Houston Astros
2023,BOW,Bowie Baysox,Baltimore Orioles
2023,HBG,Harrisburg Senators,Washington Nationals
2023,SOM,Somerset Patriots,New York Yankees
2023,MTG,Montgomery Biscuits,Tampa Bay Rays
2023,TNS,Tennessee Smokies,Chicago Cubs
2023,ERI,Erie SeaWolves,Detroit Tigers
2023,MID,Midland RockHounds,Oakland Athletics
2023,MIS,Mississippi Braves,Atlanta Braves
2023,RCT,Rocket City Trash Pandas,Los Angeles Angels
2023,CHA,Chattanooga Lookouts,Cincinnati Reds
2023,BIR,Birmingham Barons,Chicago White Sox
2023,AMA,Amarillo Sod Poodles,Arizona Diamondbacks
2023,SPR,Springfield Cardinals,St. Louis Cardinals
2023,BNG,Binghamton Rumble Ponies,New York Mets
2023,WCH,Wichita Wind Surge,Minnesota Twins
2023,ARK,Arkansas Travelers,Seattle Mariners
2023,SA,San Antonio Missions,San Diego Padres
2023,HIC,Hickory Crawdads,Texas Rangers
2023,BG,Bowling Green Hot Rods,Tampa Bay Rays
2023,WS,Winston-Salem Dash,Chicago White Sox
2023,BRK,Brooklyn Cyclones,New York Mets
2023,WM,West Michigan Whitecaps,Detroit Tigers
2023,FW,Fort Wayne TinCaps,San Diego Padres
2023,GL,Great Lakes Loons,Los Angeles Dodgers
2023,DAY,Dayton Dragons,Cincinnati Reds
2023,TRI,Tri-City Dust Devils,Los Angeles Angels
2023,EUG,Eugene Emeralds,San Francisco Giants
2023,EVE,Everett AquaSox,Seattle Mariners
2023,HV,Hudson Valley Renegades,New York Yankees
2023,GBO,Greensboro Grasshoppers,Pittsburgh Pirates
2023,HIL,Hillsboro Hops,Arizona Diamondbacks
2023,SB,South Bend Cubs,Chicago Cubs
2023,SPO,Spokane Indians,Colorado Rockies
2023,ABD,Aberdeen IronBirds,Baltimore Orioles
2023,BEL,Beloit Sky Carp,Miami Marlins
2023,WIL,Wilmington Blue Rocks,Washington Nationals
2023,JS,Jersey Shore BlueClaws,Philadelphia Phillies
2023,CR,Cedar Rapids Kernels,Minnesota Twins
2023,GVL,Greenville Drive,Boston Red Sox
2023,ROM,Rome Braves,Atlanta Braves
2023,LAN,Lansing Lugnuts,Oakland Athletics
2023,VAN,Vancouver Canadians,Toronto Blue Jays
2023,QC,Quad Cities River Bandits,Kansas City Royals
2023,LC,Lake County Captains,Cleveland Guardians
2023,PEO,Peoria Chiefs,St. Louis Cardinals
2023,WIS,Wisconsin Timber Rattlers,Milwaukee Brewers
2023,ASH,Asheville Tourists,Houston Astros
2023,FAY,Fayetteville Woodpeckers,Houston Astros
2023,DBT,Daytona Tortugas,Cincinnati Reds
2023,MOD,Modesto Nuts,Seattle Mariners
2023,FRE,Fresno Grizzlies,Colorado Rockies
2023,VIS,Visalia Rawhide,Arizona Diamondbacks
2023,MB,Myrtle Beach Pelicans,Chicago Cubs
2023,TAM,Tampa Tarpons,New York Yankees
2023,STK,Stockton Ports,Oakland Athletics
2023,RC,Rancho Cucamonga Quakes,Los Angeles Dodgers
2023,IE,Inland Empire 66ers,Los Angeles Angels
2023,PMB,Palm Beach Cardinals,St. Louis Cardinals
2023,SJ,San Jose Giants,San Francisco Giants
2023,AUG,Augusta GreenJackets,Atlanta Braves
2023,SAL,Salem Red Sox,Boston Red Sox
2023,JUP,Jupiter Hammerheads,Miami Marlins
2023,LYN,Lynchburg Hillcats,Cleveland Guardians
2023,DEL,Delmarva Shorebirds,Baltimore Orioles
2023,DE,Down East Wood Ducks,Texas Rangers
2023,KAN,Kannapolis Cannon Ballers,Chicago White Sox
2023,LE,Lake Elsinore Storm,San Diego Padres
2023,DUN,Dunedin Blue Jays,Toronto Blue Jays
2023,CHS,Charleston RiverDogs,Tampa Bay Rays
2023,FBG,Fredericksburg Nationals,Washington Nationals
2023,CLR,Clearwater Threshers,Philadelphia Phillies
2023,COL,Columbia Fireflies,Kansas City Royals
2023,CAR,Carolina Mudcats,Milwaukee Brewers
2023,LAK,Lakeland Flying Tigers,Detroit Tigers
2023,SLU,St. Lucie Mets,New York Mets
2023,FTM,Fort Myers Mighty Mussels,Minnesota Twins
2023,BRD,Bradenton Marauders,Pittsburgh Pirates
2023,D-GUR,DSL Guardians Red,Cleveland Guardians
2023,D-ASO,DSL Astros Orange,Houston Astros
2023,A-ANG,ACL Angels,Los Angeles Angels
2023,A-DBR,ACL D-backs Red,Arizona Diamondbacks
2023,A-BRW,ACL Brewers,Milwaukee Brewers
2023,A-CUB,ACL Cubs,Chicago Cubs
2023,A-GIB,ACL Giants Black,San Francisco Giants
2023,A-MRN,ACL Mariners,Seattle Mariners
2023,A-PAD,ACL Padres,San Diego Padres
2023,A-RAN,ACL Rangers,Texas Rangers
2023,A-ROY,ACL Royals,Kansas City Royals
2023,A-ATH,ACL Athletics,Oakland Athletics
2023,A-DOD,ACL Dodgers,Los Angeles Dodgers
2023,D-PIG,DSL Pirates Gold,Pittsburgh Pirates
2023,D-BW2,DSL Brewers 2,Milwaukee Brewers
2023,D-ORO,DSL Orioles Orange,Baltimore Orioles
2023,D-MEO,DSL Mets Orange,New York Mets
2023,A-DBB,ACL D-backs Black,Arizona Diamondbacks
2023,D-PAG,DSL Padres Gold,San Diego Padres
2023,A-RCK,ACL Rockies,Colorado Rockies
2023,D-RAY,DSL Rays,Tampa Bay Rays
2023,A-WSX,ACL White Sox,Chicago White Sox
2023,F-AST,FCL Astros,Houston Astros
2023,D-MIA,DSL Miami,Miami Marlins
2023,D-ROG,DSL Royals Gold,Kansas City Royals
2023,F-BRV,FCL Braves,Atlanta Braves
2023,F-NAT,FCL Nationals,Washington Nationals
2023,D-COL,DSL Colorado,Colorado Rockies
2023,F-RAY,FCL Rays,Tampa Bay Rays
2023,F-MRL,FCL Marlins,Miami Marlins
2023,D-TI2,DSL Tigers 2,Detroit Tigers
2023,F-MET,FCL Mets,New York Mets
2023,F-PHI,FCL Phillies,Philadelphia Phillies
2023,D-GIB,DSL Giants Black,San Francisco Giants
2023,F-PIR,FCL Pirates,Pittsburgh Pirates
2023,F-ORI,FCL Orioles,Baltimore Orioles
2023,F-RSX,FCL Red Sox,Boston Red Sox
2023,D-ANG,DSL Angels,Los Angeles Angels
2023,D-ASB,DSL Astros Blue,Houston Astros
2023,F-TIG,FCL Tigers,Detroit Tigers
2023,F-CAR,FCL Cardinals,St. Louis Cardinals
2023,D-ATH,DSL Athletics,Oakland Athletics
2023,F-TWI,FCL Twins,Minnesota Twins
2023,F-YAN,FCL Yankees,New York Yankees
2023,D-BLJ,DSL Blue Jays,Toronto Blue Jays
2023,D-PHW,DSL Phillies White,Philadelphia Phillies
2023,D-BRV,DSL Braves,Atlanta Braves
2023,D-TAM,DSL Tampa Bay,Tampa Bay Rays
2023,D-CUR,DSL Cubs Red,Chicago Cubs
2023,D-ARR,DSL Arizona Red,Arizona Diamondbacks
2023,D-BW1,DSL Brewers 1,Milwaukee Brewers
2023,D-CAR,DSL Cardinals,St. Louis Cardinals
2023,D-CUB,DSL Cubs Blue,Chicago Cubs
2023,D-ARB,DSL Arizona Black,Arizona Diamondbacks
2023,D-LAB,DSL LAD Bautista,Los Angeles Dodgers
2023,D-LAM,DSL LAD Mega,Los Angeles Dodgers
2023,A-RED,ACL Reds,Cincinnati Reds
2023,D-GIO,DSL Giants Orange,San Francisco Giants
2023,D-GUB,DSL Guardians Blue,Cleveland Guardians
2023,D-MRN,DSL Mariners,Seattle Mariners
2023,D-MRL,DSL Marlins,Miami Marlins
2023,D-MEB,DSL Mets Blue,New York Mets
2023,D-RNR,DSL Rangers Red,Texas Rangers
2023,D-ORB,DSL Orioles Black,Baltimore Orioles
2023,F-BLU,FCL Blue Jays,Toronto Blue Jays
2023,D-PAB,DSL Padres Brown,San Diego Padres
2023,D-PHR,DSL Phillies Red,Philadelphia Phillies
2023,D-PIB,DSL Pirates Black,Pittsburgh Pirates
2023,D-RNB,DSL Rangers Blue,Texas Rangers
2023,D-RSB,DSL Red Sox Blue,Boston Red Sox
2023,D-RSR,DSL Red Sox Red,Boston Red Sox
2023,D-RED,DSL Reds,Cincinnati Reds
2023,D-RCK,DSL Rockies,Colorado Rockies
2023,D-NAT,DSL Nationals,Washington Nationals
2023,D-ROB,DSL Royals Blue,Kansas City Royals
2023,D-TI1,DSL Tigers 1,Detroit Tigers
2023,D-TWI,DSL Twins,Minnesota Twins
2023,D-WSX,DSL White Sox,Chicago White Sox
2023,A-GIO,ACL Giants Orange,San Francisco Giants
2023,D-NYB,DSL NYY Bombers,New York Yankees
2023,D-NYY,DSL NYY Yankees,New York Yankees
2023,A-GUA,ACL Guardians,Cleveland Guardians
2023,CUB,Cuba,Office of the Commissioner
2023,SRR,Salt River Rafters,Office of the Commissioner
2023,AGU,Aguilas Cibaenas,Office of the Commissioner
2023,TOR,Toros del Este,Office of the Commissioner
2023,CW,Curacao,Office of the Commissioner
2023,EST,Estrellas Orientales,Office of the Commissioner
2023,GIG,Gigantes del Cibao,Office of the Commissioner
2023,SUR,Surprise Saguaros,Office of the Commissioner
2023,TDN,Tren del Norte,Office of the Commissioner
2023,ESC,Leones del Escogido,Office of the Commissioner
2023,LIC,Tigres del Licey,Office of the Commissioner
2023,SCO,Scottsdale Scorpions,Office of the Commissioner
2023,MXC,Aguilas de Mexicali,Office of the Commissioner
2023,JAL,Charros de Jalisco,Office of the Commissioner
2023,MOC,Caneros de los Mochis,Office of the Commissioner
2023,RA12,RA12,Office of the Commissioner
2023,NAV,Mayos de Navojoa,Office of the Commissioner
2023,HER,Naranjeros de Hermosillo,Office of the Commissioner
2023,CUL,Tomateros de Culiacan,Office of the Commissioner
2023,DR,Dominican Republic,Office of the Commissioner
2023,MAZ,Venados de Mazatlan,Office of the Commissioner
2023,MEX,Mexico,Office of the Commissioner
2023,OBR,Yaquis de Obregon,Office of the Commissioner
2023,VEN,Venezuela,Office of the Commissioner
2023,MSS,Mesa Solar Sox,Office of the Commissioner
2023,SAN,Cangrejeros de Santurce,Office of the Commissioner
2023,CAG,Criollos de Caguas,Office of the Commissioner
2023,CAR,Gigantes de Carolina,Office of the Commissioner
2023,MAY,Indios de Mayaguez,Office of the Commissioner
2023,PON,Leones de Ponce,Office of the Commissioner
2023,PUR,Puerto Rico,Office of the Commissioner
2023,ZUL,Aguilas del Zulia,Office of the Commissioner
2023,LAR,Cardenales de Lara,Office of the Commissioner
2023,ORI,Caribes de Anzoategui,Office of the Commissioner
2023,CAR,Leones del Caracas,Office of the Commissioner
2023,MAG,Navegantes del Magallanes,Office of the Commissioner
2023,MAR,Bravos de Margarita,Office of the Commissioner
2023,LAG,Tiburones de La Guaira,Office of the Commissioner
2023,ARA,Tigres de Aragua,Office of the Commissioner
2023,NCA,Nicaragua,Office of the Commissioner
2023,PAN,Panama,Office of the Commissioner
2023,GDD,Glendale Desert Dogs,Office of the Commissioner
2023,ADE,Adelaide Giants,Office of the Commissioner
2023,BRI,Brisbane Bandits,Office of the Commissioner
2023,CAN,Canberra Cavalry,Office of the Commissioner
2023,MEL,Melbourne Aces,Office of the Commissioner
2023,PER,Perth Heat,Office of the Commissioner
2023,SYD,Sydney Blue Sox,Office of the Commissioner
2023,GSV,Algodoneros de Guasave,Office of the Commissioner
2023,PEJ,Peoria Javelinas,Office of the Commissioner
2023,MTY,Sultanes de Monterrey,Office of the Commissioner
2023,COL,Colombia,Office of the Commissioner
2024,TOL,Toledo Mud Hens,Detroit Tigers
2024,LHV,Lehigh Valley IronPigs,Philadelphia Phillies
2024,IOW,Iowa Cubs,Chicago Cubs
2024,RNO,Reno Aces,Arizona Diamondbacks
2024,LV,Las Vegas Aviators,Oakland Athletics
2024,TAC,Tacoma Rainiers,Seattle Mariners
2024,SWB,Scranton/Wilkes-Barre RailRiders,New York Yankees
2024,WOR,Worcester Red Sox,Boston Red Sox
2024,ABQ,Albuquerque Isotopes,Colorado Rockies
2024,ROC,Rochester Red Wings,Washington Nationals
2024,OMA,Omaha Storm Chasers,Kansas City Royals
2024,LOU,Louisville Bats,Cincinnati Reds
2024,IND,Indianapolis Indians,Pittsburgh Pirates
2024,BUF,Buffalo Bisons,Toronto Blue Jays
2024,RR,Round Rock Express,Texas Rangers
2024,STP,St. Paul Saints,Minnesota Twins
2024,ELP,El Paso Chihuahuas,San Diego Padres
2024,SYR,Syracuse Mets,New York Mets
2024,SAC,Sacramento River Cats,San Francisco Giants
2024,DUR,Durham Bulls,Tampa Bay Rays
2024,MEM,Memphis Redbirds,St. Louis Cardinals
2024,NAS,Nashville Sounds,Milwaukee Brewers
2024,CLT,Charlotte Knights,Chicago White Sox
2024,OKC,Oklahoma City Baseball Club,Los Angeles Dodgers
2024,GWN,Gwinnett Stripers,Atlanta Braves
2024,SL,Salt Lake Bees,Los Angeles Angels
2024,JAX,Jacksonville Jumbo Shrimp,Miami Marlins
2024,NOR,Norfolk Tides,Baltimore Orioles
2024,SUG,Sugar Land Space Cowboys,Houston Astros
2024,COL,Columbus Clippers,Cleveland Guardians
2024,ALT,Altoona Curve,Pittsburgh Pirates
2024,TUL,Tulsa Drillers,Los Angeles Dodgers
2024,NWA,Northwest Arkansas Naturals,Kansas City Royals
2024,REA,Reading Fightin Phils,Philadelphia Phillies
2024,NH,New Hampshire Fisher Cats,Toronto Blue Jays
2024,RIC,Richmond Flying Squirrels,San Francisco Giants
2024,AKR,Akron RubberDucks,Cleveland Guardians
2024,BLX,Biloxi Shuckers,Milwaukee Brewers
2024,HFD,Hartford Yard Goats,Colorado Rockies
2024,PNS,Pensacola Blue Wahoos,Miami Marlins
2024,FRI,Frisco RoughRiders,Texas Rangers
2024,POR,Portland Sea Dogs,Boston Red Sox
2024,CC,Corpus Christi Hooks,Houston Astros
2024,BOW,Bowie Baysox,Baltimore Orioles
2024,HBG,Harrisburg Senators,Washington Nationals
2024,SOM,Somerset Patriots,New York Yankees
2024,MTG,Montgomery Biscuits,Tampa Bay Rays
2024,TNS,Tennessee Smokies,Chicago Cubs
2024,ERI,Erie SeaWolves,Detroit Tigers
2024,MID,Midland RockHounds,Oakland Athletics
2024,MIS,Mississippi Braves,Atlanta Braves
2024,RCT,Rocket City Trash Pandas,Los Angeles Angels
2024,CHA,Chattanooga Lookouts,Cincinnati Reds
2024,BIR,Birmingham Barons,Chicago White Sox
2024,AMA,Amarillo Sod Poodles,Arizona Diamondbacks
2024,SPR,Springfield Cardinals,St. Louis Cardinals
2024,BNG,Binghamton Rumble Ponies,New York Mets
2024,WCH,Wichita Wind Surge,Minnesota Twins
2024,ARK,Arkansas Travelers,Seattle Mariners
2024,SA,San Antonio Missions,San Diego Padres
2024,HIC,Hickory Crawdads,Texas Rangers
2024,BG,Bowling Green Hot Rods,Tampa Bay Rays
2024,WS,Winston-Salem Dash,Chicago White Sox
2024,BRK,Brooklyn Cyclones,New York Mets
2024,WM,West Michigan Whitecaps,Detroit Tigers
2024,GL,Great Lakes Loons,Los Angeles Dodgers
2024,FW,Fort Wayne TinCaps,San Diego Padres
2024,DAY,Dayton Dragons,Cincinnati Reds
2024,TRI,Tri-City Dust Devils,Los Angeles Angels
2024,EUG,Eugene Emeralds,San Francisco Giants
2024,EVE,Everett AquaSox,Seattle Mariners
2024,HV,Hudson Valley Renegades,New York Yankees
2024,GBO,Greensboro Grasshoppers,Pittsburgh Pirates
2024,HIL,Hillsboro Hops,Arizona Diamondbacks
2024,SPO,Spokane Indians,Colorado Rockies
2024,SB,South Bend Cubs,Chicago Cubs
2024,ABD,Aberdeen IronBirds,Baltimore Orioles
2024,WIL,Wilmington Blue Rocks,Washington Nationals
2024,BEL,Beloit Sky Carp,Miami Marlins
2024,JS,Jersey Shore BlueClaws,Philadelphia Phillies
2024,CR,Cedar Rapids Kernels,Minnesota Twins
2024,GVL,Greenville Drive,Boston Red Sox
2024,ROM,Rome Emperors,Atlanta Braves
2024,LAN,Lansing Lugnuts,Oakland Athletics
2024,VAN,Vancouver Canadians,Toronto Blue Jays
2024,LC,Lake County Captains,Cleveland Guardians
2024,QC,Quad Cities River Bandits,Kansas City Royals
2024,PEO,Peoria Chiefs,St. Louis Cardinals
2024,WIS,Wisconsin Timber Rattlers,Milwaukee Brewers
2024,ASH,Asheville Tourists,Houston Astros
2024,FAY,Fayetteville Woodpeckers,Houston Astros
2024,DBT,Daytona Tortugas,Cincinnati Reds
2024,MOD,Modesto Nuts,Seattle Mariners
2024,FRE,Fresno Grizzlies,Colorado Rockies
2024,VIS,Visalia Rawhide,Arizona Diamondbacks
2024,MB,Myrtle Beach Pelicans,Chicago Cubs
2024,TAM,Tampa Tarpons,New York Yankees
2024,STK,Stockton Ports,Oakland Athletics
2024,RC,Rancho Cucamonga Quakes,Los Angeles Dodgers
2024,IE,Inland Empire 66ers,Los Angeles Angels
2024,PMB,Palm Beach Cardinals,St. Louis Cardinals
2024,SJ,San Jose Giants,San Francisco Giants
2024,AUG,Augusta GreenJackets,Atlanta Braves
2024,SAL,Salem Red Sox,Boston Red Sox
2024,JUP,Jupiter Hammerheads,Miami Marlins
2024,LYN,Lynchburg Hillcats,Cleveland Guardians
2024,DEL,Delmarva Shorebirds,Baltimore Orioles
2024,DE,Down East Wood Ducks,Texas Rangers
2024,KAN,Kannapolis Cannon Ballers,Chicago White Sox
2024,LE,Lake Elsinore Storm,San Diego Padres
2024,DUN,Dunedin Blue Jays,Toronto Blue Jays
2024,CHS,Charleston RiverDogs,Tampa Bay Rays
2024,FBG,Fredericksburg Nationals,Washington Nationals
2024,CLR,Clearwater Threshers,Philadelphia Phillies
2024,COL,Columbia Fireflies,Kansas City Royals
2024,CAR,Carolina Mudcats,Milwaukee Brewers
2024,LAK,Lakeland Flying Tigers,Detroit Tigers
2024,SLU,St. Lucie Mets,New York Mets
2024,FTM,Fort Myers Mighty Mussels,Minnesota Twins
2024,BRD,Bradenton Marauders,Pittsburgh Pirates
2024,D-CLG,DSL CLE Goryl,Cleveland Guardians
2024,D-ASO,DSL Astros Orange,Houston Astros
2024,A-ANG,ACL Angels,Los Angeles Angels
2024,A-BRW,ACL Brewers,Milwaukee Brewers
2024,A-CUB,ACL Cubs,Chicago Cubs
2024,A-GIA,ACL Giants,San Francisco Giants
2024,A-MRN,ACL Mariners,Seattle Mariners
2024,A-PAD,ACL Padres,San Diego Padres
2024,A-RAN,ACL Rangers,Texas Rangers
2024,A-ROY,ACL Royals,Kansas City Royals
2024,A-ATH,ACL Athletics,Oakland Athletics
2024,A-DOD,ACL Dodgers,Los Angeles Dodgers
2024,D-PIG,DSL Pirates Gold,Pittsburgh Pirates
2024,D-BW2,DSL Brewers 2,Milwaukee Brewers
2024,D-ORO,DSL Orioles Orange,Baltimore Orioles
2024,D-MEO,DSL Mets Orange,New York Mets
2024,A-DBA,ACL D-backs,Arizona Diamondbacks
2024,D-PAG,DSL Padres Gold,San Diego Padres
2024,A-RCK,ACL Rockies,Colorado Rockies
2024,D-RAY,DSL Rays,Tampa Bay Rays
2024,A-WSX,ACL White Sox,Chicago White Sox
2024,F-AST,FCL Astros,Houston Astros
2024,D-MIA,DSL Miami,Miami Marlins
2024,D-ROF,DSL Royals Fortuna,Kansas City Royals
2024,F-BRV,FCL Braves,Atlanta Braves
2024,F-NAT,FCL Nationals,Washington Nationals
2024,D-COL,DSL Colorado,Colorado Rockies
2024,F-RAY,FCL Rays,Tampa Bay Rays
2024,F-MRL,FCL Marlins,Miami Marlins
2024,D-TI2,DSL Tigers 2,Detroit Tigers
2024,F-MET,FCL Mets,New York Mets
2024,F-PHI,FCL Phillies,Philadelphia Phillies
2024,D-GIB,DSL Giants Black,San Francisco Giants
2024,F-PIR,FCL Pirates,Pittsburgh Pirates
2024,F-ORI,FCL Orioles,Baltimore Orioles
2024,F-RSX,FCL Red Sox,Boston Red Sox
2024,D-ANG,DSL Angels,Los Angeles Angels
2024,D-ASB,DSL Astros Blue,Houston Astros
2024,F-TIG,FCL Tigers,Detroit Tigers
2024,F-CAR,FCL Cardinals,St. Louis Cardinals
2024,D-ATH,DSL Athletics,Oakland Athletics
2024,F-TWI,FCL Twins,Minnesota Twins
2024,F-YAN,FCL Yankees,New York Yankees
2024,D-BLJ,DSL Blue Jays,Toronto Blue Jays
2024,D-PHW,DSL Phillies White,Philadelphia Phillies
2024,D-BRV,DSL Braves,Atlanta Braves
2024,D-TAM,DSL Tampa Bay,Tampa Bay Rays
2024,D-CUR,DSL Cubs Red,Chicago Cubs
2024,D-ARR,DSL Arizona Red,Arizona Diamondbacks
2024,D-BW1,DSL Brewers 1,Milwaukee Brewers
2024,D-CAR,DSL Cardinals,St. Louis Cardinals
2024,D-CUB,DSL Cubs Blue,Chicago Cubs
2024,D-ARB,DSL Arizona Black,Arizona Diamondbacks
2024,D-LAB,DSL LAD Bautista,Los Angeles Dodgers
2024,D-LAM,DSL LAD Mega,Los Angeles Dodgers
2024,A-RED,ACL Reds,Cincinnati Reds
2024,D-GIO,DSL Giants Orange,San Francisco Giants
2024,D-CLM,DSL CLE Mendoza,Cleveland Guardians
2024,D-MRN,DSL Mariners,Seattle Mariners
2024,D-MRL,DSL Marlins,Miami Marlins
2024,D-ROJ,DSL Rojos,Cincinnati Reds
2024,D-MEB,DSL Mets Blue,New York Mets
2024,D-RNR,DSL Rangers Red,Texas Rangers
2024,D-ORB,DSL Orioles Black,Baltimore Orioles
2024,F-BLU,FCL Blue Jays,Toronto Blue Jays
2024,D-PAB,DSL Padres Brown,San Diego Padres
2024,D-PHR,DSL Phillies Red,Philadelphia Phillies
2024,D-PIB,DSL Pirates Black,Pittsburgh Pirates
2024,D-RNB,DSL Rangers Blue,Texas Rangers
2024,D-RSB,DSL Red Sox Blue,Boston Red Sox
2024,D-RSR,DSL Red Sox Red,Boston Red Sox
2024,D-RED,DSL Reds,Cincinnati Reds
2024,D-RCK,DSL Rockies,Colorado Rockies
2024,D-NAT,DSL Nationals,Washington Nationals
2024,D-ROV,DSL Royals Ventura,Kansas City Royals
2024,D-TI1,DSL Tigers 1,Detroit Tigers
2024,D-TWI,DSL Twins,Minnesota Twins
2024,D-WSX,DSL White Sox,Chicago White Sox
2024,D-NYB,DSL NYY Bombers,New York Yankees
2024,D-NYY,DSL NYY Yankees,New York Yankees
2024,A-GUA,ACL Guardians,Cleveland Guardians
2024,GDD,Glendale Desert Dogs,Office of the Commissioner
2024,SRR,Salt River Rafters,Office of the Commissioner
2024,AGU,Aguilas Cibaenas,Office of the Commissioner
2024,TOR,Toros del Este,Office of the Commissioner
2024,EST,Estrellas Orientales,Office of the Commissioner
2024,GIG,Gigantes del Cibao,Office of the Commissioner
2024,SUR,Surprise Saguaros,Office of the Commissioner
2024,TDN,Tren del Norte,Office of the Commissioner
2024,ESC,Leones del Escogido,Office of the Commissioner
2024,ADE,Adelaide Giants,Office of the Commissioner
2024,LIC,Tigres del Licey,Office of the Commissioner
2024,SCO,Scottsdale Scorpions,Office of the Commissioner
2024,BRI,Brisbane Bandits,Office of the Commissioner
2024,MXC,Aguilas de Mexicali,Office of the Commissioner
2024,CAN,Canberra Cavalry,Office of the Commissioner
2024,JAL,Charros de Jalisco,Office of the Commissioner
2024,MEL,Melbourne Aces,Office of the Commissioner
2024,MOC,Caneros de los Mochis,Office of the Commissioner
2024,PER,Perth Heat,Office of the Commissioner
2024,NAV,Mayos de Navojoa,Office of the Commissioner
2024,SYD,Sydney Blue Sox,Office of the Commissioner
2024,HER,Naranjeros de Hermosillo,Office of the Commissioner
2024,CUL,Tomateros de Culiacan,Office of the Commissioner
2024,DR,Dominican Republic,Office of the Commissioner
2024,MAZ,Venados de Mazatlan,Office of the Commissioner
2024,MEX,Mexico,Office of the Commissioner
2024,OBR,Yaquis de Obregon,Office of the Commissioner
2024,VEN,Venezuela,Office of the Commissioner
2024,GSV,Algodoneros de Guasave,Office of the Commissioner
2024,PEJ,Peoria Javelinas,Office of the Commissioner
2024,MTY,Sultanes de Monterrey,Office of the Commissioner
2024,MSS,Mesa Solar Sox,Office of the Commissioner
2024,SAN,Cangrejeros de Santurce,Office of the Commissioner
2024,CAG,Criollos de Caguas,Office of the Commissioner
2024,CAR,Gigantes de Carolina,Office of the Commissioner
2024,MAY,Indios de Mayaguez,Office of the Commissioner
2024,PON,Leones de Ponce,Office of the Commissioner
2024,PUR,Puerto Rico,Office of the Commissioner
2024,ZUL,Aguilas del Zulia,Office of the Commissioner
2024,LAR,Cardenales de Lara,Office of the Commissioner
2024,ORI,Caribes de Anzoategui,Office of the Commissioner
2024,SJU,Senadores de San Juan,Office of the Commissioner
2024,CAR,Leones del Caracas,Office of the Commissioner
2024,MAG,Navegantes del Magallanes,Office of the Commissioner
2024,MAR,Bravos de Margarita,Office of the Commissioner
2024,LAG,Tiburones de La Guaira,Office of the Commissioner
2024,ARA,Tigres de Aragua,Office of the Commissioner
2024,JPN,Japan,Office of the Commissioner
2025,TOL,Toledo Mud Hens,Detroit Tigers
2025,LHV,Lehigh Valley IronPigs,Philadelphia Phillies
2025,IOW,Iowa Cubs,Chicago Cubs
2025,RNO,Reno Aces,Arizona Diamondbacks
2025,LV,Las Vegas Aviators,Athletics
2025,TAC,Tacoma Rainiers,Seattle Mariners
2025,SWB,Scranton/Wilkes-Barre RailRiders,New York Yankees
2025,WOR,Worcester Red Sox,Boston Red Sox
2025,ROC,Rochester Red Wings,Washington Nationals
2025,ABQ,Albuquerque Isotopes,Colorado Rockies
2025,OMA,Omaha Storm Chasers,Kansas City Royals
2025,LOU,Louisville Bats,Cincinnati Reds
2025,IND,Indianapolis Indians,Pittsburgh Pirates
2025,BUF,Buffalo Bisons,Toronto Blue Jays
2025,RR,Round Rock Express,Texas Rangers
2025,ELP,El Paso Chihuahuas,San Diego Padres
2025,STP,St. Paul Saints,Minnesota Twins
2025,SYR,Syracuse Mets,New York Mets
2025,SAC,Sacramento River Cats,San Francisco Giants
2025,DUR,Durham Bulls,Tampa Bay Rays
2025,MEM,Memphis Redbirds,St. Louis Cardinals
2025,NAS,Nashville Sounds,Milwaukee Brewers
2025,CLT,Charlotte Knights,Chicago White Sox
2025,OKC,Oklahoma City Comets,Los Angeles Dodgers
2025,GWN,Gwinnett Stripers,Atlanta Braves
2025,SL,Salt Lake Bees,Los Angeles Angels
2025,JAX,Jacksonville Jumbo Shrimp,Miami Marlins
2025,NOR,Norfolk Tides,Baltimore Orioles
2025,SUG,Sugar Land Space Cowboys,Houston Astros
2025,COL,Columbus Clippers,Cleveland Guardians
2025,ALT,Altoona Curve,Pittsburgh Pirates
2025,TUL,Tulsa Drillers,Los Angeles Dodgers
2025,NWA,Northwest Arkansas Naturals,Kansas City Royals
2025,REA,Reading Fightin Phils,Philadelphia Phillies
2025,NH,New Hampshire Fisher Cats,Toronto Blue Jays
2025,RIC,Richmond Flying Squirrels,San Francisco Giants
2025,AKR,Akron RubberDucks,Cleveland Guardians
2025,BLX,Biloxi Shuckers,Milwaukee Brewers
2025,HFD,Hartford Yard Goats,Colorado Rockies
2025,PNS,Pensacola Blue Wahoos,Miami Marlins
2025,FRI,Frisco RoughRiders,Texas Rangers
2025,POR,Portland Sea Dogs,Boston Red Sox
2025,CC,Corpus Christi Hooks,Houston Astros
2025,CHE,Chesapeake Baysox,Baltimore Orioles
2025,HBG,Harrisburg Senators,Washington Nationals
2025,SOM,Somerset Patriots,New York Yankees
2025,MTG,Montgomery Biscuits,Tampa Bay Rays
2025,KNX,Knoxville Smokies,Chicago Cubs
2025,ERI,Erie SeaWolves,Detroit Tigers
2025,MID,Midland RockHounds,Athletics
2025,RCT,Rocket City Trash Pandas,Los Angeles Angels
2025,CHA,Chattanooga Lookouts,Cincinnati Reds
2025,COL,Columbus Clingstones,Atlanta Braves
2025,BIR,Birmingham Barons,Chicago White Sox
2025,AMA,Amarillo Sod Poodles,Arizona Diamondbacks
2025,SPR,Springfield Cardinals,St. Louis Cardinals
2025,BNG,Binghamton Rumble Ponies,New York Mets
2025,WCH,Wichita Wind Surge,Minnesota Twins
2025,ARK,Arkansas Travelers,Seattle Mariners
2025,SA,San Antonio Missions,San Diego Padres
2025,BG,Bowling Green Hot Rods,Tampa Bay Rays
2025,WS,Winston-Salem Dash,Chicago White Sox
2025,BRK,Brooklyn Cyclones,New York Mets
2025,WM,West Michigan Whitecaps,Detroit Tigers
2025,FW,Fort Wayne TinCaps,San Diego Padres
2025,GL,Great Lakes Loons,Los Angeles Dodgers
2025,DAY,Dayton Dragons,Cincinnati Reds
2025,TRI,Tri-City Dust Devils,Los Angeles Angels
2025,EUG,Eugene Emeralds,San Francisco Giants
2025,EVE,Everett AquaSox,Seattle Mariners
2025,HV,Hudson Valley Renegades,New York Yankees
2025,GBO,Greensboro Grasshoppers,Pittsburgh Pirates
2025,HIL,Hillsboro Hops,Arizona Diamondbacks
2025,SB,South Bend Cubs,Chicago Cubs
2025,SPO,Spokane Indians,Colorado Rockies
2025,ABD,Aberdeen IronBirds,Baltimore Orioles
2025,BEL,Beloit Sky Carp,Miami Marlins
2025,WIL,Wilmington Blue Rocks,Washington Nationals
2025,JS,Jersey Shore BlueClaws,Philadelphia Phillies
2025,CR,Cedar Rapids Kernels,Minnesota Twins
2025,GVL,Greenville Drive,Boston Red Sox
2025,ROM,Rome Emperors,Atlanta Braves
2025,LAN,Lansing Lugnuts,Athletics
2025,VAN,Vancouver Canadians,Toronto Blue Jays
2025,HCS,Hub City Spartanburgers,Texas Rangers
2025,QC,Quad Cities River Bandits,Kansas City Royals
2025,LC,Lake County Captains,Cleveland Guardians
2025,PEO,Peoria Chiefs,St. Louis Cardinals
2025,WIS,Wisconsin Timber Rattlers,Milwaukee Brewers
2025,ASH,Asheville Tourists,Houston Astros
2025,FAY,Fayetteville Woodpeckers,Houston Astros
2025,HIC,Hickory Crawdads,Texas Rangers
2025,DBT,Daytona Tortugas,Cincinnati Reds
2025,MOD,Modesto Nuts,Seattle Mariners
2025,FRE,Fresno Grizzlies,Colorado Rockies
2025,VIS,Visalia Rawhide,Arizona Diamondbacks
2025,MB,Myrtle Beach Pelicans,Chicago Cubs
2025,TAM,Tampa Tarpons,New York Yankees
2025,STK,Stockton Ports,Athletics
2025,RC,Rancho Cucamonga Quakes,Los Angeles Dodgers
2025,IE,Inland Empire 66ers,Los Angeles Angels
2025,PMB,Palm Beach Cardinals,St. Louis Cardinals
2025,SJ,San Jose Giants,San Francisco Giants
2025,AUG,Augusta GreenJackets,Atlanta Braves
2025,SAL,Salem Red Sox,Boston Red Sox
2025,JUP,Jupiter Hammerheads,Miami Marlins
2025,HC,Hill City Howlers,Cleveland Guardians
2025,DEL,Delmarva Shorebirds,Baltimore Orioles
2025,KAN,Kannapolis Cannon Ballers,Chicago White Sox
2025,LE,Lake Elsinore Storm,San Diego Padres
2025,DUN,Dunedin Blue Jays,Toronto Blue Jays
2025,CHS,Charleston RiverDogs,Tampa Bay Rays
2025,FBG,Fredericksburg Nationals,Washington Nationals
2025,CLR,Clearwater Threshers,Philadelphia Phillies
2025,COL,Columbia Fireflies,Kansas City Royals
2025,CAR,Carolina Mudcats,Milwaukee Brewers
2025,LAK,Lakeland Flying Tigers,Detroit Tigers
2025,SLU,St. Lucie Mets,New York Mets
2025,FTM,Fort Myers Mighty Mussels,Minnesota Twins
2025,BRD,Bradenton Marauders,Pittsburgh Pirates
2025,D-CLG,DSL CLE Goryl,Cleveland Guardians
2025,D-ASO,DSL Astros Orange,Houston Astros
2025,A-ANG,ACL Angels,Los Angeles Angels
2025,A-BRW,ACL Brewers,Milwaukee Brewers
2025,A-CUB,ACL Cubs,Chicago Cubs
2025,A-GIA,ACL Giants,San Francisco Giants
2025,A-MRN,ACL Mariners,Seattle Mariners
2025,A-PAD,ACL Padres,San Diego Padres
2025,A-RAN,ACL Rangers,Texas Rangers
2025,A-ROY,ACL Royals,Kansas City Royals
2025,A-ATH,ACL Athletics,Athletics
2025,A-DOD,ACL Dodgers,Los Angeles Dodgers
2025,D-PIG,DSL Pirates Gold,Pittsburgh Pirates
2025,D-BWG,DSL Brewers Gold,Milwaukee Brewers
2025,D-ORO,DSL Orioles Orange,Baltimore Orioles
2025,D-MEO,DSL Mets Orange,New York Mets
2025,A-DBA,ACL D-backs,Arizona Diamondbacks
2025,D-PAG,DSL Padres Gold,San Diego Padres
2025,A-RCK,ACL Rockies,Colorado Rockies
2025,D-BJR,DSL Blue Jays Red,Toronto Blue Jays
2025,D-RAY,DSL Rays,Tampa Bay Rays
2025,A-WSX,ACL White Sox,Chicago White Sox
2025,F-AST,FCL Astros,Houston Astros
2025,D-MIA,DSL Miami,Miami Marlins
2025,D-ROF,DSL Royals Fortuna,Kansas City Royals
2025,F-BRV,FCL Braves,Atlanta Braves
2025,F-NAT,FCL Nationals,Washington Nationals
2025,D-COL,DSL Colorado,Colorado Rockies
2025,F-RAY,FCL Rays,Tampa Bay Rays
2025,F-MRL,FCL Marlins,Miami Marlins
2025,D-TI2,DSL Tigers 2,Detroit Tigers
2025,F-MET,FCL Mets,New York Mets
2025,F-PHI,FCL Phillies,Philadelphia Phillies
2025,D-GIB,DSL Giants Black,San Francisco Giants
2025,F-PIR,FCL Pirates,Pittsburgh Pirates
2025,F-ORI,FCL Orioles,Baltimore Orioles
2025,F-RSX,FCL Red Sox,Boston Red Sox
2025,D-ANG,DSL Angels,Los Angeles Angels
2025,D-ASB,DSL Astros Blue,Houston Astros
2025,F-TIG,FCL Tigers,Detroit Tigers
2025,F-CAR,FCL Cardinals,St. Louis Cardinals
2025,D-ATH,DSL Athletics,Athletics
2025,F-TWI,FCL Twins,Minnesota Twins
2025,F-YAN,FCL Yankees,New York Yankees
2025,D-BJB,DSL Blue Jays Blue,Toronto Blue Jays
2025,D-PHW,DSL Phillies White,Philadelphia Phillies
2025,D-BRV,DSL Braves,Atlanta Braves
2025,D-TAM,DSL Tampa Bay,Tampa Bay Rays
2025,D-CUR,DSL Cubs Red,Chicago Cubs
2025,D-ARR,DSL Arizona Red,Arizona Diamondbacks
2025,D-BWB,DSL Brewers Blue,Milwaukee Brewers
2025,D-CAR,DSL Cardinals,St. Louis Cardinals
2025,D-CUB,DSL Cubs Blue,Chicago Cubs
2025,D-ARB,DSL Arizona Black,Arizona Diamondbacks
2025,D-LAB,DSL LAD Bautista,Los Angeles Dodgers
2025,D-LAM,DSL LAD Mega,Los Angeles Dodgers
2025,A-RED,ACL Reds,Cincinnati Reds
2025,D-GIO,DSL Giants Orange,San Francisco Giants
2025,D-CLM,DSL CLE Mendoza,Cleveland Guardians
2025,D-MRN,DSL Mariners,Seattle Mariners
2025,D-MRL,DSL Marlins,Miami Marlins
2025,D-ROJ,DSL Rojos,Cincinnati Reds
2025,D-MEB,DSL Mets Blue,New York Mets
2025,D-RNR,DSL Rangers Red,Texas Rangers
2025,D-ORB,DSL Orioles Black,Baltimore Orioles
2025,F-BLU,FCL Blue Jays,Toronto Blue Jays
2025,D-PAB,DSL Padres Brown,San Diego Padres
2025,D-PHR,DSL Phillies Red,Philadelphia Phillies
2025,D-PIB,DSL Pirates Black,Pittsburgh Pirates
2025,D-RNB,DSL Rangers Blue,Texas Rangers
2025,D-RSB,DSL Red Sox Blue,Boston Red Sox
2025,D-RSR,DSL Red Sox Red,Boston Red Sox
2025,D-RED,DSL Reds,Cincinnati Reds
2025,D-RCK,DSL Rockies,Colorado Rockies
2025,D-NAT,DSL Nationals,Washington Nationals
2025,D-ROV,DSL Royals Ventura,Kansas City Royals
2025,D-TI1,DSL Tigers 1,Detroit Tigers
2025,D-TWI,DSL Twins,Minnesota Twins
2025,D-WSX,DSL White Sox,Chicago White Sox
2025,D-NYB,DSL NYY Bombers,New York Yankees
2025,D-NYY,DSL NYY Yankees,New York Yankees
2025,A-GUA,ACL Guardians,Cleveland Guardians
2025,PAN,Panama,Office of the Commissioner
2025,GDD,Glendale Desert Dogs,Office of the Commissioner
2025,SRR,Salt River Rafters,Office of the Commissioner
2025,NAY,Jaguares de Nayarit,Office of the Commissioner
2025,TBT,Tucson Baseball Team,Office of the Commissioner
2025,MXV,Mexico Verde,Office of the Commissioner
2025,AGU,Aguilas Cibaenas,Office of the Commissioner
2025,TOR,Toros del Este,Office of the Commissioner
2025,EST,Estrellas Orientales,Office of the Commissioner
2025,GIG,Gigantes del Cibao,Office of the Commissioner
2025,SUR,Surprise Saguaros,Office of the Commissioner
2025,TDN,Tren del Norte,Office of the Commissioner
2025,ESC,Leones del Escogido,Office of the Commissioner
2025,ADE,Adelaide Giants,Office of the Commissioner
2025,LIC,Tigres del Licey,Office of the Commissioner
2025,SCO,Scottsdale Scorpions,Office of the Commissioner
2025,BRI,Brisbane Bandits,Office of the Commissioner
2025,MXC,Aguilas de Mexicali,Office of the Commissioner
2025,JAL,Charros de Jalisco,Office of the Commissioner
2025,MOC,Caneros de los Mochis,Office of the Commissioner
2025,PER,Perth Heat,Office of the Commissioner
2025,SYD,Sydney Blue Sox,Office of the Commissioner
2025,HER,Naranjeros de Hermosillo,Office of the Commissioner
2025,CUL,Tomateros de Culiacan,Office of the Commissioner
2025,DR,Dominican Republic,Office of the Commissioner
2025,MAZ,Venados de Mazatlan,Office of the Commissioner
2025,MXR,Mexico Rojo,Office of the Commissioner
2025,OBR,Yaquis de Obregon,Office of the Commissioner
2025,GSV,Algodoneros de Guasave,Office of the Commissioner
2025,PEJ,Peoria Javelinas,Office of the Commissioner
2025,MSS,Mesa Solar Sox,Office of the Commissioner
2025,SAN,Cangrejeros de Santurce,Office of the Commissioner
2025,CAG,Criollos de Caguas,Office of the Commissioner
2025,CAR,Gigantes de Carolina,Office of the Commissioner
2025,MAY,Indios de Mayaguez,Office of the Commissioner
2025,PON,Leones de Ponce,Office of the Commissioner
2025,PUR,Puerto Rico,Office of the Commissioner
2025,ZUL,Aguilas del Zulia,Office of the Commissioner
2025,LAR,Cardenales de Lara,Office of the Commissioner
2025,ORI,Caribes de Anzoategui,Office of the Commissioner
2025,SJU,Senadores de San Juan,Office of the Commissioner
2025,CAR,Leones del Caracas,Office of the Commissioner
2025,MAG,Navegantes del Magallanes,Office of the Commissioner
2025,MAR,Bravos de Margarita,Office of the Commissioner
2025,LAG,Tiburones de La Guaira,Office of the Commissioner
2025,ARA,Tigres de Aragua,Office of the Commissioner
2026,TOL,Toledo Mud Hens,Detroit Tigers
2026,LHV,Lehigh Valley IronPigs,Philadelphia Phillies
2026,IOW,Iowa Cubs,Chicago Cubs
2026,RNO,Reno Aces,Arizona Diamondbacks
2026,LV,Las Vegas Aviators,Athletics
2026,TAC,Tacoma Rainiers,Seattle Mariners
2026,SWB,Scranton/Wilkes-Barre RailRiders,New York Yankees
2026,WOR,Worcester Red Sox,Boston Red Sox
2026,ROC,Rochester Red Wings,Washington Nationals
2026,ABQ,Albuquerque Isotopes,Colorado Rockies
2026,OMA,Omaha Storm Chasers,Kansas City Royals
2026,LOU,Louisville Bats,Cincinnati Reds
2026,IND,Indianapolis Indians,Pittsburgh Pirates
2026,BUF,Buffalo Bisons,Toronto Blue Jays
2026,RR,Round Rock Express,Texas Rangers
2026,ELP,El Paso Chihuahuas,San Diego Padres
2026,STP,St. Paul Saints,Minnesota Twins
2026,SYR,Syracuse Mets,New York Mets
2026,SAC,Sacramento River Cats,San Francisco Giants
2026,DUR,Durham Bulls,Tampa Bay Rays
2026,MEM,Memphis Redbirds,St. Louis Cardinals
2026,NAS,Nashville Sounds,Milwaukee Brewers
2026,CLT,Charlotte Knights,Chicago White Sox
2026,OKC,Oklahoma City Comets,Los Angeles Dodgers
2026,GWN,Gwinnett Stripers,Atlanta Braves
2026,SL,Salt Lake Bees,Los Angeles Angels
2026,JAX,Jacksonville Jumbo Shrimp,Miami Marlins
2026,NOR,Norfolk Tides,Baltimore Orioles
2026,SUG,Sugar Land Space Cowboys,Houston Astros
2026,COL,Columbus Clippers,Cleveland Guardians
2026,ALT,Altoona Curve,Pittsburgh Pirates
2026,TUL,Tulsa Drillers,Los Angeles Dodgers
2026,NWA,Northwest Arkansas Naturals,Kansas City Royals
2026,REA,Reading Fightin Phils,Philadelphia Phillies
2026,NH,New Hampshire Fisher Cats,Toronto Blue Jays
2026,RIC,Richmond Flying Squirrels,San Francisco Giants
2026,AKR,Akron RubberDucks,Cleveland Guardians
2026,BLX,Biloxi Shuckers,Milwaukee Brewers
2026,HFD,Hartford Yard Goats,Colorado Rockies
2026,PNS,Pensacola Blue Wahoos,Miami Marlins
2026,FRI,Frisco RoughRiders,Texas Rangers
2026,POR,Portland Sea Dogs,Boston Red Sox
2026,CC,Corpus Christi Hooks,Houston Astros
2026,CHE,Chesapeake Baysox,Baltimore Orioles
2026,HBG,Harrisburg Senators,Washington Nationals
2026,SOM,Somerset Patriots,New York Yankees
2026,MTG,Montgomery Biscuits,Tampa Bay Rays
2026,KNX,Knoxville Smokies,Chicago Cubs
2026,ERI,Erie SeaWolves,Detroit Tigers
2026,MID,Midland RockHounds,Athletics
2026,RCT,Rocket City Trash Pandas,Los Angeles Angels
2026,CHA,Chattanooga Lookouts,Cincinnati Reds
2026,COL,Columbus Clingstones,Atlanta Braves
2026,BIR,Birmingham Barons,Chicago White Sox
2026,AMA,Amarillo Sod Poodles,Arizona Diamondbacks
2026,SPR,Springfield Cardinals,St. Louis Cardinals
2026,BNG,Binghamton Rumble Ponies,New York Mets
2026,WCH,Wichita Wind Surge,Minnesota Twins
2026,ARK,Arkansas Travelers,Seattle Mariners
2026,SA,San Antonio Missions,San Diego Padres
2026,BG,Bowling Green Hot Rods,Tampa Bay Rays
2026,WS,Winston-Salem Dash,Chicago White Sox
2026,BRK,Brooklyn Cyclones,New York Mets
2026,WM,West Michigan Whitecaps,Detroit Tigers
2026,FW,Fort Wayne TinCaps,San Diego Padres
2026,GL,Great Lakes Loons,Los Angeles Dodgers
2026,DAY,Dayton Dragons,Cincinnati Reds
2026,TRI,Tri-City Dust Devils,Los Angeles Angels
2026,EUG,Eugene Emeralds,San Francisco Giants
2026,EVE,Everett AquaSox,Seattle Mariners
2026,HV,Hudson Valley Renegades,New York Yankees
2026,GBO,Greensboro Grasshoppers,Pittsburgh Pirates
2026,HIL,Hillsboro Hops,Arizona Diamondbacks
2026,SB,South Bend Cubs,Chicago Cubs
2026,SPO,Spokane Indians,Colorado Rockies
2026,BEL,Beloit Sky Carp,Miami Marlins
2026,WIL,Wilmington Blue Rocks,Washington Nationals
2026,JS,Jersey Shore BlueClaws,Philadelphia Phillies
2026,CR,Cedar Rapids Kernels,Minnesota Twins
2026,GVL,Greenville Drive,Boston Red Sox
2026,FRE,Frederick Keys,Baltimore Orioles
2026,ROM,Rome Emperors,Atlanta Braves
2026,LAN,Lansing Lugnuts,Athletics
2026,VAN,Vancouver Canadians,Toronto Blue Jays
2026,HCS,Hub City Spartanburgers,Texas Rangers
2026,QC,Quad Cities River Bandits,Kansas City Royals
2026,LC,Lake County Captains,Cleveland Guardians
2026,PEO,Peoria Chiefs,St. Louis Cardinals
2026,WIS,Wisconsin Timber Rattlers,Milwaukee Brewers
2026,ASH,Asheville Tourists,Houston Astros
2026,FAY,Fayetteville Woodpeckers,Houston Astros
2026,HIC,Hickory Crawdads,Texas Rangers
2026,DBT,Daytona Tortugas,Cincinnati Reds
2026,FRE,Fresno Grizzlies,Colorado Rockies
2026,VIS,Visalia Rawhide,Arizona Diamondbacks
2026,MB,Myrtle Beach Pelicans,Chicago Cubs
2026,TAM,Tampa Tarpons,New York Yankees
2026,STK,Stockton Ports,Athletics
2026,RC,Rancho Cucamonga Quakes,Los Angeles Angels
2026,IE,Inland Empire 66ers,Seattle Mariners
2026,ONT,Ontario Tower Buzzers,Los Angeles Dodgers
2026,PMB,Palm Beach Cardinals,St. Louis Cardinals
2026,SJ,San Jose Giants,San Francisco Giants
2026,AUG,Augusta GreenJackets,Atlanta Braves
2026,SAL,Salem RidgeYaks,Boston Red Sox
2026,JUP,Jupiter Hammerheads,Miami Marlins
2026,HC,Hill City Howlers,Cleveland Guardians
2026,DEL,Delmarva Shorebirds,Baltimore Orioles
2026,KAN,Kannapolis Cannon Ballers,Chicago White Sox
2026,LE,Lake Elsinore Storm,San Diego Padres
2026,DUN,Dunedin Blue Jays,Toronto Blue Jays
2026,CHS,Charleston RiverDogs,Tampa Bay Rays
2026,FBG,Fredericksburg Nationals,Washington Nationals
2026,CLR,Clearwater Threshers,Philadelphia Phillies
2026,COL,Columbia Fireflies,Kansas City Royals
2026,WIL,Wilson Warbirds,Milwaukee Brewers
2026,LAK,Lakeland Flying Tigers,Detroit Tigers
2026,SLU,St. Lucie Mets,New York Mets
2026,FTM,Fort Myers Mighty Mussels,Minnesota Twins
2026,BRD,Bradenton Marauders,Pittsburgh Pirates
2026,D-CLG,DSL CLE Goryl,Cleveland Guardians
2026,D-ASO,DSL Astros Orange,Houston Astros
2026,A-ANG,ACL Angels,Los Angeles Angels
2026,A-BRW,ACL Brewers,Milwaukee Brewers
2026,A-CUB,ACL Cubs,Chicago Cubs
2026,A-GIA,ACL Giants,San Francisco Giants
2026,A-MRN,ACL Mariners,Seattle Mariners
2026,A-PAD,ACL Padres,San Diego Padres
2026,A-RAN,ACL Rangers,Texas Rangers
2026,A-ROY,ACL Royals,Kansas City Royals
2026,A-ATH,ACL Athletics,Athletics
2026,A-DOD,ACL Dodgers,Los Angeles Dodgers
2026,D-PIG,DSL Pirates Gold,Pittsburgh Pirates
2026,D-BWG,DSL Brewers Gold,Milwaukee Brewers
2026,D-ORO,DSL Orioles Orange,Baltimore Orioles
2026,D-MEO,DSL Mets Orange,New York Mets
2026,A-DBA,ACL D-backs,Arizona Diamondbacks
2026,D-PAG,DSL Padres Gold,San Diego Padres
2026,A-RCK,ACL Rockies,Colorado Rockies
2026,D-BJR,DSL Blue Jays Red,Toronto Blue Jays
2026,D-RAY,DSL Rays,Tampa Bay Rays
2026,A-WSX,ACL White Sox,Chicago White Sox
2026,F-AST,FCL Astros,Houston Astros
2026,D-MIA,DSL Miami,Miami Marlins
2026,D-ROF,DSL Royals Fortuna,Kansas City Royals
2026,F-BRV,FCL Braves,Atlanta Braves
2026,F-NAT,FCL Nationals,Washington Nationals
2026,D-COL,DSL Colorado,Colorado Rockies
2026,F-RAY,FCL Rays,Tampa Bay Rays
2026,F-MRL,FCL Marlins,Miami Marlins
2026,D-TI2,DSL Tigers 2,Detroit Tigers
2026,F-MET,FCL Mets,New York Mets
2026,F-PHI,FCL Phillies,Philadelphia Phillies
2026,D-GIB,DSL Giants Black,San Francisco Giants
2026,F-PIR,FCL Pirates,Pittsburgh Pirates
2026,F-ORI,FCL Orioles,Baltimore Orioles
2026,F-RSX,FCL Red Sox,Boston Red Sox
2026,D-ANG,DSL Angels,Los Angeles Angels
2026,D-ASB,DSL Astros Blue,Houston Astros
2026,F-TIG,FCL Tigers,Detroit Tigers
2026,F-CAR,FCL Cardinals,St. Louis Cardinals
2026,D-ATH,DSL Athletics,Athletics
2026,F-TWI,FCL Twins,Minnesota Twins
2026,F-YAN,FCL Yankees,New York Yankees
2026,D-BJB,DSL Blue Jays Blue,Toronto Blue Jays
2026,D-BRV,DSL Braves,Atlanta Braves
2026,D-TAM,DSL Tampa Bay,Tampa Bay Rays
2026,D-CUR,DSL Cubs Red,Chicago Cubs
2026,D-ARR,DSL Arizona Red,Arizona Diamondbacks
2026,D-BWB,DSL Brewers Blue,Milwaukee Brewers
2026,D-CAR,DSL Cardinals,St. Louis Cardinals
2026,D-CUB,DSL Cubs Blue,Chicago Cubs
2026,D-ARB,DSL Arizona Black,Arizona Diamondbacks
2026,D-LAB,DSL LAD Bautista,Los Angeles Dodgers
2026,D-LAM,DSL LAD Mega,Los Angeles Dodgers
2026,A-RED,ACL Reds,Cincinnati Reds
2026,D-GIO,DSL Giants Orange,San Francisco Giants
2026,D-CLM,DSL CLE Mendoza,Cleveland Guardians
2026,D-MRN,DSL Mariners,Seattle Mariners
2026,D-MRL,DSL Marlins,Miami Marlins
2026,D-ROJ,DSL Rojos,Cincinnati Reds
2026,D-MEB,DSL Mets Blue,New York Mets
2026,D-RNR,DSL Rangers Red,Texas Rangers
2026,D-ORB,DSL Orioles Black,Baltimore Orioles
2026,F-BLU,FCL Blue Jays,Toronto Blue Jays
2026,D-PAB,DSL Padres Brown,San Diego Padres
2026,D-PHI,DSL Phillies,Philadelphia Phillies
2026,D-PIB,DSL Pirates Black,Pittsburgh Pirates
2026,D-RNB,DSL Rangers Blue,Texas Rangers
2026,D-RSB,DSL Red Sox Blue,Boston Red Sox
2026,D-RSR,DSL Red Sox Red,Boston Red Sox
2026,D-RED,DSL Reds,Cincinnati Reds
2026,D-RCK,DSL Rockies,Colorado Rockies
2026,D-NAT,DSL Nationals,Washington Nationals
2026,D-ROV,DSL Royals Ventura,Kansas City Royals
2026,D-TI1,DSL Tigers 1,Detroit Tigers
2026,D-TWI,DSL Twins,Minnesota Twins
2026,D-WSX,DSL White Sox,Chicago White Sox
2026,D-NYB,DSL NYY Bombers,New York Yankees
2026,D-NYY,DSL NYY Yankees,New York Yankees
2026,A-GUA,ACL Guardians,Cleveland Guardians
2026,PAN,Panama,Office of the Commissioner
2026,GDD,Glendale Desert Dogs,Office of the Commissioner
2026,SRR,Salt River Rafters,Office of the Commissioner
2026,NAY,Jaguares de Nayarit,Office of the Commissioner
2026,MXV,Mexico Verde,Office of the Commissioner
2026,AGU,Aguilas Cibaenas,Office of the Commissioner
2026,TOR,Toros del Este,Office of the Commissioner
2026,EST,Estrellas Orientales,Office of the Commissioner
2026,GIG,Gigantes del Cibao,Office of the Commissioner
2026,SUR,Surprise Saguaros,Office of the Commissioner
2026,TDN,Tren del Norte,Office of the Commissioner
2026,ESC,Leones del Escogido,Office of the Commissioner
2026,ADE,Adelaide Giants,Office of the Commissioner
2026,LIC,Tigres del Licey,Office of the Commissioner
2026,SCO,Scottsdale Scorpions,Office of the Commissioner
2026,BRI,Brisbane Bandits,Office of the Commissioner
2026,MXC,Aguilas de Mexicali,Office of the Commissioner
2026,JAL,Charros de Jalisco,Office of the Commissioner
2026,MOC,Caneros de los Mochis,Office of the Commissioner
2026,PER,Perth Heat,Office of the Commissioner
2026,NAV,Mayos de Navojoa,Office of the Commissioner
2026,SYD,Sydney Blue Sox,Office of the Commissioner
2026,HER,Naranjeros de Hermosillo,Office of the Commissioner
2026,CUL,Tomateros de Culiacan,Office of the Commissioner
2026,DR,Dominican Republic,Office of the Commissioner
2026,MAZ,Venados de Mazatlan,Office of the Commissioner
2026,MXR,Mexico Rojo,Office of the Commissioner
2026,OBR,Yaquis de Obregon,Office of the Commissioner
2026,GSV,Algodoneros de Guasave,Office of the Commissioner
2026,PEJ,Peoria Javelinas,Office of the Commissioner
2026,MSS,Mesa Solar Sox,Office of the Commissioner
2026,SAN,Cangrejeros de Santurce,Office of the Commissioner
2026,CAG,Criollos de Caguas,Office of the Commissioner
2026,CAR,Gigantes de Carolina,Office of the Commissioner
2026,MAY,Indios de Mayaguez,Office of the Commissioner
2026,PON,Leones de Ponce,Office of the Commissioner
2026,PUR,Puerto Rico,Office of the Commissioner
2026,ZUL,Aguilas del Zulia,Office of the Commissioner
2026,LAR,Cardenales de Lara,Office of the Commissioner
2026,ORI,Caribes de Anzoategui,Office of the Commissioner
2026,SJU,Senadores de San Juan,Office of the Commissioner
2026,CAR,Leones del Caracas,Office of the Commissioner
2026,MAG,Navegantes del Magallanes,Office of the Commissioner
2026,MAR,Bravos de Margarita,Office of the Commissioner
2026,LAG,Tiburones de La Guaira,Office of the Commissioner
2026,ARA,Tigres de Aragua,Office of the Commissioner
