mean_fwd_years,n,pos,base_rate,pred_mean,auc,auc_lo,auc_hi,ap,ap_lift,brier,brier_skill,ece,spiegelhalter_p,lift@1%,recall@1%,k@1%,lift@5%,recall@5%,k@5%,lift@10%,recall@10%,k@10%,event,snap_year
1.0,1950,4,0.0020512820512820513,0.00403499311233202,0.9911356628982528,0.973039060561752,1.0,0.4536290322580645,221.14415322580643,0.0016897536558322561,0.17455186583990834,0.002021639246451788,0.1184084037834583,73.125,0.75,20,19.897959183673468,1.0,98,10.0,1.0,195,TOP_100_PROSPECT,2024
1.0,1912,57,0.02981171548117155,0.14611539342374907,0.9774908970539556,0.9620402354897015,0.991978965502049,0.830274394328437,27.850607753613534,0.06839784742284562,-1.3648273545087561,0.11630367794257752,0.0,33.54385964912281,0.3333333333333333,19,15.723684210526315,0.7894736842105263,96,9.30798199687701,0.9298245614035088,191,MLB_DEBUT,2024
1.0,1976,0,0.0,0.004767153439867175,,,,,,,,0.004767153439867175,0.0005788216125190981,,,20,,,99,,,198,ESTABLISHED_MLB,2024
1.0,1976,0,0.0,0.0010624950283762212,,,,,,,,0.0010624950283762212,0.14047269309595478,,,20,,,99,,,198,STAR_PLUS_ELITE,2024
