mean_fwd_years,n,pos,base_rate,pred_mean,auc,auc_lo,auc_hi,ap,ap_lift,brier,brier_skill,ece,spiegelhalter_p,lift@1%,recall@1%,k@1%,lift@5%,recall@5%,k@5%,lift@10%,recall@10%,k@10%,event,snap_year
0.0,1513,0,0.0,0.0034446628950744,,,,,,,,0.0034446628950743994,0.005692535469321802,,,15,,,76,,,151,TOP_100_PROSPECT,2025
0.0,1476,0,0.0,0.14808359696213685,,,,,,,,0.14808359696213685,0.0,,,15,,,74,,,148,MLB_DEBUT,2025
0.0,1533,0,0.0,0.004770801187681541,,,,,,,,0.00477080118768154,0.002970092204753083,,,15,,,77,,,153,ESTABLISHED_MLB,2025
0.0,1533,0,0.0,0.001066454516039195,,,,,,,,0.001066454516039195,0.18937219338830347,,,15,,,77,,,153,STAR_PLUS_ELITE,2025
