mean_fwd_years,n,pos,base_rate,pred_mean,auc,auc_lo,auc_hi,ap,ap_lift,brier,brier_skill,ece,spiegelhalter_p,lift@1%,recall@1%,k@1%,lift@5%,recall@5%,k@5%,lift@10%,recall@10%,k@10%,event,snap_year
-1.0,1048,0,0.0,0.0019639475885924185,,,,,,,,0.0019639475885924185,0.13225825202893438,,,10,,,52,,,105,TOP_100_PROSPECT,2026
-1.0,1032,0,0.0,0.1420421966445423,,,,,,,,0.1420421966445423,0.0,,,10,,,52,,,103,MLB_DEBUT,2026
-1.0,1061,0,0.0,0.004232839620202555,,,,,,,,0.0042328396202025555,0.02827709715076243,,,11,,,53,,,106,ESTABLISHED_MLB,2026
-1.0,1061,0,0.0,0.0009869248675389618,,,,,,,,0.0009869248675389618,0.3039968318428641,,,11,,,53,,,106,STAR_PLUS_ELITE,2026
