mean_fwd_years,n,pos,base_rate,pred_mean,auc,auc_lo,auc_hi,ap,ap_lift,brier,brier_skill,ece,spiegelhalter_p,lift@1%,recall@1%,k@1%,lift@5%,recall@5%,k@5%,lift@10%,recall@10%,k@10%,event,snap_year
3.0,2236,30,0.013416815742397137,0.01275620052130147,0.978649138712602,0.9465843209123042,0.9956636153054091,0.6948221059355998,51.787407629066706,0.007117421124212698,0.46230066598607233,0.0033616844624888417,0.6861377271957565,54.20606060606061,0.5333333333333333,22,17.967857142857145,0.9,112,9.649404761904764,0.9666666666666667,224,TOP_100_PROSPECT,2022
3.0,2246,149,0.06634016028495103,0.12115040397881477,0.9644442524155632,0.9525114047665914,0.9778676156209729,0.8134689609380171,12.262089169575747,0.03407593508598753,0.44984813794002465,0.05750004234916563,0.0,15.073825503355703,0.1476510067114094,22,12.516658676893575,0.6241610738255033,112,8.039373601789709,0.8053691275167785,225,MLB_DEBUT,2022
3.0,2247,0,0.0,0.007388795449119828,,,,,,,,0.007388795449119829,2.3103139461522204e-06,,,22,,,112,,,225,ESTABLISHED_MLB,2022
3.0,2247,0,0.0,0.0017671519464879592,,,,,,,,0.0017671519464879592,0.0334418370984102,,,22,,,112,,,225,STAR_PLUS_ELITE,2022
