mean_fwd_years,n,pos,base_rate,pred_mean,auc,auc_lo,auc_hi,ap,ap_lift,brier,brier_skill,ece,spiegelhalter_p,lift@1%,recall@1%,k@1%,lift@5%,recall@5%,k@5%,lift@10%,recall@10%,k@10%,event,snap_year
4.0,2249,40,0.017785682525566917,0.009954675633283045,0.9092462652784066,0.8589355874524743,0.9501538377885692,0.3030209816702565,17.037354694410173,0.014519053815785495,0.16888423812475262,0.007938755340311012,0.0019187353835752319,30.668181818181818,0.3,22,12.048214285714286,0.6,112,7.246777777777778,0.725,225,TOP_100_PROSPECT,2021
4.0,2247,150,0.06675567423230974,0.08457262805330641,0.8245000794786203,0.8001460219444242,0.850878012069697,0.3199681183741042,4.793122413244081,0.05625607249892308,0.09700392194654228,0.029770821307337766,0.00012900377950941788,8.17090909090909,0.08,22,5.2162500000000005,0.26,112,4.527288888888889,0.4533333333333333,225,MLB_DEBUT,2021
4.0,2250,0,0.0,0.013180760990272069,,,,,,,,0.013180760990272069,8.351097591230427e-13,,,22,,,112,,,225,ESTABLISHED_MLB,2021
4.0,2250,0,0.0,0.0034921496282460996,,,,,,,,0.003492149628246099,0.0013054833089931606,,,22,,,112,,,225,STAR_PLUS_ELITE,2021
