llevel,mlevel,minorMasterId,playerName,playerNameRoute,UPURL,UPID,positionDB,playerTeamId,RPM,Vel,cRisk,cETA,cFV,cWeight,cHeight,cRank,cOVR,cORG,cTrend,cDraftSchool,Hit,Game,Raw,Spd,Fld,Arm,FB,SL,CB,CH,SPL,CT,CMD,cSeason,playerPageSortOrder,cCollegeCommit,ID,RowID,FirstName,LastName,Position,Age,Team,Season,Type,PlayerId,DraftRank,ProjTeam,Ovr_Rank,Org_Rank,FV_Current,Risk_Current,ETA_Current,Draft,CollegeCommit,Height,Weight,Bats,Throws,School,Summary,YouTube,pHit,fHit,pGame,fGame,pRaw,fRaw,pSpd,fSpd,pFld,fFld,pArm,fArm,bRPM,fRPM,Range,Touch,options,servicetime,pFB,fFB,pSL,fSL,pCB,fCB,pCH,fCH,pCMD,fCMD,pSPL,fSPL,pCT,fCT
MLB,MLB,sa864590,Yoán Moncada,Yoan Moncada,/players/yoan-moncada/17232/stats/batting,17232,3B,1.0,,,,2017,70,205,"6' 2""",,1,1,,Cuba,30 / 60,40 / 60,60 / 60,70 / 70,40 / 50,70 / 70,,,,,,,,2017,0,,4618,1,Yoan,Moncada,INF,21,CHW,2017,2017 Report,17232,0,,1,1,70,0,2017,j2 2015,,74,205,S,R,Cuba,,9iT9egpGDX8,30.0,60.0,40.0,60.0,60.0,60.0,70.0,70.0,40.0,50.0,70.0,70.0,0,0,,0,n/a,8.106,,,,,,,,,,,,,,
MLB,MLB,sa738659,Andrew Benintendi,Andrew Benintendi,/players/andrew-benintendi/17901/stats/batting,17901,OF,4.0,,,,2017,65,175,"5' 10""",,2,1,,Arkansas,60 / 70,45 / 55,55 / 55,55 / 55,50 / 55,50 / 50,,,,,,,,2017,0,,4604,1,Andrew,Benintendi,OF,22,BOS,2017,2017 Report,17901,0,,2,1,65,0,2017,1st rd 2015,,70,175,L,L,Arkansas,,N5jHX2gf_x8,60.0,70.0,45.0,55.0,55.0,55.0,55.0,55.0,50.0,55.0,50.0,50.0,0,0,,0,n/a,9.062,,,,,,,,,,,,,,
MLB,MLB,sa732115,Amed Rosario,Amed Rosario,/players/amed-rosario/15518/stats/batting,15518,SS,9.0,,,,2017,65,170,"6' 2""",,3,1,,Dominican Republic,40 / 60,40 / 50,50 / 55,60 / 60,55 / 60,60 / 60,,,,,,,,2017,0,,5095,1,Amed,Rosario,SS,21,NYM,2017,2017 Report,15518,0,,3,1,65,0,2017,J2 2012,,74,170,R,R,Dominican Republic,,Do8MDHiurtQ,40.0,60.0,40.0,50.0,50.0,55.0,60.0,60.0,55.0,60.0,60.0,60.0,0,0,,0,n/a,8.062,,,,,,,,,,,,,,
MLB,MLB,sa659260,Dansby Swanson,Dansby Swanson,/players/dansby-swanson/18314/stats/batting,18314,SS,17.0,,,,2017,65,190,"6' 1""",,4,1,,Vanderbilt,50 / 55,40 / 45,50 / 50,60 / 60,55 / 60,60 / 60,,,,,,,,2017,0,,4884,1,Dansby,Swanson,SS,23,ATL,2017,2017 Report,18314,0,,4,1,65,0,2017,1st rd 2015,,73,190,R,R,Vanderbilt,,DV4QumfIO2E,50.0,55.0,40.0,45.0,50.0,50.0,60.0,60.0,55.0,60.0,60.0,60.0,0,0,,0,n/a,9.047,,,,,,,,,,,,,,
,MLB,sa737440,Austin Meadows,Austin Meadows,/players/austin-meadows/15672/stats/batting,15672,DH/OF,-1.0,,,,2017,65,200,"6' 3""",,5,1,,Grayson HS (GA),50 / 70,45 / 60,55 / 60,60 / 55,40 / 50,40 / 40,,,,,,,,2017,0,,5148,1,Austin,Meadows,OF,21,PIT,2017,2017 Report,15672,0,,5,1,65,0,2017,1st rd 2013,,75,200,L,L,Grayson HS (GA),,DGW11I8agcw,50.0,70.0,45.0,60.0,55.0,60.0,60.0,55.0,40.0,50.0,40.0,40.0,0,0,,0,n/a,5.074,,,,,,,,,,,,,,
,MLB,sa739551,Alex Reyes,Alex Reyes,/players/alex-reyes/15015/stats/pitching,15015,P,-1.0,,,,2017,65,220,"6' 3""",,6,1,,Dominican Republlic,,,,,,,70 / 70,45 / 50,60 / 60,55 / 60,,,40 / 50,2017,0,,5169,1,Alex,Reyes,RHP,22,StL,2017,2017 Report,15015,0,,6,1,65,0,2017,J2 2012,,75,220,R,R,Dominican Republlic,,Z_2KQ7Utxy4,,,,,,,,,,,,,0,0,,0,n/a,6.056,70.0,70.0,45.0,50.0,60.0,60.0,55.0,60.0,40.0,50.0,,,,
MLB,MLB,sa830372,Gleyber Torres,Gleyber Torres,/players/gleyber-torres/16997/stats/batting,16997,2B,6.0,,,,2018,60,185,"6' 1""",,7,1,,Venezuela,40 / 60,35 / 55,55 / 60,50 / 40,40 / 50,60 / 60,,,,,,,,2017,0,,4727,1,Gleyber,Torres,SS,20,NYY,2017,2017 Report,16997,0,,7,1,60,0,2018,J2 2013,,73,185,R,R,Venezuela,,,40.0,60.0,35.0,55.0,55.0,60.0,50.0,40.0,40.0,50.0,60.0,60.0,0,0,,0,n/a,7.162,,,,,,,,,,,,,,
MLB,MLB,sa828409,Victor Robles,Victor Robles,/players/victor-robles/18363/stats/batting,18363,OF,11.0,,,,2019,60,185,"6' 0""",,8,1,,Dominican Republic,40 / 70,30 / 45,40 / 50,70 / 60,45 / 55,70 / 70,,,,,,,,2017,0,,5075,1,Victor,Robles,CF,19,WSN,2017,2017 Report,18363,0,,8,1,60,0,2019,J2 2013,,72,185,R,R,Dominican Republic,,,40.0,70.0,30.0,45.0,40.0,50.0,70.0,60.0,45.0,55.0,70.0,70.0,0,0,,0,n/a,7.033,,,,,,,,,,,,,,
MLB,MLB,sa737507,J.P. Crawford,J.P. Crawford,/players/jp-crawford/15491/stats/batting,15491,SS,11.0,,,,2017,60,180,"6' 2""",,9,1,,Lakewood HS (CA),40 / 55,30 / 40,40 / 45,50 / 50,50 / 60,60 / 60,,,,,,,,2017,0,,5115,1,J.P.,Crawford,SS,22,PHI,2017,2017 Report,15491,0,,9,1,60,0,2017,1st rd 2013,,74,180,L,R,Lakewood HS (CA),,3LZkPwA2Qd4,40.0,55.0,30.0,40.0,40.0,45.0,50.0,50.0,50.0,60.0,60.0,60.0,0,0,,0,n/a,7.163,,,,,,,,,,,,,,
,MLB,sa872856,Anderson Espinoza,Anderson Espinoza,/players/anderson-espinoza/18593/stats/pitching,18593,P,-1.0,,,,2019,60,170,"6' 0""",,10,1,,Venezuela,,,,,,,60 / 70,,50 / 70,50 / 70,,,40 / 50,2017,0,,5193,1,Anderson,Espinoza,RHP,18,SDP,2017,2017 Report,18593,0,,10,1,60,0,2019,J2 2014,,72,170,R,R,Venezuela,,eF2DdHl9_dQ,,,,,,,,,,,,,0,0,,0,1,1.033,60.0,70.0,,,50.0,70.0,50.0,70.0,40.0,50.0,,,,
MLB,MLB,sa830219,Ozzie Albies,Ozzie Albies,/players/ozzie-albies/16556/stats/batting,16556,2B,16.0,,,,2018,60,160,"5' 9""",,11,2,,Curacao,45 / 70,20 / 30,40 / 40,70 / 70,50 / 60,55 / 55,,,,,,,,2017,0,,4885,2,Ozzie,Albies,2B,20,ATL,2017,2017 Report,16556,0,,11,2,60,0,2018,J2 2013,,69,160,S,R,Curacao,,Dojauvbby9k,45.0,70.0,20.0,30.0,40.0,40.0,70.0,70.0,50.0,60.0,55.0,55.0,0,0,,0,n/a,8.062,,,,,,,,,,,,,,
,AAA,sa868984,Yadier Alvarez,Yadier Alvarez,/players/yadier-lvarez/sa868984/stats/pitching,sa868984,P,-1.0,,,,2019,60,175,"6' 3""",,12,1,,Cuba,,,,,,,60 / 70,50 / 60,40 / 50,40 / 60,,,40 / 55,2017,0,,5029,1,Yadier,Alvarez,RHP,20,LAD,2017,2017 Report,sa868984,0,,12,1,60,0,2019,J2 2015,,75,175,R,R,Cuba,,GPeREXyoEzQ,,,,,,,,,,,,,0,0,,0,3,0.000,60.0,70.0,50.0,60.0,40.0,50.0,40.0,60.0,40.0,55.0,,,,
MLB,MLB,sa737794,Cody Bellinger,Cody Bellinger,/players/cody-bellinger/15998/stats/batting,15998,1B/OF,9.0,,,,2017,60,220,"6' 4""",,13,2,,Hamilton HS (AZ),30 / 45,40 / 60,60 / 70,45 / 40,60 / 70,60 / 60,,,,,,,,2017,0,,5030,2,Cody,Bellinger,1B,21,LAD,2017,2017 Report,15998,0,,13,2,60,0,2017,4th rd 2013,,76,220,L,L,Hamilton HS (AZ),,8FXTEFUVRe8,30.0,45.0,40.0,60.0,60.0,70.0,45.0,40.0,60.0,70.0,60.0,60.0,0,0,,0,n/a,8.160,,,,,,,,,,,,,,
AAA,MLB,sa874238,Brendan Rodgers,Brendan Rodgers,/players/brendan-rodgers/17907/stats/batting,17907,2B,3.0,,,,2019,60,180,"6' 0""",,14,1,,Lake Mary HS (FL),30 / 55,40 / 55,55 / 60,50 / 45,40 / 50,60 / 60,,,,,,,,2017,0,,4971,1,Brendan,Rodgers,SS,20,COL,2017,2017 Report,17907,0,,14,1,60,0,2019,1st rd 2015,,72,180,R,R,Lake Mary HS (FL),,8R3NqST3CPs,30.0,55.0,40.0,55.0,55.0,60.0,50.0,45.0,40.0,50.0,60.0,60.0,0,0,,0,n/a,6.075,,,,,,,,,,,,,,
CPX,MLB,sa830373,Eloy Jiménez,Eloy Jimenez,/players/eloy-jimenez/17484/stats/batting,17484,DH/OF,14.0,,,,2019,60,225,"6' 4""",,15,1,,Dominican Republic,30 / 50,50 / 70,70 / 80,45 / 40,45 / 50,50 / 50,,,,,,,,2017,0,,4916,1,Eloy,Jimenez,OF,20,CHC,2017,2017 Report,17484,0,,15,1,60,0,2019,J2 2013,,76,225,R,R,Dominican Republic,,qzcfGawJz30,30.0,50.0,50.0,70.0,70.0,80.0,45.0,40.0,45.0,50.0,50.0,50.0,0,0,,0,n/a,6.000,,,,,,,,,,,,,,
AAA,MLB,sa657923,Lewis Brinson,Lewis Brinson,/players/lewis-brinson/14352/stats/batting,14352,OF,,,,,2017,60,195,"6' 3""",,16,1,,Coral Springs HS (FL),40 / 50,50 / 60,60 / 60,60 / 60,50 / 55,60 / 60,,,,,,,,2017,0,,5050,1,Lewis,Brinson,CF,22,MIL,2017,2017 Report,14352,0,,16,1,60,0,2017,1st rd 2012,,75,195,R,R,Coral Springs HS (FL),,RR-tHu3R4Ak,40.0,50.0,50.0,60.0,60.0,60.0,60.0,60.0,50.0,55.0,60.0,60.0,0,0,,0,0,3.084,,,,,,,,,,,,,,
MLB,MLB,sa736655,Willy Adames,Willy Adames,/players/willy-adames/15986/stats/batting,15986,SS,30.0,,,,2018,60,180,"6' 1""",,17,1,,Dominican Republic,40 / 55,40 / 55,55 / 60,45 / 40,40 / 45,60 / 60,,,,,,,,2017,0,,4800,1,Willy,Adames,SS,21,TBR,2017,2017 Report,15986,0,,17,1,60,0,2018,J2 2012,,73,180,R,R,Dominican Republic,,,40.0,55.0,40.0,55.0,55.0,60.0,45.0,40.0,40.0,45.0,60.0,60.0,0,0,,0,n/a,7.105,,,,,,,,,,,,,,
,MLB,sa736839,Francis Martes,Francis Martes,/players/francis-martes/17303/stats/pitching,17303,P,-1.0,,,,2018,60,225,"6' 1""",,18,1,,Dominican Republic,,,,,,,60 / 60,,60 / 70,45 / 55,,,40 / 55,2017,0,,5008,1,Francis,Martes,RHP,21,HOU,2017,2017 Report,17303,0,,18,1,60,0,2018,J2 2012,,73,225,R,R,Dominican Republic,,v9Ntv_-UiUU,,,,,,,,,,,,,0,0,,0,1,0.116,60.0,60.0,,,60.0,70.0,45.0,55.0,40.0,55.0,,,,
MLB,MLB,sa657908,Lucas Giolito,Lucas Giolito,/players/lucas-giolito/15474/stats/pitching,15474,P,29.0,,,,2017,60,255,"6' 6""",,19,2,,Harvard Westlake (CA),,,,,,,60 / 60,30 / 40,60 / 70,45 / 50,,,40 / 50,2017,0,,4619,2,Lucas,Giolito,RHP,22,CHW,2017,2017 Report,15474,0,,19,2,60,0,2017,1st rd 2012,,78,255,R,R,Harvard Westlake (CA),,b7-G7YlHybk,,,,,,,,,,,,,0,0,,0,n/a,8.080,60.0,60.0,30.0,40.0,60.0,70.0,45.0,50.0,40.0,50.0,,,,
,MLB,sa738510,Corey Ray,Corey Ray,/players/corey-ray/19170/stats/batting,19170,OF,-1.0,,,,2018,60,185,"5' 11""",,20,2,,Louisville,30 / 60,30 / 55,55 / 60,70 / 70,40 / 50,40 / 40,,,,,,,,2017,0,,5051,2,Corey,Ray,OF,22,MIL,2017,2017 Report,19170,0,,20,2,60,0,2018,1st rd 2015,,71,185,L,L,Louisville,,,30.0,60.0,30.0,55.0,55.0,60.0,70.0,70.0,40.0,50.0,40.0,40.0,0,0,,0,0,0.004,,,,,,,,,,,,,,
,MLB,sa828680,Michael Kopech,Michael Kopech,/players/michael-kopech/17282/stats/pitching,17282,P,-1.0,,,,2019,55,195,"6' 3""",,21,3,,Mt Pleasant HS (TX),,,,,,,70 / 70,50 / 60,,45 / 60,,,30 / 45,2017,0,,4620,3,Michael,Kopech,RHP,20,CHW,2017,2017 Report,17282,0,,21,3,55,0,2019,1st rd 2014,,75,195,R,R,Mt Pleasant HS (TX),,JXUYoulUEo8,,,,,,,,,,,,,0,0,,0,n/a,6.041,70.0,70.0,50.0,60.0,,,45.0,60.0,30.0,45.0,,,,
MLB,MLB,sa828312,Rafael Devers,Rafael Devers,/players/rafael-devers/17350/stats/batting,17350,3B,30.0,,,,2019,55,200,"6' 0""",,22,2,,Dominican Republic,40 / 55,40 / 55,60 / 70,40 / 30,40 / 50,60 / 60,,,,,,,,2017,0,,4605,2,Rafael,Devers,3B,20,BOS,2017,2017 Report,17350,0,,22,2,55,0,2019,J2 2013,,72,200,L,R,Dominican Republic,,wh7OdMthttw,40.0,55.0,40.0,55.0,60.0,70.0,40.0,30.0,40.0,50.0,60.0,60.0,0,0,,0,n/a,8.070,,,,,,,,,,,,,,
,MLB,sa657504,Manuel Margot,Manuel Margot,/players/manuel-margot/14712/stats/batting,14712,OF,-1.0,,,,2017,55,180,"5' 11""",,23,2,,Dominican Republic,50 / 60,30 / 40,50 / 55,70 / 70,55 / 60,60 / 60,,,,,,,,2017,0,,5194,2,Manny,Margot,CF,22,SDP,2017,2017 Report,14712,0,,23,2,55,0,2017,J2 2011,,71,180,R,R,Dominican Republic,,,50.0,60.0,30.0,40.0,50.0,55.0,70.0,70.0,55.0,60.0,60.0,60.0,0,0,,0,n/a,8.054,,,,,,,,,,,,,,
MLB,MLB,sa920245,Vladimir Guerrero Jr.,Vladimir Guerrero Jr.,/players/vladimir-guerrero-jr/19611/stats/batting,19611,1B,14.0,,,,2019,55,215,"6' 1""",,24,1,,Dominican Republic,35 / 60,40 / 60,60 / 70,40 / 30,40 / 45,60 / 60,,,,,,,,2017,0,,4853,1,"Vlad, Jr.",Guerrero,3B,17,TOR,2017,2017 Report,19611,0,,24,1,55,0,2019,J2 2015,,73,215,R,R,Dominican Republic,,0pq1nJRuxC4,35.0,60.0,40.0,60.0,60.0,70.0,40.0,30.0,40.0,45.0,60.0,60.0,0,0,,0,n/a,6.157,,,,,,,,,,,,,,
MLB,MLB,sa738477,Cal Quantrill,Cal Quantrill,/players/cal-quantrill/19312/stats/pitching,19312,P,13.0,,,,2018,55,195,"6' 3""",,25,3,,Stanford,,,,,,,55 / 60,45 / 50,,55 / 70,,,45 / 55,2017,0,,5195,3,Cal,Quantril,RHP,21,SDP,2017,2017 Report,19312,0,,25,3,55,0,2018,1st rd 2016,,75,195,L,R,Stanford,,xNKf2IgKKqY,,,,,,,,,,,,,0,0,,0,n/a,6.122,55.0,60.0,45.0,50.0,,,55.0,70.0,45.0,55.0,,,,
MLB,MLB,sa597835,Tyler Glasnow,Tyler Glasnow,/players/tyler-glasnow/14374/stats/pitching,14374,P,22.0,,,,2017,55,220,"6' 8""",,26,2,,Hart HS (CA),,,,,,,60 / 60,,55 / 60,40 / 45,,,40 / 45,2017,0,,5149,2,Tyler,Glasnow,RHP,23,PIT,2017,2017 Report,14374,0,,26,2,55,0,2017,5th rd 2011,,80,220,L,R,Hart HS (CA),,gTTxEqrnf_4,,,,,,,,,,,,,0,0,,0,n/a,8.158,60.0,60.0,,,55.0,60.0,40.0,45.0,40.0,45.0,,,,
MLB,MLB,sa917920,Mickey Moniak,Mickey Moniak,/players/mickey-moniak/19956/stats/batting,19956,OF,19.0,,,,2019,55,185,"6' 2""",,27,2,,La Costa Canyon HS (CA),30 / 70,20 / 40,40 / 50,60 / 55,40 / 55,50 / 55,,,,,,,,2017,0,,5116,2,Mickey,Moniak,OF,18,PHI,2017,2017 Report,19956,0,,27,2,55,0,2019,1st rd 2016,,74,185,L,R,La Costa Canyon HS (CA),,Q8Q3oaLa-Ds,30.0,70.0,20.0,40.0,40.0,50.0,60.0,55.0,40.0,55.0,50.0,55.0,0,0,,0,0,4.027,,,,,,,,,,,,,,
MLB,MLB,sa696415,Reynaldo López,Reynaldo Lopez,/players/reynaldo-lopez/16400/stats/pitching,16400,P,16.0,,,,2017,55,185,"6' 0""",,28,4,,Dominican Republic,,,,,,,70 / 70,,55 / 60,40 / 50,,,45 / 50,2017,0,,4621,4,Reynaldo,Lopez,RHP,22,CHW,2017,2017 Report,16400,0,,28,4,55,0,2017,J2 2012,,72,185,R,R,Dominican Republic,,dJCkB1rnie0,,,,,,,,,,,,,0,0,,0,n/a,8.004,70.0,70.0,,,55.0,60.0,40.0,50.0,45.0,50.0,,,,
,AAA,sa917925,Jay Groome,Jay Groome,/players/jason-groome/sa917925/stats/pitching,sa917925,P,-1.0,,,,2020,55,215,"6' 5""",,29,3,,Barnegat HS (NJ),,,,,,,55 / 60,,55 / 70,40 / 50,,,40 / 55,2017,0,,4606,3,Jay,Groome,LHP,18,BOS,2017,2017 Report,sa917925,0,,29,3,55,0,2020,1st rd 2016,,77,215,L,L,Barnegat HS (NJ),,2KZQaauTk3Y,,,,,,,,,,,,,0,0,,0,1,0.000,55.0,60.0,,,55.0,70.0,40.0,50.0,40.0,55.0,,,,
,MLB,sa873264,Nick Senzel,Nick Senzel,/players/nick-senzel/19293/stats/batting,19293,OF,-1.0,,,,2018,55,205,"6' 1""",,30,1,,Tennessee,50 / 60,40 / 55,55 / 60,55 / 50,40 / 50,55 / 55,,,,,,,,2017,0,,4939,1,Nick,Senzel,3B,21,CIN,2017,2017 Report,19293,0,,30,1,55,0,2018,1st rd 2016,,73,205,R,R,Tennessee,,1Jkza_J-9MU,50.0,60.0,40.0,55.0,55.0,60.0,55.0,50.0,40.0,50.0,55.0,55.0,0,0,,0,n/a,5.127,,,,,,,,,,,,,,
,MLB,sa917922,Riley Pint,Riley Pint,/players/riley-pint/21858/stats/pitching,21858,P,-2.0,,,,2020,55,195,"6' 4""",,31,2,,St. Thomas Aquinas HS (KS),,,,,,,70 / 70,50 / 70,,40 / 55,,,30 / 50,2017,0,,4972,2,Riley,Pint,RHP,19,COL,2017,2017 Report,21858,0,,31,2,55,0,2020,1st rd 2016,,76,195,R,R,St. Thomas Aquinas HS (KS),,SHwmwNMieek,,,,,,,,,,,,,0,0,,0,1,0.020,70.0,70.0,50.0,70.0,,,40.0,55.0,30.0,50.0,,,,
AA,MLB,sa551307,Jorge Alfaro,Jorge Alfaro,/players/jorge-alfaro/12180/stats/batting,12180,C,7.0,,,,2017,55,225,"6' 2""",,32,3,,Colombia,30 / 40,40 / 50,70 / 70,50 / 50,50 / 55,70 / 70,,,,,,,,2017,0,,5117,3,Jorge,Alfaro,C,23,PHI,2017,2017 Report,12180,0,,32,3,55,0,2017,J2 2009,,74,225,R,R,Colombia,,NK7LZ7MnzFg,30.0,40.0,40.0,50.0,70.0,70.0,50.0,50.0,50.0,55.0,70.0,70.0,0,0,,0,n/a,5.160,,,,,,,,,,,,,,
,AAA,sa917935,Delvin Perez,Delvin Perez,/players/delvin-prez/sa917935/stats/batting,sa917935,SS,-1.0,,,,2021,55,170,"6' 3""",,33,2,,Int'l Baseball (PR),20 / 55,20 / 40,40 / 50,70 / 70,45 / 60,60 / 60,,,,,,,,2017,0,,5170,2,Delvin,Perez,SS,18,StL,2017,2017 Report,sa917935,0,,33,2,55,0,2021,1st rd 2016,,75,170,R,R,Int'l Baseball (PR),,zoyhWdJpeQU,20.0,55.0,20.0,40.0,40.0,50.0,70.0,70.0,45.0,60.0,60.0,60.0,0,0,,0,R5,,,,,,,,,,,,,,,
,MLB,sa737437,Clint Frazier,Jackson Frazier,/players/jackson-frazier/15983/stats/batting,15983,OF,-1.0,,,,2017,55,185,"5' 11""",,34,2,,Loganville HS (GA),40 / 50,50 / 60,60 / 60,50 / 50,45 / 50,60 / 60,,,,,,,,2017,0,,4728,2,Clint,Frazier,OF,22,NYY,2017,2017 Report,15983,0,,34,2,55,0,2017,1st rd 2013,,71,185,R,R,Loganville HS (GA),,3qJ4OqNiJ38,40.0,50.0,50.0,60.0,60.0,60.0,50.0,50.0,45.0,50.0,60.0,60.0,0,0,,0,0,4.092,,,,,,,,,,,,,,
MLB,MLB,sa877503,Ronald Acuña Jr.,Ronald Acuna Jr.,/players/ronald-acuna-jr/18401/stats/batting,18401,OF,16.0,,,,2020,55,180,"6' 0""",,35,3,,Venezuela,30 / 60,30 / 55,55 / 60,60 / 55,45 / 55,55 / 55,,,,,,,,2017,0,,4886,3,Ronald,Acuna,CF,19,ATL,2017,2017 Report,18401,0,,35,3,55,0,2020,J2 2014,,72,180,R,R,Venezuela,,jM2RtuJ_TJM,30.0,60.0,30.0,55.0,55.0,60.0,60.0,55.0,45.0,55.0,55.0,55.0,0,0,,0,n/a,7.159,,,,,,,,,,,,,,
,MLB,sa828706,Brent Honeywell,Brent Honeywell,/players/brent-honeywell/16466/stats/pitching,16466,P,-1.0,,,,2018,55,180,"6' 2""",,36,2,,Walters St CC,,,,,,,60 / 60,,40 / 40,55 / 60,60 / 60,40 / 45,45 / 55,2017,0,,4801,2,Brent,Honeywell,RHP,21,TBR,2017,2017 Report,16466,0,,36,2,55,0,2018,2nd rd 2014,,74,180,R,R,Walters St CC,,JC3Vetq_eAA,,,,,,,,,,,,,0,0,,0,0,2.045,60.0,60.0,,,40.0,40.0,55.0,60.0,45.0,55.0,60.0,60.0,40.0,45.0
AAA,MLB,sa739565,Francisco Mejía,Francisco Mejia,/players/francisco-mejia/16403/stats/batting,16403,C,,,,,2019,55,175,"5' 10""",,37,1,,Dominican Republic,40 / 70,30 / 45,50 / 55,50 / 40,40 / 50,70 / 70,,,,,,,,2017,0,,4645,1,Francisco,Mejia,C,21,CLE,2017,2017 Report,16403,0,,37,1,55,0,2019,J2 2012,,70,175,S,R,Dominican Republic,,,40.0,70.0,30.0,45.0,50.0,55.0,50.0,40.0,40.0,50.0,70.0,70.0,0,0,,0,n/a,5.042,,,,,,,,,,,,,,
,MLB,sa857836,Kyle Lewis,Kyle Lewis,/players/kyle-lewis/19508/stats/batting,19508,OF,-1.0,,,,2019,55,205,"6' 4""",,38,1,,Mercer,30 / 45,40 / 60,60 / 70,45 / 40,45 / 55,60 / 60,,,,,,,,2017,0,,4784,1,Kyle,Lewis,OF,21,SEA,2017,2017 Report,19508,0,,38,1,55,0,2019,1st rd 2016,,76,205,R,R,Mercer,,nwMhSV87AD0,30.0,45.0,40.0,60.0,60.0,70.0,45.0,40.0,45.0,55.0,60.0,60.0,0,0,,0,1,3.067,,,,,,,,,,,,,,
AAA,MLB,sa599041,Robert Gsellman,Robert Gsellman,/players/robert-gsellman/13696/stats/pitching,13696,P,,,,,2017,55,205,"6' 4""",,39,2,,Westchester HS (CA),,,,,,,70 / 70,55 / 55,50 / 50,40 / 45,,,50 / 55,2017,0,,5096,2,Robert,Gsellman,RHP,23,NYM,2017,2017 Report,13696,0,,39,2,55,0,2017,13th rd 2011,,76,205,R,R,Westchester HS (CA),,,,,,,,,,,,,,,0,0,,0,n/a,5.042,70.0,70.0,55.0,55.0,50.0,50.0,40.0,45.0,50.0,55.0,,,,
MLB,MLB,sa917932,Blake Rutherford,Blake Rutherford,/players/blake-rutherford/19957/stats/batting,19957,OF,,,,,2019,55,195,"6' 3""",,40,3,,Chaminade Prep (CA),35 / 60,40 / 55,55 / 60,50 / 45,40 / 50,45 / 45,,,,,,,,2017,0,,4729,3,Blake,Rutherford,OF,19,NYY,2017,2017 Report,19957,0,,40,3,55,0,2019,1st rd 2016,,75,195,L,R,Chaminade Prep (CA),,,35.0,60.0,40.0,55.0,55.0,60.0,50.0,45.0,40.0,50.0,45.0,45.0,0,0,,0,0,0.037,,,,,,,,,,,,,,
AAA,MLB,sa874245,Kolby Allard,Kolby Allard,/players/kolby-allard/18694/stats/pitching,18694,P,5.0,,,,2019,55,175,"6' 1""",,41,4,,San Clemente HS (CA),,,,,,,50 / 55,,55 / 60,40 / 55,,,45 / 60,2017,0,,4887,4,Kolby,Allard,LHP,19,ATL,2017,2017 Report,18694,0,,41,4,55,0,2019,1st rd 2015,,73,175,L,L,San Clemente HS (CA),,6j3g65GKpzk,,,,,,,,,,,,,0,0,,0,n/a,5.004,50.0,55.0,,,55.0,60.0,40.0,55.0,45.0,60.0,,,,
,MLB,sa828699,Alex Verdugo,Alex Verdugo,/players/alex-verdugo/17027/stats/batting,17027,OF,-1.0,,,,2017,55,200,"6' 0""",,42,3,,Sahuaro HS (AZ),40 / 60,40 / 50,50 / 60,50 / 40,40 / 50,60 / 60,,,,,,,,2017,0,,5031,3,Alex,Verdugo,CF,20,LAD,2017,2017 Report,17027,0,,42,3,55,0,2017,2nd rd 2014,,72,200,L,L,Sahuaro HS (AZ),,mRH_od9cYyw,40.0,60.0,40.0,50.0,50.0,60.0,50.0,40.0,40.0,50.0,60.0,60.0,0,0,,0,n/a,6.158,,,,,,,,,,,,,,
AAA,MLB,sa658943,James Kaprielian,James Kaprielian,/players/james-kaprielian/18331/stats/pitching,18331,P,,,,,2018,55,200,"6' 4""",,43,4,,UCLA,,,,,,,60 / 60,55 / 60,45 / 50,55 / 60,,,45 / 50,2017,0,,4730,4,James,Kaprielian,RHP,23,NYY,2017,2017 Report,18331,0,,43,4,55,0,2018,1st rd 2015,,76,200,R,R,UCLA,,,,,,,,,,,,,,,0,0,,0,0,2.167,60.0,60.0,55.0,60.0,45.0,50.0,55.0,60.0,45.0,50.0,,,,
,MLB,sa738334,José De León,Jose De Leon,/players/jose-de-leon/15463/stats/pitching,15463,P,-1.0,,,,2016,55,190,"6' 2""",,44,3,,Southern,,,,,,,55 / 55,50 / 50,,55 / 60,,,50 / 60,2017,0,,4802,3,Jose,DeLeon,RHP,24,TBR,2017,2017 Report,15463,0,,44,3,55,0,2016,24th rd 2013,,74,190,R,R,Southern,,a7XOAwjfRJQ,,,,,,,,,,,,,0,0,,0,0,3.063,55.0,55.0,50.0,50.0,,,55.0,60.0,50.0,60.0,,,,
,MLB,sa738334,José De León,Jose De Leon,/players/jose-de-leon/15463/stats/pitching,15463,P,-1.0,,,,2016,55,190,"6' 2""",,44,4,,Southern,,,,,,,55 / 55,50 / 50,,55 / 60,,,50 / 60,2017,0,,5032,4,Jose,DeLeon,RHP,24,LAD,2017,2017 Report,15463,0,,44,4,55,0,2016,24th rd 2013,,74,190,R,R,Southern,,a7XOAwjfRJQ,,,,,,,,,,,,,0,0,,0,0,3.063,55.0,55.0,50.0,50.0,,,55.0,60.0,50.0,60.0,,,,
,MLB,sa599245,Bradley Zimmer,Bradley Zimmer,/players/bradley-zimmer/16221/stats/batting,16221,OF,-1.0,,,,2018,55,185,"6' 4""",,45,2,,San Francisco,30 / 40,40 / 50,55 / 60,60 / 55,45 / 55,60 / 60,,,,,,,,2017,0,,4646,2,Brad,Zimmer,CF,23,CLE,2017,2017 Report,16221,0,,45,2,55,0,2018,1st rd 2014,,76,185,L,R,San Francisco,,7fFrWjfCuS8,30.0,40.0,40.0,50.0,55.0,60.0,60.0,55.0,45.0,55.0,60.0,60.0,0,0,,0,0,4.077,,,,,,,,,,,,,,
MLB,MLB,sa828700,Mitch Keller,Mitch Keller,/players/mitch-keller/17594/stats/pitching,17594,P,27.0,,,,2019,55,195,"6' 3""",,46,3,,Xavier HS (IA),,,,,,,60 / 60,,55 / 60,45 / 50,,,50 / 60,2017,0,,5150,3,Mitch,Keller,RHP,20,PIT,2017,2017 Report,17594,0,,46,3,55,0,2019,2nd rd 2014,,75,195,R,R,Xavier HS (IA),,,,,,,,,,,,,,,0,0,,0,n/a,6.026,60.0,60.0,,,55.0,60.0,45.0,50.0,50.0,60.0,,,,
MLB,MLB,sa709602,Jeff Hoffman,Jeff Hoffman,/players/jeff-hoffman/17432/stats/pitching,17432,P,14.0,,,,2016,55,225,"6' 5""",,47,3,,East Carolina,,,,,,,55 / 60,45 / 55,55 / 60,45 / 50,,,40 / 45,2017,0,,4973,3,Jeff,Hoffman,RHP,23,COL,2017,2017 Report,17432,0,,47,3,55,0,2016,1st rd 2014,,77,225,R,R,East Carolina,,Opu-pI8cwFQ,,,,,,,,,,,,,0,0,,0,n/a,7.084,55.0,60.0,45.0,55.0,55.0,60.0,45.0,50.0,40.0,45.0,,,,
,AA,sa969045,Kevin Maitan,Kevin Maitan,/players/kevin-maitan/sa969045/stats/batting,sa969045,3B,-1.0,,,,2021,55,190,"6' 2""",,48,5,,Venezuela,30 / 60,20 / 55,55 / 60,50 / 40,40 / 55,60 / 60,,,,,,,,2017,0,,4888,5,Kevin,Maitan,3B,17,ATL,2017,2017 Report,sa969045,0,,48,5,55,0,2021,J2 2016,,74,190,S,R,Venezuela,,0cx8ztyNO2A,30.0,60.0,20.0,55.0,55.0,60.0,50.0,40.0,40.0,55.0,60.0,60.0,0,0,,0,R5,,,,,,,,,,,,,,,
MLB,MLB,sa912520,Leody Taveras,Leody Taveras,/players/leody-taveras/18900/stats/batting,18900,OF,2.0,,,,2020,55,170,"6' 1""",,49,1,,Dominican Republic,30 / 60,20 / 45,40 / 50,60 / 60,45 / 60,60 / 60,,,,,,,,2017,0,,4831,1,Leodys,Taveras,CF,18,TEX,2017,2017 Report,18900,0,,49,1,55,0,2020,J2 2015,,73,170,S,R,Dominican Republic,,RpzjuTfUZqg,30.0,60.0,20.0,45.0,40.0,50.0,60.0,60.0,45.0,60.0,60.0,60.0,0,0,,0,0,4.031,,,,,,,,,,,,,,
MLB,MLB,sa597768,Josh Bell,Josh Bell,/players/josh-bell/13145/stats/batting,13145,1B/DH,8.0,,,,2017,55,235,"6' 2""",,50,4,,Jesuit HS (TX),55 / 60,50 / 55,55 / 55,40 / 30,30 / 40,55 / 55,,,,,,,,2017,0,,5151,4,Josh,Bell,1B,24,PIT,2017,2017 Report,13145,0,,50,4,55,0,2017,2nd rd 2011,,74,235,S,R,Jesuit HS (TX),,CXqN-5SlvDs,55.0,60.0,50.0,55.0,55.0,55.0,40.0,30.0,30.0,40.0,55.0,55.0,0,0,,0,n/a,9.053,,,,,,,,,,,,,,
MLB,MLB,sa827194,Ian Happ,Ian Happ,/players/ian-happ/17919/stats/batting,17919,OF,17.0,,,,2018,55,205,"6' 0""",,51,2,,Cincinnati,40 / 55,40 / 50,55 / 55,55 / 55,40 / 45,55 / 55,,,,,,,,2017,0,,4917,2,Ian,Happ,2B,22,CHC,2017,2017 Report,17919,0,,51,2,55,0,2018,1st rd 2015,,72,205,S,R,Cincinnati,,kVIv-IbxgCs,40.0,55.0,40.0,50.0,55.0,55.0,55.0,55.0,40.0,45.0,55.0,55.0,0,0,,0,n/a,8.036,,,,,,,,,,,,,,
AAA,MLB,sa656016,Germán Márquez,German Marquez,/players/german-marquez/15038/stats/pitching,15038,P,29.0,,,,2016,55,184,"6' 1""",,52,4,,Venezuela,,,,,,,55 / 60,,55 / 60,40 / 50,,,50 / 60,2017,0,,4974,4,German,Marquez,RHP,21,COL,2017,2017 Report,15038,0,,52,4,55,0,2016,J2 2011,,73,184,R,R,Venezuela,,PptJ_Yf1sxI,,,,,,,,,,,,,0,0,,0,n/a,9.027,55.0,60.0,,,55.0,60.0,40.0,50.0,50.0,60.0,,,,
MLB,MLB,sa828383,Sandy Alcantara,Sandy Alcantara,/players/sandy-alcantara/18684/stats/pitching,18684,P,20.0,,,,2018,55,170,"6' 4""",,53,3,,Dominican Republlic,,,,,,,70 / 70,,50 / 60,45 / 60,,,30 / 45,2017,0,,5171,3,Sandy,Alcantara,RHP,21,StL,2017,2017 Report,18684,0,,53,3,55,0,2018,J2 2013,,76,170,R,R,Dominican Republlic,,,,,,,,,,,,,,,0,0,,0,n/a,7.100,70.0,70.0,,,50.0,60.0,45.0,60.0,30.0,45.0,,,,
,MLB,sa917921,Ian Anderson,Ian Anderson,/players/ian-anderson/19951/stats/pitching,19951,P,-1.0,,,,2021,55,170,"6' 3""",,54,6,,Shenendowa HS (NY),,,,,,,55 / 60,,50 / 60,40 / 50,,,35 / 50,2017,0,,4889,6,Ian,Anderson,RHP,18,ATL,2017,2017 Report,19951,0,,54,6,55,0,2021,1st rd 2016,,75,170,R,R,Shenendowa HS (NY),,,,,,,,,,,,,,,0,0,,0,0,2.082,55.0,60.0,,,50.0,60.0,40.0,50.0,35.0,50.0,,,,
AAA,MLB,sa874760,Triston McKenzie,Triston McKenzie,/players/triston-mckenzie/18000/stats/pitching,18000,P,29.0,,,,2020,55,160,"6' 5""",,55,3,,Royal Palm Beach HS (FL),,,,,,,55 / 60,,55 / 60,45 / 60,,,45 / 60,2017,0,,4647,3,Triston,McKenzie,RHP,19,CLE,2017,2017 Report,18000,0,,55,3,55,0,2020,1st rd 2015,,77,160,R,R,Royal Palm Beach HS (FL),,SaiUEE5AOzQ,,,,,,,,,,,,,0,0,,0,0,4.029,55.0,60.0,,,55.0,60.0,45.0,60.0,45.0,60.0,,,,
,MLB,sa917924,Matt Manning,Matt Manning,/players/matt-manning/20369/stats/pitching,20369,P,-1.0,,,,2020,55,185,"6' 6""",,56,1,,Sheldon HS (CA),,,,,,,60 / 70,,50 / 60,40 / 50,,,30 / 50,2017,0,,4663,1,Matt,Manning,RHP,18,DET,2017,2017 Report,20369,0,,56,1,55,0,2020,1st rd 2016,,78,185,R,R,Sheldon HS (CA),,0FhH_Sv17Dg,,,,,,,,,,,,,0,0,,0,0,2.112,60.0,70.0,,,50.0,60.0,40.0,50.0,30.0,50.0,,,,
,MLB,sa828677,Luis Ortiz,Luis F. Ortiz,/players/luis-f-ortiz/16942/stats/pitching,16942,P,-1.0,,,,2018,55,240,"6' 3""",,57,3,,Sanger HS (TX),,,,,,,60 / 60,60 / 60,45 / 50,50 / 55,,,45 / 55,2017,0,,5052,3,Luis,Ortiz,RHP,21,MIL,2017,2017 Report,16942,0,,57,3,55,0,2018,1st rd 2014,,75,240,R,R,Sanger HS (TX),,Bc-6cJ0VFrQ,,,,,,,,,,,,,0,0,,0,1,1.103,60.0,60.0,60.0,60.0,45.0,50.0,50.0,55.0,45.0,55.0,,,,
AAA,MLB,sa828704,Isan Díaz,Isan Diaz,/players/isan-diaz/17922/stats/batting,17922,2B/3B,,,,,2019,55,185,"5' 10""",,58,4,,Springfield HS (MA),20 / 40,30 / 60,60 / 60,50 / 50,40 / 50,55 / 55,,,,,,,,2017,0,,5053,4,Isan,Diaz,2B,20,MIL,2017,2017 Report,17922,0,,58,4,55,0,2019,2nd rd 2014,,70,185,L,R,Springfield HS (MA),,,20.0,40.0,30.0,60.0,60.0,60.0,50.0,50.0,40.0,50.0,55.0,55.0,0,0,,0,0,1.103,,,,,,,,,,,,,,
MLB,MLB,sa658473,Josh Hader,Josh Hader,/players/josh-hader/14212/stats/pitching,14212,P,21.0,,,,2017,55,185,"6' 3""",,59,5,,Old Mill HS (MD),,,,,,,60 / 60,55 / 60,,50 / 60,,,40 / 45,2017,0,,5054,5,Josh,Hader,LHP,22,MIL,2017,2017 Report,14212,0,,59,5,55,0,2017,19th rd 2012,,75,185,L,L,Old Mill HS (MD),,RaRLOum862g,,,,,,,,,,,,,0,0,,0,n/a,8.115,60.0,60.0,55.0,60.0,,,50.0,60.0,40.0,45.0,,,,
AAA,MLB,sa917923,Braxton Garrett,Braxton Garrett,/players/braxton-garrett/21844/stats/pitching,21844,P,20.0,,,,2019,55,190,"6' 3""",,60,1,,Florence HS (AL),,,,,,,50 / 50,,55 / 60,40 / 55,,,45 / 60,2017,0,,4995,1,Braxton,Garrett,LHP,19,MIA,2017,2017 Report,21844,0,,60,1,55,0,2019,1st rd 2016,,75,190,L,L,Florence HS (AL),,,,,,,,,,,,,,,0,0,,0,1,3.168,50.0,50.0,,,55.0,60.0,40.0,55.0,45.0,60.0,,,,
MLB,MLB,sa549847,Aaron Judge,Aaron Judge,/players/aaron-judge/15640/stats/batting,15640,OF,9.0,,,,2017,55,255,"6' 7""",,61,5,,Fresno St,40 / 50,55 / 70,70 / 70,50 / 45,50 / 55,60 / 60,,,,,,,,2017,0,,4731,5,Aaron,Judge,RF,24,NYY,2017,2017 Report,15640,0,,61,5,55,0,2017,1st rd 2013,,79,255,R,R,Fresno St,,XMnxmHgdRbg,40.0,50.0,55.0,70.0,70.0,70.0,50.0,45.0,50.0,55.0,60.0,60.0,0,0,,0,n/a,9.051,,,,,,,,,,,,,,
MLB,MLB,sa657860,Max Fried,Max Fried,/players/max-fried/13743/stats/pitching,13743,P,9.0,,,,2018,55,170,"6' 4""",,62,7,,Harvard Westlake (CA),,,,,,,60 / 60,,60 / 60,50 / 55,,,45 / 50,2017,0,,4890,7,Max,Fried,LHP,23,ATL,2017,2017 Report,13743,0,,62,7,55,0,2018,1st rd 2012,,76,170,L,L,Harvard Westlake (CA),,,,,,,,,,,,,,,0,0,,0,n/a,7.148,60.0,60.0,,,60.0,60.0,50.0,55.0,45.0,50.0,,,,
MLB,MLB,sa874240,Kyle Tucker,Kyle Tucker,/players/kyle-tucker/18345/stats/batting,18345,OF,22.0,,,,2019,55,200,"6' 4""",,63,2,,Plant HS (FL),35 / 70,30 / 50,45 / 55,45 / 40,40 / 50,55 / 55,,,,,,,,2017,0,,5009,2,Kyle,Tucker,OF,20,HOU,2017,2017 Report,18345,0,,63,2,55,0,2019,1st rd 2015,,76,200,L,R,Plant HS (FL),,Cyu2pAXZsP4,35.0,70.0,30.0,50.0,45.0,55.0,45.0,40.0,40.0,50.0,55.0,55.0,0,0,,0,n/a,6.079,,,,,,,,,,,,,,
,MLB,sa657666,Yohander Méndez,Yohander Mendez,/players/yohander-mendez/14391/stats/pitching,14391,P,-1.0,,,,2017,55,200,"6' 5""",,64,2,,Venezuela,,,,,,,55 / 60,45 / 50,50 / 50,55 / 60,,,45 / 55,2017,0,,4832,2,Yohander,Mendez,LHP,22,TEX,2017,2017 Report,14391,0,,64,2,55,0,2017,J2 2011,,77,200,L,L,Venezuela,,ftXWbnqqZ5o,,,,,,,,,,,,,0,0,,0,1,1.103,55.0,60.0,45.0,50.0,50.0,50.0,55.0,60.0,45.0,55.0,,,,
,MLB,sa599236,Amir Garrett,Amir Garrett,/players/amir-garrett/14375/stats/pitching,14375,P,-1.0,,,,2017,55,210,"6' 5""",,65,2,,Henderson Int'l (NV),,,,,,,55 / 60,45 / 50,40 / 45,45 / 55,,,45 / 60,2017,0,,4940,2,Amir,Garrett,LHP,24,CIN,2017,2017 Report,14375,0,,65,2,55,0,2017,22nd rd 2011,,77,210,L,L,Henderson Int'l (NV),,wyBMKTxZf7s,,,,,,,,,,,,,0,0,,0,n/a,6.054,55.0,60.0,45.0,50.0,40.0,45.0,45.0,55.0,45.0,60.0,,,,
,MLB,sa828662,Nick Gordon,Nick Gordon,/players/nick-gordon/16337/stats/batting,16337,OF,-1.0,,,,2019,55,175,"6' 2""",,66,1,,Olympia HS (FL),40 / 55,20 / 40,40 / 45,50 / 50,40 / 50,55 / 55,,,,,,,,2017,0,,4703,1,Nick,Gordon,SS,21,MIN,2017,2017 Report,16337,0,,66,1,55,0,2019,1st rd 2014,,74,175,L,R,Olympia HS (FL),,bXiuMCdQJP4,40.0,55.0,20.0,40.0,40.0,45.0,50.0,50.0,40.0,50.0,55.0,55.0,0,0,,0,0,3.097,,,,,,,,,,,,,,
ST,MLB,sa739765,Franklin Barreto,Franklin Barreto,/players/franklin-barreto/15519/stats/batting,15519,2B/SS,,,,,2017,55,190,"5' 9""",,67,1,,Venezuela,50 / 60,40 / 45,55 / 55,60 / 60,40 / 45,60 / 60,,,,,,,,2017,0,,4760,1,Franklin,Barreto,SS,21,OAK,2017,2017 Report,15519,0,,67,1,55,0,2017,J2 2012,,69,190,R,R,Venezuela,,KuHQqKfcO_I,50.0,60.0,40.0,45.0,55.0,55.0,60.0,60.0,40.0,45.0,60.0,60.0,0,0,,0,0,3.031,,,,,,,,,,,,,,
AAA,MLB,sa738675,A.J. Puk,A.J. Puk,/players/aj-puk/19343/stats/pitching,19343,P,15.0,,,,2019,55,230,"6' 7""",,68,2,,Florida,,,,,,,60 / 60,60 / 60,40 / 45,40 / 45,,,40 / 50,2017,0,,4761,2,A.J.,Puk,LHP,21,OAK,2017,2017 Report,19343,0,,68,2,55,0,2019,1st rd 2016,,79,230,L,L,Florida,,dF78XZniyhY,,,,,,,,,,,,,0,0,,0,n/a,5.124,60.0,60.0,60.0,60.0,40.0,45.0,40.0,45.0,40.0,50.0,,,,
AAA,MLB,sa737529,Christian Arroyo,Christian Arroyo,/players/christian-arroyo/16434/stats/batting,16434,2B,25.0,,,,2017,55,,,,69,1,,Hernando HS (FL),50 / 70,30 / 40,40 / 40,40 / 40,45 / 50,60 / 60,,,,,,,,2017,0,,5225,1,Christian,Arroyo,3B,21,SFG,2017,2017 Report,16434,0,,69,1,55,0,2017,1st rd 2013,,0,0,,,Hernando HS (FL),,ZUyMfsabjAY,50.0,70.0,30.0,40.0,40.0,40.0,40.0,40.0,45.0,50.0,60.0,60.0,0,0,,0,0,4.166,,,,,,,,,,,,,,
,MLB,sa723875,Luiz Gohara,Luiz Gohara,/players/luiz-gohara/15166/stats/pitching,15166,P,-1.0,,,,2019,55,240,"6' 3""",,70,8,,Brazil,,,,,,,60 / 60,55 / 60,,40 / 45,,,45 / 55,2017,0,,4891,8,Luiz,Gohara,LHP,20,ATL,2017,2017 Report,15166,0,,70,8,55,0,2019,J2 2012,,75,240,L,L,Brazil,,aIq9ta-DzXQ,,,,,,,,,,,,,0,0,,0,1,0.120,60.0,60.0,55.0,60.0,,,40.0,45.0,45.0,55.0,,,,
,MLB,sa599378,Jharel Cotton,Jharel Cotton,/players/jharel-cotton/13654/stats/pitching,13654,P,-1.0,,,,2017,55,195,"5' 11""",,71,3,,East Carolina,,,,,,,55 / 55,,50 / 50,70 / 70,,55 / 55,45 / 50,2017,0,,4762,3,Jharel,Cotton,RHP,25,OAK,2017,2017 Report,13654,0,,71,3,55,0,2017,20th rd 2012,,71,195,R,R,East Carolina,,xdHjkKQi7vA,,,,,,,,,,,,,0,0,,0,0,3.162,55.0,55.0,,,50.0,50.0,70.0,70.0,45.0,50.0,,,55.0,55.0
MLB,MLB,sa658557,Matt Strahm,Matt Strahm,/players/matt-strahm/13799/stats/pitching,13799,P,7.0,,,,2017,55,180,"6' 4""",,72,1,,Neosho CCC (KS),,,,,,,60 / 60,,60 / 70,45 / 50,,,50 / 60,2017,0,,4683,1,Matt,Strahm,LHP,25,KCR,2017,2017 Report,13799,0,,72,1,55,0,2017,21st rd 2012,,76,180,R,L,Neosho CCC (KS),,,,,,,,,,,,,,,0,0,,0,n/a,9.064,60.0,60.0,,,60.0,70.0,45.0,50.0,50.0,60.0,,,,
MLB,MLB,sa737502,Dominic Smith,Dominic Smith,/players/dominic-smith/15653/stats/batting,15653,1B,16.0,,,,2017,50,250,"6' 0""",,73,3,,J Serra (CA),50 / 60,40 / 50,55 / 55,20 / 20,50 / 60,55 / 55,,,,,,,,2017,0,,5097,3,Dom,Smith,1B,21,NYM,2017,2017 Report,15653,0,,73,3,50,0,2017,1st rd 2013,,72,250,L,L,J Serra (CA),,WyKuh_VibcI,50.0,60.0,40.0,50.0,55.0,55.0,20.0,20.0,50.0,60.0,55.0,55.0,0,0,,0,n/a,6.151,,,,,,,,,,,,,,
MLB,MLB,sa658292,Walker Buehler,Walker Buehler,/players/walker-buehler/19374/stats/pitching,19374,P,29.0,,,,2017,50,175,"6' 2""",,74,5,,Vanderbilt,,,,,,,60 / 60,,55 / 60,40 / 50,,50 / 60,40 / 50,2017,0,,5033,5,Walker,Buehler,RHP,22,LAD,2017,2017 Report,19374,0,,74,5,50,0,2017,1st rd 2015,,74,175,R,R,Vanderbilt,,VnQHWGCjfxM,,,,,,,,,,,,,0,0,,0,n/a,7.168,60.0,60.0,,,55.0,60.0,40.0,50.0,40.0,50.0,,,50.0,60.0
,MLB,sa549860,Hunter Renfroe,Hunter Renfroe,/players/hunter-renfroe/15464/stats/batting,15464,OF,-1.0,,,,2016,50,220,"6' 1""",,75,4,,Miss St.,40 / 50,45 / 60,70 / 70,50 / 40,50 / 50,60 / 60,,,,,,,,2017,0,,5196,4,Hunter,Renfroe,OF,24,SDP,2017,2017 Report,15464,0,,75,4,50,0,2016,1st rd 2013,,73,220,R,R,Miss St.,,7IxvDv6Z4A,40.0,50.0,45.0,60.0,70.0,70.0,50.0,40.0,50.0,50.0,60.0,60.0,0,0,,0,n/a,8.056,,,,,,,,,,,,,,
MLB,MLB,sa969093,Adrian Morejon,Adrian Morejon,/players/adrian-morejon/20039/stats/pitching,20039,P,29.0,,,,2020,50,165,"5' 11""",,76,5,,Cuba,,,,,,,60 / 60,50 / 55,,50 / 60,,,40 / 55,2017,0,,5197,5,Adrian,Morejon,LHP,18,SDP,2017,2017 Report,20039,0,,76,5,50,0,2020,J2 2016,,71,165,R,R,Cuba,,8Ckw8UO5yCg,,,,,,,,,,,,,0,0,,0,n/a,5.140,60.0,60.0,50.0,55.0,,,50.0,60.0,40.0,55.0,,,,
AAA,MLB,sa738718,Justin Dunn,Justin Dunn,/players/justin-dunn/19268/stats/pitching,19268,P,1.0,,,,2019,50,210,"6' 2""",,77,4,,Boston College,,,,,,,55 / 55,55 / 60,45 / 45,40 / 50,,,40 / 50,2017,0,,5098,4,Justin,Dunn,RHP,21,NYM,2017,2017 Report,19268,0,,77,4,50,0,2019,1st rd 2016,,74,210,R,R,Boston College,,,,,,,,,,,,,,,0,0,,0,3,4.020,55.0,55.0,55.0,60.0,45.0,45.0,40.0,50.0,40.0,50.0,,,,
MLB,MLB,sa919910,Fernando Tatis Jr.,Fernando Tatis Jr.,/players/fernando-tatis-jr/19709/stats/batting,19709,SS/OF,29.0,,,,2021,50,185,"6' 3""",,78,6,,Dominican Republic,30 / 50,30 / 50,50 / 60,45 / 40,45 / 60,60 / 70,,,,,,,,2017,0,,5198,6,Fernando,"Tatis, Jr.",3B,17,SDP,2017,2017 Report,19709,0,,78,6,50,0,2021,J2 2015,,75,185,R,R,Dominican Republic,,f-7iDniIWf0,30.0,50.0,30.0,50.0,50.0,60.0,45.0,40.0,45.0,60.0,60.0,70.0,0,0,,0,n/a,6.120,,,,,,,,,,,,,,
AA,MLB,sa657953,Anthony Alford,Anthony Alford,/players/anthony-alford/14329/stats/batting,14329,OF,,,,,2018,50,215,"6' 1""",,79,2,,Petal HS (MS),35 / 40,40 / 50,60 / 60,70 / 70,45 / 55,40 / 40,,,,,,,,2017,0,,4854,2,Anthony,Alford,OF,22,TOR,2017,2017 Report,14329,0,,79,2,50,0,2018,3rd rd 2012,,73,215,R,R,Petal HS (MS),,lU6bw7GGXcs,35.0,40.0,40.0,50.0,60.0,60.0,70.0,70.0,45.0,55.0,40.0,40.0,0,0,,0,0,2.053,,,,,,,,,,,,,,
MLB,MLB,sa597893,Brandon Woodruff,Brandon Woodruff,/players/brandon-woodruff/16162/stats/pitching,16162,P,23.0,,,,2017,50,225,"6' 2""",,80,6,,Mississippi St.,,,,,,,60 / 60,55 / 55,,45 / 50,,,50 / 50,2017,0,,5055,6,Brandon,Woodruff,RHP,23,MIL,2017,2017 Report,16162,0,,80,6,50,0,2017,11th rd 2014,,74,225,R,R,Mississippi St.,,,,,,,,,,,,,,,0,0,,0,n/a,7.161,60.0,60.0,55.0,55.0,,,45.0,50.0,50.0,50.0,,,,
MLB,MLB,sa657963,Carson Kelly,Carson Kelly,/players/carson-kelly/13620/stats/batting,13620,C,17.0,,,,2017,50,200,"6' 2""",,81,4,,Westview HS (OR),40 / 50,35 / 40,50 / 50,20 / 20,55 / 60,60 / 60,,,,,,,,2017,0,,5172,4,Carson,Kelly,C,22,StL,2017,2017 Report,13620,0,,81,4,50,0,2017,2nd rd 2012,,74,200,R,R,Westview HS (OR),,_drUP_dWklE,40.0,50.0,35.0,40.0,50.0,50.0,20.0,20.0,55.0,60.0,60.0,60.0,0,0,,0,n/a,7.161,,,,,,,,,,,,,,
MLB,MLB,sa917114,Andrés Giménez,Andres Gimenez,/players/andres-gimenez/19950/stats/batting,19950,2B,14.0,,,,2020,50,165,"5' 11""",,82,5,,Venezuela,30 / 60,20 / 45,40 / 50,55 / 50,45 / 55,60 / 60,,,,,,,,2017,0,,5099,5,Andres,Gimenez,SS,18,NYM,2017,2017 Report,19950,0,,82,5,50,0,2020,J2 2015,,71,165,L,R,Venezuela,,,30.0,60.0,20.0,45.0,40.0,50.0,55.0,50.0,45.0,55.0,60.0,60.0,0,0,,0,n/a,5.106,,,,,,,,,,,,,,
AAA,MLB,sa827183,Kevin Newman,Kevin Newman,/players/kevin-newman/17696/stats/batting,17696,2B/SS,7.0,,,,2018,50,180,"6' 1""",,83,5,,Arizona,50 / 60,30 / 40,40 / 40,60 / 60,45 / 50,55 / 55,,,,,,,,2017,0,,5152,5,Kevin,Newman,SS,23,PIT,2017,2017 Report,17696,0,,83,5,50,0,2018,1st rd 2015,,73,180,R,R,Arizona,,3UO8or3lTT8,50.0,60.0,30.0,40.0,40.0,40.0,60.0,60.0,45.0,50.0,55.0,55.0,0,0,,0,n/a,7.003,,,,,,,,,,,,,,
MLB,MLB,sa872722,Lucas Erceg,Lucas Erceg,/players/lucas-erceg/19360/stats/pitching,19360,P,7.0,,,,2019,50,200,"6' 3""",,84,7,,Menlo,30 / 55,30 / 50,55 / 60,50 / 40,45 / 60,70 / 70,,,,,,,,2017,0,,5056,7,Lucas,Erceg,3B,21,MIL,2017,2017 Report,19360,0,,84,7,50,0,2019,2nd rd 2016,,75,200,L,R,Menlo,,,30.0,55.0,30.0,50.0,55.0,60.0,50.0,40.0,45.0,60.0,70.0,70.0,0,0,,0,3,2.136,,,,,,,,,,,,,,
,MLB,sa737615,Chance Sisco,Chance Sisco,/players/chance-sisco/15694/stats/batting,15694,C,-1.0,,,,2018,50,195,"6' 2""",,85,1,,Santiago HS (CA),50 / 55,40 / 45,50 / 50,30 / 30,45 / 50,40 / 40,,,,,,,,2017,0,,4586,1,Chance,Sisco,C,22,BAL,2017,2017 Report,15694,0,,85,1,50,0,2018,2nd rd 2013,,74,195,L,R,Santiago HS (CA),,wqnkU1fRew8,50.0,55.0,40.0,45.0,50.0,50.0,30.0,30.0,45.0,50.0,40.0,40.0,0,0,,0,0,3.009,,,,,,,,,,,,,,
AAA,MLB,sa597784,Tyler Beede,Tyler Beede,/players/tyler-beede/16981/stats/pitching,16981,P,17.0,,,,2018,50,,,,86,2,,Vanderbilt,,,,,,,55 / 60,,50 / 50,50 / 55,,50 / 50,40 / 45,2017,0,,5226,2,Tyler,Beede,RHP,23,SFG,2017,2017 Report,16981,0,,86,2,50,0,2018,1st rd 2015,,0,0,,,Vanderbilt,,CtyKcq9YD_U,,,,,,,,,,,,,0,0,,0,0,3.143,55.0,60.0,,,50.0,50.0,50.0,55.0,40.0,45.0,,,50.0,50.0
,MLB,sa738241,Dustin Fowler,Dustin Fowler,/players/dustin-fowler/17098/stats/batting,17098,OF,-1.0,,,,2018,50,195,"6' 0""",,87,7,,West Laurens HS (GA),50 / 60,35 / 40,50 / 50,60 / 60,50 / 55,45 / 45,,,,,,,,2017,0,,4733,7,Dustin,Fowler,CF,22,NYY,2017,2017 Report,17098,0,,87,7,50,0,2018,18th rd 2013,,72,195,L,L,West Laurens HS (GA),,FLb3S3KNFvk,50.0,60.0,35.0,40.0,50.0,50.0,60.0,60.0,50.0,55.0,45.0,45.0,0,0,,0,0,1.067,,,,,,,,,,,,,,
MLB,MLB,sa599510,Anthony Banda,Anthony Banda,/players/anthony-banda/14706/stats/pitching,14706,P,8.0,,,,2017,50,,,,88,1,,San Jacinto,,,,,,,55 / 55,,55 / 55,45 / 50,,,40 / 50,2017,0,,4870,1,Anthony,Banda,LHP,23,ARI,2017,2017 Report,14706,0,,88,1,50,0,2017,10th rd 2012,,0,0,,,San Jacinto,,,,,,,,,,,,,,,0,0,,0,0,4.135,55.0,55.0,,,55.0,55.0,45.0,50.0,40.0,50.0,,,,
,MLB,sa738175,Willie Calhoun,Willie Calhoun,/players/willie-calhoun/17838/stats/batting,17838,DH/OF,-1.0,,,,2018,50,210,"5' 9""",,89,6,,Yavapai JC (AZ),40 / 55,40 / 50,60 / 60,30 / 30,40 / 45,45 / 45,,,,,,,,2017,0,,5034,6,Willie,Calhoun,2B,22,LAD,2017,2017 Report,17838,0,,89,6,50,0,2018,4th rd 2015,,69,210,S,R,Yavapai JC (AZ),,6DTMj51-TH0,40.0,55.0,40.0,50.0,60.0,60.0,30.0,30.0,40.0,45.0,45.0,45.0,0,0,,0,0,4.118,,,,,,,,,,,,,,
MLB,MLB,sa597078,Raimel Tapia,Raimel Tapia,/players/raimel-tapia/14350/stats/batting,14350,OF,,,,,2016,50,160,"6' 2""",,90,5,,Dominican Republic,50 / 60,30 / 40,45 / 50,60 / 60,40 / 50,55 / 55,,,,,,,,2017,0,,4975,5,Raimel,Tapia,CF,22,COL,2017,2017 Report,14350,0,,90,5,50,0,2016,J2 2010,,74,160,L,L,Dominican Republic,,BzN0crqNPxA,50.0,60.0,30.0,40.0,45.0,50.0,60.0,60.0,40.0,50.0,55.0,55.0,0,0,,0,n/a,5.144,,,,,,,,,,,,,,
MLB,MLB,sa657910,Jorge Mateo,Jorge Mateo,/players/jorge-mateo/17273/stats/batting,17273,SS,16.0,,,,2018,50,188,"6' 0""",,91,6,,Dominican Republic,35 / 50,30 / 40,45 / 50,80 / 80,40 / 50,55 / 55,,,,,,,,2017,0,,4732,6,Jorge,Mateo,SS,21,NYY,2017,2017 Report,17273,0,,91,6,50,0,2018,J2 2011,,72,188,R,R,Dominican Republic,,E87r8QWTQ8c,35.0,50.0,30.0,40.0,45.0,50.0,80.0,80.0,40.0,50.0,55.0,55.0,0,0,,0,n/a,6.000,,,,,,,,,,,,,,
MLB,MLB,sa874807,Jahmai Jones,Jahmai Jones,/players/jahmai-jones/18872/stats/batting,18872,DH/OF,6.0,,,,2020,50,210,"5' 11""",,92,1,,Wesleyan School (GA),40 / 60,30 / 45,40 / 50,60 / 60,45 / 55,45 / 45,,,,,,,,2017,0,,4572,1,Jahmai,Jones,CF,19,LAA,2017,2017 Report,18872,0,,92,1,50,0,2020,2nd rd 2015,,71,210,R,R,Wesleyan School (GA),,p2KH9PAlrjM,40.0,60.0,30.0,45.0,40.0,50.0,60.0,60.0,45.0,55.0,45.0,45.0,0,0,,0,0,1.148,,,,,,,,,,,,,,
MLB,MLB,sa874715,Michael Soroka,Michael Soroka,/players/michael-soroka/18383/stats/pitching,18383,P,15.0,,,,2020,50,210,"6' 4""",,93,9,,"Bishop Carroll HS (Calgary, AB)",,,,,,,55 / 55,50 / 55,,40 / 45,,,40 / 55,2017,0,,4892,9,Mike,Soroka,RHP,19,ATL,2017,2017 Report,18383,0,,93,9,50,0,2020,1st rd 2015,,76,210,R,R,"Bishop Carroll HS (Calgary, AB)",,LozVLyAQ3qs,,,,,,,,,,,,,0,0,,0,n/a,7.009,55.0,55.0,50.0,55.0,,,40.0,45.0,40.0,55.0,,,,
,MLB,sa738390,Zack Collins,Zack Collins,/players/zack-collins/19181/stats/batting,19181,C,-1.0,,,,2018,50,220,"6' 3""",,94,5,,Miami,30 / 40,40 / 60,60 / 60,30 / 20,40 / 45,50 / 50,,,,,,,,2017,0,,4622,5,Zack,Collins,C,21,CHW,2017,2017 Report,19181,0,,94,5,50,0,2018,1st rd 2016,,75,220,L,R,Miami,,fK2DsmC5BT0,30.0,40.0,40.0,60.0,60.0,60.0,30.0,20.0,40.0,45.0,50.0,50.0,0,0,,0,0,2.102,,,,,,,,,,,,,,
MLB,MLB,sa906282,Juan Soto,Juan Soto,/players/juan-soto/20123/stats/batting,20123,OF,25.0,,,,2020,50,190,"6' 1""",,95,2,,Dominican Republic,35 / 55,40 / 55,55 / 60,45 / 40,40 / 50,50 / 50,,,,,,,,2017,0,,5076,2,Juan,Soto,OF,18,WSN,2017,2017 Report,20123,0,,95,2,50,0,2020,July 2 2015,,73,190,L,L,Dominican Republic,,Uu0OZm4SJ9Q,35.0,55.0,40.0,55.0,55.0,60.0,45.0,40.0,40.0,50.0,50.0,50.0,0,0,,0,n/a,7.134,,,,,,,,,,,,,,
,MLB,sa828690,Sean Reid-Foley,Sean Reid-Foley,/players/sean-reid-foley/17034/stats/pitching,17034,P,-1.0,,,,2019,50,220,"6' 3""",,96,3,,Sandalwood HS (FL),,,,,,,60 / 60,50 / 50,50 / 55,40 / 45,,,45 / 50,2017,0,,4855,3,Sean,Reid-Foley,RHP,21,TOR,2017,2017 Report,17034,0,,96,3,50,0,2019,2nd rd 2014,,75,220,R,R,Sandalwood HS (FL),,iVpbxreVa9Q,,,,,,,,,,,,,0,0,,0,0,3.133,60.0,60.0,50.0,50.0,50.0,55.0,40.0,45.0,45.0,50.0,,,,
AAA,MLB,sa828678,Justus Sheffield,Justus Sheffield,/players/justus-sheffield/17285/stats/pitching,17285,P,,,,,2018,50,195,"5' 10""",,97,8,,Tullahoma HS (TN),,,,,,,55 / 55,50 / 55,,45 / 50,,,40 / 50,2017,0,,4734,8,Justus,Sheffield,LHP,20,NYY,2017,2017 Report,17285,0,,97,8,50,0,2018,1st rd 2014,,70,195,L,L,Tullahoma HS (TN),,tW5B2GiJG4k,,,,,,,,,,,,,0,0,,0,1,2.080,55.0,55.0,50.0,55.0,,,45.0,50.0,40.0,50.0,,,,
AAA,MLB,sa658272,Carson Fulmer,Carson Fulmer,/players/carson-fulmer/18311/stats/pitching,18311,P,27.0,,,,2017,50,195,"6' 0""",,98,6,,Vanderbilt,,,,,,,55 / 60,,50 / 55,55 / 60,,50 / 55,35 / 45,2017,0,,4623,6,Carson,Fulmer,RHP,22,CHW,2017,2017 Report,18311,0,,98,6,50,0,2017,1st rd 2015,,72,195,R,R,Vanderbilt,,j1XFJHFKrFY,,,,,,,,,,,,,0,0,,0,0,4.018,55.0,60.0,,,50.0,55.0,55.0,60.0,35.0,45.0,,,50.0,55.0
MLB,MLB,sa874730,Ke'Bryan Hayes,Ke'Bryan Hayes,/players/kebryan-hayes/18577/stats/batting,18577,3B,18.0,,,,2020,50,210,"6' 1""",,99,6,,Concordia Lutheran (TX),30 / 55,30 / 45,45 / 50,50 / 40,45 / 60,60 / 60,,,,,,,,2017,0,,5153,6,Ke'Bryan,Hayes,3B,19,PIT,2017,2017 Report,18577,0,,99,6,50,0,2020,1st rd 2015,,73,210,R,R,Concordia Lutheran (TX),,VAR1hcC2Clk,30.0,55.0,30.0,45.0,45.0,50.0,50.0,40.0,45.0,60.0,60.0,60.0,0,0,,0,n/a,5.075,,,,,,,,,,,,,,
,MLB,sa657865,Jesse Winker,Jesse Winker,/players/jesse-winker/13590/stats/batting,13590,OF,-1.0,,,,2017,50,200,"6' 3""",,100,3,,Olympia HS (FL),55 / 70,30 / 40,40 / 40,40 / 30,40 / 45,45 / 45,,,,,,,,2017,0,,4941,3,Jesse,Winker,OF,23,CIN,2017,2017 Report,13590,0,,100,3,50,0,2017,1st rd 2012,,75,200,L,L,Olympia HS (FL),,ayid-_YnePM,55.0,70.0,30.0,40.0,40.0,40.0,40.0,30.0,40.0,45.0,45.0,45.0,0,0,,0,n/a,8.080,,,,,,,,,,,,,,
,MLB,sa858826,Christin Stewart,Christin Stewart,/players/christin-stewart/17714/stats/batting,17714,OF,-1.0,,,,2018,50,205,"6' 0""",,,2,,Tennessee,30 / 45,40 / 55,60 / 60,30 / 30,30 / 40,40 / 40,,,,,,,,2017,0,,4664,2,Christin,Stewart,OF,23,DET,2017,2017 Report,17714,0,,0,2,50,0,2018,1st rd 2015,,72,205,L,R,Tennessee,,vl86vfpaV3Y,30.0,45.0,40.0,55.0,60.0,60.0,30.0,30.0,30.0,40.0,40.0,40.0,0,0,,0,3,1.164,,,,,,,,,,,,,,
,MLB,sa737439,Hunter Dozier,Hunter Dozier,/players/hunter-dozier/15117/stats/batting,15117,3B/OF,-1.0,,,,2017,50,220,"6' 4""",,,2,,Stephen F. Austin,30 / 40,40 / 50,60 / 60,40 / 30,40 / 45,55 / 55,,,,,,,,2017,0,,4684,2,Hunter,Dozier,3B,25,KCR,2017,2017 Report,15117,0,,0,2,50,0,2017,1st rd 2013,,76,220,R,R,Stephen F. Austin,,aGEQUE9CvXE,30.0,40.0,40.0,50.0,60.0,60.0,40.0,30.0,40.0,45.0,55.0,55.0,0,0,,0,n/a,5.118,,,,,,,,,,,,,,
,MLB,sa917929,Alex Kirilloff,Alex Kirilloff,/players/alex-kirilloff/20325/stats/batting,20325,1B/OF,-2.0,,,,2021,50,195,"6' 2""",,,2,,Plum HS (PA),30 / 50,30 / 50,55 / 60,50 / 45,40 / 50,60 / 60,,,,,,,,2017,0,,4704,2,Alex,Kirilloff,OF,19,MIN,2017,2017 Report,20325,0,,0,2,50,0,2021,1st rd 2016,,74,195,L,L,Plum HS (PA),,,30.0,50.0,30.0,50.0,55.0,60.0,50.0,45.0,40.0,50.0,60.0,60.0,0,0,,0,1,3.141,,,,,,,,,,,,,,
MLB,MLB,sa737633,Tyler O'Neill,Tyler O'Neill,/players/tyler-oneill/15711/stats/batting,15711,OF,2.0,,,,2017,50,210,"5' 11""",,,2,,"Maple Ridge HS (B.C., Canada)",35 / 40,45 / 55,70 / 70,55 / 55,45 / 50,55 / 55,,,,,,,,2017,0,,4785,2,Tyler,O'Neill,OF,21,SEA,2017,2017 Report,15711,0,,0,2,50,0,2017,3rd rd 2013,,71,210,R,R,"Maple Ridge HS (B.C., Canada)",,65VN9HWZNW0,35.0,40.0,45.0,55.0,70.0,70.0,55.0,55.0,45.0,50.0,55.0,55.0,0,0,,0,n/a,7.059,,,,,,,,,,,,,,
AAA,MLB,sa556870,Sócrates Brito,Socrates Brito,/players/socrates-brito/12944/stats/batting,12944,OF,,,,,2016,45,,,,,2,,Dominican Republic,30 / 40,30 / 40,50 / 50,60 / 60,50 / 50,60 / 60,,,,,,,,2017,0,,4871,2,Socrates,Brito,OF,24,ARI,2017,2017 Report,12944,0,,0,2,45,0,2016,J2 2010,,0,0,,,Dominican Republic,,,30.0,40.0,30.0,40.0,50.0,50.0,60.0,60.0,50.0,50.0,60.0,60.0,0,0,,0,0,1.123,,,,,,,,,,,,,,
,MLB,sa599204,Brian Anderson,Brian Anderson,/players/brian-anderson/18289/stats/batting,18289,3B/OF,-1.0,,,,2017,45,175,"6' 3""",,,2,,Arkansas,30 / 45,40 / 45,55 / 55,55 / 55,45 / 50,60 / 60,,,,,,,,2017,0,,4996,2,Brian,Anderson,3B,23,MIA,2017,2017 Report,18289,0,,0,2,45,0,2017,3rd rd 2014,,75,175,R,R,Arkansas,,HJ4Qe7NJx4M,30.0,45.0,40.0,45.0,55.0,55.0,55.0,55.0,45.0,50.0,60.0,60.0,0,0,,0,n/a,6.073,,,,,,,,,,,,,,
MLB,MLB,sa917944,Brandon Marsh,Brandon Marsh,/players/brandon-marsh/20202/stats/batting,20202,OF,26.0,,,,2020,45,200,"6' 2""",,,2,,Buford HS (GA),20 / 40,30 / 50,55 / 60,60 / 55,40 / 50,60 / 60,,,,,,,,2017,0,,4573,2,Brandon,Marsh,OF,19,LAA,2017,2017 Report,20202,0,,0,2,45,0,2020,2nd rd 2016,,74,200,L,R,Buford HS (GA),,f6w57ie4WkA,20.0,40.0,30.0,50.0,55.0,60.0,60.0,55.0,40.0,50.0,60.0,60.0,0,0,,0,2,4.078,,,,,,,,,,,,,,
,MLB,sa874042,Cody Sedlock,Cody Sedlock,/players/cody-sedlock/19357/stats/pitching,19357,P,-1.0,,,,2019,45,204,"6' 4""",,,2,,Illinois,,,,,,,60 / 60,50 / 55,50 / 55,30 / 40,,,40 / 45,2017,0,,4587,2,Cody,Sedlock,RHP,21,BAL,2017,2017 Report,19357,0,,0,2,45,0,2019,1st rd 2016,,76,204,R,R,Illinois,,,,,,,,,,,,,,,0,0,,0,3,0.003,60.0,60.0,50.0,55.0,50.0,55.0,30.0,40.0,40.0,45.0,,,,
AA,AAA,sa737037,Oscar De La Cruz,Oscar De La Cruz,/players/oscar-de-la-cruz/sa737037/stats/pitching,sa737037,P,,,,,2019,50,240,"6' 6""",,,3,,Dominican Republic,,,,,,,55 / 60,,55 / 60,40 / 55,,,40 / 50,2017,0,,4918,3,Oscar,De La Cruz,RHP,21,CHC,2017,2017 Report,sa737037,0,,0,3,50,0,2019,J2 2012,,78,240,R,R,Dominican Republic,,iD-M3xy2cAE,,,,,,,,,,,,,0,0,,0,1,0.000,55.0,60.0,,,55.0,60.0,40.0,55.0,40.0,50.0,,,,
,MLB,sa737764,Stephen Gonsalves,Stephen Gonsalves,/players/stephen-gonsalves/15492/stats/pitching,15492,P,-1.0,,,,2017,50,190,"6' 5""",,,3,,Cathedral Catholic (CA),,,,,,,50 / 55,45 / 50,,55 / 60,,,45 / 50,2017,0,,4705,3,Stephen,Gonsalves,LHP,22,MIN,2017,2017 Report,15492,0,,0,3,50,0,2017,4th rd 2013,,77,190,L,L,Cathedral Catholic (CA),,ToTToij37mo,,,,,,,,,,,,,0,0,,0,0,0.056,50.0,55.0,45.0,50.0,,,55.0,60.0,45.0,50.0,,,,
MLB,MLB,sa873683,Bryan Reynolds,Bryan Reynolds,/players/bryan-reynolds/19326/stats/batting,19326,OF,27.0,,,,2019,50,,,,,3,,Vanderbilt,40 / 50,45 / 50,50 / 55,50 / 50,45 / 50,40 / 40,,,,,,,,2017,0,,5227,3,Bryan,Reynolds,OF,21,SFG,2017,2017 Report,19326,0,,0,3,50,0,2019,2nd rd 2016,,0,0,,,Vanderbilt,,8Nr61qxya9M,40.0,50.0,45.0,50.0,50.0,55.0,50.0,50.0,45.0,50.0,40.0,40.0,0,0,,0,n/a,6.163,,,,,,,,,,,,,,
,AA,sa873722,Franklin Perez,Franklin Perez,/players/franklin-prez/sa873722/stats/pitching,sa873722,P,-1.0,,,,2020,50,215,"6' 3""",,,3,,Venezuela,,,,,,,55 / 60,40 / 45,50 / 55,45 / 55,,,40 / 50,2017,0,,5010,3,Franklin,Perez,RHP,19,HOU,2017,2017 Report,sa873722,0,,0,3,50,0,2020,J2 2014,,75,215,R,R,Venezuela,,,,,,,,,,,,,,,0,0,,0,1,0.000,55.0,60.0,40.0,45.0,50.0,55.0,45.0,55.0,40.0,50.0,,,,
MLB,MLB,sa599293,Erick Fedde,Erick Fedde,/players/erick-fedde/17425/stats/pitching,17425,P,4.0,,,,2018,50,180,"6' 4""",,,3,,UNLV,,,,,,,55 / 55,55 / 60,,45 / 50,,,50 / 55,2017,0,,5077,3,Erick,Fedde,RHP,24,WSN,2017,2017 Report,17425,0,,0,3,50,0,2018,1sts rd 2014,,76,180,R,R,UNLV,,GYCZJzLWfyA,,,,,,,,,,,,,0,0,,0,n/a,6.099,55.0,55.0,55.0,60.0,,,45.0,50.0,50.0,55.0,,,,
,MLB,sa737364,Ariel Jurado,Ariel Jurado,/players/ariel-jurado/17030/stats/pitching,17030,P,-1.0,,,,2018,50,230,"6' 1""",,,3,,Panama,,,,,,,50 / 50,45 / 50,,50 / 55,,,50 / 60,2017,0,,4833,3,Ariel,Jurado,RHP,21,TEX,2017,2017 Report,17030,0,,0,3,50,0,2018,J2 2012,,73,230,R,R,Panama,,4WvSQSVWVv4,,,,,,,,,,,,,0,0,,0,0,1.060,50.0,50.0,45.0,50.0,,,50.0,55.0,50.0,60.0,,,,
,MLB,sa502733,Mitch Haniger,Mitch Haniger,/players/mitch-haniger/14274/stats/batting,14274,OF,-1.0,,,,2016,45,,,,,3,,Cal Poly SLO,35 / 40,45 / 50,60 / 60,60 / 60,50 / 50,50 / 50,,,,,,,,2017,0,,4872,3,Mitch,Haniger,OF,25,ARI,2017,2017 Report,14274,0,,0,3,45,0,2016,1st rd 2012,,0,0,,,Cal Poly SLO,,,35.0,40.0,45.0,50.0,60.0,60.0,60.0,60.0,50.0,50.0,50.0,50.0,0,0,,0,n/a,8.048,,,,,,,,,,,,,,
AAA,MLB,sa874682,Beau Burrows,Beau Burrows,/players/beau-burrows/18873/stats/pitching,18873,P,27.0,,,,2020,45,200,"6' 2""",,,3,,Weatherford HS (TX),,,,,,,55 / 60,30 / 40,50 / 55,45 / 55,,,35 / 50,2017,0,,4665,3,Beau,Burrows,RHP,20,DET,2017,2017 Report,18873,0,,0,3,45,0,2020,1st rd 2015,,74,200,R,R,Weatherford HS (TX),,wrcFf1O63-8,,,,,,,,,,,,,0,0,,0,1,0.081,55.0,60.0,30.0,40.0,50.0,55.0,45.0,55.0,35.0,50.0,,,,
,MLB,sa857581,Josh Staumont,Josh Staumont,/players/josh-staumont/18335/stats/pitching,18335,P,-1.0,,,,2018,45,200,"6' 3""",,,3,,Azusa Pacific,,,,,,,70 / 70,,60 / 70,40 / 45,,,40 / 45,2017,0,,4685,3,Josh,Staumont,RHP,22,KCR,2017,2017 Report,18335,0,,0,3,45,0,2018,2nd rd 2015,,75,200,R,R,Azusa Pacific,,Y2_BpQT9GD0,,,,,,,,,,,,,0,0,,0,1,5.028,70.0,70.0,,,60.0,70.0,40.0,45.0,40.0,45.0,,,,
,A,sa828660,Tyler Kolek,Tyler Kolek,/players/tyler-kolek/sa828660/stats/pitching,sa828660,P,-1.0,,,,2020,45,260,"6' 5""",,,3,,,,,,,,,70 / 70,,45 / 55,40 / 45,,,30 / 45,2017,0,,4997,3,Tyler,Kolek,RHP,21,MIA,2017,2017 Report,sa828660,0,,0,3,45,0,2020,1st rd 2014,,77,260,R,R,,,JOySfg7GTf4,,,,,,,,,,,,,0,0,,0,R5,,70.0,70.0,,,45.0,55.0,40.0,45.0,30.0,45.0,,,,
,MLB,sa874797,Nick Neidert,Nick Neidert,/players/nick-neidert/18699/stats/pitching,18699,P,-1.0,,,,2019,45,180,"6' 1""",,,3,,Peachtree Ridge HS (GA),,,,,,,40 / 40,,50 / 55,50 / 60,,,50 / 60,2017,0,,4786,3,Nick,Neidert,RHP,20,SEA,2017,2017 Report,18699,0,,0,3,45,0,2019,2nd rd 2015,,73,180,R,R,Peachtree Ridge HS (GA),,Hi4TiR7zIIw,,,,,,,,,,,,,0,0,,0,1,1.063,40.0,40.0,,,50.0,55.0,50.0,60.0,50.0,60.0,,,,
AAA,MLB,sa738522,Matt Thaiss,Matt Thaiss,/players/matt-thaiss/19318/stats/batting,19318,C,3.0,,,,2018,45,197,"5' 11""",,,3,,Virginia,45 / 60,35 / 45,50 / 50,30 / 30,40 / 50,50 / 50,,,,,,,,2017,0,,4574,3,Matt,Thaiss,1B,21,LAA,2017,2017 Report,19318,0,,0,3,45,0,2018,1st rd 2016,,71,197,L,R,Virginia,,,45.0,60.0,35.0,45.0,50.0,50.0,30.0,30.0,40.0,50.0,50.0,50.0,0,0,,0,0,3.169,,,,,,,,,,,,,,
MLB,MLB,sa874734,Ryan Mountcastle,Ryan Mountcastle,/players/ryan-mountcastle/18373/stats/batting,18373,1B,2.0,,,,2019,45,185,"6' 3""",,,3,,Hagerty HS (FL),40 / 55,35 / 50,50 / 55,40 / 40,30 / 40,30 / 30,,,,,,,,2017,0,,4588,3,Ryan,Mountcastle,LF,20,BAL,2017,2017 Report,18373,0,,0,3,45,0,2019,1st rd 2015,,75,185,R,R,Hagerty HS (FL),,Mf-E2t1dIxo,40.0,55.0,35.0,50.0,50.0,55.0,40.0,40.0,30.0,40.0,30.0,30.0,0,0,,0,n/a,5.105,,,,,,,,,,,,,,
MLB,MLB,sa827328,Greg Allen,Greg Allen,/players/greg-allen/16623/stats/batting,16623,OF,,,,,2018,50,175,"6' 0""",,,4,,San Diego State,50 / 60,20 / 30,30 / 30,60 / 60,50 / 55,60 / 60,,,,,,,,2017,0,,4648,4,Greg,Allen,OF,23,CLE,2017,2017 Report,16623,0,,0,4,50,0,2018,6th rd 2014,,72,175,S,R,San Diego State,,LxBcGF2Ep_Q,50.0,60.0,20.0,30.0,30.0,30.0,60.0,60.0,50.0,55.0,60.0,60.0,0,0,,0,0,3.138,,,,,,,,,,,,,,
AAA,MLB,sa596954,Jeimer Candelario,Jeimer Candelario,/players/jeimer-candelario/13621/stats/batting,13621,3B,1.0,,,,2017,50,220,"6' 1""",,,4,,Dominican Republic,55 / 60,45 / 50,50 / 50,40 / 30,40 / 45,55 / 55,,,,,,,,2017,0,,4919,4,Jeimer,Candelario,1B,23,CHC,2017,2017 Report,13621,0,,0,4,50,0,2017,J2 2010,,73,220,S,R,Dominican Republic,,Q8M0VQ4-DIo,55.0,60.0,45.0,50.0,50.0,50.0,40.0,30.0,40.0,45.0,55.0,55.0,0,0,,0,n/a,7.133,,,,,,,,,,,,,,
MLB,MLB,sa597058,Aristides Aquino,Aristides Aquino,/players/aristides-aquino/15482/stats/batting,15482,OF,,,,,2019,50,200,"6' 4""",,,4,,Dominican Republlic,30 / 45,40 / 60,60 / 70,45 / 40,40 / 50,60 / 60,,,,,,,,2017,0,,4942,4,Aristides,Aquino,OF,22,CIN,2017,2017 Report,15482,0,,0,4,50,0,2019,J2 2010,,76,200,R,R,Dominican Republlic,,alUGGntk5KI,30.0,45.0,40.0,60.0,60.0,70.0,45.0,40.0,40.0,50.0,60.0,60.0,0,0,,0,0,3.003,,,,,,,,,,,,,,
AAA,MLB,sa857588,Tyler Jay,Tyler Jay,/players/tyler-jay/17952/stats/pitching,17952,P,23.0,,,,2018,50,180,"6' 1""",,,4,,Illinois,,,,,,,55 / 60,55 / 60,45 / 50,45 / 50,,,40 / 45,2017,0,,4706,4,Tyler,Jay,LHP,22,MIN,2017,2017 Report,17952,0,,0,4,50,0,2018,1st rd 2015,,73,180,L,L,Illinois,,o1A8ua9iS98,,,,,,,,,,,,,0,0,,0,2,0.011,55.0,60.0,55.0,60.0,45.0,50.0,45.0,50.0,40.0,45.0,,,,
,MLB,sa917930,Forrest Whitley,Forrest Whitley,/players/forrest-whitley/19586/stats/pitching,19586,P,-1.0,,,,2019,50,240,"6' 7""",,,4,,Alamo HS (TX),,,,,,,60 / 60,45 / 50,55 / 60,45 / 50,,45 / 50,40 / 50,2017,0,,5011,4,Forrest,Whitley,RHP,19,HOU,2017,2017 Report,19586,0,,0,4,50,0,2019,1st rd 2016,,79,240,R,R,Alamo HS (TX),,V9t2y244Ecw,,,,,,,,,,,,,0,0,,0,0,0.103,60.0,60.0,45.0,50.0,55.0,60.0,45.0,50.0,40.0,50.0,,,45.0,50.0
MLB,MLB,sa828672,Matt Chapman,Matt Chapman,/players/matt-chapman/16505/stats/batting,16505,3B,30.0,,,,2017,50,205,"6' 2""",,,4,,Cal State Fullerton,35 / 40,40 / 55,60 / 60,40 / 40,55 / 60,60 / 60,,,,,,,,2017,0,,4763,4,Matt,Chapman,3B,23,OAK,2017,2017 Report,16505,0,,0,4,50,0,2017,1st rd 2014,,74,205,R,R,Cal State Fullerton,,v50uN5CRKms,35.0,40.0,40.0,55.0,60.0,60.0,40.0,40.0,55.0,60.0,60.0,60.0,0,0,,0,n/a,8.109,,,,,,,,,,,,,,
MLB,MLB,sa872787,Jesús Sánchez,Jesus Sanchez,/players/jesus-sanchez/19913/stats/batting,19913,OF,14.0,,,,2020,50,185,"6' 2""",,,4,,Dominican Republic,20 / 50,30 / 55,50 / 60,50 / 45,40 / 50,60 / 60,,,,,,,,2017,0,,4803,4,Jesus,Sanchez,OF,19,TBR,2017,2017 Report,19913,0,,0,4,50,0,2020,J2 2014,,74,185,L,R,Dominican Republic,,,20.0,50.0,30.0,55.0,50.0,60.0,50.0,45.0,40.0,50.0,60.0,60.0,0,0,,0,0,4.118,,,,,,,,,,,,,,
AAA,MLB,sa917938,Cole Ragans,Cole Ragans,/players/cole-ragans/21846/stats/pitching,21846,P,7.0,,,,2020,50,190,"6' 3""",,,4,,North Florida Christian HS,,,,,,,55 / 60,,45 / 50,50 / 60,,,40 / 55,2017,0,,4834,4,Cole,Ragans,LHP,19,TEX,2017,2017 Report,21846,0,,0,4,50,0,2020,1st rd 2016,,75,190,L,L,North Florida Christian HS,,,,,,,,,,,,,,,0,0,,0,2,3.029,55.0,60.0,,,45.0,50.0,50.0,60.0,40.0,55.0,,,,
MLB,MLB,sa919327,Jazz Chisholm Jr.,Jazz Chisholm Jr.,/players/jazz-chisholm-jr/20454/stats/batting,20454,2B/OF,9.0,,,,2020,45,,,,,4,,Bahamas,30 / 55,20 / 40,30 / 45,50 / 50,40 / 50,50 / 55,,,,,,,,2017,0,,4873,4,Jasrado,Chisholm,SS,18,ARI,2017,2017 Report,20454,0,,0,4,45,0,2020,J2 2015,,0,0,,,Bahamas,,ir2kVOIT4mE,30.0,55.0,20.0,40.0,30.0,45.0,50.0,50.0,40.0,50.0,50.0,55.0,0,0,,0,n/a,5.075,,,,,,,,,,,,,,
MLB,MLB,sa738285,Tyler Alexander,Tyler Alexander,/players/tyler-alexander/17735/stats/pitching,17735,P,13.0,,,,2018,45,180,"6' 3""",,,4,,TCU,,,,,,,50 / 50,50 / 50,,50 / 55,,,50 / 60,2017,0,,4666,4,Tyler,Alexander,LHP,22,DET,2017,2017 Report,17735,0,,0,4,45,0,2018,2nd rd 2015,,75,180,R,L,TCU,,,,,,,,,,,,,,,0,0,,0,n/a,6.011,50.0,50.0,50.0,50.0,,,50.0,55.0,50.0,60.0,,,,
MLB,MLB,sa829141,Ryan O'Hearn,Ryan O'Hearn,/players/ryan-ohearn/16442/stats/batting,16442,1B,27.0,,,,2018,45,215,"6' 3""",,,4,,Sam Houston St,45 / 55,45 / 50,55 / 55,30 / 30,50 / 55,50 / 50,,,,,,,,2017,0,,4686,4,Ryan,O'Hearn,1B,23,KCR,2017,2017 Report,16442,0,,0,4,45,0,2018,8th rd 2014,,75,215,L,L,Sam Houston St,,LB-0i82rVgE,45.0,55.0,45.0,50.0,55.0,55.0,30.0,30.0,50.0,55.0,50.0,50.0,0,0,,0,n/a,7.002,,,,,,,,,,,,,,
AAA,MLB,sa658009,Ty Blach,Ty Blach,/players/ty-blach/14361/stats/pitching,14361,P,17.0,,,,2016,45,,,,,4,,Creighton,,,,,,,50 / 50,50 / 50,40 / 40,45 / 50,,,60 / 60,2017,0,,5228,4,Ty,Blach,LHP,26,SFG,2017,2017 Report,14361,0,,0,4,45,0,2016,5th rd 2012,,0,0,,,Creighton,,,,,,,,,,,,,,,0,0,,0,1,4.074,50.0,50.0,50.0,50.0,40.0,40.0,45.0,50.0,60.0,60.0,,,,
,AA,sa917968,Thomas Jones,Thomas Jones,/players/thomas-jones/sa917968/stats/batting,sa917968,OF,-1.0,,,,2021,45,195,"6' 4""",,,4,,Laurens HS (SC),20 / 40,20 / 50,40 / 60,60 / 60,30 / 50,40 / 45,,,,,,,,2017,0,,4998,4,Thomas,Jones,OF,19,MIA,2017,2017 Report,sa917968,0,,0,4,45,0,2021,3rd rd 2016,,76,195,R,R,Laurens HS (SC),,,20.0,40.0,20.0,50.0,40.0,60.0,60.0,60.0,30.0,50.0,40.0,45.0,0,0,,0,R5,,,,,,,,,,,,,,,
,MLB,sa502733,Mitch Haniger,Mitch Haniger,/players/mitch-haniger/14274/stats/batting,14274,OF,-1.0,,,,2016,45,215,"6' 2""",,,4,,Cal Poly SLO,35 / 40,45 / 50,60 / 60,60 / 60,50 / 50,50 / 50,,,,,,,,2017,0,,4787,4,Mitch,Haniger,OF,26,SEA,2017,2017 Report,14274,0,,0,4,45,0,2016,1st rd 2012,,74,215,R,R,Cal Poly SLO,,,35.0,40.0,45.0,50.0,60.0,60.0,60.0,60.0,50.0,50.0,50.0,50.0,0,0,,0,n/a,8.048,,,,,,,,,,,,,,
,,,Luis Garcia,Luis Garcia,,,,,,,,2022,45,180,"6' 0""",,,4,,Dominican Republic,20 / 45,20 / 40,45 / 50,55 / 60,45 / 55,55 / 60,,,,,,,,2017,0,,5078,4,Luis,Garcia,SS,16,WSN,2017,2017 Report,,0,,0,4,45,0,2022,J2 2016,,72,180,L,R,Dominican Republic,,,20.0,45.0,20.0,40.0,45.0,50.0,55.0,60.0,45.0,55.0,55.0,60.0,0,0,,0,,,,,,,,,,,,,,,,
MLB,MLB,sa873980,Keegan Akin,Keegan Akin,/players/keegan-akin/19362/stats/pitching,19362,P,2.0,,,,2020,45,200,"6' 0""",,,4,,Western Michigan,,,,,,,50 / 50,45 / 50,,55 / 60,,,45 / 50,2017,0,,4589,4,Keegan,Akin,LHP,21,BAL,2017,2017 Report,19362,0,,0,4,45,0,2020,2nd rd 2016,,72,200,L,L,Western Michigan,,,,,,,,,,,,,,,0,0,,0,n/a,5.083,50.0,50.0,45.0,50.0,,,55.0,60.0,45.0,50.0,,,,
,MLB,sa736829,Richard Urena,Richard Urena,/players/richard-urena/16411/stats/batting,16411,2B/SS,-1.0,,,,2019,45,170,"6' 1""",,,4,,Dominican Republic,40 / 55,30 / 40,45 / 50,55 / 50,40 / 50,60 / 60,,,,,,,,2017,0,,4856,4,Richard,Urena,SS,21,TOR,2017,2017 Report,16411,0,,0,4,45,0,2019,J2 2013,,73,170,S,R,Dominican Republic,,AH1j3wOpia4,40.0,55.0,30.0,40.0,45.0,50.0,55.0,50.0,40.0,50.0,60.0,60.0,0,0,,0,0,0.156,,,,,,,,,,,,,,
AAA,MLB,sa873550,Sixto Sánchez,Sixto Sanchez,/players/sixto-sanchez/19680/stats/pitching,19680,P,20.0,,,,2020,45,185,"6' 0""",,,4,,Dominican Republic,,,,,,,60 / 60,45 / 50,45 / 50,45 / 50,,,50 / 60,2017,0,,5118,4,Sixto,Sanchez,RHP,18,PHI,2017,2017 Report,19680,0,,0,4,45,0,2020,J2 2014,,72,185,R,R,Dominican Republic,,,,,,,,,,,,,,,0,0,,0,0,1.103,60.0,60.0,45.0,50.0,45.0,50.0,45.0,50.0,50.0,60.0,,,,
AAA,MLB,sa599539,Sam Travis,Sam Travis,/players/sam-travis/16263/stats/batting,16263,1B/OF,,,,,2017,45,210,"6' 0""",,,4,,Indiana,50 / 55,40 / 45,50 / 50,40 / 30,40 / 45,40 / 40,,,,,,,,2017,0,,4607,4,Sam,Travis,1B,23,BOS,2017,2017 Report,16263,0,,0,4,45,0,2017,2nd rd 2014,,72,210,R,R,Indiana,,LgN7aI9Ap18,50.0,55.0,40.0,45.0,50.0,50.0,40.0,30.0,40.0,45.0,40.0,40.0,0,0,,0,0,1.047,,,,,,,,,,,,,,
AAA,MLB,sa917980,Chris Rodriguez,Chris Rodriguez,/players/chris-rodriguez/22310/stats/pitching,22310,P,4.0,,,,2020,40,185,"6' 1""",,,4,,Pace HS (FL),,,,,,,55 / 55,50 / 55,,50 / 60,,,40 / 50,2017,0,,4575,4,Chris,Rodriguez,RHP,18,LAA,2017,2017 Report,22310,0,,0,4,40,0,2020,4th rd 2016,,73,185,R,R,Pace HS (FL),,y2Mjz0xvO8o,,,,,,,,,,,,,0,0,,0,2,2.085,55.0,55.0,50.0,55.0,,,50.0,60.0,40.0,50.0,,,,
MLB,MLB,sa599729,Luke Weaver,Luke Weaver,/players/luke-weaver/16918/stats/pitching,16918,P,25.0,,,,2017,50,170,"6' 2""",,,5,,Florida St.,,,,,,,50 / 50,,45 / 45,55 / 60,,50 / 55,60 / 60,2017,0,,5173,5,Luke,Weaver,RHP,23,StL,2017,2017 Report,16918,0,,0,5,50,0,2017,1st rd 2014,,74,170,R,R,Florida St.,,DWKPAmideTE,,,,,,,,,,,,,0,0,,0,n/a,8.112,50.0,50.0,,,45.0,45.0,55.0,60.0,60.0,60.0,,,50.0,55.0
,MLB,sa738578,Shed Long Jr.,Shed Long Jr.,/players/shed-long-jr/16542/stats/batting,16542,2B/OF,-1.0,,,,2019,50,180,"5' 8""",,,5,,Jacksonville HS (AL),30 / 45,40 / 50,55 / 55,60 / 60,40 / 50,50 / 50,,,,,,,,2017,0,,4943,5,Shedric,Long,2B,21,CIN,2017,2017 Report,16542,0,,0,5,50,0,2019,12th rd 2013,,68,180,L,R,Jacksonville HS (AL),,,30.0,45.0,40.0,50.0,55.0,55.0,60.0,60.0,40.0,50.0,50.0,50.0,0,0,,0,1,2.057,,,,,,,,,,,,,,
MLB,MLB,sa829185,Ramón Laureano,Ramon Laureano,/players/ramon-laureano/17128/stats/batting,17128,OF,29.0,,,,2017,50,185,"5' 11""",,,5,,NE Oklahoma A&M,50 / 60,30 / 40,45 / 45,60 / 60,50 / 55,55 / 55,,,,,,,,2017,0,,5012,5,Ramon,Laureano,OF,22,HOU,2017,2017 Report,17128,0,,0,5,50,0,2017,16th rd 2014,,71,185,R,R,NE Oklahoma A&M,,pJ3zRDWntaM,50.0,60.0,30.0,40.0,45.0,45.0,60.0,60.0,50.0,55.0,55.0,55.0,0,0,,0,n/a,6.159,,,,,,,,,,,,,,
,MLB,sa551258,Frankie Montas,Frankie Montas,/players/frankie-montas/14309/stats/pitching,14309,P,-1.0,,,,2017,50,255,"6' 2""",,,5,,Dominican Republic,,,,,,,70 / 70,60 / 60,,45 / 50,,,40 / 45,2017,0,,4764,5,Frankie,Montas,RHP,24,OAK,2017,2017 Report,14309,0,,0,5,50,0,2017,J2 2009,,74,255,R,R,Dominican Republic,,C6EkGG40-fw,,,,,,,,,,,,,0,0,,0,n/a,8.015,70.0,70.0,60.0,60.0,,,45.0,50.0,40.0,45.0,,,,
AAA,MLB,sa828799,Bobby Bradley,Bobby Bradley,/players/bobby-bradley/17278/stats/batting,17278,1B,,,,,2019,45,225,"6' 1""",,,5,,Harrion Central HS (MS),20 / 40,40 / 60,60 / 60,20 / 20,40 / 45,50 / 50,,,,,,,,2017,0,,4649,5,Bobby,Bradley,1B,20,CLE,2017,2017 Report,17278,0,,0,5,45,0,2019,3rd rd 2014,,73,225,L,R,Harrion Central HS (MS),,ob_8OJxp3HY,20.0,40.0,40.0,60.0,60.0,60.0,20.0,20.0,40.0,45.0,50.0,50.0,0,0,,0,0,0.144,,,,,,,,,,,,,,
A+,A+,sa919907,Jose Albertos,Jose Albertos,/players/jose-albertos/sa919907/stats/pitching,sa919907,P,,,,,2020,45,185,"6' 1""",,,5,,Mexico,,,,,,,60 / 60,,40 / 50,55 / 70,,,40 / 60,2017,0,,4920,5,Jose,Albertos,RHP,18,CHC,2017,2017 Report,sa919907,0,,0,5,45,0,2020,J2 2015,,73,185,R,R,Mexico,,,,,,,,,,,,,,,0,0,,0,R5,,60.0,60.0,,,40.0,50.0,55.0,70.0,40.0,60.0,,,,
,MLB,sa550125,Mike Gerber,Mike Gerber,/players/mike-gerber/16115/stats/batting,16115,OF,-1.0,,,,2018,45,175,"6' 2""",,,5,,Creighton,40 / 45,40 / 45,50 / 50,50 / 50,50 / 55,55 / 55,,,,,,,,2017,0,,4667,5,Michael,Gerber,OF,24,DET,2017,2017 Report,16115,0,,0,5,45,0,2018,15th rd 2014,,74,175,L,R,Creighton,,HLLQ7vUfBCo,40.0,45.0,40.0,45.0,50.0,50.0,50.0,50.0,50.0,55.0,55.0,55.0,0,0,,0,1,0.051,,,,,,,,,,,,,,
AAA,MLB,sa828695,Scott Blewett,Scott Blewett,/players/scott-blewett/16427/stats/pitching,16427,P,28.0,,,,2020,45,210,"6' 6""",,,5,,Baker HS (NY),,,,,,,50 / 60,,55 / 60,40 / 50,,,40 / 50,2017,0,,4687,5,Scott,Blewett,RHP,20,KCR,2017,2017 Report,16427,0,,0,5,45,0,2020,2nd rd 2014,,78,210,R,R,Baker HS (NY),,Zze8oYd8nEQ,,,,,,,,,,,,,0,0,,0,0,1.097,50.0,60.0,,,55.0,60.0,40.0,50.0,40.0,50.0,,,,
,MLB,sa596976,Adalberto Mejía,Adalberto Mejia,/players/adalberto-mejia/13188/stats/pitching,13188,P,-1.0,,,,2017,45,220,"6' 3""",,,5,,Dominican Republic,,,,,,,50 / 50,55 / 55,45 / 50,50 / 55,,,50 / 60,2017,0,,4707,5,Adalberto,Mejia,LHP,23,MIN,2017,2017 Report,13188,0,,0,5,45,0,2017,J2 2011,,75,220,R,L,Dominican Republic,,h4MEKyuw9do,,,,,,,,,,,,,0,0,,0,0,2.052,50.0,50.0,55.0,55.0,45.0,50.0,50.0,55.0,50.0,60.0,,,,
,MLB,sa598260,Andrew Suárez,Andrew Suarez,/players/andrew-suarez/18300/stats/pitching,18300,P,-1.0,,,,2018,45,,,,,5,,Miami,,,,,,,50 / 50,50 / 50,,50 / 55,,,50 / 55,2017,0,,5229,5,Andrew,Suarez,LHP,24,SFG,2017,2017 Report,18300,0,,0,5,45,0,2018,2nd rd 2015,,0,0,,,Miami,,5fUTAWZZKq0,,,,,,,,,,,,,0,0,,0,1,2.021,50.0,50.0,50.0,50.0,,,50.0,55.0,50.0,55.0,,,,
MLB,MLB,sa920423,Edward Cabrera,Edward Cabrera,/players/edward-cabrera/21690/stats/pitching,21690,P,17.0,,,,2021,45,175,"6' 4""",,,5,,Dominican Republic,,,,,,,45 / 55,45 / 55,,30 / 45,,,40 / 50,2017,0,,4999,5,Edward,Cabrera,RHP,18,MIA,2017,2017 Report,21690,0,,0,5,45,0,2021,J2 2015,,76,175,R,R,Dominican Republic,,,,,,,,,,,,,,,0,0,,0,0,3.147,45.0,55.0,45.0,55.0,,,30.0,45.0,40.0,50.0,,,,
,MLB,sa874809,Andrew Moore,Andrew Moore,/players/andrew-moore/17553/stats/pitching,17553,P,-1.0,,,,2017,45,185,"5' 11""",,,5,,Oregon St,,,,,,,50 / 50,40 / 45,45 / 45,55 / 60,,,45 / 55,2017,0,,4788,5,Andrew,Moore,RHP,22,SEA,2017,2017 Report,17553,0,,0,5,45,0,2017,2nd rd 2015,,71,185,R,R,Oregon St,,k1ukcmy9zpI,,,,,,,,,,,,,0,0,,0,1,0.063,50.0,50.0,40.0,45.0,45.0,45.0,55.0,60.0,45.0,55.0,,,,
MLB,MLB,sa737848,Jake Bauers,Jake Bauers,/players/jake-bauers/15194/stats/batting,15194,1B/OF,23.0,,,,2018,45,200,"6' 1""",,,5,,Marina HS (CA),45 / 60,40 / 45,55 / 55,45 / 40,45 / 55,50 / 50,,,,,,,,2017,0,,4804,5,Jake,Bauers,1B,21,TBR,2017,2017 Report,15194,0,,0,5,45,0,2018,7th rd 2013,,73,200,L,L,Marina HS (CA),,RIpGBoPaobE,45.0,60.0,40.0,45.0,55.0,55.0,45.0,40.0,45.0,55.0,50.0,50.0,0,0,,0,n/a,5.084,,,,,,,,,,,,,,
AAA,MLB,sa917937,Carter Kieboom,Carter Kieboom,/players/carter-kieboom/19958/stats/batting,19958,3B,26.0,,,,2021,45,190,"6' 2""",,,5,,Walton HS (GA),35 / 55,30 / 45,45 / 50,45 / 40,40 / 50,55 / 55,,,,,,,,2017,0,,5079,5,Carter,Kieboom,3B,19,WSN,2017,2017 Report,19958,0,,0,5,45,0,2021,1st rd 2016,,74,190,R,R,Walton HS (GA),,bIz5j-OJPrY,35.0,55.0,30.0,45.0,45.0,50.0,45.0,40.0,40.0,50.0,55.0,55.0,0,0,,0,0,3.009,,,,,,,,,,,,,,
,MLB,sa659670,Ronald Guzmán,Ronald Guzman,/players/ronald-guzman/14388/stats/batting,14388,1B,-1.0,,,,2018,45,230,"6' 6""",,,5,,Dominican Republic,50 / 55,40 / 50,60 / 60,30 / 30,50 / 55,50 / 50,,,,,,,,2017,0,,4835,5,Ronald,Guzman,1B,22,TEX,2017,2017 Report,14388,0,,0,5,45,0,2018,J2 2011,,78,230,L,L,Dominican Republic,,MBWS5J7xl1U,50.0,55.0,40.0,50.0,60.0,60.0,30.0,30.0,50.0,55.0,50.0,50.0,0,0,,0,0,3.083,,,,,,,,,,,,,,
AAA,MLB,sa708967,Trey Mancini,Trey Mancini,/players/trey-mancini/15149/stats/batting,15149,1B/DH/OF,1.0,,,,2017,45,220,"6' 4""",,,5,,Notre Dame,40 / 50,50 / 55,60 / 60,30 / 30,40 / 40,50 / 50,,,,,,,,2017,0,,4590,5,Trey,Mancini,1B,24,BAL,2017,2017 Report,15149,0,,0,5,45,0,2017,8th rd 2013,,76,220,R,R,Notre Dame,,u4XrhWBuOnQ,40.0,50.0,50.0,55.0,60.0,60.0,30.0,30.0,40.0,40.0,50.0,50.0,0,0,,0,n/a,6.141,,,,,,,,,,,,,,
,AAA,sa658929,Jon Harris,Jon Harris,/players/jonathan-harris/sa658929/stats/pitching,sa658929,P,-1.0,,,,2018,45,175,"6' 4""",,,5,,Missouri St,,,,,,,50 / 50,45 / 50,50 / 55,40 / 45,,,40 / 50,2017,0,,4857,5,Jon,Harris,RHP,23,TOR,2017,2017 Report,sa658929,0,,0,5,45,0,2018,1st rd 2015,,76,175,R,R,Missouri St,,hLuD_A3MpEk,,,,,,,,,,,,,0,0,,0,R5,,50.0,50.0,45.0,50.0,50.0,55.0,40.0,45.0,40.0,50.0,,,,
AAA,MLB,sa597773,Roman Quinn,Roman Quinn,/players/roman-quinn/13546/stats/batting,13546,OF,19.0,,,,2017,45,170,"5' 10""",,,5,,Port St. Joe HS (FL),50 / 55,30 / 30,45 / 45,80 / 80,50 / 60,50 / 50,,,,,,,,2017,0,,5119,5,Roman,Quinn,CF,23,PHI,2017,2017 Report,13546,0,,0,5,45,0,2017,2nd rd 2011,,70,170,S,R,Port St. Joe HS (FL),,LXasZ4rclQQ,50.0,55.0,30.0,30.0,45.0,45.0,80.0,80.0,50.0,60.0,50.0,50.0,0,0,,0,0,4.035,,,,,,,,,,,,,,
,MLB,sa857701,Bobby Dalbec,Bobby Dalbec,/players/bobby-dalbec/19966/stats/batting,19966,1B,-1.0,,,,2019,40,225,"6' 4""",,,5,,Arizona,30 / 40,30 / 50,60 / 70,40 / 40,45 / 50,55 / 55,,,,,,,,2017,0,,4608,5,Bobby,Dalbec,3B,21,BOS,2017,2017 Report,19966,0,,0,5,40,0,2019,4th rd 2016,,76,225,R,R,Arizona,,,30.0,40.0,30.0,50.0,60.0,70.0,40.0,40.0,45.0,50.0,55.0,55.0,0,0,,0,0,3.013,,,,,,,,,,,,,,
AAA,MLB,sa736654,Domingo Leyba,Domingo Leyba,/players/domingo-leyba/16404/stats/batting,16404,2B/3B,,,,,2018,40,,,,,5,,Dominican Republic,40 / 60,30 / 40,40 / 40,50 / 45,45 / 50,50 / 50,,,,,,,,2017,0,,4874,5,Domingo,Leyba,2B,21,ARI,2017,2017 Report,16404,0,,0,5,40,0,2018,J2 2012,,0,0,,,Dominican Republic,,OYwgNhVUC4w,40.0,60.0,30.0,40.0,40.0,40.0,50.0,45.0,45.0,50.0,50.0,50.0,0,0,,0,0,0.100,,,,,,,,,,,,,,
,MLB,sa455438,Alex Meyer,Alex Meyer,/players/alex-meyer/12833/stats/pitching,12833,P,-2.0,,,,2017,40,220,"6' 9""",,,5,,Kentucky,,,,,,,70 / 70,60 / 60,,40 / 40,,,35 / 40,2017,0,,4576,5,Alex,Meyer,RHP,27,LAA,2017,2017 Report,12833,0,,0,5,40,0,2017,1st rd 2011,,81,220,R,R,Kentucky,,ygjZStEF-Q,,,,,,,,,,,,,0,0,,0,0,2.103,70.0,70.0,60.0,60.0,,,40.0,40.0,35.0,40.0,,,,
MLB,MLB,sa828681,Jack Flaherty,Jack Flaherty,/players/jack-flaherty/17479/stats/pitching,17479,P,6.0,,,,2018,50,205,"6' 4""",,,6,,Harvard Westlake (CA),,,,,,,50 / 50,50 / 55,45 / 50,50 / 60,,,45 / 55,2017,0,,5174,6,Jack,Flaherty,RHP,21,StL,2017,2017 Report,17479,0,,0,6,50,0,2018,1st rd 2014,,76,205,R,R,Harvard Westlake (CA),,vSy5LD5ZWXk,,,,,,,,,,,,,0,0,,0,n/a,8.006,50.0,50.0,50.0,55.0,45.0,50.0,50.0,60.0,45.0,55.0,,,,
MLB,MLB,sa599746,Kyle Freeland,Kyle Freeland,/players/kyle-freeland/16256/stats/pitching,16256,P,19.0,,,,2017,50,170,"6' 3""",,,6,,Evansville,,,,,,,50 / 55,55 / 60,40 / 40,45 / 50,,,55 / 60,2017,0,,4976,6,Kyle,Freeland,LHP,23,COL,2017,2017 Report,16256,0,,0,6,50,0,2017,1st rd 2014,,75,170,L,L,Evansville,,3figLbwhKaE,,,,,,,,,,,,,0,0,,0,n/a,8.144,50.0,55.0,55.0,60.0,40.0,40.0,45.0,50.0,55.0,60.0,,,,
,MLB,sa601330,David Paulino,David Paulino,/players/david-paulino/17418/stats/pitching,17418,P,-1.0,,,,2017,50,215,"6' 7""",,,6,,Dominican Republic,,,,,,,55 / 55,40 / 45,55 / 60,50 / 50,,,45 / 50,2017,0,,5013,6,David,Paulino,RHP,23,HOU,2017,2017 Report,17418,0,,0,6,50,0,2017,J2 2010,,79,215,R,R,Dominican Republic,,--cg751DvOI,,,,,,,,,,,,,0,0,,0,0,0.144,55.0,55.0,40.0,45.0,55.0,60.0,50.0,50.0,45.0,50.0,,,,
AAA,MLB,sa832877,Adonis Medina,Adonis Medina,/players/adonis-medina/19903/stats/pitching,19903,P,,,,,2020,45,185,"6' 1""",,,6,,Dominican Republic,,,,,,,55 / 55,50 / 60,,45 / 55,,,30 / 50,2017,0,,5120,6,Adonis,Medina,RHP,20,PHI,2017,2017 Report,19903,0,,0,6,45,0,2020,J2 2013,,73,185,R,R,Dominican Republic,,,,,,,,,,,,,,,0,0,,0,0,0.082,55.0,55.0,50.0,60.0,,,45.0,55.0,30.0,50.0,,,,
MLB,MLB,sa917927,Will Benson,Will Benson,/players/will-benson/21853/stats/batting,21853,OF,18.0,,,,2021,45,215,"6' 5""",,,6,,Westminster Schools (GA),20 / 40,30 / 55,55 / 70,55 / 40,40 / 55,70 / 80,,,,,,,,2017,0,,4650,6,Will,Benson,OF,18,CLE,2017,2017 Report,21853,0,,0,6,45,0,2021,1st rd 2016,,77,215,L,L,Westminster Schools (GA),,_oDb1oLoVXU,20.0,40.0,30.0,55.0,55.0,70.0,55.0,40.0,40.0,55.0,70.0,80.0,0,0,,0,1,3.003,,,,,,,,,,,,,,
,MLB,sa657859,Albert Almora Jr.,Albert Almora Jr.,/players/albert-almora-jr/14109/stats/batting,14109,OF,-1.0,,,,2017,45,200,"6' 2""",,,6,,Mater Academy (FL),45 / 50,30 / 40,50 / 50,55 / 55,60 / 60,55 / 55,,,,,,,,2017,0,,4921,6,Albert,Almora,CF,22,CHC,2017,2017 Report,14109,0,,0,6,45,0,2017,1st rd 2012,,74,200,R,R,Mater Academy (FL),,S5_MKe0WN-A,45.0,50.0,30.0,40.0,50.0,50.0,55.0,55.0,60.0,60.0,55.0,55.0,0,0,,0,n/a,5.110,,,,,,,,,,,,,,
MLB,MLB,sa740519,Joe Jiménez,Joe Jimenez,/players/joe-jimenez/15761/stats/pitching,15761,P,16.0,,,,2017,45,220,"6' 3""",,,6,,Puerto Rico,,,,,,,70 / 70,55 / 60,,,,,40 / 45,2017,0,,4668,6,Joe,Jimenez,RHP,21,DET,2017,2017 Report,15761,0,,0,6,45,0,2017,J2 2012,,75,220,R,R,Puerto Rico,,,,,,,,,,,,,,,0,0,,0,n/a,8.061,70.0,70.0,55.0,60.0,,,,,40.0,45.0,,,,
,AAA,sa738686,A.J. Puckett,A.J. Puckett,/players/austin-puckett/sa738686/stats/pitching,sa738686,P,-1.0,,,,2019,45,185,"6' 4""",,,6,,Pepperdine,,,,,,,50 / 50,,45 / 50,55 / 60,,,55 / 60,2017,0,,4688,6,A.J.,Puckett,RHP,21,KCR,2017,2017 Report,sa738686,0,,0,6,45,0,2019,2nd rd 2016,,76,185,R,R,Pepperdine,,,,,,,,,,,,,,,0,0,,0,R5,,50.0,50.0,,,45.0,50.0,55.0,60.0,55.0,60.0,,,,
MLB,MLB,sa917943,Taylor Trammell,Taylor Trammell,/players/taylor-trammell/19960/stats/batting,19960,OF,21.0,,,,2021,45,195,"6' 2""",,,6,,Mt. Paran (GA),20 / 40,20 / 50,40 / 55,70 / 70,40 / 55,40 / 40,,,,,,,,2017,0,,4944,6,Taylor,Trammell,OF,19,CIN,2017,2017 Report,19960,0,,0,6,45,0,2021,1st rd 2016,,74,195,L,L,Mt. Paran (GA),,,20.0,40.0,20.0,50.0,40.0,55.0,70.0,70.0,40.0,55.0,40.0,40.0,0,0,,0,0,2.144,,,,,,,,,,,,,,
,AAA,sa917168,Wander Javier,Wander Javier,/players/wander-javier/sa917168/stats/batting,sa917168,SS,-2.0,,,,2022,45,165,"6' 1""",,,6,,Dominican Republic,20 / 50,20 / 45,30 / 50,55 / 60,40 / 55,55 / 60,,,,,,,,2017,0,,4708,6,Wander,Javier,SS,17,MIN,2017,2017 Report,sa917168,0,,0,6,45,0,2022,J2 2016,,73,165,R,R,Dominican Republic,,KQM2BzjyTNU,20.0,50.0,20.0,45.0,30.0,50.0,55.0,60.0,40.0,55.0,55.0,60.0,0,0,,0,R5,,,,,,,,,,,,,,,
MLB,MLB,sa550187,Steven Okert,Steven Okert,/players/steven-okert/13580/stats/pitching,13580,P,21.0,,,,2016,45,,,,,6,,Oklahoma,,,,,,,55 / 55,60 / 60,,40 / 45,,50 / 50,50 / 55,2017,0,,5230,6,Steven,Okert,LHP,25,SFG,2017,2017 Report,13580,0,,0,6,45,0,2016,4th rd 2012,,0,0,,,Oklahoma,,,,,,,,,,,,,,,0,0,,0,n/a,5.089,55.0,55.0,60.0,60.0,,,40.0,45.0,50.0,55.0,,,50.0,50.0
AAA,MLB,sa738964,Daulton Jefferies,Daulton Jefferies,/players/daulton-jefferies/19345/stats/pitching,19345,P,27.0,,,,2019,45,180,"6' 0""",,,6,,Cal,,,,,,,55 / 55,,45 / 50,55 / 60,,,50 / 60,2017,0,,4765,6,Daulton,Jefferies,RHP,21,OAK,2017,2017 Report,19345,0,,0,6,45,0,2019,1st rd 2016,,72,180,L,R,Cal,,ij14-6H6bPU,,,,,,,,,,,,,0,0,,0,0,1.164,55.0,55.0,,,45.0,50.0,55.0,60.0,50.0,60.0,,,,
AAA,MLB,sa827482,Dan Altavilla,Dan Altavilla,/players/dan-altavilla/16507/stats/pitching,16507,P,7.0,,,,2017,45,200,"6' 0""",,,6,,Mercyhurst,,,,,,,70 / 70,60 / 60,,,,,40 / 40,2017,0,,4789,6,Dan,Altavilla,RHP,24,SEA,2017,2017 Report,16507,0,,0,6,45,0,2017,5th rd 2014,,72,200,R,R,Mercyhurst,,,,,,,,,,,,,,,0,0,,0,n/a,5.087,70.0,70.0,60.0,60.0,,,,,40.0,40.0,,,,
AAA,MLB,sa917926,Josh Lowe,Josh Lowe,/players/josh-lowe/19953/stats/batting,19953,OF,1.0,,,,2021,45,190,"6' 4""",,,6,,Pope HS (GA),20 / 45,20 / 55,50 / 60,60 / 60,40 / 50,60 / 60,,,,,,,,2017,0,,4805,6,Josh,Lowe,CF,19,TBR,2017,2017 Report,19953,0,,0,6,45,0,2021,1st rd 2016,,76,190,L,R,Pope HS (GA),,0xP4kchoVfA,20.0,45.0,20.0,55.0,50.0,60.0,60.0,60.0,40.0,50.0,60.0,60.0,0,0,,0,1,3.093,,,,,,,,,,,,,,
,MLB,sa875213,Koda Glover,Koda Glover,/players/koda-glover/17695/stats/pitching,17695,P,-2.0,,,,2017,45,225,"6' 5""",,,6,,Oklahoma St,,,,,,,70 / 70,60 / 70,45 / 50,50 / 50,,,40 / 45,2017,0,,5080,6,Koda,Glover,RHP,23,WSN,2017,2017 Report,17695,0,,0,6,45,0,2017,8thr d 2015,,77,225,R,R,Oklahoma St,,,,,,,,,,,,,,,0,0,,0,2,3.051,70.0,70.0,60.0,70.0,45.0,50.0,50.0,50.0,40.0,45.0,,,,
AAA,MLB,sa827368,Jose Trevino,Jose Trevino,/players/jose-trevino/16725/stats/batting,16725,C,18.0,,,,2018,45,195,"5' 10""",,,6,,Oral Roberts,40 / 50,30 / 40,45 / 45,30 / 30,50 / 55,55 / 55,,,,,,,,2017,0,,4836,6,Jose,Trevino,C,24,TEX,2017,2017 Report,16725,0,,0,6,45,0,2018,6th rd 2014,,70,195,R,R,Oral Roberts,,,40.0,50.0,30.0,40.0,45.0,45.0,30.0,30.0,50.0,55.0,55.0,55.0,0,0,,0,n/a,6.063,,,,,,,,,,,,,,
,AA,sa874792,Desmond Lindsay,Desmond Lindsay,/players/desmond-lindsay/sa874792/stats/batting,sa874792,OF,-1.0,,,,2020,45,200,"6' 0""",,,6,,Out of Door (FL),30 / 55,30 / 55,55 / 55,60 / 55,30 / 45,50 / 50,,,,,,,,2017,0,,5100,6,Desmond,Lindsay,OF,20,NYM,2017,2017 Report,sa874792,0,,0,6,45,0,2020,2nd rd 2015,,72,200,R,R,Out of Door (FL),,akUuQZG6dnk,30.0,55.0,30.0,55.0,55.0,55.0,60.0,55.0,30.0,45.0,50.0,50.0,0,0,,0,R5,,,,,,,,,,,,,,,
,MLB,sa738498,T.J. Zeuch,T.J. Zeuch,/players/tj-zeuch/19269/stats/pitching,19269,P,-1.0,,,,2019,45,220,"6' 7""",,,6,,Pittsburgh,,,,,,,60 / 60,40 / 40,50 / 55,40 / 50,,,40 / 50,2017,0,,4858,6,TJ,Zeuch,RHP,21,TOR,2017,2017 Report,19269,0,,0,6,45,0,2019,1st rd 2016,,79,220,R,R,Pittsburgh,,,,,,,,,,,,,,,0,0,,0,0,0.123,60.0,60.0,40.0,40.0,50.0,55.0,40.0,50.0,40.0,50.0,,,,
,AAA,sa873984,C.J. Chatham,C.J. Chatham,/players/connor-chatham/sa873984/stats/batting,sa873984,SS,-1.0,,,,2019,40,185,"6' 3""",,,6,,Florida Atlantic,35 / 45,30 / 40,45 / 45,50 / 50,50 / 55,60 / 60,,,,,,,,2017,0,,4609,6,C.J.,Chatham,SS,22,BOS,2017,2017 Report,sa873984,0,,0,6,40,0,2019,2nd rd 2016,,75,185,R,R,Florida Atlantic,,o51fk4q6VrI,35.0,45.0,30.0,40.0,45.0,45.0,50.0,50.0,50.0,55.0,60.0,60.0,0,0,,0,2,0.000,,,,,,,,,,,,,,
,A+,sa738988,Anfernee Grier,Anfernee Grier,/players/anfernee-grier/sa738988/stats/batting,sa738988,OF,-1.0,,,,2019,40,,,,,6,,Auburn,30 / 40,40 / 50,50 / 55,60 / 60,40 / 50,40 / 45,,,,,,,,2017,0,,4875,6,Anfernee,Grier,CF,,ARI,2017,2017 Report,sa738988,0,,0,6,40,0,2019,1st rd 2016,,0,0,,,Auburn,,_XSW8jw6cZk,30.0,40.0,40.0,50.0,50.0,55.0,60.0,60.0,40.0,50.0,40.0,45.0,0,0,,0,R5,,,,,,,,,,,,,,,
,MLB,sa599187,Dillon Peters,Dillon Peters,/players/dillon-peters/18790/stats/pitching,18790,P,-1.0,,,,2018,40,205,"5' 9""",,,6,,Texas,,,,,,,55 / 55,,45 / 50,40 / 50,,,50 / 55,2017,0,,5000,6,Dillon,Peters,LHP,24,MIA,2017,2017 Report,18790,0,,0,6,40,0,2018,10th rd 2014,,69,205,L,L,Texas,,XO9M83bzf5Y,,,,,,,,,,,,,0,0,,0,0,2.136,55.0,55.0,,,45.0,50.0,40.0,50.0,50.0,55.0,,,,
,AAA,sa737900,Nate Smith,Nate Smith,/players/nathan-smith/sa737900/stats/pitching,sa737900,P,-1.0,,,,2017,40,200,"6' 3""",,,6,,Furman,,,,,,,40 / 40,40 / 40,45 / 45,55 / 55,,,55 / 60,2017,0,,4577,6,Nate,Smith,LHP,25,LAA,2017,2017 Report,sa737900,0,,0,6,40,0,2017,8th rd 2013,,75,200,L,L,Furman,,FyC9cwXEtT8,,,,,,,,,,,,,0,0,,0,2,0.000,40.0,40.0,40.0,40.0,45.0,45.0,55.0,55.0,55.0,60.0,,,,
MLB,MLB,sa737510,Hunter Harvey,Hunter Harvey,/players/hunter-harvey/15507/stats/pitching,15507,P,17.0,,,,2020,40,175,"6' 3""",,,6,,Bandys HS (NC),,,,,,,60 / 60,,60 / 60,40 / 50,,,40 / 50,2017,0,,4591,6,Hunter,Harvey,RHP,22,BAL,2017,2017 Report,15507,0,,0,6,40,0,2020,1st rd 2013,,75,175,R,R,Bandys HS (NC),,h6K2W6p8iCg,,,,,,,,,,,,,0,0,,0,n/a,6.047,60.0,60.0,,,60.0,60.0,40.0,50.0,40.0,50.0,,,,
,MLB,sa856551,Zack Burdi,Zack Burdi,/players/zack-burdi/19159/stats/pitching,19159,P,-1.0,,,,2017,50,210,"6' 3""",,,7,,Louisville,,,,,,,80 / 80,50 / 60,,50 / 60,,,35 / 40,2017,0,,4624,7,Zack,Burdi,RHP,21,CHW,2017,2017 Report,19159,0,,0,7,50,0,2017,1st rd 2016,,75,210,R,R,Louisville,,qjlYWTBkyNQ,,,,,,,,,,,,,0,0,,0,1,0.137,80.0,80.0,50.0,60.0,,,50.0,60.0,35.0,40.0,,,,
,MLB,sa738673,Dakota Hudson,Dakota Hudson,/players/dakota-hudson/19206/stats/pitching,19206,P,-1.0,,,,2019,50,215,"6' 5""",,,7,,Mississippi St.,,,,,,,55 / 55,,45 / 50,40 / 50,,55 / 60,50 / 45,2017,0,,5175,7,Dakota,Hudson,RHP,22,StL,2017,2017 Report,19206,0,,0,7,50,0,2019,1st rd 2016,,77,215,R,R,Mississippi St.,,LUO8ShS6j1Y,,,,,,,,,,,,,0,0,,0,n/a,5.141,55.0,55.0,,,45.0,50.0,40.0,50.0,50.0,45.0,,,55.0,60.0
AAA,MLB,sa828958,Jacob Nix,Jacob Nix,/players/jacob-nix/17775/stats/pitching,17775,P,,,,,2019,50,220,"6' 4""",,,7,,IMG,,,,,,,55 / 60,,50 / 60,45 / 50,,,45 / 60,2017,0,,5199,7,Jacob,Nix,RHP,20,SDP,2017,2017 Report,17775,0,,0,7,50,0,2019,3rd rd 2015,,76,220,R,R,IMG,,LM9yJp5lRaI,,,,,,,,,,,,,0,0,,0,3,1.052,55.0,60.0,,,50.0,60.0,45.0,50.0,45.0,60.0,,,,
AA,AAA,sa684104,Elniery Garcia,Elniery Garcia,/players/elniery-garca/sa684104/stats/pitching,sa684104,P,,,,,2017,45,155,"6' 0""",,,7,,Dominican Republic,,,,,,,55 / 55,45 / 50,50 / 55,45 / 50,,,45 / 55,2017,0,,5121,7,Elniery,Garcia,LHP,22,PHI,2017,2017 Report,sa684104,0,,0,7,45,0,2017,J2 2011,,72,155,L,L,Dominican Republic,,QQYsBoMpAy8,,,,,,,,,,,,,0,0,,0,2,0.000,55.0,55.0,45.0,50.0,50.0,55.0,45.0,50.0,45.0,55.0,,,,
,MLB,sa828671,Cole Tucker,Cole Tucker,/players/cole-tucker/17326/stats/batting,17326,SS/OF,-1.0,,,,2020,45,185,"6' 3""",,,7,,Mountain Pointe HS (AZ),30 / 50,20 / 50,40 / 50,55 / 50,45 / 55,50 / 60,,,,,,,,2017,0,,5154,7,Cole,Tucker,SS,20,PIT,2017,2017 Report,17326,0,,0,7,45,0,2020,1st rd 2014,,75,185,S,R,Mountain Pointe HS (AZ),,Tx4MkFf8AcU,30.0,50.0,20.0,50.0,40.0,50.0,55.0,50.0,45.0,55.0,50.0,60.0,0,0,,0,0,2.083,,,,,,,,,,,,,,
AAA,MLB,sa917941,Nolan Jones,Nolan Jones,/players/nolan-jones/20529/stats/batting,20529,OF,5.0,,,,2020,45,195,"6' 3""",,,7,,Holy Ghost Prep (PA),20 / 55,30 / 50,50 / 60,40 / 30,40 / 50,55 / 60,,,,,,,,2017,0,,4651,7,Nolan,Jones,3B,18,CLE,2017,2017 Report,20529,0,,0,7,45,0,2020,2nd rd 2016,,75,195,L,R,Holy Ghost Prep (PA),,M8MOVqKoFgA,20.0,55.0,30.0,50.0,50.0,60.0,40.0,30.0,40.0,50.0,55.0,60.0,0,0,,0,0,3.007,,,,,,,,,,,,,,
AAA,MLB,sa829000,Dylan Cease,Dylan Cease,/players/dylan-cease/18525/stats/pitching,18525,P,14.0,,,,2019,45,175,"6' 1""",,,7,,Milton HS (GA),,,,,,,70 / 70,,50 / 55,30 / 45,,,30 / 45,2017,0,,4922,7,Dylan,Cease,RHP,21,CHC,2017,2017 Report,18525,0,,0,7,45,0,2019,6th rd 2014,,73,175,R,R,Milton HS (GA),,PCI9rzaQqAY,,,,,,,,,,,,,0,0,,0,n/a,6.089,70.0,70.0,,,50.0,55.0,30.0,45.0,30.0,45.0,,,,
,MLB,sa505035,Dixon Machado,Dixon Machado,/players/dixon-machado/11472/stats/batting,11472,2B/SS,-1.0,,,,2017,45,170,"6' 1""",,,7,,Venezuela,30 / 40,20 / 30,30 / 30,50 / 50,55 / 60,60 / 60,,,,,,,,2017,0,,4669,7,Dixon,Machado,SS,24,DET,2017,2017 Report,11472,0,,0,7,45,0,2017,J2 2008,,73,170,R,R,Venezuela,,BZdbsp1F0f8,30.0,40.0,20.0,30.0,30.0,30.0,50.0,50.0,55.0,60.0,60.0,60.0,0,0,,0,0,2.005,,,,,,,,,,,,,,
,MLB,sa917996,Khalil Lee,Khalil Lee,/players/khalil-lee/19952/stats/batting,19952,OF,-1.0,,,,2021,45,182,"5' 10""",,,7,,Flint HS (VA),20 / 40,30 / 50,50 / 60,50 / 40,40 / 50,60 / 60,,,,,,,,2017,0,,4689,7,Khalil,Lee,OF,18,KCR,2017,2017 Report,19952,0,,0,7,45,0,2021,3rd rd 2016,,70,182,L,L,Flint HS (VA),,OxVsfkvV1MY,20.0,40.0,30.0,50.0,50.0,60.0,50.0,40.0,40.0,50.0,60.0,60.0,0,0,,0,1,0.027,,,,,,,,,,,,,,
MLB,MLB,sa597792,Robert Stephenson,Robert Stephenson,/players/robert-stephenson/13594/stats/pitching,13594,P,1.0,,,,2017,45,200,"6' 3""",,,7,,Alhambra HS (CA),,,,,,,60 / 60,,40 / 45,50 / 60,,,40 / 45,2017,0,,4945,7,Robert,Stephenson,RHP,23,CIN,2017,2017 Report,13594,0,,0,7,45,0,2017,1st rd 2011,,75,200,R,R,Alhambra HS (CA),,w8XKmKUW7Ng,,,,,,,,,,,,,0,0,,0,n/a,8.049,60.0,60.0,,,40.0,45.0,50.0,60.0,40.0,45.0,,,,
,MLB,sa657418,Fernando Romero,Fernando Romero,/players/fernando-romero/15885/stats/pitching,15885,P,-1.0,,,,2018,45,215,"6' 0""",,,7,,Dominican Republic,,,,,,,60 / 60,55 / 60,,45 / 50,,,45 / 55,2017,0,,4709,7,Fernando,Romero,RHP,21,MIN,2017,2017 Report,15885,0,,0,7,45,0,2018,J2 2011,,72,215,R,R,Dominican Republic,,,,,,,,,,,,,,,0,0,,0,1,0.102,60.0,60.0,55.0,60.0,,,45.0,50.0,45.0,55.0,,,,
AAA,AAA,sa547815,Joan Gregorio,Joan Gregorio,/players/joan-gregorio/sa547815/stats/pitching,sa547815,P,-1.0,,,,2017,45,,,,,7,,Dominican Republic,,,,,,,60 / 60,50 / 55,,40 / 45,,,40 / 45,2017,0,,5231,7,Joan,Gregorio,RHP,24,SFG,2017,2017 Report,sa547815,0,,0,7,45,0,2017,J2 2010,,0,0,,,Dominican Republic,,,,,,,,,,,,,,,0,0,,0,1,0.000,60.0,60.0,50.0,55.0,,,40.0,45.0,40.0,45.0,,,,
,A+,sa872568,Pedro Gonzalez,Pedro Gonzalez,/players/pedro-gonzalez/sa872568/stats/batting,sa872568,OF,-1.0,,,,2020,45,190,"6' 5""",,,7,,Dominican Republic,20 / 45,20 / 50,40 / 60,40 / 40,40 / 50,,,,,,,,,2017,0,,4977,7,Pedro,Gonzalez,CF,19,COL,2017,2017 Report,sa872568,0,,0,7,45,0,2020,J2 2014,,77,190,R,R,Dominican Republic,,dTzyUepXdYo,20.0,45.0,20.0,50.0,40.0,60.0,40.0,40.0,40.0,50.0,,,0,0,,0,R5,,,,,,,,,,,,,,,
,MLB,sa597981,Derek Fisher,Derek Fisher,/players/derek-fisher/16192/stats/batting,16192,OF,-1.0,,,,2017,45,207,"6' 3""",,,7,,Virginia,40 / 45,40 / 50,60 / 60,70 / 70,40 / 45,40 / 40,,,,,,,,2017,0,,5014,7,Derek,Fisher,OF,23,HOU,2017,2017 Report,16192,0,,0,7,45,0,2017,1st rd 2014,,75,207,L,R,Virginia,,KptI6ROB6jo,40.0,45.0,40.0,50.0,60.0,60.0,70.0,70.0,40.0,45.0,40.0,40.0,0,0,,0,0,2.150,,,,,,,,,,,,,,
,MLB,sa598295,Daniel Gossett,Daniel Gossett,/players/daniel-gossett/16164/stats/pitching,16164,P,-1.0,,,,2017,45,185,"6' 2""",,,7,,Clemson,,,,,,,55 / 55,50 / 55,45 / 50,45 / 50,,,45 / 50,2017,0,,4766,7,Daniel,Gossett,RHP,24,OAK,2017,2017 Report,16164,0,,0,7,45,0,2017,2nd rd 2014,,74,185,R,R,Clemson,,LMvqfmizV0,,,,,,,,,,,,,0,0,,0,1,2.059,55.0,55.0,50.0,55.0,45.0,50.0,45.0,50.0,45.0,50.0,,,,
MLB,MLB,sa550113,Brock Stewart,Brock Stewart,/players/brock-stewart/16727/stats/pitching,16727,P,22.0,,,,2016,45,220,"6' 3""",,,7,,Illinios St,,,,,,,55 / 60,50 / 50,,55 / 60,,,50 / 60,2017,0,,5035,7,Brock,Stewart,RHP,25,LAD,2017,2017 Report,16727,0,,0,7,45,0,2016,6th rd 2014,,75,220,R,R,Illinios St,,,,,,,,,,,,,,,0,0,,0,0,4.093,55.0,60.0,50.0,50.0,,,55.0,60.0,50.0,60.0,,,,
,MLB,sa597778,Daniel Vogelbach,Daniel Vogelbach,/players/daniel-vogelbach/14130/stats/batting,14130,1B/DH,-1.0,,,,2017,45,250,"6' 0""",,,7,,Bishop Verot HS (FL),45 / 50,45 / 50,60 / 60,20 / 20,30 / 30,40 / 40,,,,,,,,2017,0,,4790,7,Dan,Vogelbach,1B,24,SEA,2017,2017 Report,14130,0,,0,7,45,0,2017,2nd rd 2011,,72,250,L,R,Bishop Verot HS (FL),,WVUvxa6mRUs,45.0,50.0,45.0,50.0,60.0,60.0,20.0,20.0,30.0,30.0,40.0,40.0,0,0,,0,n/a,6.049,,,,,,,,,,,,,,
,MLB,sa739600,Chih-Wei Hu,Chih-Wei Hu,/players/chih-wei-hu/16419/stats/pitching,16419,P,-1.0,,,,2018,45,230,"6' 1""",,,7,,Taiwan,,,,,,,50 / 50,,45 / 45,60 / 60,45 / 45,50 / 55,45 / 50,2017,0,,4806,7,Chih-Wei,Hu,RHP,23,TBR,2017,2017 Report,16419,0,,0,7,45,0,2018,J2 2011,,73,230,R,R,Taiwan,,CnQuWadDzvs,,,,,,,,,,,,,0,0,,0,1,0.052,50.0,50.0,,,45.0,45.0,60.0,60.0,45.0,50.0,45.0,45.0,50.0,55.0
AAA,MLB,sa857750,Andrew Stevenson,Andrew Stevenson,/players/andrew-stevenson/17932/stats/batting,17932,OF,,,,,2018,45,185,"6' 0""",,,7,,LSU,40 / 50,20 / 30,50 / 50,70 / 70,50 / 55,30 / 30,,,,,,,,2017,0,,5081,7,Andrew,Stevenson,OF,22,WSN,2017,2017 Report,17932,0,,0,7,45,0,2018,2nd rd 2015,,72,185,L,L,LSU,,EUTPAt6ef7E,40.0,50.0,20.0,30.0,50.0,50.0,70.0,70.0,50.0,55.0,30.0,30.0,0,0,,0,0,2.158,,,,,,,,,,,,,,
,MLB,sa738453,Joe Palumbo,Joseph Palumbo,/players/joseph-palumbo/17035/stats/pitching,17035,P,-1.0,,,,2020,45,170,"6' 1""",,,7,,St. John the Baptist (NY),,,,,,,60 / 60,,55 / 60,40 / 45,,,40 / 45,2017,0,,4837,7,Joe,Palumbo,LHP,22,TEX,2017,2017 Report,17035,0,,0,7,45,0,2020,30th rd 2014,,73,170,L,L,St. John the Baptist (NY),,,,,,,,,,,,,,,0,0,,0,1,1.130,60.0,60.0,,,55.0,60.0,40.0,45.0,40.0,45.0,,,,
,MLB,sa875054,Thomas Szapucki,Thomas Szapucki,/players/thomas-szapucki/21065/stats/pitching,21065,P,-1.0,,,,2020,45,190,"6' 2""",,,7,,Dwyer HS (FL),,,,,,,60 / 60,,60 / 60,40 / 50,,,40 / 50,2017,0,,5101,7,Thomas,Szapucki,LHP,20,NYM,2017,2017 Report,21065,0,,0,7,45,0,2020,5th rd 2015,,74,190,R,L,Dwyer HS (FL),,aaIRseQiZNU,,,,,,,,,,,,,0,0,,0,1,1.061,60.0,60.0,,,60.0,60.0,40.0,50.0,40.0,50.0,,,,
MLB,MLB,sa908697,Lourdes Gurriel Jr.,Lourdes Gurriel Jr.,/players/lourdes-gurriel-jr/19238/stats/batting,19238,OF,15.0,,,,2017,45,185,"6' 3""",,,7,,Cuba,40 / 50,40 / 45,50 / 55,50 / 50,45 / 50,60 / 60,,,,,,,,2017,0,,4859,7,Lourdes,Gurriel,UTIL,23,TOR,2017,2017 Report,19238,0,,0,7,45,0,2017,FA 2016,,75,185,R,R,Cuba,,,40.0,50.0,40.0,45.0,50.0,55.0,50.0,50.0,45.0,50.0,60.0,60.0,0,0,,0,n/a,7.094,,,,,,,,,,,,,,
,A+,sa872825,Roniel Raudes,Roniel Raudes,/players/roniel-raudes/sa872825/stats/pitching,sa872825,P,-1.0,,,,2020,40,160,"6' 1""",,,7,,Nicaragua,,,,,,,40 / 45,,45 / 50,40 / 50,,,45 / 60,2017,0,,4610,7,Roniel,Raudes,RHP,19,BOS,2017,2017 Report,sa872825,0,,0,7,40,0,2020,J2 2014,,73,160,R,R,Nicaragua,,,,,,,,,,,,,,,0,0,,0,R5,,40.0,45.0,,,45.0,50.0,40.0,50.0,45.0,60.0,,,,
MLB,MLB,sa874810,Taylor Clarke,Taylor Clarke,/players/taylor-clarke/17611/stats/pitching,17611,P,15.0,,,,2018,40,,,,,7,,Charleston,,,,,,,60 / 60,55 / 60,,40 / 45,,,55 / 60,2017,0,,4876,7,Taylor,Clarke,RHP,23,ARI,2017,2017 Report,17611,0,,0,7,40,0,2018,3rd rd 2015,,0,0,,,Charleston,,,,,,,,,,,,,,,0,0,,0,n/a,5.148,60.0,60.0,55.0,60.0,,,40.0,45.0,55.0,60.0,,,,
ST,MLB,sa597438,Jarlín García,Jarlin Garcia,/players/jarlin-garcia/18282/stats/pitching,18282,P,,,,,2017,40,170,"6' 2""",,,7,,Dominican Republic,,,,,,,60 / 60,45 / 50,,60 / 60,,,45 / 45,2017,0,,5001,7,Jarlin,Garcia,LHP,24,MIA,2017,2017 Report,18282,0,,0,7,40,0,2017,J2 2010,,74,170,L,L,Dominican Republic,,egiqxhYlMzU,,,,,,,,,,,,,0,0,,0,n/a,6.114,60.0,60.0,45.0,50.0,,,60.0,60.0,45.0,45.0,,,,
AAA,MLB,sa737379,Jaime Barria,Jaime Barria,/players/jaime-barria/18356/stats/pitching,18356,P,,,,,2019,40,180,"6' 1""",,,7,,Panama,,,,,,,45 / 45,,45 / 50,50 / 55,,,45 / 60,2017,0,,4578,7,Jamie,Barria,RHP,20,LAA,2017,2017 Report,18356,0,,0,7,40,0,2019,J2 2012,,73,180,R,R,Panama,,,,,,,,,,,,,,,0,0,,0,0,4.035,45.0,45.0,,,45.0,50.0,50.0,55.0,45.0,60.0,,,,
,MLB,sa549128,Gabriel Ynoa,Gabriel Ynoa,/players/gabriel-ynoa/12938/stats/pitching,12938,P,-1.0,,,,2017,40,160,"6' 2""",,,7,,Dominican Republic,,,,,,,55 / 55,50 / 50,40 / 40,45 / 50,,,50 / 55,2017,0,,4592,7,Gabriel,Ynoa,RHP,23,BAL,2017,2017 Report,12938,0,,0,7,40,0,2017,J2 2009,,74,160,R,R,Dominican Republic,,,,,,,,,,,,,,,0,0,,0,0,2.083,55.0,55.0,50.0,50.0,40.0,40.0,45.0,50.0,50.0,55.0,,,,
,MLB,sa828590,Marcos Diplán,Marcos Diplan,/players/marcos-diplan/17583/stats/pitching,17583,P,-1.0,,,,2018,50,160,"6' 0""",,,8,,Dominican Republic,,,,,,,60 / 60,55 / 60,,40 / 50,,,40 / 50,2017,0,,5057,8,Marcos,Diplan,RHP,20,MIL,2017,2017 Report,17583,0,,0,8,50,0,2018,J2 2013,,72,160,R,R,Dominican Republic,,fnm13fU_fkY,,,,,,,,,,,,,0,0,,0,0,0.078,60.0,60.0,55.0,60.0,,,40.0,50.0,40.0,50.0,,,,
,MLB,sa830592,Franklyn Kilome,Franklyn Kilome,/players/franklyn-kilome/17861/stats/pitching,17861,P,-1.0,,,,2020,45,215,"6' 6""",,,8,,Dominican Republic,,,,,,,60 / 60,,55 / 60,30 / 40,,,30 / 50,2017,0,,5122,8,Franklyn,Kilome,RHP,21,PHI,2017,2017 Report,17861,0,,0,8,45,0,2020,J2 2012,,78,215,R,R,Dominican Republic,,BMD8EhJwlVg,,,,,,,,,,,,,0,0,,0,1,0.075,60.0,60.0,,,55.0,60.0,30.0,40.0,30.0,50.0,,,,
,AA,sa738344,Alec Hansen,Alec Hansen,/players/alec-hansen/sa738344/stats/pitching,sa738344,P,-2.0,,,,2020,45,240,"6' 7""",,,8,,Oklahoma,,,,,,,60 / 70,55 / 60,50 / 55,40 / 45,,,30 / 45,2017,0,,4625,8,Alec,Hansen,RHP,22,CHW,2017,2017 Report,sa738344,0,,0,8,45,0,2020,2nd rd 2016,,79,240,R,R,Oklahoma,,VQzZu_90hZk,,,,,,,,,,,,,0,0,,0,R5,,60.0,70.0,55.0,60.0,50.0,55.0,40.0,45.0,30.0,45.0,,,,
,MLB,sa737937,Steven Brault,Steven Brault,/players/steven-brault/15291/stats/pitching,15291,P,-1.0,,,,2017,45,190,"6' 0""",,,8,,Regis U,,,,,,,45 / 45,50 / 55,,40 / 45,,,50 / 60,2017,0,,5155,8,Steven,Brault,LHP,24,PIT,2017,2017 Report,15291,0,,0,8,45,0,2017,11th rd 2013,,72,190,L,L,Regis U,,,,,,,,,,,,,,,0,0,,0,1,4.167,45.0,45.0,50.0,55.0,,,40.0,45.0,50.0,60.0,,,,
AAA,MLB,sa506001,Erik González,Erik Gonzalez,/players/erik-gonzalez/13369/stats/batting,13369,3B/SS,,,,,2017,45,195,"6' 1""",,,8,,Dominican Republic,40 / 50,30 / 30,45 / 50,55 / 50,50 / 55,60 / 60,,,,,,,,2017,0,,4652,8,Erik,Gonzalez,UTIL,25,CLE,2017,2017 Report,13369,0,,0,8,45,0,2017,J2 2008,,73,195,R,R,Dominican Republic,,,40.0,50.0,30.0,30.0,45.0,50.0,55.0,50.0,50.0,55.0,60.0,60.0,0,0,,0,0,4.165,,,,,,,,,,,,,,
,AA,sa657261,Eliezer Alvarez,Eliezer Alvarez,/players/eliezer-alvarez/sa657261/stats/batting,sa657261,2B/OF,-1.0,,,,2019,45,175,"5' 11""",,,8,,Dominican Republlic,35 / 60,30 / 40,45 / 50,55 / 55,40 / 50,50 / 50,,,,,,,,2017,0,,5176,8,Eliezer,Alvarez,2B,22,StL,2017,2017 Report,sa657261,0,,0,8,45,0,2019,J2 2011,,71,175,L,R,Dominican Republlic,,,35.0,60.0,30.0,40.0,45.0,50.0,55.0,55.0,40.0,50.0,50.0,50.0,0,0,,0,2,0.002,,,,,,,,,,,,,,
AA,AAA,sa737901,Trevor Clifton,Trevor Clifton,/players/trevor-clifton/sa737901/stats/pitching,sa737901,P,,,,,2018,45,210,"6' 4""",,,8,,Heritage HS (TN),,,,,,,50 / 55,,50 / 55,45 / 50,,,40 / 50,2017,0,,4923,8,Trevor,Clifton,RHP,21,CHC,2017,2017 Report,sa737901,0,,0,8,45,0,2018,12th rd 2013,,76,210,R,R,Heritage HS (TN),,,,,,,,,,,,,,,0,0,,0,R5,,50.0,55.0,,,50.0,55.0,45.0,50.0,40.0,50.0,,,,
MLB,MLB,sa875195,Chris Paddack,Chris Paddack,/players/chris-paddack/20099/stats/pitching,20099,P,18.0,,,,2020,45,195,"6' 4""",,,8,,Cedar Park HS (TX),,,,,,,55 / 60,,45 / 50,60 / 70,,,50 / 60,2017,0,,5200,8,Chris,Paddack,RHP,20,SDP,2017,2017 Report,20099,0,,0,8,45,0,2020,8th rd 2015,,76,195,R,R,Cedar Park HS (TX),,,,,,,,,,,,,,,0,0,,0,n/a,7.000,55.0,60.0,,,45.0,50.0,60.0,70.0,50.0,60.0,,,,
,MLB,sa598268,Eric Skoglund,Eric Skoglund,/players/eric-skoglund/16155/stats/pitching,16155,P,-1.0,,,,2017,45,180,"6' 6""",,,8,,UCF,,,,,,,55 / 55,40 / 45,50 / 55,30 / 40,,,50 / 55,2017,0,,4690,8,Eric,Skoglund,LHP,24,KCR,2017,2017 Report,16155,0,,0,8,45,0,2017,3rd rd 2014,,78,180,L,L,UCF,,,,,,,,,,,,,,,0,0,,0,1,1.109,55.0,55.0,40.0,45.0,50.0,55.0,30.0,40.0,50.0,55.0,,,,
,MLB,sa738505,Chris Okey,Chris Okey,/players/chris-okey/19245/stats/batting,19245,C,-1.0,,,,2019,45,200,"5' 11""",,,8,,Clemson,30 / 40,30 / 45,50 / 50,40 / 40,45 / 50,50 / 50,,,,,,,,2017,0,,4946,8,Chris,Okey,C,22,CIN,2017,2017 Report,19245,0,,0,8,45,0,2019,2nd rd 2016,,71,200,R,R,Clemson,,0OchJQB5jr4,30.0,40.0,30.0,45.0,50.0,50.0,40.0,40.0,45.0,50.0,50.0,50.0,0,0,,0,2,0.033,,,,,,,,,,,,,,
,MLB,sa737436,Kohl Stewart,Kohl Stewart,/players/kohl-stewart/15502/stats/pitching,15502,P,-1.0,,,,2019,45,195,"6' 3""",,,8,,Pius X HS (TX),,,,,,,55 / 60,50 / 55,50 / 55,40 / 45,,,40 / 50,2017,0,,4710,8,Kohl,Stewart,RHP,22,MIN,2017,2017 Report,15502,0,,0,8,45,0,2019,1st rd 2013,,75,195,R,R,Pius X HS (TX),,,,,,,,,,,,,,,0,0,,0,1,2.030,55.0,60.0,50.0,55.0,50.0,55.0,40.0,45.0,40.0,50.0,,,,
,MLB,sa872803,Sandro Fabian,Sandro Fabian,/players/sandro-fabian/19910/stats/batting,19910,OF,-1.0,,,,2020,45,,,,,8,,Dominican Republic,40 / 60,30 / 45,40 / 50,45 / 40,40 / 50,45 / 50,,,,,,,,2017,0,,5232,8,Sandro,Fabian,OF,18,SFG,2017,2017 Report,19910,0,,0,8,45,0,2020,J2 2014,,0,0,,,Dominican Republic,,P5N_yzeiS8c,40.0,60.0,30.0,45.0,40.0,50.0,45.0,40.0,40.0,50.0,45.0,50.0,0,0,,0,3,0.026,,,,,,,,,,,,,,
MLB,MLB,sa660043,Miguel Castro,Miguel Castro,/players/miguel-castro/15684/stats/pitching,15684,P,,,,,2016,45,190,"6' 5""",,,8,,Dominican Republic,,,,,,,70 / 80,50 / 60,,40 / 45,,,30 / 45,2017,0,,4978,8,Miguel,Castro,RHP,21,COL,2017,2017 Report,15684,0,,0,8,45,0,2016,J2 2011,,77,190,R,R,Dominican Republic,,,,,,,,,,,,,,,0,0,,0,n/a,8.169,70.0,80.0,50.0,60.0,,,40.0,45.0,30.0,45.0,,,,
MLB,MLB,sa596861,Teoscar Hernández,Teoscar Hernandez,/players/teoscar-hernandez/13066/stats/batting,13066,OF,22.0,,,,2017,45,180,"6' 2""",,,8,,Dominican Republic,45 / 50,40 / 45,50 / 50,55 / 55,50 / 55,55 / 55,,,,,,,,2017,0,,5015,8,Teoscar,Hernandez,OF,24,HOU,2017,2017 Report,13066,0,,0,8,45,0,2017,J2 2010,,74,180,R,R,Dominican Republic,,,45.0,50.0,40.0,45.0,50.0,50.0,55.0,55.0,50.0,55.0,55.0,55.0,0,0,,0,n/a,8.097,,,,,,,,,,,,,,
,MLB,sa738396,Heath Fillmyer,Heath Fillmyer,/players/heath-fillmyer/17466/stats/pitching,17466,P,-1.0,,,,2018,45,180,"6' 1""",,,8,,Mercer CCC (NJ),,,,,,,50 / 55,,50 / 55,40 / 50,,,45 / 50,2017,0,,4767,8,Heath,Fillmyer,RHP,22,OAK,2017,2017 Report,17466,0,,0,8,45,0,2018,5th rd 2014,,73,180,R,R,Mercer CCC (NJ),,,,,,,,,,,,,,,0,0,,0,1,0.155,50.0,55.0,,,50.0,55.0,40.0,50.0,45.0,50.0,,,,
MLB,MLB,sa548301,Andrew Toles,Andrew Toles,/players/andrew-toles/13414/stats/batting,13414,OF,22.0,,,,2016,45,185,"5' 10""",,,8,,Chipola JC (FL),40 / 45,30 / 40,50 / 50,70 / 70,50 / 55,70 / 70,,,,,,,,2017,0,,5036,8,Andrew,Toles,CF,24,LAD,2017,2017 Report,13414,0,,0,8,45,0,2016,3rd rd 2012,,70,185,L,R,Chipola JC (FL),,vxCKQTjcuZI,40.0,45.0,30.0,40.0,50.0,50.0,70.0,70.0,50.0,55.0,70.0,70.0,0,0,,0,2,1.128,,,,,,,,,,,,,,
,MLB,sa914200,Lucius Fox,Lucius Fox,/players/lucius-fox/18899/stats/batting,18899,3B/SS,-1.0,,,,2021,45,175,"6' 1""",,,8,,Bahamas,20 / 55,20 / 40,30 / 40,70 / 70,40 / 55,55 / 55,,,,,,,,2017,0,,4807,8,Lucius,Fox,SS,19,TBR,2017,2017 Report,18899,0,,0,8,45,0,2021,J2 2015,,73,175,S,R,Bahamas,,sSetHzJyedI,20.0,55.0,20.0,40.0,30.0,40.0,70.0,70.0,40.0,55.0,55.0,55.0,0,0,,0,0,0.034,,,,,,,,,,,,,,
,MLB,sa828879,Brett Martin,Brett Martin,/players/brett-martin/17369/stats/pitching,17369,P,-1.0,,,,2020,45,190,"6' 4""",,,8,,Walters State,,,,,,,50 / 55,,50 / 55,40 / 50,,40 / 45,40 / 50,2017,0,,4838,8,Brett,Martin,LHP,21,TEX,2017,2017 Report,17369,0,,0,8,45,0,2020,4th rd 2014,,76,190,L,L,Walters State,,4ILlmvUzq_s,,,,,,,,,,,,,0,0,,0,1,4.151,50.0,55.0,,,50.0,55.0,40.0,50.0,40.0,50.0,,,40.0,45.0
AAA,MLB,sa658115,Tomás Nido,Tomas Nido,/players/tomas-nido/13755/stats/batting,13755,C,6.0,,,,2018,45,205,"6' 0""",,,8,,Orangewood Christian HS (FL),40 / 50,35 / 40,50 / 50,20 / 20,45 / 50,55 / 55,,,,,,,,2017,0,,5102,8,Thomas,Nido,C,22,NYM,2017,2017 Report,13755,0,,0,8,45,0,2018,8th rd 2012,,72,205,R,R,Orangewood Christian HS (FL),,GqtDVUKi1eU,40.0,50.0,35.0,40.0,50.0,50.0,20.0,20.0,45.0,50.0,55.0,55.0,0,0,,0,n/a,5.167,,,,,,,,,,,,,,
AAA,MLB,sa738437,Rowdy Tellez,Rowdy Tellez,/players/rowdy-tellez/15679/stats/batting,15679,1B,16.0,,,,2017,45,220,"6' 4""",,,8,,Elk Grove HS (CA),40 / 50,50 / 55,60 / 60,40 / 30,40 / 45,30 / 30,,,,,,,,2017,0,,4860,8,Rowdy,Tellez,1B,22,TOR,2017,2017 Report,15679,0,,0,8,45,0,2017,30th rd 2013,,76,220,L,L,Elk Grove HS (CA),,jEnF7574CyA,40.0,50.0,50.0,55.0,60.0,60.0,40.0,30.0,40.0,45.0,30.0,30.0,0,0,,0,n/a,6.169,,,,,,,,,,,,,,
AAA,MLB,sa873678,Travis Lakins,Travis Lakins Sr.,/players/travis-lakins-sr/18600/stats/pitching,18600,P,,,,,2018,40,180,"6' 1""",,,8,,Ohio State,,,,,,,55 / 55,,55 / 60,45 / 50,,,40 / 45,2017,0,,4611,8,Travis,Lankins,RHP,22,BOS,2017,2017 Report,18600,0,,0,8,40,0,2018,6th rd 2015,,73,180,R,R,Ohio State,,,,,,,,,,,,,,,0,0,,0,1,3.003,55.0,55.0,,,55.0,60.0,45.0,50.0,40.0,45.0,,,,
CPX,MLB,sa658917,Alex Young,Alex Young,/players/alex-young/18333/stats/pitching,18333,P,24.0,,,,2018,40,,,,,8,,TCU,,,,,,,45 / 45,55 / 55,40 / 40,45 / 50,,,45 / 50,2017,0,,4877,8,Alex,Young,LHP,23,ARI,2017,2017 Report,18333,0,,0,8,40,0,2018,2nd rd 2015,,0,0,,,TCU,,XpfCIyL7nJo,,,,,,,,,,,,,0,0,,0,0,4.085,45.0,45.0,55.0,55.0,40.0,40.0,45.0,50.0,45.0,50.0,,,,
MLB,MLB,sa828670,Derek Hill,Derek Hill,/players/derek-hill/16947/stats/batting,16947,OF,4.0,,,,2021,40,195,"6' 2""",,,8,,Elk Grove HS (CA),20 / 40,20 / 20,30 / 30,70 / 70,60 / 70,55 / 60,,,,,,,,2017,0,,4670,8,Derek,Hill,OF,20,DET,2017,2017 Report,16947,0,,0,8,40,0,2021,1st rd 2014,,74,195,R,R,Elk Grove HS (CA),,ZObNf_dt9Wg,20.0,40.0,20.0,20.0,30.0,30.0,70.0,70.0,60.0,70.0,55.0,60.0,0,0,,0,0,3.040,,,,,,,,,,,,,,
,A+,sa830217,Isael Soto,Isael Soto,/players/isael-soto/sa830217/stats/batting,sa830217,OF,-1.0,,,,2019,40,180,"6' 0""",,,8,,Dominican Republic,30 / 40,30 / 50,60 / 60,50 / 45,45 / 50,60 / 60,,,,,,,,2017,0,,5002,8,Isael,Soto,RF,20,MIA,2017,2017 Report,sa830217,0,,0,8,40,0,2019,J2 2013,,72,180,L,L,Dominican Republic,,QgsK_KdWAbg,30.0,40.0,30.0,50.0,60.0,60.0,50.0,45.0,45.0,50.0,60.0,60.0,0,0,,0,R5,,,,,,,,,,,,,,,
AAA,MLB,sa548493,Ben Gamel,Ben Gamel,/players/ben-gamel/12160/stats/batting,12160,OF,16.0,,,,2017,40,170,"5' 10""",,,8,,Bishop Kenney HS (FL),50 / 55,30 / 35,45 / 45,55 / 55,45 / 50,55 / 55,,,,,,,,2017,0,,4791,8,Ben,Gamel,OF,24,SEA,2017,2017 Report,12160,0,,0,8,40,0,2017,10th rd 2010,,70,170,L,R,Bishop Kenney HS (FL),,,50.0,55.0,30.0,35.0,45.0,45.0,55.0,55.0,45.0,50.0,55.0,55.0,0,0,,0,n/a,6.152,,,,,,,,,,,,,,
,MLB,sa738949,Sheldon Neuse,Sheldon Neuse,/players/sheldon-neuse/19635/stats/batting,19635,2B/3B,-1.0,,,,2019,40,195,"6' 0""",,,8,,Oklahoma,30 / 40,35 / 50,55 / 55,40 / 40,40 / 55,60 / 60,,,,,,,,2017,0,,5082,8,Sheldon,Neuse,3B,22,WSN,2017,2017 Report,19635,0,,0,8,40,0,2019,2nd rd 2016,,72,195,R,R,Oklahoma,,4WLKeAvMHIU,30.0,40.0,35.0,50.0,55.0,55.0,40.0,40.0,40.0,55.0,60.0,60.0,0,0,,0,0,1.043,,,,,,,,,,,,,,
AAA,MLB,sa737638,Keynan Middleton,Keynan Middleton,/players/keynan-middleton/15264/stats/pitching,15264,P,22.0,,,,2017,40,200,"6' 0""",,,8,,Lane CC (OR),,,,,,,60 / 60,50 / 55,,45 / 45,,,40 / 45,2017,0,,4579,8,Keynan,Middleton,RHP,23,LAA,2017,2017 Report,15264,0,,0,8,40,0,2017,3rd rd 2013,,72,200,R,R,Lane CC (OR),,,,,,,,,,,,,,,0,0,,0,n/a,7.023,60.0,60.0,50.0,55.0,,,45.0,45.0,40.0,45.0,,,,
AAA,MLB,sa874219,Austin Hays,Austin Hays,/players/austin-hays/19363/stats/batting,19363,OF,4.0,,,,2020,40,205,"6' 0""",,,8,,Jacksonville,35 / 50,40 / 45,45 / 50,55 / 55,50 / 55,60 / 60,,,,,,,,2017,0,,4593,8,Austin,Hays,OF,21,BAL,2017,2017 Report,19363,0,,0,8,40,0,2020,3rd rd 2016,,72,205,R,R,Jacksonville,,,35.0,50.0,40.0,45.0,45.0,50.0,55.0,55.0,50.0,55.0,60.0,60.0,0,0,,0,n/a,6.057,,,,,,,,,,,,,,
MLB,MLB,sa827179,Rhys Hoskins,Rhys Hoskins,/players/rhys-hoskins/16472/stats/batting,16472,1B,5.0,,,,2018,45,225,"6' 4""",,,9,,Sacramento St,40 / 50,40 / 50,60 / 60,30 / 30,40 / 45,40 / 40,,,,,,,,2017,0,,5123,9,Rhys,Hoskins,1B,24,PHI,2017,2017 Report,16472,0,,0,9,45,0,2018,5th rd 2014,,76,225,R,R,Sacramento St,,,40.0,50.0,40.0,50.0,60.0,60.0,30.0,30.0,40.0,45.0,40.0,40.0,0,0,,0,n/a,8.053,,,,,,,,,,,,,,
,AAA,sa828687,Spencer Adams,Spencer Adams,/players/spencer-adams/sa828687/stats/pitching,sa828687,P,-1.0,,,,2019,45,170,"6' 3""",,,9,,White County HS (GA),,,,,,,40 / 45,50 / 60,,40 / 50,,,50 / 60,2017,0,,4626,9,Spencer,Adams,RHP,20,CHW,2017,2017 Report,sa828687,0,,0,9,45,0,2019,2nd rd 2014,,75,170,R,R,White County HS (GA),,SNXhcruPtfQ,,,,,,,,,,,,,0,0,,0,R5,,40.0,45.0,50.0,60.0,,,40.0,50.0,50.0,60.0,,,,
,MLB,sa738696,Will Craig,Will Craig,/players/will-craig/19267/stats/batting,19267,1B,-1.0,,,,2019,45,235,"6' 3""",,,9,,Wake Forest,40 / 55,40 / 50,55 / 55,30 / 30,40 / 40,60 / 60,,,,,,,,2017,0,,5156,9,Will,Craig,DH,22,PIT,2017,2017 Report,19267,0,,0,9,45,0,2019,1st rd 2016,,75,235,R,R,Wake Forest,,,40.0,55.0,40.0,50.0,55.0,55.0,30.0,30.0,40.0,40.0,60.0,60.0,0,0,,0,2,0.042,,,,,,,,,,,,,,
,MLB,sa830276,Yu Chang,Yu Chang,/players/yu-chang/14773/stats/batting,14773,SS,-1.0,,,,2019,45,175,"6' 1""",,,9,,Taiwan,30 / 50,30 / 40,50 / 55,50 / 50,40 / 50,50 / 50,,,,,,,,2017,0,,4653,9,Yu,Chang,INF,21,CLE,2017,2017 Report,14773,0,,0,9,45,0,2019,J2 2012,,73,175,R,R,Taiwan,,VDPqWbix08,30.0,50.0,30.0,40.0,50.0,55.0,50.0,50.0,40.0,50.0,50.0,50.0,0,0,,0,0,3.142,,,,,,,,,,,,,,
AAA,MLB,sa736866,Magneuris Sierra,Magneuris Sierra,/players/magneuris-sierra/17023/stats/batting,17023,OF,,,,,2020,45,160,"5' 11""",,,9,,Dominican Republlic,20 / 40,20 / 35,35 / 45,70 / 70,55 / 70,50 / 50,,,,,,,,2017,0,,5177,9,Magneuris,Sierra,OF,20,StL,2017,2017 Report,17023,0,,0,9,45,0,2020,J2 2012,,71,160,L,L,Dominican Republlic,,,20.0,40.0,20.0,35.0,35.0,45.0,70.0,70.0,55.0,70.0,50.0,50.0,0,0,,0,0,2.138,,,,,,,,,,,,,,
,MLB,sa827207,Mark Zagunis,Mark Zagunis,/players/mark-zagunis/16565/stats/batting,16565,OF,-1.0,,,,2017,45,212,"6' 0""",,,9,,Virginia Tech,55 / 60,30 / 40,50 / 50,50 / 50,40 / 45,50 / 50,,,,,,,,2017,0,,4924,9,Mark,Zagunis,OF,23,CHC,2017,2017 Report,16565,0,,0,9,45,0,2017,3rd rd 2014,,72,212,R,R,Virginia Tech,,,55.0,60.0,30.0,40.0,50.0,50.0,50.0,50.0,40.0,45.0,50.0,50.0,0,0,,0,0,0.103,,,,,,,,,,,,,,
,,,Jeisson Rosario,Jeisson Rosario,,,,,,,,2021,45,170,"5' 11""",,,9,,Dominican Republic,20 / 60,30 / 50,40 / 50,55 / 55,40 / 50,55 / 60,,,,,,,,2017,0,,5201,9,Jeisson,Rosario,OF,17,SDP,2017,2017 Report,,0,,0,9,45,0,2021,J2 2016,,71,170,L,L,Dominican Republic,,tz3B5XbWgMc,20.0,60.0,30.0,50.0,40.0,50.0,55.0,55.0,40.0,50.0,55.0,60.0,0,0,,0,,,,,,,,,,,,,,,,
AAA,MLB,sa830182,Meibrys Viloria,Meibrys Viloria,/players/meibrys-viloria/17109/stats/batting,17109,C,,,,,2020,45,200,"5' 11""",,,9,,Colombia,20 / 55,20 / 40,45 / 55,20 / 20,40 / 45,50 / 50,,,,,,,,2017,0,,4691,9,Meibrys,Viloria,C,19,KCR,2017,2017 Report,17109,0,,0,9,45,0,2020,J2 2013,,71,200,L,R,Colombia,,iDqupBxZ52A,20.0,55.0,20.0,40.0,45.0,55.0,20.0,20.0,40.0,45.0,50.0,50.0,0,0,,0,0,1.136,,,,,,,,,,,,,,
AAA,MLB,sa943754,TJ Friedl,TJ Friedl,/players/tj-friedl/19522/stats/batting,19522,OF,18.0,,,,2019,45,170,"5' 10""",,,9,,Nevada,40 / 55,30 / 40,45 / 50,70 / 70,50 / 60,45 / 45,,,,,,,,2017,0,,4947,9,T.J.,Friedl,CF,21,CIN,2017,2017 Report,19522,0,,0,9,45,0,2019,UFA 2016,,70,170,L,L,Nevada,,P3qreU_0HUc,40.0,55.0,30.0,40.0,45.0,50.0,70.0,70.0,50.0,60.0,45.0,45.0,0,0,,0,2,3.112,,,,,,,,,,,,,,
AAA,MLB,sa917942,Ben Rortvedt,Ben Rortvedt,/players/ben-rortvedt/20287/stats/batting,20287,C,25.0,,,,2021,45,190,"5' 10""",,,9,,Verona HS (WI),20 / 45,20 / 50,50 / 55,30 / 20,30 / 50,55 / 55,,,,,,,,2017,0,,4711,9,Ben,Rortvedt,C,19,MIN,2017,2017 Report,20287,0,,0,9,45,0,2021,2nd rd 2016,,70,190,L,R,Verona HS (WI),,,20.0,45.0,20.0,50.0,50.0,55.0,30.0,20.0,30.0,50.0,55.0,55.0,0,0,,0,0,3.135,,,,,,,,,,,,,,
,MLB,sa621598,Chris Stratton,Chris Stratton,/players/chris-stratton/13761/stats/pitching,13761,P,-1.0,,,,2016,45,,,,,9,,Mississippi St.,,,,,,,50 / 50,50 / 50,40 / 45,45 / 50,,,50 / 55,2017,0,,5233,9,Chris,Stratton,RHP,26,SFG,2017,2017 Report,13761,0,,0,9,45,0,2016,1st rd 2012,,0,0,,,Mississippi St.,,gjTjXoA3knI,,,,,,,,,,,,,0,0,,0,n/a,8.001,50.0,50.0,50.0,50.0,40.0,45.0,45.0,50.0,50.0,55.0,,,,
,MLB,sa657946,Tom Murphy,Tom Murphy,/players/tom-murphy/13499/stats/batting,13499,C,-1.0,,,,2015,45,220,"6' 1""",,,9,,Buffalo,35 / 40,50 / 50,60 / 60,30 / 20,40 / 40,50 / 50,,,,,,,,2017,0,,4979,9,Tom,Murphy,C,25,COL,2017,2017 Report,13499,0,,0,9,45,0,2015,3rd rd 2012,,73,220,R,R,Buffalo,,,35.0,40.0,50.0,50.0,60.0,60.0,30.0,20.0,40.0,40.0,50.0,50.0,0,0,,0,n/a,8.092,,,,,,,,,,,,,,
,MLB,sa828366,Albert Abreu,Albert Abreu,/players/albert-abreu/17485/stats/pitching,17485,P,-1.0,,,,2019,45,175,"6' 2""",,,9,,Dominican Republic,,,,,,,60 / 60,40 / 45,55 / 60,45 / 60,,,35 / 45,2017,0,,4735,9,Albert,Abreu,RHP,21,NYY,2017,2017 Report,17485,0,,0,9,45,0,2019,J2 2013,,74,175,R,R,Dominican Republic,,,,,,,,,,,,,,,0,0,,0,0,2.118,60.0,60.0,40.0,45.0,55.0,60.0,45.0,60.0,35.0,45.0,,,,
AAA,MLB,sa914313,Gilberto Celestino,Gilberto Celestino,/players/gilberto-celestino/20233/stats/batting,20233,OF,13.0,,,,2020,45,170,"6' 0""",,,9,,Dominican Republic,30 / 60,20 / 45,40 / 50,55 / 60,45 / 60,55 / 55,,,,,,,,2017,0,,5016,9,Gilberto,Celestino,OF,18,HOU,2017,2017 Report,20233,0,,0,9,45,0,2020,J2 2015,,72,170,R,L,Dominican Republic,,QyYaz8gJrxc,30.0,60.0,20.0,45.0,40.0,50.0,55.0,60.0,45.0,60.0,55.0,55.0,0,0,,0,0,1.057,,,,,,,,,,,,,,
MLB,MLB,sa828669,Grant Holmes,Grant Holmes,/players/grant-holmes/16944/stats/pitching,16944,P,16.0,,,,2019,45,215,"6' 1""",,,9,,Conway HS (SC),,,,,,,50 / 50,,55 / 55,40 / 45,,,40 / 45,2017,0,,4768,9,Grant,Holmes,RHP,21,OAK,2017,2017 Report,16944,0,,0,9,45,0,2019,1st rd 2014,,73,215,R,R,Conway HS (SC),,MvTNMZd4LDA,,,,,,,,,,,,,0,0,,0,0,1.106,50.0,50.0,,,55.0,55.0,40.0,45.0,40.0,45.0,,,,
,MLB,sa912848,Yusniel Díaz,Yusniel Diaz,/players/yusniel-diaz/18905/stats/batting,18905,OF,-1.0,,,,2019,45,195,"6' 1""",,,9,,Cuba,30 / 50,30 / 40,50 / 50,55 / 50,45 / 50,50 / 55,,,,,,,,2017,0,,5037,9,Yusniel,Diaz,CF,20,LAD,2017,2017 Report,18905,0,,0,9,45,0,2019,J2 2015,,73,195,R,R,Cuba,,2bA0NXwh7e0,30.0,50.0,30.0,40.0,50.0,50.0,55.0,50.0,45.0,50.0,50.0,55.0,0,0,,0,1,0.003,,,,,,,,,,,,,,
MLB,MLB,sa874246,Trent Grisham,Trent Grisham,/players/trent-grisham/18564/stats/batting,18564,OF,9.0,,,,2020,45,205,"6' 0""",,,9,,Richland HS (TX),30 / 50,30 / 40,45 / 50,55 / 50,40 / 50,50 / 50,,,,,,,,2017,0,,5058,9,Trent,Clark,OF,20,MIL,2017,2017 Report,18564,0,,0,9,45,0,2020,1st rd 2015,,72,205,L,L,Richland HS (TX),,ToL0111crDA,30.0,50.0,30.0,40.0,45.0,50.0,55.0,50.0,40.0,50.0,50.0,50.0,0,0,,0,n/a,6.060,,,,,,,,,,,,,,
,AAA,sa827177,Casey Gillaspie,Casey Gillaspie,/players/casey-gillaspie/sa827177/stats/batting,sa827177,1B,-1.0,,,,2017,45,240,"6' 4""",,,9,,Wichita St,40 / 45,45 / 50,60 / 60,20 / 20,40 / 45,40 / 40,,,,,,,,2017,0,,4808,9,Casey,Gillaspie,1B,24,TBR,2017,2017 Report,sa827177,0,,0,9,45,0,2017,1st rd 2014,,76,240,S,L,Wichita St,,McGCIMMsD9A,40.0,45.0,45.0,50.0,60.0,60.0,20.0,20.0,40.0,45.0,40.0,40.0,0,0,,0,3,0.000,,,,,,,,,,,,,,
AAA,MLB,sa914201,Andy Ibáñez,Andy Ibanez,/players/andy-ibanez/18819/stats/batting,18819,2B/3B,25.0,,,,2018,45,170,"5' 10""",,,9,,Cuba,45 / 55,30 / 40,45 / 45,45 / 45,45 / 50,45 / 45,,,,,,,,2017,0,,4839,9,Andy,Ibanez,2B,24,TEX,2017,2017 Report,18819,0,,0,9,45,0,2018,J2 2015,,70,170,R,R,Cuba,,,45.0,55.0,30.0,40.0,45.0,45.0,45.0,45.0,45.0,50.0,45.0,45.0,0,0,,0,0,3.133,,,,,,,,,,,,,,
MLB,MLB,sa597760,Brandon Nimmo,Brandon Nimmo,/players/brandon-nimmo/12927/stats/batting,12927,OF,13.0,,,,2017,45,205,"6' 3""",,,9,,Cheyenne East HS (WY),45 / 50,40 / 45,50 / 50,55 / 55,40 / 45,50 / 50,,,,,,,,2017,0,,5103,9,Brandon,Nimmo,OF,23,NYM,2017,2017 Report,12927,0,,0,9,45,0,2017,1st rd 2011,,75,205,L,R,Cheyenne East HS (WY),,tU7BTA3nt6k,45.0,50.0,40.0,45.0,50.0,50.0,55.0,55.0,40.0,45.0,50.0,50.0,0,0,,0,n/a,9.042,,,,,,,,,,,,,,
AAA,MLB,sa737829,Conner Greene,Conner Greene,/players/conner-greene/16455/stats/pitching,16455,P,,,,,2018,45,185,"6' 3""",,,9,,Santa Monica HS (CA),,,,,,,70 / 70,40 / 45,40 / 40,55 / 60,,,40 / 45,2017,0,,4861,9,Conner,Greene,RHP,21,TOR,2017,2017 Report,16455,0,,0,9,45,0,2018,7th rd 2013,,75,185,R,R,Santa Monica HS (CA),,,,,,,,,,,,,,,0,0,,0,1,0.064,70.0,70.0,40.0,45.0,40.0,40.0,55.0,60.0,40.0,45.0,,,,
,AAA,sa829375,Josh Ockimey,Josh Ockimey,/players/joshua-ockimey/sa829375/stats/batting,sa829375,1B,-1.0,,,,2020,40,215,"6' 1""",,,9,,Neumann-Goretti HS (PA),30 / 40,40 / 50,60 / 60,30 / 30,40 / 45,40 / 40,,,,,,,,2017,0,,4612,9,Josh,Ockimey,1B,21,BOS,2017,2017 Report,sa829375,0,,0,9,40,0,2020,5th rd 2014,,73,215,L,R,Neumann-Goretti HS (PA),,cSQgarI_0lw,30.0,40.0,40.0,50.0,60.0,60.0,30.0,30.0,40.0,45.0,40.0,40.0,0,0,,0,R5,,,,,,,,,,,,,,,
AAA,MLB,sa872084,Wei-Chieh Huang,Wei-Chieh Huang,/players/wei-chieh-huang/17508/stats/pitching,17508,P,27.0,,,,2019,40,,,,,9,,Taiwan,,,,,,,50 / 50,,40 / 45,60 / 60,,,40 / 45,2017,0,,4878,9,Wei-Chieh,Huang,RHP,23,ARI,2017,2017 Report,17508,0,,0,9,40,0,2019,J2 2014,,0,0,,,Taiwan,,,,,,,,,,,,,,,0,0,,0,2,0.019,50.0,50.0,,,40.0,45.0,60.0,60.0,40.0,45.0,,,,
AAA,MLB,sa735839,José Azócar,Jose Azocar,/players/jose-azocar/18821/stats/batting,18821,OF,16.0,,,,2020,40,175,"5' 11""",,,9,,Venezuela,30 / 55,20 / 20,30 / 30,60 / 60,45 / 55,70 / 70,,,,,,,,2017,0,,4671,9,Jose,Azocar,OF,20,DET,2017,2017 Report,18821,0,,0,9,40,0,2020,J2 2012,,71,175,R,R,Venezuela,,,30.0,55.0,20.0,20.0,30.0,30.0,60.0,60.0,45.0,55.0,70.0,70.0,0,0,,0,0,2.087,,,,,,,,,,,,,,
,MLB,sa550025,JT Riddle,JT Riddle,/players/jt-riddle/17642/stats/batting,17642,SS,-1.0,,,,2017,40,180,"6' 3""",,,9,,Kentucky,30 / 50,30 / 30,40 / 40,55 / 55,50 / 50,50 / 50,,,,,,,,2017,0,,5003,9,J.T.,Riddle,SS,25,MIA,2017,2017 Report,17642,0,,0,9,40,0,2017,13th rd 2013,,75,180,L,R,Kentucky,,9VNKAvr2xDA,30.0,50.0,30.0,30.0,40.0,40.0,55.0,55.0,50.0,50.0,50.0,50.0,0,0,,0,0,3.137,,,,,,,,,,,,,,
,MLB,sa724029,Guillermo Heredia,Guillermo Heredia,/players/guillermo-heredia/18721/stats/batting,18721,OF,-1.0,,,,2017,40,180,"5' 10""",,,9,,Cuba,45 / 50,30 / 30,40 / 40,55 / 55,55 / 55,55 / 55,,,,,,,,2017,0,,4792,9,Guillermo,Heredia,OF,26,SEA,2017,2017 Report,18721,0,,0,9,40,0,2017,Free Agent 2016,,70,180,R,L,Cuba,,,45.0,50.0,30.0,30.0,40.0,40.0,55.0,55.0,55.0,55.0,55.0,55.0,0,0,,0,n/a,5.112,,,,,,,,,,,,,,
MLB,MLB,sa917981,Jesús Luzardo,Jesus Luzardo,/players/jesus-luzardo/19959/stats/pitching,19959,P,26.0,,,,2020,40,209,"5' 11""",,,9,,Stoneman Douuglas HS (FL),,,,,,,55 / 55,,50 / 55,50 / 60,,,45 / 55,2017,0,,5083,9,Jesus,Luzardo,LHP,19,WSN,2017,2017 Report,19959,0,,0,9,40,0,2020,3rd rd 2016,,71,209,L,L,Stoneman Douuglas HS (FL),,,,,,,,,,,,,,,0,0,,0,n/a,5.165,55.0,55.0,,,50.0,55.0,50.0,60.0,45.0,55.0,,,,
,A,sa917984,Nonie Williams,Nonie Williams,/players/nolan-williams/sa917984/stats/batting,sa917984,SS/OF,-1.0,,,,2021,40,190,"6' 2""",,,9,,Home Schooled,20 / 40,20 / 45,45 / 55,60 / 60,40 / 45,60 / 60,,,,,,,,2017,0,,4580,9,Nonie,Williams,SS,18,LAA,2017,2017 Report,sa917984,0,,0,9,40,0,2021,3rd rd 2016,,74,190,S,R,Home Schooled,,,20.0,40.0,20.0,45.0,45.0,55.0,60.0,60.0,40.0,45.0,60.0,60.0,0,0,,0,R5,,,,,,,,,,,,,,,
,AA,sa830204,Jomar Reyes,Jomar Reyes,/players/jomar-reyes/sa830204/stats/batting,sa830204,3B,-1.0,,,,2020,40,220,"6' 3""",,,9,,Dominican Republic,20 / 40,30 / 55,60 / 70,40 / 30,30 / 40,70 / 70,,,,,,,,2017,0,,4594,9,Jomar,Reyes,3B,20,BAL,2017,2017 Report,sa830204,0,,0,9,40,0,2020,J2 2013,,75,220,R,R,Dominican Republic,,,20.0,40.0,30.0,55.0,60.0,70.0,40.0,30.0,30.0,40.0,70.0,70.0,0,0,,0,R5,,,,,,,,,,,,,,,
AAA,MLB,sa916722,Cristian Pache,Cristian Pache,/players/cristian-pache/19948/stats/batting,19948,OF,25.0,,,,2020,50,185,"6' 2""",,,10,,Dominican Republic,20 / 60,20 / 40,30 / 50,70 / 70,40 / 60,70 / 70,,,,,,,,2017,0,,4893,10,Cristian,Pache,CF,18,ATL,2017,2017 Report,19948,0,,0,10,50,0,2020,J2 2015,,74,185,R,R,Dominican Republic,,TTrN1fNVTzI,20.0,60.0,20.0,40.0,30.0,50.0,70.0,70.0,40.0,60.0,70.0,70.0,0,0,,0,0,3.031,,,,,,,,,,,,,,
,MLB,sa657955,Dylan Cozens,Dylan Cozens,/players/dylan-cozens/15115/stats/batting,15115,OF,-1.0,,,,2018,45,235,"6' 6""",,,10,,Chaparral HS (AZ),30 / 40,50 / 60,70 / 70,40 / 30,40 / 45,45 / 45,,,,,,,,2017,0,,5124,10,Dylan,Cozens,OF,22,PHI,2017,2017 Report,15115,0,,0,10,45,0,2018,2nd rd 2012,,78,235,L,L,Chaparral HS (AZ),,5CGtPSHk7sY,30.0,40.0,50.0,60.0,70.0,70.0,40.0,30.0,40.0,45.0,45.0,45.0,0,0,,0,1,0.082,,,,,,,,,,,,,,
AAA,MLB,sa738926,Dane Dunning,Dane Dunning,/players/dane-dunning/19409/stats/pitching,19409,P,11.0,,,,2018,45,200,"6' 4""",,,10,,Florida,,,,,,,55 / 55,55 / 60,,40 / 50,,,45 / 55,2017,0,,4627,10,Dane,Dunning,RHP,22,CHW,2017,2017 Report,19409,0,,0,10,45,0,2018,1st rd 2016,,76,200,R,R,Florida,,,,,,,,,,,,,,,0,0,,0,0,4.138,55.0,55.0,55.0,60.0,,,40.0,50.0,45.0,55.0,,,,
,MLB,sa547735,Alen Hanson,Alen Hanson,/players/alen-hanson/12926/stats/batting,12926,2B/OF,-1.0,,,,2017,45,175,"5' 11""",,,10,,Dominican Republic,45 / 50,30 / 40,40 / 40,60 / 60,50 / 50,40 / 40,,,,,,,,2017,0,,5157,10,Alen,Hanson,2B,24,PIT,2017,2017 Report,12926,0,,0,10,45,0,2017,J2 2009,,71,175,S,R,Dominican Republic,,V5aIAKHM9VM,45.0,50.0,30.0,40.0,40.0,40.0,60.0,60.0,50.0,50.0,40.0,40.0,0,0,,0,0,2.062,,,,,,,,,,,,,,
,A,sa828659,Brady Aiken,Brady Aiken,/players/brady-aiken/sa828659/stats/pitching,sa828659,P,-1.0,,,,2020,45,220,"6' 4""",,,10,,IMG Academy,,,,,,,45 / 50,,55 / 60,40 / 45,,,40 / 50,2017,0,,4654,10,Brady,Aiken,LHP,20,CLE,2017,2017 Report,sa828659,0,,0,10,45,0,2020,1st rd 2015,,76,220,L,L,IMG Academy,,et19uIvSvjM,,,,,,,,,,,,,0,0,,0,R5,,45.0,50.0,,,55.0,60.0,40.0,45.0,40.0,50.0,,,,
MLB,MLB,sa736859,Edmundo Sosa,Edmundo Sosa,/players/edmundo-sosa/17022/stats/batting,17022,3B/SS,26.0,,,,2019,45,170,"5' 11""",,,10,,Panama,30 / 45,30 / 40,45 / 50,45 / 45,40 / 50,55 / 55,,,,,,,,2017,0,,5178,10,Edmundo,Sosa,SS,20,StL,2017,2017 Report,17022,0,,0,10,45,0,2019,J2 2012,,71,170,R,R,Panama,,,30.0,45.0,30.0,40.0,45.0,50.0,45.0,45.0,40.0,50.0,55.0,55.0,0,0,,0,n/a,5.140,,,,,,,,,,,,,,
ST,AAA,sa506730,Jose Rosario,Jose Rosario,/players/jos-rosario/sa506730/stats/pitching,sa506730,P,,,,,2017,45,170,"6' 1""",,,10,,Dominican Republic,,,,,,,70 / 70,,50 / 55,,,,40 / 40,2017,0,,4925,10,Jose,Rosario,RHP,26,CHC,2017,2017 Report,sa506730,0,,0,10,45,0,2017,J2 2007,,73,170,R,R,Dominican Republic,,,,,,,,,,,,,,,0,0,,0,2,,70.0,70.0,,,50.0,55.0,,,40.0,40.0,,,,
AAA,MLB,sa875192,Logan Allen,Logan Allen,/players/logan-allen/18555/stats/pitching,18555,P,22.0,,,,2020,45,200,"6' 3""",,,10,,IMG,,,,,,,55 / 60,,45 / 55,45 / 55,,,40 / 50,2017,0,,5202,10,Logan,Allen,LHP,19,SDP,2017,2017 Report,18555,0,,0,10,45,0,2020,8th rd 2015,,75,200,R,L,IMG,,vO-q9WIphiY,,,,,,,,,,,,,0,0,,0,0,1.091,55.0,60.0,,,45.0,55.0,45.0,55.0,40.0,50.0,,,,
,MLB,sa547943,Jorge Bonifacio,Jorge Bonifacio,/players/jorge-bonifacio/12174/stats/batting,12174,OF,-1.0,,,,2017,45,220,"6' 2""",,,10,,Dominican Republic,45 / 55,40 / 45,50 / 50,40 / 30,40 / 45,50 / 50,,,,,,,,2017,0,,4692,10,Jorge,Bonifacio,OF,23,KCR,2017,2017 Report,12174,0,,0,10,45,0,2017,J2 2009,,74,220,R,R,Dominican Republic,,b7C0SgNxjE,45.0,55.0,40.0,45.0,50.0,50.0,40.0,30.0,40.0,45.0,50.0,50.0,0,0,,0,0,2.054,,,,,,,,,,,,,,
MLB,MLB,sa657487,Luis Castillo,Luis Castillo,/players/luis-castillo/15689/stats/pitching,15689,P,11.0,,,,2018,45,170,"6' 2""",,,10,,Dominican Republic,,,,,,,60 / 60,50 / 55,,40 / 45,,,40 / 45,2017,0,,4948,10,Luis,Castillo,RHP,24,CIN,2017,2017 Report,15689,0,,0,10,45,0,2018,J2 2011,,74,170,R,R,Dominican Republic,,,,,,,,,,,,,,,0,0,,0,n/a,8.101,60.0,60.0,50.0,55.0,,,40.0,45.0,40.0,45.0,,,,
MLB,MLB,sa578988,Mitch Garver,Mitch Garver,/players/mitch-garver/15161/stats/batting,15161,C/DH,11.0,,,,2017,45,220,"6' 1""",,,10,,New Mexico,40 / 50,40 / 45,50 / 50,20 / 20,45 / 50,45 / 45,,,,,,,,2017,0,,4712,10,Mitch,Garver,C,25,MIN,2017,2017 Report,15161,0,,0,10,45,0,2017,9th rd 2013,,73,220,R,R,New Mexico,,n1oigquIbXQ,40.0,50.0,40.0,45.0,50.0,50.0,20.0,20.0,45.0,50.0,45.0,45.0,0,0,,0,n/a,8.045,,,,,,,,,,,,,,
,MLB,sa828682,Forrest Wall,Forrest Wall,/players/forrest-wall/16496/stats/batting,16496,OF,-1.0,,,,2019,45,180,"6' 0""",,,10,,Orangewood Christian HS (FL),30 / 60,30 / 40,40 / 45,40 / 40,40 / 50,40 / 40,,,,,,,,2017,0,,4980,10,Forrest,Wall,2B/OF,20,COL,2017,2017 Report,16496,0,,0,10,45,0,2019,1st rd 2014,,72,180,L,R,Orangewood Christian HS (FL),,1Ko-nUsZ6is,30.0,60.0,30.0,40.0,40.0,45.0,40.0,40.0,40.0,50.0,40.0,40.0,0,0,,0,2,0.124,,,,,,,,,,,,,,
,MLB,sa875066,Chance Adams,Chance Adams,/players/chance-adams/18135/stats/pitching,18135,P,-1.0,,,,2018,45,215,"6' 0""",,,10,,Dallas Baptist,,,,,,,60 / 60,55 / 55,45 / 50,45 / 50,,,40 / 45,2017,0,,4736,10,Chance,Adams,RHP,22,NYY,2017,2017 Report,18135,0,,0,10,45,0,2018,5th rd 2015,,72,215,R,R,Dallas Baptist,,,,,,,,,,,,,,,0,0,,0,1,1.042,60.0,60.0,55.0,55.0,45.0,50.0,45.0,50.0,40.0,45.0,,,,
AAA,MLB,sa874736,Daz Cameron,Daz Cameron,/players/daz-cameron/18353/stats/batting,18353,OF,23.0,,,,2020,45,185,"6' 2""",,,10,,Eagle's Landing (GA),35 / 45,30 / 45,50 / 50,55 / 55,45 / 50,50 / 50,,,,,,,,2017,0,,5017,10,Daz,Cameron,OF,20,HOU,2017,2017 Report,18353,0,,0,10,45,0,2020,1st rd 2015,,74,185,R,R,Eagle's Landing (GA),,xvOK3sjOfXw,35.0,45.0,30.0,45.0,50.0,50.0,55.0,55.0,45.0,50.0,50.0,50.0,0,0,,0,0,2.061,,,,,,,,,,,,,,
,MLB,sa708990,Chad Pinder,Chad Pinder,/players/chad-pinder/15191/stats/batting,15191,OF,-1.0,,,,2017,45,195,"6' 2""",,,10,,Virginia Tech,50 / 55,40 / 45,50 / 50,45 / 40,40 / 45,60 / 60,,,,,,,,2017,0,,4769,10,Chad,Pinder,UTIL,25,OAK,2017,2017 Report,15191,0,,0,10,45,0,2017,2nd rd 2013,,74,195,R,R,Virginia Tech,,VBj_lPoshBc,50.0,55.0,40.0,45.0,50.0,50.0,45.0,40.0,40.0,45.0,60.0,60.0,0,0,,0,n/a,6.047,,,,,,,,,,,,,,
,MLB,sa738245,Jordan Sheffield,Jordan Sheffield,/players/jordan-sheffield/19682/stats/pitching,19682,P,-1.0,,,,2018,45,185,"5' 11""",,,10,,Vanderbilt,,,,,,,60 / 70,50 / 55,,55 / 60,,,30 / 45,2017,0,,5038,10,Jordan,Sheffield,RHP,21,LAD,2017,2017 Report,19682,0,,0,10,45,0,2018,1st rd 2016,,71,185,R,R,Vanderbilt,,,,,,,,,,,,,,,0,0,,0,2,1.015,60.0,70.0,50.0,55.0,,,55.0,60.0,30.0,45.0,,,,
MLB,MLB,sa738378,Mauricio Dubón,Mauricio Dubon,/players/mauricio-dubon/16530/stats/batting,16530,2B/OF,16.0,,,,2017,45,160,"6' 0""",,,10,,Capital Christian HS (CA),40 / 55,30 / 40,40 / 40,55 / 55,45 / 50,55 / 55,,,,,,,,2017,0,,5059,10,Mauricio,Dubon,SS,22,MIL,2017,2017 Report,16530,0,,0,10,45,0,2017,26th rd 2013,,72,160,R,R,Capital Christian HS (CA),,MgNeizABbjY,40.0,55.0,30.0,40.0,40.0,40.0,55.0,55.0,45.0,50.0,55.0,55.0,0,0,,0,n/a,5.162,,,,,,,,,,,,,,
,A+,sa877519,Adrian Rondon,Adrian Rondon,/players/adrian-rondon/sa877519/stats/batting,sa877519,3B/SS,-1.0,,,,2021,45,190,"6' 1""",,,10,,Dominican Republic,20 / 40,30 / 50,55 / 60,40 / 30,40 / 50,55 / 55,,,,,,,,2017,0,,4809,10,Adrian,Rondon,3B,18,TBR,2017,2017 Report,sa877519,0,,0,10,45,0,2021,J2 2014,,73,190,R,R,Dominican Republic,,NHtRbGpaCnw,20.0,40.0,30.0,50.0,55.0,60.0,40.0,30.0,40.0,50.0,55.0,55.0,0,0,,0,R5,,,,,,,,,,,,,,,
ST,MLB,sa872474,Anderson Tejeda,Anderson Tejeda,/players/anderson-tejeda/19909/stats/batting,19909,SS,,,,,2021,45,160,"5' 11""",,,10,,Dominican Republic,20 / 40,20 / 50,50 / 60,50 / 50,30 / 40,60 / 60,,,,,,,,2017,0,,4840,10,Anderson,Tejeda,SS,18,TEX,2017,2017 Report,19909,0,,0,10,45,0,2021,J2 2014,,71,160,L,R,Dominican Republic,,TdHxjNuX4iQ,20.0,40.0,20.0,50.0,50.0,60.0,50.0,50.0,30.0,40.0,60.0,60.0,0,0,,0,1,0.112,,,,,,,,,,,,,,
,A+,sa917296,Gregory Guerrero,Gregory Guerrero,/players/gregory-guerrero/sa917296/stats/batting,sa917296,2B/SS,-1.0,,,,2020,45,175,"6' 1""",,,10,,Dominican Republic,20 / 50,30 / 50,45 / 50,45 / 40,40 / 45,60 / 60,,,,,,,,2017,0,,5104,10,Gregory,Guerrero,SS,18,NYM,2017,2017 Report,sa917296,0,,0,10,45,0,2020,J2 2015,,73,175,R,R,Dominican Republic,,kDD0oPRzOc0,20.0,50.0,30.0,50.0,45.0,50.0,45.0,40.0,40.0,45.0,60.0,60.0,0,0,,0,R5,,,,,,,,,,,,,,,
,MLB,sa502329,Brian Johnson,Brian Johnson,/players/brian-johnson/14272/stats/pitching,14272,P,-1.0,,,,2017,40,225,"6' 3""",,,10,,Florida,,,,,,,40 / 40,,50 / 50,40 / 45,,45 / 45,50 / 50,2017,0,,4613,10,Brian,Johnson,LHP,26,BOS,2017,2017 Report,14272,0,,0,10,40,0,2017,1st rd 2012,,75,225,L,L,Florida,,kBWXjnuIFto,,,,,,,,,,,,,0,0,,0,0,2.043,40.0,40.0,,,50.0,50.0,40.0,45.0,50.0,50.0,,,45.0,45.0
,MLB,sa659207,Dawel Lugo,Dawel Lugo,/players/dawel-lugo/14713/stats/batting,14713,2B/3B,-1.0,,,,2018,40,,,,,10,,Dominican Republic,30 / 40,40 / 50,55 / 60,40 / 30,40 / 45,60 / 60,,,,,,,,2017,0,,4879,10,Dawel,Lugo,3B,21,ARI,2017,2017 Report,14713,0,,0,10,40,0,2018,J2 2011,,0,0,,,Dominican Republic,,ftBFKRRundk,30.0,40.0,40.0,50.0,55.0,60.0,40.0,30.0,40.0,45.0,60.0,60.0,0,0,,0,0,1.044,,,,,,,,,,,,,,
AAA,MLB,sa827397,Kyle Funkhouser,Kyle Funkhouser,/players/kyle-funkhouser/19456/stats/pitching,19456,P,13.0,,,,2019,40,220,"6' 2""",,,10,,Louisville,,,,,,,55 / 60,55 / 55,45 / 50,40 / 45,,,35 / 40,2017,0,,4672,10,Kyle,Funkhouser,RHP,22,DET,2017,2017 Report,19456,0,,0,10,40,0,2019,4th rd 2016,,74,220,R,R,Louisville,,j-b1ZwTMYNY,,,,,,,,,,,,,0,0,,0,1,2.133,55.0,60.0,55.0,55.0,45.0,50.0,40.0,45.0,35.0,40.0,,,,
AAA,MLB,sa737535,Matt Krook,Matt Krook,/players/matt-krook/19315/stats/pitching,19315,P,10.0,,,,2019,40,,,,,10,,Oregon,,,,,,,60 / 60,55 / 60,60 / 60,45 / 50,,,30 / 40,2017,0,,5234,10,Matt,Krook,LHP,22,SFG,2017,2017 Report,19315,0,,0,10,40,0,2019,4th rd 2016,,0,0,,,Oregon,,eAT6pxRbBck,,,,,,,,,,,,,0,0,,0,0,0.055,60.0,60.0,55.0,60.0,60.0,60.0,45.0,50.0,30.0,40.0,,,,
,MLB,sa658640,Cody Poteet,Cody Poteet,/players/cody-poteet/18769/stats/pitching,18769,P,-1.0,,,,2019,40,183,"6' 1""",,,10,,UCLA,,,,,,,50 / 50,50 / 55,50 / 55,40 / 45,,,40 / 50,2017,0,,5004,10,Cody,Poteet,RHP,22,MIA,2017,2017 Report,18769,0,,0,10,40,0,2019,4th rd 2015,,73,183,R,R,UCLA,,pOzNw9B7PR4,,,,,,,,,,,,,0,0,,0,1,3.056,50.0,50.0,50.0,55.0,50.0,55.0,40.0,45.0,40.0,50.0,,,,
,MLB,sa602653,Max Povse,Max Povse,/players/max-povse/16165/stats/pitching,16165,P,-1.0,,,,2018,40,190,"6' 8""",,,10,,UNC Greensboro,,,,,,,45 / 50,40 / 45,45 / 45,55 / 60,,,45 / 50,2017,0,,4793,10,Max,Povse,RHP,23,SEA,2017,2017 Report,16165,0,,0,10,40,0,2018,3rd rd 2014,,80,190,R,R,UNC Greensboro,,,,,,,,,,,,,,,0,0,,0,1,0.016,45.0,50.0,40.0,45.0,45.0,45.0,55.0,60.0,45.0,50.0,,,,
,AA,sa657398,Osvaldo Abreu,Osvaldo Abreu,/players/osvaldo-abreu/sa657398/stats/batting,sa657398,SS,-1.0,,,,2019,40,170,"6' 0""",,,10,,Dominican Republic,30 / 40,20 / 30,40 / 40,55 / 55,45 / 50,60 / 60,,,,,,,,2017,0,,5084,10,Osvaldo,Abreu,UTIL,22,WSN,2017,2017 Report,sa657398,0,,0,10,40,0,2019,J2 2011,,72,170,R,R,Dominican Republic,,,30.0,40.0,20.0,30.0,40.0,40.0,55.0,55.0,45.0,50.0,60.0,60.0,0,0,,0,R5,,,,,,,,,,,,,,,
,A+,sa837670,Julio Garcia,Julio Garcia,/players/julio-garcia/sa837670/stats/batting,sa837670,2B/3B/SS,-1.0,,,,2021,40,175,"6' 0""",,,10,,Dominican Republic,20 / 30,20 / 40,40 / 50,55 / 55,45 / 60,60 / 60,,,,,,,,2017,0,,4581,10,Julio,Garcia,SS,19,LAA,2017,2017 Report,sa837670,0,,0,10,40,0,2021,J2 2014,,72,175,S,R,Dominican Republic,,,20.0,30.0,20.0,40.0,40.0,50.0,55.0,55.0,45.0,60.0,60.0,60.0,0,0,,0,R5,,,,,,,,,,,,,,,
MLB,MLB,sa659463,Anthony Santander,Anthony Santander,/players/anthony-santander/14551/stats/batting,14551,OF,14.0,,,,2018,40,205,"6' 2""",,,10,,Venezuela,30 / 50,30 / 50,55 / 60,40 / 30,40 / 45,50 / 50,,,,,,,,2017,0,,4595,10,Anthony,Santander,1B/OF,22,CLE,2017,2017 Report,14551,0,,0,10,40,0,2018,J2 2011,,74,205,S,R,Venezuela,,,30.0,50.0,30.0,50.0,55.0,60.0,40.0,30.0,40.0,45.0,50.0,50.0,0,0,,0,n/a,7.162,,,,,,,,,,,,,,
MLB,MLB,sa917949,Bo Bichette,Bo Bichette,/players/bo-bichette/19612/stats/batting,19612,SS,25.0,,,,2020,40,200,"5' 11""",,,10,,Lakewood HS (FL),20 / 40,20 / 50,55 / 60,45 / 40,40 / 45,50 / 50,,,,,,,,2017,0,,4862,10,Bo,Bichette,INF,19,TOR,2017,2017 Report,19612,0,,0,10,40,0,2020,2nd rd 2016,,71,200,R,R,Lakewood HS (FL),,UYda4Od_f9o,20.0,40.0,20.0,50.0,55.0,60.0,45.0,40.0,40.0,45.0,50.0,50.0,0,0,,0,n/a,6.063,,,,,,,,,,,,,,
MLB,MLB,sa709548,Sean Newcomb,Sean Newcomb,/players/sean-newcomb/16943/stats/pitching,16943,P,4.0,,,,2018,50,225,"6' 5""",,,11,,Hartford,,,,,,,60 / 60,,55 / 60,40 / 45,,,35 / 45,2017,0,,4894,11,Sean,Newcomb,LHP,23,ATL,2017,2017 Report,16943,0,,0,11,50,0,2018,1st rd 2014,,77,225,L,L,Hartford,,Oi9LBEYklnQ,,,,,,,,,,,,,0,0,,0,n/a,6.041,60.0,60.0,,,55.0,60.0,40.0,45.0,35.0,45.0,,,,
AA,AAA,sa917928,Kevin Gowdy,Kevin Gowdy,/players/kevin-gowdy/sa917928/stats/pitching,sa917928,P,,,,,2020,45,170,"6' 4""",,,11,,Santa Barbara HS (CA),,,,,,,50 / 60,,50 / 60,40 / 50,,,45 / 55,2017,0,,5125,11,Kevin,Gowdy,RHP,19,PHI,2017,2017 Report,sa917928,0,,0,11,45,0,2020,2nd rd 2016,,76,170,R,R,Santa Barbara HS (CA),,Vr9lun60EAw,,,,,,,,,,,,,0,0,,0,R5,,50.0,60.0,,,50.0,60.0,40.0,50.0,45.0,55.0,,,,
,MLB,sa548285,Nick Kingham,Nick Kingham,/players/nick-kingham/11694/stats/pitching,11694,P,-1.0,,,,2017,45,225,"6' 6""",,,11,,Sierra Vista HS (NV),,,,,,,55 / 55,,50 / 55,45 / 50,,,45 / 50,2017,0,,5158,11,Nick,Kingham,RHP,25,PIT,2017,2017 Report,11694,0,,0,11,45,0,2017,4th rd 2010,,78,225,R,R,Sierra Vista HS (NV),,UbbfbBPoQI4,,,,,,,,,,,,,0,0,,0,0,1.060,55.0,55.0,,,50.0,55.0,45.0,50.0,45.0,50.0,,,,
AAA,AAA,sa874796,Juan Hillman,Juan Hillman,/players/juan-hillman/sa874796/stats/pitching,sa874796,P,,,,,2020,45,185,"6' 2""",,,11,,Olympia HS (FL),,,,,,,40 / 50,,45 / 50,45 / 60,,,40 / 50,2017,0,,4655,11,Juan,Hillman,LHP,19,CLE,2017,2017 Report,sa874796,0,,0,11,45,0,2020,2nd rd 2015,,74,185,L,L,Olympia HS (FL),,0WEmpNHhxck,,,,,,,,,,,,,0,0,,0,R5,,40.0,50.0,,,45.0,50.0,45.0,60.0,40.0,50.0,,,,
MLB,MLB,sa857218,Harrison Bader,Harrison Bader,/players/harrison-bader/18030/stats/batting,18030,OF,30.0,,,,2017,45,195,"6' 0""",,,11,,Florida,35 / 40,40 / 45,50 / 50,60 / 60,45 / 50,50 / 50,,,,,,,,2017,0,,5179,11,Harrison,Bader,OF,22,StL,2017,2017 Report,18030,0,,0,11,45,0,2017,3rd rd 2015,,72,195,R,R,Florida,,GHVr7zAVQ_8,35.0,40.0,40.0,45.0,50.0,50.0,60.0,60.0,45.0,50.0,50.0,50.0,0,0,,0,n/a,8.030,,,,,,,,,,,,,,
,MLB,sa707774,Carlos Asuaje,Carlos Asuaje,/players/carlos-asuaje/15197/stats/batting,15197,2B,-1.0,,,,2017,45,160,"5' 9""",,,11,,Nova Southeastern,50 / 60,40 / 30,30 / 30,50 / 50,45 / 50,40 / 40,,,,,,,,2017,0,,5203,11,Carlos,Asuaje,2B,24,SDP,2017,2017 Report,15197,0,,0,11,45,0,2017,11th rd 2013,,69,160,L,R,Nova Southeastern,,,50.0,60.0,40.0,30.0,30.0,30.0,50.0,50.0,45.0,50.0,40.0,40.0,0,0,,0,1,1.048,,,,,,,,,,,,,,
MLB,MLB,sa874242,Tyler Stephenson,Tyler Stephenson,/players/tyler-stephenson/17988/stats/batting,17988,C,18.0,,,,2020,45,210,"6' 4""",,,11,,Kennesaw Mtn HS (GA),20 / 40,30 / 50,55 / 60,30 / 30,30 / 45,70 / 70,,,,,,,,2017,0,,4949,11,Tyler,Stephenson,C,20,CIN,2017,2017 Report,17988,0,,0,11,45,0,2020,1st rd 2015,,76,210,R,R,Kennesaw Mtn HS (GA),,jbQ74U8MGvM,20.0,40.0,30.0,50.0,55.0,60.0,30.0,30.0,30.0,45.0,70.0,70.0,0,0,,0,n/a,5.056,,,,,,,,,,,,,,
AAA,MLB,sa828689,Ryan Castellani,Ryan Castellani,/players/ryan-castellani/16377/stats/pitching,16377,P,,,,,2019,45,193,"6' 4""",,,11,,Brophy Prep (AZ),,,,,,,60 / 60,50 / 55,,50 / 55,,,40 / 50,2017,0,,4981,11,Ryan,Castellani,RHP,20,COL,2017,2017 Report,16377,0,,0,11,45,0,2019,2nd rd 2014,,76,193,R,R,Brophy Prep (AZ),,,,,,,,,,,,,,,0,0,,0,1,1.001,60.0,60.0,50.0,55.0,,,50.0,55.0,40.0,50.0,,,,
MLB,MLB,sa659185,Miguel Andujar,Miguel Andujar,/players/miguel-andujar/15878/stats/batting,15878,3B/OF,29.0,,,,2018,45,175,"6' 0""",,,11,,Dominican Republic,40 / 55,35 / 45,55 / 55,50 / 50,40 / 50,70 / 70,,,,,,,,2017,0,,4737,11,Miguel,Andujar,3B,22,NYY,2017,2017 Report,15878,0,,0,11,45,0,2018,J2 2011,,72,175,R,R,Dominican Republic,,,40.0,55.0,35.0,45.0,55.0,55.0,50.0,50.0,40.0,50.0,70.0,70.0,0,0,,0,n/a,6.053,,,,,,,,,,,,,,
,AAA,sa872750,Miguelangel Sierra,Miguelangel Sierra,/players/miguelangel-sierra/sa872750/stats/batting,sa872750,2B/SS,-1.0,,,,2020,45,175,"5' 11""",,,11,,Venezuela,20 / 45,30 / 50,45 / 55,50 / 45,40 / 45,55 / 55,,,,,,,,2017,0,,5018,11,Miguelangel,Sierra,SS,19,HOU,2017,2017 Report,sa872750,0,,0,11,45,0,2020,J2 2014,,71,175,R,R,Venezuela,,BLQGvOuybM0,20.0,45.0,30.0,50.0,45.0,55.0,50.0,45.0,40.0,45.0,55.0,55.0,0,0,,0,R5,,,,,,,,,,,,,,,
,MLB,sa578958,Austin Barnes,Austin Barnes,/players/austin-barnes/12158/stats/batting,12158,C,-1.0,,,,2017,45,190,"5' 9""",,,11,,Arizona St.,50 / 55,40 / 40,40 / 40,45 / 45,45 / 50,50 / 50,,,,,,,,2017,0,,5039,11,Austin,Barnes,UTIL,26,LAD,2017,2017 Report,12158,0,,0,11,45,0,2017,9th rd 2011,,69,190,R,R,Arizona St.,,,50.0,55.0,40.0,40.0,40.0,40.0,45.0,45.0,45.0,50.0,50.0,50.0,0,0,,0,n/a,8.162,,,,,,,,,,,,,,
,MLB,sa737441,Phil Bickford,Phil Bickford,/players/phil-bickford/18519/stats/pitching,18519,P,-1.0,,,,2019,45,205,"6' 5""",,,11,,Southern Nevada,,,,,,,50 / 55,50 / 55,,40 / 50,,,40 / 60,2017,0,,5060,11,Phil,Bickford,RHP,21,MIL,2017,2017 Report,18519,0,,0,11,45,0,2019,1st rd 2015,,77,205,R,R,Southern Nevada,,7N1cwVuih9A,,,,,,,,,,,,,0,0,,0,0,2.162,50.0,55.0,50.0,55.0,,,40.0,50.0,40.0,60.0,,,,
,AAA,sa874244,Garrett Whitley,Garrett Whitley,/players/garrett-whitley/sa874244/stats/batting,sa874244,OF,-1.0,,,,2021,45,200,"6' 0""",,,11,,Niskayuna HS (NY),20 / 40,20 / 50,55 / 60,60 / 60,40 / 50,55 / 55,,,,,,,,2017,0,,4810,11,Garrett,Whitley,OF,20,TBR,2017,2017 Report,sa874244,0,,0,11,45,0,2021,1st rd 2015,,72,200,R,R,Niskayuna HS (NY),,jqJa4iF01gE,20.0,40.0,20.0,50.0,55.0,60.0,60.0,60.0,40.0,50.0,55.0,55.0,0,0,,0,R5,,,,,,,,,,,,,,,
AAA,MLB,sa917945,Alex Speas,Alex Speas,/players/alex-speas/21859/stats/pitching,21859,P,,,,,2021,45,180,"6' 4""",,,11,,McEachern HS (GA),,,,,,,60 / 70,,50 / 60,40 / 50,,,30 / 45,2017,0,,4841,11,Alex,Speas,RHP,19,TEX,2017,2017 Report,21859,0,,0,11,45,0,2021,2nd rd 2016,,76,180,R,R,McEachern HS (GA),,ja_dnjJCRDU,,,,,,,,,,,,,0,0,,0,1,0.012,60.0,70.0,,,50.0,60.0,40.0,50.0,30.0,45.0,,,,
,MLB,sa657876,Gavin Cecchini,Gavin Cecchini,/players/gavin-cecchini/17005/stats/batting,17005,2B,-1.0,,,,2017,45,186,"6' 2""",,,11,,Barbe HS (LA),55 / 60,20 / 30,40 / 40,40 / 40,30 / 40,40 / 40,,,,,,,,2017,0,,5105,11,Gavin,Cecchini,2B,23,NYM,2017,2017 Report,17005,0,,0,11,45,0,2017,1st rd 2012,,74,186,R,R,Barbe HS (LA),,,55.0,60.0,20.0,30.0,40.0,40.0,40.0,40.0,30.0,40.0,40.0,40.0,0,0,,0,1,0.082,,,,,,,,,,,,,,
,MLB,sa875189,Ben Taylor,Ben Taylor,/players/ben-taylor/18114/stats/pitching,18114,P,-1.0,,,,2017,40,225,"6' 3""",,,11,,South Alabama,,,,,,,60 / 60,45 / 50,,40 / 45,,,50 / 55,2017,0,,4614,11,Ben,Taylor,RHP,24,BOS,2017,2017 Report,18114,0,,0,11,40,0,2017,7th rd 2015,,75,225,R,R,South Alabama,,,,,,,,,,,,,,,0,0,,0,0,0.095,60.0,60.0,45.0,50.0,,,40.0,45.0,50.0,55.0,,,,
,MLB,sa874168,Jon Duplantier,Jon Duplantier,/players/jon-duplantier/19546/stats/pitching,19546,P,-1.0,,,,2019,40,,,,,11,,Rice,,,,,,,60 / 60,,55 / 60,40 / 45,,,45 / 50,2017,0,,4880,11,Jon,Duplantier,RHP,22,ARI,2017,2017 Report,19546,0,,0,11,40,0,2019,3rd rd 2016,,0,0,,,Rice,,,,,,,,,,,,,,,0,0,,0,0,0.135,60.0,60.0,,,55.0,60.0,40.0,45.0,45.0,50.0,,,,
,MLB,sa736915,Luis Alexander Basabe,Luis Alexander Basabe,/players/luis-alexander-basabe/17839/stats/batting,17839,OF,-1.0,,,,2020,40,170,"6' 0""",,,11,,Venezuela,20 / 40,30 / 45,50 / 55,60 / 60,40 / 50,60 / 60,,,,,,,,2017,0,,4628,11,Luis Alexander,Basabe,CF,20,CHW,2017,2017 Report,17839,0,,0,11,40,0,2020,J2 2012,,72,170,S,R,Venezuela,,,20.0,40.0,30.0,45.0,50.0,55.0,60.0,60.0,40.0,50.0,60.0,60.0,0,0,,0,0,0.058,,,,,,,,,,,,,,
,AA,sa875023,DJ Wilson,DJ Wilson,/players/darryl-wilson/sa875023/stats/batting,sa875023,OF,-2.0,,,,2020,40,177,"5' 8""",,,11,,Canton South HS (OH),20 / 40,20 / 40,45 / 50,60 / 60,45 / 60,50 / 50,,,,,,,,2017,0,,4926,11,DJ,Wilson,OF,20,CHC,2017,2017 Report,sa875023,0,,0,11,40,0,2020,4th rd 2015,,68,177,L,L,Canton South HS (OH),,,20.0,40.0,20.0,40.0,45.0,50.0,60.0,60.0,45.0,60.0,50.0,50.0,0,0,,0,R5,,,,,,,,,,,,,,,
AAA,MLB,sa549406,JaCoby Jones,JaCoby Jones,/players/jacoby-jones/14818/stats/batting,14818,OF,-1.0,,,,2017,40,205,"6' 2""",,,11,,LSU,40 / 40,40 / 40,55 / 55,55 / 55,45 / 50,55 / 55,,,,,,,,2017,0,,4673,11,Jacoby,Jones,OF,24,DET,2017,2017 Report,14818,0,,0,11,40,0,2017,3rd rd 2013,,74,205,R,R,LSU,,_Kq1xot5idU,40.0,40.0,40.0,40.0,55.0,55.0,55.0,55.0,45.0,50.0,55.0,55.0,0,0,,0,1,4.006,,,,,,,,,,,,,,
AA,AA,sa917039,Seuly Matias,Seuly Matias,/players/seuly-matias/sa917039/stats/batting,sa917039,OF,,,,,2021,40,200,"6' 3""",,,11,,Dominican Republic,20 / 45,30 / 50,55 / 60,45 / 40,40 / 55,60 / 70,,,,,,,,2017,0,,4693,11,Seuly,Matias,OF,18,KCR,2017,2017 Report,sa917039,0,,0,11,40,0,2021,J2 2015,,75,200,R,R,Dominican Republic,,s7KmmEDZY7M,20.0,45.0,30.0,50.0,55.0,60.0,45.0,40.0,40.0,55.0,60.0,70.0,0,0,,0,R5,,,,,,,,,,,,,,,
AAA,MLB,sa549449,Daniel Palka,Daniel Palka,/players/daniel-palka/14897/stats/batting,14897,DH/OF,,,,,2017,40,220,"6' 2""",,,11,,Georgia Tech,40 / 45,40 / 50,60 / 60,50 / 50,45 / 50,55 / 55,,,,,,,,2017,0,,4713,11,Daniel,Palka,OF,25,MIN,2017,2017 Report,14897,0,,0,11,40,0,2017,3rd rd 2013,,74,220,L,L,Georgia Tech,,SFn04i0W_-8,40.0,45.0,40.0,50.0,60.0,60.0,50.0,50.0,45.0,50.0,55.0,55.0,0,0,,0,0,1.046,,,,,,,,,,,,,,
,MLB,sa658778,Chris Shaw,Chris Shaw,/players/chris-shaw/17738/stats/batting,17738,OF,-1.0,,,,2019,40,,,,,11,,Boston College,30 / 40,40 / 50,60 / 60,40 / 30,30 / 40,55 / 55,,,,,,,,2017,0,,5235,11,Chris,Shaw,1B,23,SFG,2017,2017 Report,17738,0,,0,11,40,0,2019,1st rd 2015,,0,0,,,Boston College,,,30.0,40.0,40.0,50.0,60.0,60.0,40.0,30.0,30.0,40.0,55.0,55.0,0,0,,0,1,0.060,,,,,,,,,,,,,,
,MLB,sa829117,Stone Garrett,Stone Garrett,/players/stone-garrett/19273/stats/batting,19273,OF,-1.0,,,,2019,40,215,"6' 2""",,,11,,George Ranch HS (TX),20 / 35,20 / 45,55 / 60,55 / 55,40 / 50,40 / 40,,,,,,,,2017,0,,5005,11,Stone,Garrett,OF,21,MIA,2017,2017 Report,19273,0,,0,11,40,0,2019,8th rd 2014,,74,215,R,R,George Ranch HS (TX),,YlKQKmtdeIE,20.0,35.0,20.0,45.0,55.0,60.0,55.0,55.0,40.0,50.0,40.0,40.0,0,0,,0,2,1.085,,,,,,,,,,,,,,
AAA,AAA,sa738442,Logan Shore,Logan Shore,/players/logan-shore/sa738442/stats/pitching,sa738442,P,30.0,,,,2019,40,215,"6' 2""",,,11,,Florida,,,,,,,40 / 45,40 / 45,,60 / 70,,,50 / 60,2017,0,,4770,11,Logan,Shore,RHP,22,OAK,2017,2017 Report,sa738442,0,,0,11,40,0,2019,2nd rd 2016,,74,215,R,R,Florida,,wKX7dii-6gw,,,,,,,,,,,,,0,0,,0,R5,,40.0,45.0,40.0,45.0,,,60.0,70.0,50.0,60.0,,,,
,A,sa872538,Chris Torres,Chris Torres,/players/christopher-torres/sa872538/stats/batting,sa872538,SS,-1.0,,,,2020,40,170,"5' 11""",,,11,,Dominican Republic,20 / 40,20 / 40,45 / 50,50 / 50,40 / 50,60 / 60,,,,,,,,2017,0,,4794,11,Chris,Torres,SS,19,SEA,2017,2017 Report,sa872538,0,,0,11,40,0,2020,J2 2014,,71,170,S,R,Dominican Republic,,FmEjQsxE-rc,20.0,40.0,20.0,40.0,45.0,50.0,50.0,50.0,40.0,50.0,60.0,60.0,0,0,,0,R5,,,,,,,,,,,,,,,
,MLB,sa736855,Kelvin Gutiérrez,Kelvin Gutierrez,/players/kelvin-gutierrez/17468/stats/batting,17468,3B,-1.0,,,,2019,40,185,"6' 3""",,,11,,Dominican Republic,40 / 55,30 / 40,45 / 50,40 / 40,40 / 50,60 / 60,,,,,,,,2017,0,,5085,11,Kelvin,Gutierrez,3B,22,WSN,2017,2017 Report,17468,0,,0,11,40,0,2019,J2 2012,,75,185,R,R,Dominican Republic,,,40.0,55.0,30.0,40.0,45.0,50.0,40.0,40.0,40.0,50.0,60.0,60.0,0,0,,0,0,1.157,,,,,,,,,,,,,,
,MLB,sa858824,David Fletcher,David Fletcher,/players/david-fletcher/17992/stats/batting,17992,2B,-1.0,,,,2018,40,175,"5' 10""",,,11,,Loyola Marymount,35 / 45,20 / 30,40 / 40,50 / 50,45 / 50,50 / 50,,,,,,,,2017,0,,4582,11,David,Fletcher,SS,22,LAA,2017,2017 Report,17992,0,,0,11,40,0,2018,6th rd 2015,,70,175,R,R,Loyola Marymount,,,35.0,45.0,20.0,30.0,40.0,40.0,50.0,50.0,45.0,50.0,50.0,50.0,0,0,,0,n/a,5.006,,,,,,,,,,,,,,
AA,AAA,sa828239,Ofelky Peralta,Ofelky Peralta,/players/ofelky-peralta/sa828239/stats/pitching,sa828239,P,,,,,2020,40,195,"6' 5""",,,11,,Dominican Republic,,,,,,,55 / 60,40 / 45,30 / 40,45 / 50,,,40 / 50,2017,0,,4596,11,Ofelky,Peralta,RHP,19,BAL,2017,2017 Report,sa828239,0,,0,11,40,0,2020,J2 2013,,77,195,R,R,Dominican Republic,,,,,,,,,,,,,,,0,0,,0,R5,,55.0,60.0,40.0,45.0,30.0,40.0,45.0,50.0,40.0,50.0,,,,
AA,AA,sa875002,Justin Maese,Justin Maese,/players/justin-maese/sa875002/stats/pitching,sa875002,P,,,,,2020,40,190,"6' 3""",,,11,,Yselta HS (TX),,,,,,,55 / 60,50 / 60,,40 / 45,,,45 / 55,2017,0,,4863,11,Justin,Maese,RHP,20,TOR,2017,2017 Report,sa875002,0,,0,11,40,0,2020,3rd rd 2015,,75,190,R,R,Yselta HS (TX),,,,,,,,,,,,,,,0,0,,0,R5,,55.0,60.0,50.0,60.0,,,40.0,45.0,45.0,55.0,,,,
MLB,MLB,sa917946,Joey Wentz,Joey Wentz,/players/joey-wentz/19962/stats/pitching,19962,P,16.0,,,,2021,50,209,"6' 5""",,,12,,Shawnee Mission East (MO),,,,,,,50 / 55,,55 / 60,40 / 55,,,40 / 55,2017,0,,4895,12,Joey,Wentz,LHP,19,ATL,2017,2017 Report,19962,0,,0,12,50,0,2021,1st rd 2016,,77,209,L,L,Shawnee Mission East (MO),,,,,,,,,,,,,,,0,0,,0,0,2.166,50.0,55.0,,,55.0,60.0,40.0,55.0,40.0,55.0,,,,
AAA,MLB,sa857705,Scott Kingery,Scott Kingery,/players/scott-kingery/17975/stats/batting,17975,SS/OF,17.0,,,,2018,45,180,"5' 10""",,,12,,Arizona,40 / 55,30 / 30,40 / 45,70 / 70,55 / 60,45 / 45,,,,,,,,2017,0,,5126,12,Scott,Kingery,2B,22,PHI,2017,2017 Report,17975,0,,0,12,45,0,2018,2nd rd 2015,,70,180,R,R,Arizona,,,40.0,55.0,30.0,30.0,40.0,45.0,70.0,70.0,55.0,60.0,45.0,45.0,0,0,,0,2,3.108,,,,,,,,,,,,,,
MLB,MLB,sa823741,Yandy Díaz,Yandy Diaz,/players/yandy-diaz/16578/stats/batting,16578,1B/3B/DH,12.0,,,,2017,45,185,"6' 2""",,,12,,Cuba,40 / 45,30 / 40,50 / 50,50 / 50,55 / 60,70 / 70,,,,,,,,2017,0,,4656,12,Yandy,Diaz,3B,25,CLE,2017,2017 Report,16578,0,,0,12,45,0,2017,J2 2013,,74,185,R,R,Cuba,,rrctwRmmEh4,40.0,45.0,30.0,40.0,50.0,50.0,50.0,50.0,55.0,60.0,70.0,70.0,0,0,,0,n/a,7.122,,,,,,,,,,,,,,
AAA,MLB,sa831812,Junior Fernández,Junior Fernandez,/players/junior-fernandez/18496/stats/pitching,18496,P,23.0,,,,2018,45,180,"6' 1""",,,12,,Dominican Republlic,,,,,,,70 / 70,,45 / 50,60 / 70,,,30 / 40,2017,0,,5180,12,Junior,Fernandez,RHP,19,StL,2017,2017 Report,18496,0,,0,12,45,0,2018,J2 2014,,73,180,R,R,Dominican Republlic,,,,,,,,,,,,,,,0,0,,0,0,1.163,70.0,70.0,,,45.0,50.0,60.0,70.0,30.0,40.0,,,,
AAA,MLB,sa828496,Luis Urías,Luis Urias,/players/luis-urias/16622/stats/batting,16622,2B/3B,15.0,,,,2018,45,160,"5' 9""",,,12,,Mexico,50 / 70,20 / 30,30 / 40,50 / 40,40 / 50,45 / 50,,,,,,,,2017,0,,5204,12,Luis,Urias,2B,19,SDP,2017,2017 Report,16622,0,,0,12,45,0,2018,J2 2013,,69,160,R,R,Mexico,,opeJc9-dmIY,50.0,70.0,20.0,30.0,30.0,40.0,50.0,40.0,40.0,50.0,45.0,50.0,0,0,,0,n/a,6.007,,,,,,,,,,,,,,
,,,Alfredo Rodriguez,Alfredo Rodriguez,,,,,,,,2018,45,185,"6' 0""",,,12,,Cuba,30 / 40,20 / 35,40 / 40,60 / 60,50 / 60,50 / 55,,,,,,,,2017,0,,4950,12,Alfredo,Rodriguez,SS,22,CIN,2017,2017 Report,,0,,0,12,45,0,2018,J2 2016,,72,185,R,R,Cuba,,VVWuMkvxwiA,30.0,40.0,20.0,35.0,40.0,40.0,60.0,60.0,50.0,60.0,50.0,55.0,0,0,,0,,,,,,,,,,,,,,,,
AAA,MLB,sa873701,Ben Bowden,Ben Bowden,/players/ben-bowden/20198/stats/pitching,20198,P,10.0,,,,2018,45,250,"6' 3""",,,12,,Vanderbilt,,,,,,,55 / 60,40 / 45,,55 / 60,,,40 / 50,2017,0,,4982,12,Ben,Bowden,LHP,22,COL,2017,2017 Report,20198,0,,0,12,45,0,2018,2nd rd 2016,,75,250,L,L,Vanderbilt,,IB2b7vh584s,,,,,,,,,,,,,0,0,,0,1,1.068,55.0,60.0,40.0,45.0,,,55.0,60.0,40.0,50.0,,,,
,MLB,sa874239,Dillon Tate,Dillon Tate,/players/dillon-tate/17796/stats/pitching,17796,P,-1.0,,,,2018,45,210,"6' 2""",,,12,,UC Santa Barbara,,,,,,,55 / 55,55 / 60,45 / 50,,,,40 / 45,2017,0,,4738,12,Dillon,Tate,RHP,22,NYY,2017,2017 Report,17796,0,,0,12,45,0,2018,1st rd 2015,,74,210,R,R,UC Santa Barbara,,,,,,,,,,,,,,,0,0,,0,0,5.018,55.0,55.0,55.0,60.0,45.0,50.0,,,40.0,45.0,,,,
MLB,MLB,sa917933,Gavin Lux,Gavin Lux,/players/gavin-lux/19955/stats/batting,19955,2B,12.0,,,,2021,45,170,"6' 2""",,,12,,Indian Trail Academy (WI),30 / 50,20 / 30,30 / 40,55 / 55,40 / 55,50 / 55,,,,,,,,2017,0,,5040,12,Gavin,Lux,SS,18,LAD,2017,2017 Report,19955,0,,0,12,45,0,2021,1st rd 2016,,74,170,L,R,Indian Trail Academy (WI),,,30.0,50.0,20.0,30.0,30.0,40.0,55.0,55.0,40.0,55.0,50.0,55.0,0,0,,0,n/a,5.114,,,,,,,,,,,,,,
,MLB,sa737938,Ryan Cordell,Ryan Cordell,/players/ryan-cordell/15181/stats/batting,15181,OF,-1.0,,,,2017,45,205,"6' 4""",,,12,,Liberty,40 / 50,30 / 45,55 / 55,60 / 60,50 / 55,55 / 55,,,,,,,,2017,0,,5061,12,Ryan,Cordell,OF,24,MIL,2017,2017 Report,15181,0,,0,12,45,0,2017,11th rd 2013,,76,205,R,R,Liberty,,,40.0,50.0,30.0,45.0,55.0,55.0,60.0,60.0,50.0,55.0,55.0,55.0,0,0,,0,0,1.055,,,,,,,,,,,,,,
,MLB,sa829562,Joshua Palacios,Joshua Palacios,/players/joshua-palacios/19818/stats/batting,19818,OF,-1.0,,,,2019,40,190,"6' 2""",,,12,,Auburn,35 / 50,30 / 40,45 / 50,55 / 55,40 / 45,50 / 50,,,,,,,,2017,0,,4864,12,Josh,Palacios,OF,21,TOR,2017,2017 Report,19818,0,,0,12,40,0,2019,4th rd 2016,,74,190,L,R,Auburn,,,35.0,50.0,30.0,40.0,45.0,50.0,55.0,55.0,40.0,45.0,50.0,50.0,0,0,,0,0,2.009,,,,,,,,,,,,,,
,MLB,sa738524,Mike Shawaryn,Michael Shawaryn,/players/michael-shawaryn/19495/stats/pitching,19495,P,-1.0,,,,2019,40,225,"6' 3""",,,12,,Maryland,,,,,,,50 / 50,45 / 50,,50 / 55,,,45 / 50,2017,0,,4615,12,Mike,Shawaryn,RHP,22,BOS,2017,2017 Report,19495,0,,0,12,40,0,2019,5th rd 2016,,75,225,R,R,Maryland,,5fWiIrMG60g,,,,,,,,,,,,,0,0,,0,1,0.058,50.0,50.0,45.0,50.0,,,50.0,55.0,45.0,50.0,,,,
AAA,AAA,sa917939,Andy Yerzy,Andy Yerzy,/players/andrew-yerzy/sa917939/stats/batting,sa917939,C/1B,28.0,,,,2021,40,,,,,12,,"York Mills, Toronto",20 / 35,30 / 50,55 / 60,30 / 20,30 / 40,30 / 40,,,,,,,,2017,0,,4881,12,Andy,Yerzy,C,18,ARI,2017,2017 Report,sa917939,0,,0,12,40,0,2021,2nd rd 2016,,0,0,,,"York Mills, Toronto",,9qDBobvHb70,20.0,35.0,30.0,50.0,55.0,60.0,30.0,20.0,30.0,40.0,30.0,40.0,0,0,,0,R5,,,,,,,,,,,,,,,
AAA,AAA,sa875031,Jordan Stephens,Jordan Stephens,/players/jordan-stephens/sa875031/stats/pitching,sa875031,P,,,,,2019,40,185,"6' 1""",,,12,,Rice,,,,,,,55 / 55,50 / 50,55 / 60,40 / 45,,,45 / 50,2017,0,,4629,12,Jordan,Stephens,RHP,24,CHW,2017,2017 Report,sa875031,0,,0,12,40,0,2019,5th rd 2015,,73,185,R,R,Rice,,,,,,,,,,,,,,,0,0,,0,3,0.000,55.0,55.0,50.0,50.0,55.0,60.0,40.0,45.0,45.0,50.0,,,,
MLB,MLB,sa504943,Elias Díaz,Elias Diaz,/players/elias-diaz/11680/stats/batting,11680,C,13.0,,,,2017,40,210,"6' 1""",,,12,,Venezuela,40 / 50,30 / 40,45 / 45,20 / 20,50 / 55,50 / 50,,,,,,,,2017,0,,5159,12,Elias,Diaz,C,26,PIT,2017,2017 Report,11680,0,,0,12,40,0,2017,J2 2008,,73,210,R,R,Venezuela,,_VEaAGX8pfE,40.0,50.0,30.0,40.0,45.0,45.0,20.0,20.0,50.0,55.0,50.0,50.0,0,0,,0,n/a,9.087,,,,,,,,,,,,,,
,AA,sa914203,Eddie Martinez,Eddie Martinez,/players/eddy-martinez/sa914203/stats/batting,sa914203,OF,-1.0,,,,2019,40,195,"6' 1""",,,12,,Cuba,30 / 45,30 / 45,55 / 60,55 / 55,45 / 50,60 / 60,,,,,,,,2017,0,,4927,12,Eddie,Martinez,OF,21,CHC,2017,2017 Report,sa914203,0,,0,12,40,0,2019,J2 2015,,73,195,R,R,Cuba,,iYUBEpPUA-I,30.0,45.0,30.0,45.0,55.0,60.0,55.0,55.0,45.0,50.0,60.0,60.0,0,0,,0,R5,,,,,,,,,,,,,,,
,AA,sa602703,Adam Ravenelle,Adam Ravenelle,/players/adam-ravenelle/sa602703/stats/pitching,sa602703,P,-2.0,,,,2017,40,190,"6' 3""",,,12,,Vanderbilt,,,,,,,70 / 70,50 / 60,,40 / 40,,,30 / 40,2017,0,,4674,12,Adam,Ravenelle,RHP,24,DET,2017,2017 Report,sa602703,0,,0,12,40,0,2017,4th rd 2014,,75,190,R,R,Vanderbilt,,VpCnDsH1VbI,,,,,,,,,,,,,0,0,,0,R5,,70.0,70.0,50.0,60.0,,,40.0,40.0,30.0,40.0,,,,
,AAA,sa874732,Nolan Watson,Nolan Watson,/players/nolan-watson/sa874732/stats/pitching,sa874732,P,-1.0,,,,2020,40,195,"6' 2""",,,12,,Lawrence North HS (IN),,,,,,,45 / 50,,50 / 55,40 / 50,,,40 / 55,2017,0,,4694,12,Nolan,Watson,RHP,19,KCR,2017,2017 Report,sa874732,0,,0,12,40,0,2020,1st rd 2015,,74,195,R,R,Lawrence North HS (IN),,b9Tg68fXjn8,,,,,,,,,,,,,0,0,,0,R5,,45.0,50.0,,,50.0,55.0,40.0,50.0,40.0,55.0,,,,
,MLB,sa738899,Zack Granite,Zack Granite,/players/zack-granite/15343/stats/batting,15343,OF,-2.0,,,,2018,40,175,"6' 0""",,,12,,Seton Hall,50 / 60,20 / 30,40 / 40,70 / 70,55 / 60,40 / 40,,,,,,,,2017,0,,4714,12,Zach,Granite,CF,24,MIN,2017,2017 Report,15343,0,,0,12,40,0,2018,14th rd 2013,,72,175,L,L,Seton Hall,,,50.0,60.0,20.0,30.0,40.0,40.0,70.0,70.0,55.0,60.0,40.0,40.0,0,0,,0,0,0.070,,,,,,,,,,,,,,
,AAA,sa602658,Jordan Johnson,Jordan Johnson,/players/jordan-johnson/sa602658/stats/pitching,sa602658,P,-1.0,,,,2019,40,,,,,12,,Cal St. Northridge,,,,,,,55 / 55,,40 / 50,55 / 60,,,40 / 45,2017,0,,5236,12,Jordan,Johnson,RHP,23,SFG,2017,2017 Report,sa602658,0,,0,12,40,0,2019,23rd rd 2014,,0,0,,,Cal St. Northridge,,,,,,,,,,,,,,,0,0,,0,R5,,55.0,55.0,,,40.0,50.0,55.0,60.0,40.0,45.0,,,,
AAA,MLB,sa506829,Yefri Pérez,Yefri Perez,/players/yefri-perez/12090/stats/batting,12090,2B/SS,,,,,2017,40,162,"5' 11""",,,12,,Dominican Republic,35 / 40,20 / 20,30 / 30,70 / 70,50 / 55,50 / 50,,,,,,,,2017,0,,5006,12,Yefri,Perez,UTIL,25,MIA,2017,2017 Report,12090,0,,0,12,40,0,2017,J2 2008,,71,162,S,R,Dominican Republic,,4g_3RxyQFFE,35.0,40.0,20.0,20.0,30.0,30.0,70.0,70.0,50.0,55.0,50.0,50.0,0,0,,0,2,0.032,,,,,,,,,,,,,,
MLB,MLB,sa954181,Cionel Pérez,Cionel Perez,/players/cionel-perez/19614/stats/pitching,19614,P,25.0,,,,2019,40,170,"5' 11""",,,12,,Cuba,,,,,,,55 / 60,40 / 50,50 / 55,40 / 45,,,40 / 50,2017,0,,5019,12,Cionel,Perez,LHP,20,HOU,2017,2017 Report,19614,0,,0,12,40,0,2019,J2 2016,,71,170,L,L,Cuba,,,,,,,,,,,,,,,0,0,,0,0,4.151,55.0,60.0,40.0,50.0,50.0,55.0,40.0,45.0,40.0,50.0,,,,
,AAA,sa875017,Dakota Chalmers,Dakota Chalmers,/players/dakota-chalmers/sa875017/stats/pitching,sa875017,P,-1.0,,,,2020,40,175,"6' 3""",,,12,,North Forsyth HS (GA),,,,,,,50 / 55,,50 / 55,45 / 60,,,30 / 40,2017,0,,4771,12,Dakota,Chalmers,RHP,20,OAK,2017,2017 Report,sa875017,0,,0,12,40,0,2020,3rd rd 2015,,75,175,R,R,North Forsyth HS (GA),,DVk4CRYSXYw,,,,,,,,,,,,,0,0,,0,1,0.000,50.0,55.0,,,50.0,55.0,45.0,60.0,30.0,40.0,,,,
,AAA,sa876536,Brayan Hernandez,Brayan Hernandez,/players/brayan-hernandez/sa876536/stats/batting,sa876536,OF,-1.0,,,,2020,40,175,"6' 2""",,,12,,Dominican Republic,20 / 50,20 / 30,30 / 40,50 / 50,40 / 50,60 / 60,,,,,,,,2017,0,,4795,12,Brayan,Hernandez,CF,19,SEA,2017,2017 Report,sa876536,0,,0,12,40,0,2020,J2 2014,,74,175,R,R,Dominican Republic,,ndl-wG3DJac,20.0,50.0,20.0,30.0,30.0,40.0,50.0,50.0,40.0,50.0,60.0,60.0,0,0,,0,R5,,,,,,,,,,,,,,,
,MLB,sa657854,Daniel Robertson,Daniel Robertson,/players/daniel-robertson/14145/stats/batting,14145,2B/3B/SS,-1.0,,,,2017,40,190,"6' 0""",,,12,,Upland HS (CA),50 / 55,30 / 40,45 / 45,40 / 40,45 / 45,55 / 55,,,,,,,,2017,0,,4811,12,Daniel,Robertson,UTIL,23,TBR,2017,2017 Report,14145,0,,0,12,40,0,2017,1st rd 2012,,72,190,R,R,Upland HS (CA),,XhijHdtpJ_8,50.0,55.0,30.0,40.0,45.0,45.0,40.0,40.0,45.0,45.0,55.0,55.0,0,0,,0,0,3.133,,,,,,,,,,,,,,
,MLB,sa548284,A.J. Cole,A.J. Cole,/players/aj-cole/11467/stats/pitching,11467,P,-1.0,,,,2017,40,180,"6' 4""",,,12,,Oviedo HS (FL),,,,,,,40 / 40,50 / 50,45 / 45,50 / 55,,,40 / 45,2017,0,,5086,12,A.J.,Cole,RHP,25,WSN,2017,2017 Report,11467,0,,0,12,40,0,2017,4th rd 2010,,76,180,R,R,Oviedo HS (FL),,nPGS6zzehw8,,,,,,,,,,,,,0,0,,0,0,4.071,40.0,40.0,50.0,50.0,45.0,45.0,50.0,55.0,40.0,45.0,,,,
AAA,MLB,sa829312,Jake Jewell,Jake Jewell,/players/jake-jewell/16958/stats/pitching,16958,P,,,,,2018,40,200,"6' 3""",,,12,,NE Oklahoma,,,,,,,60 / 60,55 / 60,50 / 50,40 / 40,,,40 / 45,2017,0,,4583,12,Jake,Jewell,RHP,23,LAA,2017,2017 Report,16958,0,,0,12,40,0,2018,5th rd 2014,,75,200,R,R,NE Oklahoma,,,,,,,,,,,,,,,0,0,,0,0,1.025,60.0,60.0,55.0,60.0,50.0,50.0,40.0,40.0,40.0,45.0,,,,
,AAA,sa828797,Josh Morgan,Josh Morgan,/players/joshua-morgan/sa828797/stats/batting,sa828797,3B/SS,-1.0,,,,2020,40,200,"5' 11""",,,12,,Orange Lutheran (CA),45 / 55,30 / 40,45 / 45,45 / 40,45 / 50,55 / 55,,,,,,,,2017,0,,4842,12,Josh,Morgan,INF,21,TEX,2017,2017 Report,sa828797,0,,0,12,40,0,2020,3rd rd 2014,,71,200,R,R,Orange Lutheran (CA),,EJkG8sOnJtQ,45.0,55.0,30.0,40.0,45.0,45.0,45.0,40.0,45.0,50.0,55.0,55.0,0,0,,0,R5,,,,,,,,,,,,,,,
MLB,MLB,sa873981,Pete Alonso,Pete Alonso,/players/pete-alonso/19251/stats/batting,19251,1B,2.0,,,,2020,40,225,"6' 2""",,,12,,Florida,35 / 45,40 / 50,60 / 60,30 / 30,40 / 45,50 / 50,,,,,,,,2017,0,,5106,12,Peter,Alonso,1B,22,NYM,2017,2017 Report,19251,0,,0,12,40,0,2020,2nd rd 2016,,74,225,R,R,Florida,,,35.0,45.0,40.0,50.0,60.0,60.0,30.0,30.0,40.0,45.0,50.0,50.0,0,0,,0,n/a,7.000,,,,,,,,,,,,,,
,AA,sa875993,Matthias Dietz,Matthias Dietz,/players/matthias-dietz/sa875993/stats/pitching,sa875993,P,-1.0,,,,2020,40,220,"6' 5""",,,12,,Logan CC (IL),,,,,,,55 / 55,50 / 55,40 / 45,40 / 50,,,40 / 45,2017,0,,4597,12,Matthias,Dietz,RHP,21,BAL,2017,2017 Report,sa875993,0,,0,12,40,0,2020,2nd rd 2016,,77,220,R,R,Logan CC (IL),,,,,,,,,,,,,,,0,0,,0,R5,,55.0,55.0,50.0,55.0,40.0,45.0,40.0,50.0,40.0,45.0,,,,
AAA,MLB,sa657981,Nick Williams,Nick Williams,/players/nick-williams/14330/stats/batting,14330,OF,,,,,2017,45,195,"6' 3""",,,13,,Ball HS (TX),30 / 40,40 / 50,55 / 55,55 / 55,45 / 50,60 / 60,,,,,,,,2017,0,,5127,13,Nick,Williams,OF,23,PHI,2017,2017 Report,14330,0,,0,13,45,0,2017,2nd rd 2012,,75,195,L,L,Ball HS (TX),,StalFPRzgsQ,30.0,40.0,40.0,50.0,55.0,55.0,55.0,55.0,45.0,50.0,60.0,60.0,0,0,,0,0,2.046,,,,,,,,,,,,,,
AAA,MLB,sa828666,Touki Toussaint,Touki Toussaint,/players/touki-toussaint/16929/stats/pitching,16929,P,,,,,2019,45,185,"6' 3""",,,13,,Coral Springs Christian HS (FL),,,,,,,60 / 60,,60 / 70,45 / 55,,,30 / 40,2017,0,,4896,13,Touki,Touisaint,RHP,20,ATL,2017,2017 Report,16929,0,,0,13,45,0,2019,1st rd 2014,,75,185,R,R,Coral Springs Christian HS (FL),,qaR9D8rYrhY,,,,,,,,,,,,,0,0,,0,0,3.115,60.0,60.0,,,60.0,70.0,45.0,55.0,30.0,40.0,,,,
,MLB,sa829829,Paul DeJong,Paul DeJong,/players/paul-dejong/18015/stats/batting,18015,SS,-1.0,,,,2017,45,195,"6' 1""",,,13,,Illinois St.,40 / 45,40 / 45,50 / 50,40 / 40,40 / 45,40 / 40,,,,,,,,2017,0,,5181,13,Paul,DeJong,2B,23,StL,2017,2017 Report,18015,0,,0,13,45,0,2017,4th rd 2015,,73,195,R,R,Illinois St.,,pGJ0o90YY38,40.0,45.0,40.0,45.0,50.0,50.0,40.0,40.0,40.0,45.0,40.0,40.0,0,0,,0,n/a,8.057,,,,,,,,,,,,,,
,,,Gabriel Arias,Gabriel Arias,,,,,,,,2021,45,180,"6' 1""",,,13,,Venezuela,20 / 55,20 / 40,30 / 40,50 / 55,45 / 55,60 / 60,,,,,,,,2017,0,,5205,13,Gabriel,Arias,SS,16,SDP,2017,2017 Report,,0,,0,13,45,0,2021,J2 2016,,73,180,R,R,Venezuela,,QiH28DhFuPI,20.0,55.0,20.0,40.0,30.0,40.0,50.0,55.0,45.0,55.0,60.0,60.0,0,0,,0,,,,,,,,,,,,,,,,
,MLB,sa599174,Rookie Davis,Rookie Davis,/players/rookie-davis/14962/stats/pitching,14962,P,-1.0,,,,2018,45,245,"6' 5""",,,13,,Dixon HS (NC),,,,,,,55 / 55,,55 / 60,40 / 45,,,50 / 55,2017,0,,4951,13,Rookie,Davis,RHP,23,CIN,2017,2017 Report,14962,0,,0,13,45,0,2018,14th rd 2011,,77,245,R,R,Dixon HS (NC),,,,,,,,,,,,,,,0,0,,0,1,1.143,55.0,55.0,,,55.0,60.0,40.0,45.0,50.0,55.0,,,,
AAA,MLB,sa658334,Yency Almonte,Yency Almonte,/players/yency-almonte/15068/stats/pitching,15068,P,22.0,,,,2018,45,185,"6' 3""",,,13,,Columbia HS (FL),,,,,,,55 / 60,50 / 55,,40 / 50,,,40 / 45,2017,0,,4983,13,Yency,Almonte,RHP,22,COL,2017,2017 Report,15068,0,,0,13,45,0,2018,17th rd 2012,,75,185,R,R,Columbia HS (FL),,,,,,,,,,,,,,,0,0,,0,n/a,5.143,55.0,60.0,50.0,55.0,,,40.0,50.0,40.0,45.0,,,,
AAA,MLB,sa737878,Tyler Wade,Tyler Wade,/players/tyler-wade/15730/stats/batting,15730,2B/OF,-1.0,,,,2017,45,185,"6' 1""",,,13,,Murrieta Valley HS (GA),45 / 55,20 / 30,40 / 40,60 / 60,45 / 50,55 / 55,,,,,,,,2017,0,,4739,13,Tyler,Wade,UTIL,22,NYY,2017,2017 Report,15730,0,,0,13,45,0,2017,4th rd 2013,,73,185,L,R,Murrieta Valley HS (GA),,,45.0,55.0,20.0,30.0,40.0,40.0,60.0,60.0,45.0,50.0,55.0,55.0,0,0,,0,n/a,6.010,,,,,,,,,,,,,,
MLB,MLB,sa872528,Keibert Ruiz,Keibert Ruiz,/players/keibert-ruiz/19610/stats/batting,19610,C,24.0,,,,2020,45,165,"6' 0""",,,13,,Venezuela,30 / 55,20 / 30,40 / 45,40 / 30,50 / 60,45 / 50,,,,,,,,2017,0,,5041,13,Keibert,Ruiz,C,18,LAD,2017,2017 Report,19610,0,,0,13,45,0,2020,J2 2015,,72,165,S,R,Venezuela,,,30.0,55.0,20.0,30.0,40.0,45.0,40.0,30.0,50.0,60.0,45.0,50.0,0,0,,0,0,4.064,,,,,,,,,,,,,,
,MLB,sa597780,Jorge López,Jorge Lopez,/players/jorge-lopez/14527/stats/pitching,14527,P,-1.0,,,,2017,45,195,"6' 4""",,,13,,Caguas MA (PR),,,,,,,60 / 60,,60 / 60,45 / 50,,,30 / 40,2017,0,,5062,13,Jorge,Lopez,RHP,23,MIL,2017,2017 Report,14527,0,,0,13,45,0,2017,2nd rd 2011,,76,195,R,R,Caguas MA (PR),,yNFMO_99TMc,,,,,,,,,,,,,0,0,,0,n/a,6.162,60.0,60.0,,,60.0,60.0,45.0,50.0,30.0,40.0,,,,
,A+,sa659205,Wuilmer Becerra,Wuilmer Becerra,/players/wuilmer-becerra/sa659205/stats/batting,sa659205,OF,-1.0,,,,2019,45,225,"6' 4""",,,13,,Venezuela,45 / 60,40 / 45,55 / 55,45 / 40,45 / 50,60 / 60,,,,,,,,2017,0,,5107,13,Wuilmer,Becerra,OF,22,NYM,2017,2017 Report,sa659205,0,,0,13,45,0,2019,J2 2012,,76,225,R,R,Venezuela,,,45.0,60.0,40.0,45.0,55.0,55.0,45.0,40.0,45.0,50.0,60.0,60.0,0,0,,0,2,,,,,,,,,,,,,,,
,A+,sa738989,J.B. Woodman,J.B. Woodman,/players/john-woodman/sa738989/stats/batting,sa738989,OF,-1.0,,,,2019,40,205,"6' 2""",,,13,,Ole Miss,30 / 40,30 / 50,55 / 55,55 / 50,45 / 55,55 / 55,,,,,,,,2017,0,,4865,13,J.B.,Woodman,OF,22,TOR,2017,2017 Report,sa738989,0,,0,13,40,0,2019,2nd rd 2016,,74,205,L,R,Ole Miss,,,30.0,40.0,30.0,50.0,55.0,55.0,55.0,50.0,45.0,55.0,55.0,55.0,0,0,,0,R5,,,,,,,,,,,,,,,
AAA,MLB,sa828673,Michael Chavis,Michael Chavis,/players/michael-chavis/17321/stats/batting,17321,1B/2B,18.0,,,,2019,40,190,"5' 10""",,,13,,Sprayberry HS (GA),30 / 40,40 / 45,55 / 55,40 / 40,40 / 45,55 / 55,,,,,,,,2017,0,,4616,13,Michael,Chavis,3B,21,BOS,2017,2017 Report,17321,0,,0,13,40,0,2019,1st rd 2014,,70,190,R,R,Sprayberry HS (GA),,eaAbGhTyWvg,30.0,40.0,40.0,45.0,55.0,55.0,40.0,40.0,40.0,45.0,55.0,55.0,0,0,,0,1,4.089,,,,,,,,,,,,,,
,MLB,sa503235,Matt Koch,Matt Koch,/players/matt-koch/13420/stats/pitching,13420,P,-1.0,,,,2016,40,,,,,13,,Louisville,,,,,,,50 / 50,45 / 45,,40 / 45,,50 / 55,50 / 50,2017,0,,4882,13,Matt,Koch,RHP,25,ARI,2017,2017 Report,13420,0,,0,13,40,0,2016,3rd rd 2012,,0,0,,,Louisville,,JVQZvJwoc74,,,,,,,,,,,,,0,0,,0,0,1.135,50.0,50.0,45.0,45.0,,,40.0,45.0,50.0,50.0,,,50.0,55.0
,MLB,sa597793,Charlie Tilson,Charlie Tilson,/players/charlie-tilson/12983/stats/batting,12983,OF,-1.0,,,,2017,40,195,"5' 11""",,,13,,New Trier HS (IL),50 / 60,30 / 30,30 / 30,70 / 70,50 / 55,45 / 45,,,,,,,,2017,0,,4630,13,Charlie,Tilson,OF,23,CHW,2017,2017 Report,12983,0,,0,13,40,0,2017,2nd rd 2011,,71,195,L,L,New Trier HS (IL),,ZFe199GFuVE,50.0,60.0,30.0,30.0,30.0,30.0,70.0,70.0,50.0,55.0,45.0,45.0,0,0,,0,0,2.020,,,,,,,,,,,,,,
,MLB,sa658531,Taylor Hearn,Taylor Hearn,/players/taylor-hearn/18325/stats/pitching,18325,P,-1.0,,,,2020,40,210,"6' 5""",,,13,,OK Baptist,,,,,,,70 / 80,50 / 55,,30 / 50,,,30 / 40,2017,0,,5160,13,Taylor,Hearn,LHP,22,PIT,2017,2017 Report,18325,0,,0,13,40,0,2020,5th rd 2015,,77,210,L,L,OK Baptist,,oQKNYrSxPec,,,,,,,,,,,,,0,0,,0,0,3.165,70.0,80.0,50.0,55.0,,,30.0,50.0,30.0,40.0,,,,
MLB,MLB,sa659463,Anthony Santander,Anthony Santander,/players/anthony-santander/14551/stats/batting,14551,OF,14.0,,,,2019,40,205,"6' 2""",,,13,,Venezuela,30 / 50,30 / 50,55 / 60,40 / 30,40 / 45,50 / 50,,,,,,,,2017,0,,4657,13,Anthony,Santander,1B/OF,22,CLE,2017,2017 Report,14551,0,,0,13,40,0,2019,J2 2011,,74,205,S,R,Venezuela,,,30.0,50.0,30.0,50.0,55.0,60.0,40.0,30.0,40.0,45.0,50.0,50.0,0,0,,0,n/a,7.162,,,,,,,,,,,,,,
,A+,sa917352,Aramis Ademan,Aramis Ademan,/players/aramis-ademan/sa917352/stats/batting,sa917352,SS,-2.0,,,,2020,40,160,"5' 10""",,,13,,Dominican Republic,20 / 55,30 / 40,35 / 45,55 / 55,45 / 50,55 / 55,,,,,,,,2017,0,,4928,13,Aramis,Ademan,SS,18,CHC,2017,2017 Report,sa917352,0,,0,13,40,0,2020,J2 2015,,70,160,L,R,Dominican Republic,,O6qGFx-xdpQ,20.0,55.0,30.0,40.0,35.0,45.0,55.0,55.0,45.0,50.0,55.0,55.0,0,0,,0,R5,,,,,,,,,,,,,,,
CPX,AAA,sa736656,Gerson Moreno,Gerson Moreno,/players/gerson-moreno/sa736656/stats/pitching,sa736656,P,28.0,,,,2019,40,180,"6' 0""",,,13,,Dominican Republic,,,,,,,80 / 80,50 / 60,,,,,20 / 40,2017,0,,4675,13,Gerson,Moreno,RHP,21,DET,2017,2017 Report,sa736656,0,,0,13,40,0,2019,J2 2012,,72,180,R,R,Dominican Republic,,,,,,,,,,,,,,,0,0,,0,3,0.000,80.0,80.0,50.0,60.0,,,,,20.0,40.0,,,,
MLB,MLB,sa602414,Jakob Junis,Jakob Junis,/players/jakob-junis/13619/stats/pitching,13619,P,13.0,,,,2017,40,225,"6' 3""",,,13,,Rock Falls HS (IL),,,,,,,50 / 50,,50 / 50,45 / 50,,,45 / 50,2017,0,,4695,13,Jake,Junis,RHP,24,KCR,2017,2017 Report,13619,0,,0,13,40,0,2017,29th rd 2011,,75,225,R,R,Rock Falls HS (IL),,,,,,,,,,,,,,,0,0,,0,n/a,8.002,50.0,50.0,,,50.0,50.0,45.0,50.0,45.0,50.0,,,,
,MLB,sa739599,Lewis Thorpe,Lewis Thorpe,/players/lewis-thorpe/15906/stats/pitching,15906,P,-1.0,,,,2020,40,160,"6' 1""",,,13,,Australia,,,,,,,55 / 60,45 / 55,55 / 60,50 / 60,,,40 / 50,2017,0,,4715,13,Lewis,Thorpe,LHP,20,MIN,2017,2017 Report,15906,0,,0,13,40,0,2020,J2 2012,,73,160,R,L,Australia,,,,,,,,,,,,,,,0,0,,0,0,1.017,55.0,60.0,45.0,55.0,55.0,60.0,50.0,60.0,40.0,50.0,,,,
,AA,sa737904,Heath Quin,Heath Quin,/players/heath-quinn/sa737904/stats/batting,sa737904,OF,-1.0,,,,2019,40,,,,,13,,Samford,30 / 40,40 / 50,55 / 60,45 / 40,40 / 45,55 / 55,,,,,,,,2017,0,,5237,13,Heath,Quin,OF,21,SFG,2017,2017 Report,sa737904,0,,0,13,40,0,2019,3rd rd 2016,,0,0,,,Samford,,9FKxrfFZGmA,30.0,40.0,40.0,50.0,55.0,60.0,45.0,40.0,40.0,45.0,55.0,55.0,0,0,,0,R5,,,,,,,,,,,,,,,
AAA,MLB,sa621408,Drew Steckenrider,Drew Steckenrider,/players/drew-steckenrider/18806/stats/pitching,18806,P,10.0,,,,2017,40,215,"6' 5""",,,13,,Tennessee,,,,,,,70 / 70,,50 / 50,,,,50 / 50,2017,0,,5007,13,Drew,Steckenrider,RHP,26,MIA,2017,2017 Report,18806,0,,0,13,40,0,2017,8th rd 2012,,77,215,S,R,Tennessee,,,,,,,,,,,,,,,0,0,,0,2,4.094,70.0,70.0,,,50.0,50.0,,,50.0,50.0,,,,
MLB,MLB,sa827172,Garrett Stubbs,Garrett Stubbs,/players/garrett-stubbs/18067/stats/batting,18067,C,26.0,,,,2018,40,185,"5' 10""",,,13,,USC,40 / 50,30 / 40,45 / 45,50 / 50,50 / 55,55 / 55,,,,,,,,2017,0,,5020,13,Garrett,Stubbs,C,23,HOU,2017,2017 Report,18067,0,,0,13,40,0,2018,8th rd 2015,,70,185,L,R,USC,,,40.0,50.0,30.0,40.0,45.0,45.0,50.0,50.0,50.0,55.0,55.0,55.0,0,0,,0,0,4.148,,,,,,,,,,,,,,
,MLB,sa817357,Norge Ruiz,Norge Ruiz,/players/norge-ruiz/19580/stats/pitching,19580,P,-1.0,,,,2018,40,185,"5' 11""",,,13,,Cuba,,,,,,,50 / 50,,45 / 50,55 / 60,,,40 / 45,2017,0,,4772,13,Norge,Ruiz,RHP,23,OAK,2017,2017 Report,19580,0,,0,13,40,0,2018,J2 2016,,71,185,R,R,Cuba,,,,,,,,,,,,,,,0,0,,0,3,0.044,50.0,50.0,,,45.0,50.0,55.0,60.0,40.0,45.0,,,,
,MLB,sa596366,Thyago Vieira,Thyago Vieira,/players/thyago-vieira/14510/stats/pitching,14510,P,-1.0,,,,2018,40,210,"6' 0""",,,13,,Brazil,,,,,,,80 / 80,,50 / 55,,,,35 / 40,2017,0,,4796,13,Thyago,Viera,RHP,24,SEA,2017,2017 Report,14510,0,,0,13,40,0,2018,J2 2010,,72,210,R,R,Brazil,,U_nhRoBQCiI,,,,,,,,,,,,,0,0,,0,0,1.065,80.0,80.0,,,50.0,55.0,,,35.0,40.0,,,,
,A,sa917977,Austin Franklin,Austin Franklin,/players/austin-franklin/sa917977/stats/pitching,sa917977,P,-2.0,,,,2021,40,215,"6' 3""",,,13,,Paxton HS (FL),,,,,,,50 / 55,,50 / 55,40 / 50,,,40 / 50,2017,0,,4812,13,Austin,Franklin,RHP,19,TBR,2017,2017 Report,sa917977,0,,0,13,40,0,2021,3rd rd 2016,,75,215,R,R,Paxton HS (FL),,,,,,,,,,,,,,,0,0,,0,R5,,50.0,55.0,,,50.0,55.0,40.0,50.0,40.0,50.0,,,,
AAA,MLB,sa599084,Pedro Severino,Pedro Severino,/players/pedro-severino/14523/stats/batting,14523,C,,,,,2017,40,215,"6' 0""",,,13,,Dominican Republic,35 / 40,30 / 30,45 / 45,45 / 40,55 / 55,55 / 55,,,,,,,,2017,0,,5087,13,Pedro,Severino,C,23,WSN,2017,2017 Report,14523,0,,0,13,40,0,2017,J2 2010,,72,215,R,R,Dominican Republic,,,35.0,40.0,30.0,30.0,45.0,45.0,45.0,40.0,55.0,55.0,55.0,55.0,0,0,,0,0,4.133,,,,,,,,,,,,,,
MLB,MLB,sa858832,Taylor Ward,Taylor Ward,/players/taylor-ward/17548/stats/batting,17548,OF,2.0,,,,2019,40,185,"6' 1""",,,13,,Fresno State,30 / 40,20 / 30,40 / 40,30 / 30,40 / 50,60 / 60,,,,,,,,2017,0,,4584,13,Taylor,Ward,C,23,LAA,2017,2017 Report,17548,0,,0,13,40,0,2019,1st rd 2015,,73,185,R,R,Fresno State,,,30.0,40.0,20.0,30.0,40.0,40.0,30.0,30.0,40.0,50.0,60.0,60.0,0,0,,0,n/a,5.164,,,,,,,,,,,,,,
AAA,MLB,sa550247,Connor Sadzeck,Connor Sadzeck,/players/connor-sadzeck/13483/stats/pitching,13483,P,,,,,2017,40,240,"6' 5""",,,13,,Howard College,,,,,,,60 / 60,55 / 55,50 / 50,40 / 45,,,40 / 45,2017,0,,4843,13,Connor,Sadzeck,RHP,25,TEX,2017,2017 Report,13483,0,,0,13,40,0,2017,11th rd 2011,,77,240,R,R,Howard College,,,,,,,,,,,,,,,0,0,,0,0,1.031,60.0,60.0,55.0,55.0,50.0,50.0,40.0,45.0,40.0,45.0,,,,
,AAA,sa550044,Chris Lee,Chris Lee,/players/christopher-lee/sa550044/stats/pitching,sa550044,P,-1.0,,,,2017,40,180,"6' 3""",,,13,,Santa Fe College,,,,,,,60 / 60,45 / 45,,45 / 50,,,40 / 45,2017,0,,4598,13,Chris,Lee,LHP,24,BAL,2017,2017 Report,sa550044,0,,0,13,40,0,2017,4th rd 2011,,75,180,L,L,Santa Fe College,,,,,,,,,,,,,,,0,0,,0,0,0.018,60.0,60.0,45.0,45.0,,,45.0,50.0,40.0,45.0,,,,
AAA,MLB,sa829466,Patrick Weigel,Patrick Weigel,/players/patrick-weigel/17792/stats/pitching,17792,P,19.0,,,,2018,45,230,"6' 6""",,,14,,Houston,,,,,,,60 / 60,55 / 55,45 / 50,45 / 50,,,40 / 45,2017,0,,4897,14,Patrick,Weigel,RHP,22,ATL,2017,2017 Report,17792,0,,0,14,45,0,2018,7th rd 2015,,78,230,R,R,Houston,,,,,,,,,,,,,,,0,0,,0,0,0.031,60.0,60.0,55.0,55.0,45.0,50.0,45.0,50.0,40.0,45.0,,,,
,,,Jorge Ona,Jorge Ona,,,,,,,,2019,45,200,"6' 1""",,,14,,Cuba,30 / 50,40 / 55,55 / 60,45 / 40,45 / 50,50 / 50,,,,,,,,2017,0,,5206,14,Jorge,Ona,OF,19,SDP,2017,2017 Report,,0,,0,14,45,0,2019,J2 2016,,73,200,R,R,Cuba,,rpk7Y12Fru0,30.0,50.0,40.0,55.0,55.0,60.0,45.0,40.0,45.0,50.0,50.0,50.0,0,0,,0,,,,,,,,,,,,,,,,
AAA,MLB,sa708965,Phillip Ervin,Phillip Ervin,/players/phillip-ervin/14738/stats/batting,14738,OF,,,,,2017,45,210,"5' 10""",,,14,,Samford,30 / 40,30 / 45,55 / 55,55 / 50,40 / 50,60 / 60,,,,,,,,2017,0,,4952,14,Phil,Ervin,OF,24,CIN,2017,2017 Report,14738,0,,0,14,45,0,2017,1st rd 2013,,70,210,R,R,Samford,,J78dtaU2134,30.0,40.0,30.0,45.0,55.0,55.0,55.0,50.0,40.0,50.0,60.0,60.0,0,0,,0,0,2.118,,,,,,,,,,,,,,
MLB,MLB,sa828875,Jordan Montgomery,Jordan Montgomery,/players/jordan-montgomery/16511/stats/pitching,16511,P,13.0,,,,2017,45,225,"6' 6""",,,14,,South Carolina,,,,,,,55 / 55,50 / 55,50 / 50,50 / 55,,,50 / 55,2017,0,,4740,14,Jordan,Montgomery,LHP,24,NYY,2017,2017 Report,16511,0,,0,14,45,0,2017,4th rd 2014,,78,225,L,L,South Carolina,,,,,,,,,,,,,,,0,0,,0,n/a,8.145,55.0,55.0,50.0,55.0,50.0,50.0,50.0,55.0,50.0,55.0,,,,
MLB,MLB,sa873265,Will Smith,Will Smith,/players/will-smith/19197/stats/batting,19197,C,22.0,,,,2019,45,190,"6' 0""",,,14,,Louisville,40 / 50,30 / 30,40 / 40,50 / 50,45 / 55,60 / 60,,,,,,,,2017,0,,5042,14,Will,Smith,C,21,LAD,2017,2017 Report,19197,0,,0,14,45,0,2019,1st rd 2016,,72,190,R,R,Louisville,,,40.0,50.0,30.0,30.0,40.0,40.0,50.0,50.0,45.0,55.0,60.0,60.0,0,0,,0,n/a,6.090,,,,,,,,,,,,,,
MLB,MLB,sa856266,Cody Ponce,Cody Ponce,/players/cody-ponce/17920/stats/pitching,17920,P,14.0,,,,2018,45,240,"6' 6""",,,14,,Cal Poly Pomona,,,,,,,60 / 60,,50 / 50,45 / 50,,55 / 60,45 / 50,2017,0,,5063,14,Cody,Ponce,RHP,22,MIL,2017,2017 Report,17920,0,,0,14,45,0,2018,2nd rd 2015,,78,240,R,R,Cal Poly Pomona,,EVHsAoCDRas,,,,,,,,,,,,,0,0,,0,1,0.126,60.0,60.0,,,50.0,50.0,45.0,50.0,45.0,50.0,,,55.0,60.0
AAA,MLB,sa737505,Reese McGuire,Reese McGuire,/players/reese-mcguire/15674/stats/batting,15674,C,4.0,,,,2018,40,195,"6' 1""",,,14,,Kentwood HS (WA),30 / 40,20 / 30,40 / 40,30 / 30,50 / 60,50 / 50,,,,,,,,2017,0,,4866,14,Reese,McGuire,C,22,TOR,2017,2017 Report,15674,0,,0,14,40,0,2018,1st rd 2013,,73,195,L,R,Kentwood HS (WA),,R-7ft9EA2ac,30.0,40.0,20.0,30.0,40.0,40.0,30.0,30.0,50.0,60.0,50.0,50.0,0,0,,0,n/a,5.110,,,,,,,,,,,,,,
,AAA,sa872732,Daniel Brito,Daniel Brito,/players/daniel-brito/sa872732/stats/batting,sa872732,2B,-1.0,,,,2020,40,155,"6' 1""",,,14,,Venezuela,30 / 60,20 / 45,40 / 50,55 / 55,40 / 55,40 / 45,,,,,,,,2017,0,,5128,14,Daniel,Brito,2B,19,PHI,2017,2017 Report,sa872732,0,,0,14,40,0,2020,J2 2014,,73,155,L,R,Venezuela,,,30.0,60.0,20.0,45.0,40.0,50.0,55.0,55.0,40.0,55.0,40.0,45.0,0,0,,0,R5,,,,,,,,,,,,,,,
AAA,MLB,sa503291,Kyle Martin,Kyle Martin,/players/kyle-martin/14860/stats/pitching,14860,P,,,,,2017,40,230,"6' 7""",,,14,,Texas A&M,,,,,,,55 / 55,40 / 40,,60 / 60,,,45 / 45,2017,0,,4617,14,Kyle,Martin,RHP,26,BOS,2017,2017 Report,14860,0,,0,14,40,0,2017,9th rd 2013,,79,230,R,R,Texas A&M,,,,,,,,,,,,,,,0,0,,0,3,0.005,55.0,55.0,40.0,40.0,,,60.0,60.0,45.0,45.0,,,,
,MLB,sa504797,Jose Campos,Vicente Campos,/players/vicente-campos/11681/stats/pitching,11681,P,-1.0,,,,2016,40,,,,,14,,Venezuela,,,,,,,50 / 50,,50 / 50,55 / 55,,,45 / 50,2017,0,,4883,14,Vicente,Campos,RHP,24,ARI,2017,2017 Report,11681,0,,0,14,40,0,2016,J2 2010,,0,0,,,Venezuela,,z3mJo6Nlp_8,,,,,,,,,,,,,0,0,,0,1,0.029,50.0,50.0,,,50.0,50.0,55.0,55.0,45.0,50.0,,,,
,AAA,sa658576,Jameson Fisher,Jameson Fisher,/players/william-fisher/sa658576/stats/batting,sa658576,1B/OF,-1.0,,,,2019,40,200,"6' 2""",,,14,,SE LA,40 / 60,30 / 40,45 / 45,45 / 40,40 / 50,40 / 40,,,,,,,,2017,0,,4631,14,Jameson,Fisher,LF,22,CHW,2017,2017 Report,sa658576,0,,0,14,40,0,2019,4th rd 2016,,74,200,L,R,SE LA,,,40.0,60.0,30.0,40.0,45.0,45.0,45.0,40.0,40.0,50.0,40.0,40.0,0,0,,0,R5,,,,,,,,,,,,,,,
,A+,sa829024,Gage Hinsz,Gage Hinsz,/players/gage-hinsz/sa829024/stats/pitching,sa829024,P,-1.0,,,,2020,40,210,"6' 4""",,,14,,Billings West HS (MT),,,,,,,55 / 60,,50 / 60,30 / 45,,,30 / 50,2017,0,,5161,14,Gage,Hinsz,RHP,20,PIT,2017,2017 Report,sa829024,0,,0,14,40,0,2020,11th rd 2014,,76,210,R,R,Billings West HS (MT),,Ityc38ZEWCA,,,,,,,,,,,,,0,0,,0,R5,,55.0,60.0,,,50.0,60.0,30.0,45.0,30.0,50.0,,,,
AAA,MLB,sa737532,Rob Kaminsky,Rob Kaminsky,/players/rob-kaminsky/15792/stats/pitching,15792,P,1.0,,,,2018,40,191,"6' 0""",,,14,,St. Joe's Region HS (NJ),,,,,,,40 / 45,,55 / 60,40 / 45,,,40 / 50,2017,0,,4658,14,Rob,Kaminsky,LHP,22,CLE,2017,2017 Report,15792,0,,0,14,40,0,2018,1st rd 2013,,72,191,S,L,St. Joe's Region HS (NJ),,wfE6YeKCGhI,,,,,,,,,,,,,0,0,,0,R5,0.079,40.0,45.0,,,55.0,60.0,40.0,45.0,40.0,50.0,,,,
MLB,MLB,sa875019,Jordan Hicks,Jordan Hicks,/players/jordan-hicks/19618/stats/pitching,19618,P,4.0,,,,2020,40,185,"6' 2""",,,14,,Cypress Creek HS (TX),,,,,,,50 / 55,,50 / 60,30 / 45,,,30 / 50,2017,0,,5182,14,Jordan,Hicks,RHP,20,StL,2017,2017 Report,19618,0,,0,14,40,0,2020,3rd rd 2015,,74,185,R,R,Cypress Creek HS (TX),,,,,,,,,,,,,,,0,0,,0,n/a,8.000,50.0,55.0,,,50.0,60.0,30.0,45.0,30.0,50.0,,,,
MLB,MLB,sa737618,Victor Caratini,Victor Caratini,/players/victor-caratini/14968/stats/batting,14968,C,8.0,,,,2017,40,215,"6' 1""",,,14,,Miami-Dade CC,45 / 55,30 / 40,50 / 50,30 / 30,40 / 45,50 / 50,,,,,,,,2017,0,,4929,14,Victor,Caratini,C/1B,23,CHC,2017,2017 Report,14968,0,,0,14,40,0,2017,2nd rd 2013,,73,215,S,R,Miami-Dade CC,,UD6fx3WQQDk,45.0,55.0,30.0,40.0,50.0,50.0,30.0,30.0,40.0,45.0,50.0,50.0,0,0,,0,n/a,8.051,,,,,,,,,,,,,,
,MLB,sa657709,Sandy Báez,Sandy Baez,/players/sandy-baez/17754/stats/pitching,17754,P,-1.0,,,,2019,40,180,"6' 2""",,,14,,Dominican Republic,,,,,,,70 / 70,,40 / 45,40 / 50,,,45 / 50,2017,0,,4676,14,Sandy,Baez,RHP,23,DET,2017,2017 Report,17754,0,,0,14,40,0,2019,J2 2011,,74,180,R,R,Dominican Republic,,,,,,,,,,,,,,,0,0,,0,1,0.039,70.0,70.0,,,40.0,45.0,40.0,50.0,45.0,50.0,,,,
,MLB,sa621583,Kyle Zimmer,Kyle Zimmer,/players/kyle-zimmer/14169/stats/pitching,14169,P,-1.0,,,,2019,40,185,"6' 3""",,,14,,San Francisco,,,,,,,60 / 60,,60 / 60,45 / 50,,,45 / 50,2017,0,,4696,14,Kyle,Zimmer,RHP,25,KCR,2017,2017 Report,14169,0,,0,14,40,0,2019,1st rd 2012,,75,185,R,R,San Francisco,,,,,,,,,,,,,,,0,0,,0,1,2.064,60.0,60.0,,,60.0,60.0,45.0,50.0,45.0,50.0,,,,
,MLB,sa874969,Travis Blankenhorn,Travis Blankenhorn,/players/travis-blankenhorn/18395/stats/batting,18395,DH/OF,-1.0,,,,2020,40,208,"6' 2""",,,14,,Pottsville HS (PA),40 / 55,30 / 45,45 / 50,40 / 30,40 / 45,50 / 50,,,,,,,,2017,0,,4716,14,Travis,Blankenhorn,3B,20,MIN,2017,2017 Report,18395,0,,0,14,40,0,2020,3rd rd 2015,,74,208,L,R,Pottsville HS (PA),,WTP9wYmf1o,40.0,55.0,30.0,45.0,45.0,50.0,40.0,30.0,40.0,45.0,50.0,50.0,0,0,,0,1,0.128,,,,,,,,,,,,,,
,MLB,sa827165,Steven Duggar,Steven Duggar,/players/steven-duggar/17719/stats/batting,17719,OF,-1.0,,,,2017,40,,,,,14,,Clemson,55 / 60,30 / 30,50 / 50,60 / 55,40 / 45,60 / 60,,,,,,,,2017,0,,5238,14,Steven,Duggar,OF,22,SFG,2017,2017 Report,17719,0,,0,14,40,0,2017,6th rd 2015,,0,0,,,Clemson,,,55.0,60.0,30.0,30.0,50.0,50.0,60.0,55.0,40.0,45.0,60.0,60.0,0,0,,0,0,3.045,,,,,,,,,,,,,,
MLB,MLB,sa874771,Peter Lambert,Peter Lambert,/players/peter-lambert/17969/stats/pitching,17969,P,21.0,,,,2021,40,185,"6' 2""",,,14,,San Dimas HS (CA),,,,,,,45 / 50,45 / 50,45 / 50,50 / 55,,,40 / 60,2017,0,,4984,14,Pete,Lambert,RHP,19,COL,2017,2017 Report,17969,0,,0,14,40,0,2021,2nd rd 2015,,74,185,R,R,San Dimas HS (CA),,EZL8vd3vNx8,,,,,,,,,,,,,0,0,,0,0,4.077,45.0,50.0,45.0,50.0,45.0,50.0,50.0,55.0,40.0,60.0,,,,
,MLB,sa550624,Jandel Gustave,Jandel Gustave,/players/jandel-gustave/14665/stats/pitching,14665,P,-1.0,,,,2017,40,210,"6' 2""",,,14,,Dominican Republic,,,,,,,70 / 70,55 / 55,,,,,40 / 40,2017,0,,5021,14,Jandel,Gustave,RHP,24,HOU,2017,2017 Report,14665,0,,0,14,40,0,2017,J2 2010,,74,210,R,R,Dominican Republic,,,,,,,,,,,,,,,0,0,,0,1,4.027,70.0,70.0,55.0,55.0,,,,,40.0,40.0,,,,
,AA,sa3003184,Yerdel Vargas,Yerdel Vargas,/players/yerdelluis-vargas/sa3003184/stats/batting,sa3003184,2B/SS,-1.0,,,,2021,40,170,"5' 11""",,,14,,Dominican Republic,20 / 45,20 / 40,30 / 45,45 / 50,40 / 50,50 / 55,,,,,,,,2017,0,,4773,14,Yerdel,Vargas,SS,17,OAK,2017,2017 Report,sa3003184,0,,0,14,40,0,2021,J2 2016,,71,170,R,R,Dominican Republic,,spoWUPC6aYQ,20.0,45.0,20.0,40.0,30.0,45.0,45.0,50.0,40.0,50.0,50.0,55.0,0,0,,0,R5,,,,,,,,,,,,,,,
AAA,AAA,sa829857,Bryson Brigman,Bryson Brigman,/players/bryson-brigman/sa829857/stats/batting,sa829857,2B/SS,,,,,2019,40,170,"5' 11""",,,14,,San Diego,40 / 60,20 / 30,40 / 45,55 / 55,45 / 55,45 / 45,,,,,,,,2017,0,,4797,14,Bryson,Brigman,2B,21,SEA,2017,2017 Report,sa829857,0,,0,14,40,0,2019,3rd rd 2016,,71,170,R,R,San Diego,,NTOq_DZ6Qx4,40.0,60.0,20.0,30.0,40.0,45.0,55.0,55.0,45.0,55.0,45.0,45.0,0,0,,0,R5,,,,,,,,,,,,,,,
AAA,MLB,sa737559,Justin Williams,Justin Williams,/players/justin-williams/15490/stats/batting,15490,OF,,,,,2019,40,220,"6' 2""",,,14,,Terrebonne HS (LA),40 / 55,30 / 40,60 / 60,40 / 40,45 / 50,50 / 50,,,,,,,,2017,0,,4813,14,Justin,Williams,OF,21,TBR,2017,2017 Report,15490,0,,0,14,40,0,2019,2nd rd 2013,,74,220,L,R,Terrebonne HS (LA),,qBdkDD7U1B4,40.0,55.0,30.0,40.0,60.0,60.0,40.0,40.0,45.0,50.0,50.0,50.0,0,0,,0,0,0.137,,,,,,,,,,,,,,
,MLB,sa657400,Rafael Bautista,Rafael Bautista,/players/rafael-bautista/15769/stats/batting,15769,OF,-1.0,,,,2017,40,175,"6' 2""",,,14,,Dominican Republic,40 / 45,20 / 30,30 / 30,70 / 70,50 / 55,45 / 45,,,,,,,,2017,0,,5088,14,Rafael,Bautista,OF,23,WSN,2017,2017 Report,15769,0,,0,14,40,0,2017,J2 2011,,74,175,R,R,Dominican Republic,,,40.0,45.0,20.0,30.0,30.0,30.0,70.0,70.0,50.0,55.0,45.0,45.0,0,0,,0,2,0.050,,,,,,,,,,,,,,
,MLB,sa738413,Michael Hermosillo,Michael Hermosillo,/players/michael-hermosillo/16285/stats/batting,16285,OF,-1.0,,,,2019,40,190,"5' 10""",,,14,,Ottawa HS (IL),40 / 50,20 / 30,45 / 50,55 / 55,40 / 50,50 / 50,,,,,,,,2017,0,,4585,14,Michael,Hermosillo,OF,22,LAA,2017,2017 Report,16285,0,,0,14,40,0,2019,28th rd 2013,,70,190,R,R,Ottawa HS (IL),,,40.0,50.0,20.0,30.0,45.0,50.0,55.0,55.0,40.0,50.0,50.0,50.0,0,0,,0,0,2.064,,,,,,,,,,,,,,
AAA,AAA,sa823925,Michael DeLeon,Michael DeLeon,/players/michael-de-len/sa823925/stats/batting,sa823925,SS,,,,,2019,40,180,"6' 1""",,,14,,Dominican Republic,30 / 40,20 / 30,40 / 45,45 / 40,50 / 55,55 / 55,,,,,,,,2017,0,,4844,14,Michael,DeLeon,SS,20,TEX,2017,2017 Report,sa823925,0,,0,14,40,0,2019,J2 2013,,73,180,S,R,Dominican Republic,,SyOc_lnByVg,30.0,40.0,20.0,30.0,40.0,45.0,45.0,40.0,50.0,55.0,55.0,55.0,0,0,,0,R5,,,,,,,,,,,,,,,
,MLB,sa389911,Josh Smoker,Josh Smoker,/players/josh-smoker/10285/stats/pitching,10285,P,-1.0,,,,2017,40,250,"6' 2""",,,14,,Calhoun HS (GA),,,,,,,70 / 70,55 / 55,,,50 / 50,,45 / 45,2017,0,,5108,14,Josh,Smoker,LHP,28,NYM,2017,2017 Report,10285,0,,0,14,40,0,2017,1st rd 2007,,74,250,L,L,Calhoun HS (GA),,,,,,,,,,,,,,,0,0,,0,1,1.070,70.0,70.0,55.0,55.0,,,,,45.0,45.0,50.0,50.0,,
,AAA,sa658076,Jesus Liranzo,Jesus Liranzo,/players/jess-liranzo/sa658076/stats/pitching,sa658076,P,-1.0,,,,2017,40,180,"6' 2""",,,14,,Dominican Republic,,,,,,,60 / 60,45 / 50,,,40 / 45,,45 / 50,2017,0,,4599,14,Jesus,Liranzo,RHP,22,BAL,2017,2017 Report,sa658076,0,,0,14,40,0,2017,J2 2011,,74,180,R,R,Dominican Republic,,,,,,,,,,,,,,,0,0,,0,0,0.000,60.0,60.0,45.0,50.0,,,,,45.0,50.0,40.0,45.0,,
,MLB,sa737533,Travis Demeritte,Travis Demeritte,/players/travis-demeritte/15958/stats/batting,15958,OF,-1.0,,,,2019,45,178,"6' 0""",,,15,,Winder-Barrow HS (GA),20 / 30,30 / 45,60 / 60,45 / 45,60 / 70,50 / 50,,,,,,,,2017,0,,4898,15,Travis,Demeritte,2B,22,ATL,2017,2017 Report,15958,0,,0,15,45,0,2019,1st rd 2013,,72,178,R,R,Winder-Barrow HS (GA),,YQjbmtOH1mU,20.0,30.0,30.0,45.0,60.0,60.0,45.0,45.0,60.0,70.0,50.0,50.0,0,0,,0,1,1.018,,,,,,,,,,,,,,
AAA,MLB,sa917969,Mason Thompson,Mason Thompson,/players/mason-thompson/21850/stats/pitching,21850,P,13.0,,,,2021,45,190,"6' 6""",,,15,,Round Rock HS (TX),,,,,,,50 / 60,,40 / 55,50 / 60,,,40 / 50,2017,0,,5207,15,Mason,Thompson,RHP,18,SDP,2017,2017 Report,21850,0,,0,15,45,0,2021,3rd rd 2016,,78,190,R,R,Round Rock HS (TX),,,,,,,,,,,,,,,0,0,,0,0,4.022,50.0,60.0,,,40.0,55.0,50.0,60.0,40.0,50.0,,,,
,MLB,sa599266,Sal Romano,Sal Romano,/players/sal-romano/13690/stats/pitching,13690,P,-1.0,,,,2018,45,260,"6' 5""",,,15,,Southington HS (CT),,,,,,,70 / 70,55 / 55,,40 / 45,,,50 / 55,2017,0,,4953,15,Sal,Romano,RHP,23,CIN,2017,2017 Report,13690,0,,0,15,45,0,2018,23rd rd 2011,,77,260,L,R,Southington HS (CT),,,,,,,,,,,,,,,0,0,,0,0,1.167,70.0,70.0,55.0,55.0,,,40.0,45.0,50.0,55.0,,,,
,MLB,sa550041,Chad Green,Chad Green,/players/chad-green/15552/stats/pitching,15552,P,-1.0,,,,2017,45,210,"6' 3""",,,15,,Louisville,,,,,,,60 / 60,55 / 55,,40 / 45,,50 / 55,45 / 50,2017,0,,4741,15,Chad,Green,RHP,25,NYY,2017,2017 Report,15552,0,,0,15,45,0,2017,11th rd 2013,,75,210,L,R,Louisville,,,,,,,,,,,,,,,0,0,,0,n/a,9.008,60.0,60.0,55.0,55.0,,,40.0,45.0,45.0,50.0,,,50.0,55.0
,MLB,sa917948,Mitch White,Mitch White,/players/mitch-white/19225/stats/pitching,19225,P,-1.0,,,,2019,45,207,"6' 4""",,,15,,Santa Clara,,,,,,,50 / 50,,50 / 50,40 / 45,,55 / 60,45 / 55,2017,0,,5043,15,Mitch,White,RHP,21,LAD,2017,2017 Report,19225,0,,0,15,45,0,2019,2nd rd of 2016,,76,207,R,R,Santa Clara,,XlwJUJpdH0,,,,,,,,,,,,,0,0,,0,0,2.109,50.0,50.0,,,50.0,50.0,40.0,45.0,45.0,55.0,,,55.0,60.0
,MLB,sa658005,Brett Phillips,Brett Phillips,/players/brett-phillips/14735/stats/batting,14735,OF,-1.0,,,,2018,45,185,"6' 0""",,,15,,Seminole HS (FL),30 / 40,40 / 45,55 / 55,55 / 55,50 / 55,60 / 60,,,,,,,,2017,0,,5064,15,Brett,Phillips,OF,22,MIL,2017,2017 Report,14735,0,,0,15,45,0,2018,6th rd 2012,,72,185,L,R,Seminole HS (FL),,1bhg4uirVYc,30.0,40.0,40.0,45.0,55.0,55.0,55.0,55.0,50.0,55.0,60.0,60.0,0,0,,0,0,4.060,,,,,,,,,,,,,,
ST,AA,sa601924,Max Pentecost,Max Pentecost,/players/maxwell-pentecost/sa601924/stats/batting,sa601924,C,14.0,,,,2018,40,190,"6' 1""",,,15,,Kennesaw St,45 / 55,40 / 45,50 / 50,55 / 50,40 / 45,40 / 40,,,,,,,,2017,0,,4867,15,Max,Pentecost,C,24,TOR,2017,2017 Report,sa601924,0,,0,15,40,0,2018,1st rd 2014,,73,190,R,R,Kennesaw St,,E8gP-Jd3MG8,45.0,55.0,40.0,45.0,50.0,50.0,55.0,50.0,40.0,45.0,40.0,40.0,0,0,,0,R5,,,,,,,,,,,,,,,
AA,AAA,sa920180,Jhailyn Ortiz,Jhailyn Ortiz,/players/jhailyn-ortiz/sa920180/stats/batting,sa920180,OF,,,,,2021,40,215,"6' 3""",,,15,,Dominican Republic,20 / 40,30 / 60,70 / 70,30 / 20,40 / 45,55 / 55,,,,,,,,2017,0,,5129,15,Jhailyn,Ortiz,OF,18,PHI,2017,2017 Report,sa920180,0,,0,15,40,0,2021,J2 2015,,75,215,R,R,Dominican Republic,,HQy76_5oRQc,20.0,40.0,30.0,60.0,70.0,70.0,30.0,20.0,40.0,45.0,55.0,55.0,0,0,,0,2,0.000,,,,,,,,,,,,,,
AAA,MLB,sa874080,Bernardo Flores Jr.,Bernardo Flores Jr.,/players/bernardo-flores-jr/19561/stats/pitching,19561,P,,,,,2020,40,180,"6' 4""",,,15,,USC,,,,,,,50 / 55,,45 / 50,45 / 55,,45 / 50,40 / 50,2017,0,,4632,15,Bernardo,Flores,LHP,21,CHW,2017,2017 Report,19561,0,,0,15,40,0,2020,7th rd 2016,,76,180,L,L,USC,,,,,,,,,,,,,,,0,0,,0,1,0.037,50.0,55.0,,,45.0,50.0,45.0,55.0,40.0,50.0,,,45.0,50.0
MLB,MLB,sa708217,Trevor Williams,Trevor Williams,/players/trevor-williams/16977/stats/pitching,16977,P,24.0,,,,2017,40,230,"6' 3""",,,15,,Arizona St.,,,,,,,55 / 55,55 / 55,,40 / 40,,,40 / 45,2017,0,,5162,15,Trevor,Williams,RHP,24,PIT,2017,2017 Report,16977,0,,0,15,40,0,2017,2nd rd 2013,,75,230,R,R,Arizona St.,,5zBXldZB5FE,,,,,,,,,,,,,0,0,,0,n/a,9.027,55.0,55.0,55.0,55.0,,,40.0,40.0,40.0,45.0,,,,
A-,AA,sa828213,Gabriel Mejia,Gabriel Mejia,/players/gabriel-mejia/sa828213/stats/batting,sa828213,OF,5.0,,,,2021,40,160,"5' 11""",,,15,,Dominican Republic,20 / 50,20 / 20,20 / 20,80 / 80,45 / 60,40 / 40,,,,,,,,2017,0,,4659,15,Gabriel,Mejia,CF,21,CLE,2017,2017 Report,sa828213,0,,0,15,40,0,2021,J2 2013,,71,160,S,R,Dominican Republic,,__KRP2AtUyE,20.0,50.0,20.0,20.0,20.0,20.0,80.0,80.0,45.0,60.0,40.0,40.0,0,0,,0,,,,,,,,,,,,,,,,
AAA,MLB,sa827376,Austin Gomber,Austin Gomber,/players/austin-gomber/16561/stats/pitching,16561,P,16.0,,,,2018,40,235,"6' 5""",,,15,,Florida Atlantic,,,,,,,45 / 45,,55 / 55,45 / 50,,,50 / 55,2017,0,,5183,15,Austin,Gomber,LHP,23,StL,2017,2017 Report,16561,0,,0,15,40,0,2018,4th rd 2014,,77,235,L,L,Florida Atlantic,,HSGVqNK8rZo,,,,,,,,,,,,,0,0,,0,n/a,6.088,45.0,45.0,,,55.0,55.0,45.0,50.0,50.0,55.0,,,,
,MLB,sa506724,Félix Peña,Felix Pena,/players/felix-pena/13403/stats/pitching,13403,P,-1.0,,,,2017,40,190,"6' 2""",,,15,,Dominican Republic,,,,,,,55 / 55,,55 / 55,,,40 / 40,40 / 40,2017,0,,4930,15,Felix,Pena,RHP,26,CHC,2017,2017 Report,13403,0,,0,15,40,0,2017,J2 2008,,74,190,R,R,Dominican Republic,,,,,,,,,,,,,,,0,0,,0,1,3.117,55.0,55.0,,,55.0,55.0,,,40.0,40.0,,,40.0,40.0
,A,sa827974,Hector Martinez,Hector Martinez,/players/hector-martinez/sa827974/stats/batting,sa827974,2B,-1.0,,,,2021,40,175,"5' 11""",,,15,,Dominican Republic,20 / 55,30 / 50,45 / 50,55 / 50,40 / 55,45 / 50,,,,,,,,2017,0,,4677,15,Hector,Martinez,SS,20,DET,2017,2017 Report,sa827974,0,,0,15,40,0,2021,J2 2013,,71,175,R,R,Dominican Republic,,,20.0,55.0,30.0,50.0,45.0,50.0,55.0,50.0,40.0,55.0,45.0,50.0,0,0,,0,R5,,,,,,,,,,,,,,,
,AAA,sa739574,Samir Duenez,Samir Duenez,/players/samir-dueez/sa739574/stats/batting,sa739574,1B,-1.0,,,,2019,40,195,"6' 1""",,,15,,Venezuela,50 / 55,30 / 40,45 / 50,30 / 30,45 / 50,50 / 50,,,,,,,,2017,0,,4697,15,Samir,Duenez,1B,20,KCR,2017,2017 Report,sa739574,0,,0,15,40,0,2019,J2 2012,,73,195,L,R,Venezuela,,,50.0,55.0,30.0,40.0,45.0,50.0,30.0,30.0,45.0,50.0,50.0,50.0,0,0,,0,1,0.000,,,,,,,,,,,,,,
,MLB,sa621373,JT Chargois,JT Chargois,/players/jt-chargois/13767/stats/pitching,13767,P,-1.0,,,,2017,40,200,"6' 3""",,,15,,Rice,,,,,,,70 / 70,55 / 60,,40 / 45,,,40 / 45,2017,0,,4717,15,J.T.,Chargois,RHP,25,MIN,2017,2017 Report,13767,0,,0,15,40,0,2017,2nd rd 2012,,75,200,R,R,Rice,,y0aSUi7aoCk,,,,,,,,,,,,,0,0,,0,n/a,5.101,70.0,70.0,55.0,60.0,,,40.0,45.0,40.0,45.0,,,,
,MLB,sa550172,Dan Slania,Dan Slania,/players/dan-slania/15639/stats/pitching,15639,P,-1.0,,,,2017,40,,,,,15,,Notre Dame,,,,,,,55 / 55,55 / 55,40 / 40,45 / 50,,,50 / 55,2017,0,,5239,15,Dan,Slania,RHP,24,SFG,2017,2017 Report,15639,0,,0,15,40,0,2017,5th rd 2013,,0,0,,,Notre Dame,,ZK1Ga1EcjyQ,,,,,,,,,,,,,0,0,,0,2,0.003,55.0,55.0,55.0,55.0,40.0,40.0,45.0,50.0,50.0,55.0,,,,
MLB,MLB,sa737539,Ryan McMahon,Ryan McMahon,/players/ryan-mcmahon/15112/stats/batting,15112,3B,9.0,,,,2018,40,185,"6' 2""",,,15,,Mater Dei HS (CA),30 / 40,40 / 50,60 / 60,30 / 30,40 / 45,55 / 55,,,,,,,,2017,0,,4985,15,Ryan,McMahon,1B,21,COL,2017,2017 Report,15112,0,,0,15,40,0,2018,2nd rd 2013,,74,185,L,R,Mater Dei HS (CA),,aWNFMcDTPS8,30.0,40.0,40.0,50.0,60.0,60.0,30.0,30.0,40.0,45.0,55.0,55.0,0,0,,0,n/a,8.006,,,,,,,,,,,,,,
AAA,MLB,sa597900,J.D. Davis,J.D. Davis,/players/jd-davis/16219/stats/batting,16219,3B,,,,,2017,40,225,"6' 3""",,,15,,Cal State Fullerton,35 / 40,45 / 50,60 / 60,40 / 40,40 / 40,70 / 70,,,,,,,,2017,0,,5022,15,JD,Davis,3B,23,HOU,2017,2017 Report,16219,0,,0,15,40,0,2017,3rd rd 2014,,75,225,R,R,Cal State Fullerton,,p3AeZ1Cy21k,35.0,40.0,45.0,50.0,60.0,60.0,40.0,40.0,40.0,40.0,70.0,70.0,0,0,,0,n/a,6.114,,,,,,,,,,,,,,
,MLB,sa550136,Jaycob Brugman,Jaycob Brugman,/players/jaycob-brugman/14936/stats/batting,14936,OF,-1.0,,,,201,40,195,"6' 0""",,,15,,BYU,45 / 50,40 / 40,45 / 45,50 / 50,50 / 50,50 / 50,,,,,,,,2017,0,,4774,15,Jaycob,Brugman,OF,25,OAK,2017,2017 Report,14936,0,,0,15,40,0,201,17th rd 2013,,72,195,L,L,BYU,,,45.0,50.0,40.0,40.0,45.0,45.0,50.0,50.0,50.0,50.0,50.0,50.0,0,0,,0,2,0.063,,,,,,,,,,,,,,
,AAA,sa917934,Joe Rizzo,Joe Rizzo,/players/joseph-rizzo/sa917934/stats/batting,sa917934,3B,-1.0,,,,2020,40,200,"5' 9""",,,15,,Oakton HS (VA),35 / 60,20 / 40,45 / 45,30 / 30,30 / 40,50 / 50,,,,,,,,2017,0,,4798,15,Joe,Rizzo,3B,19,SEA,2017,2017 Report,sa917934,0,,0,15,40,0,2020,2nd rd 2016,,69,200,L,R,Oakton HS (VA),,VU5-CG99f8E,35.0,60.0,20.0,40.0,45.0,45.0,30.0,30.0,30.0,40.0,50.0,50.0,0,0,,0,R5,,,,,,,,,,,,,,,
AAA,MLB,sa598097,Jake Faria,Jake Faria,/players/jake-faria/13699/stats/pitching,13699,P,,,,,2017,40,180,"6' 4""",,,15,,Gahr HS (CA),,,,,,,55 / 55,40 / 40,40 / 45,60 / 60,,,40 / 45,2017,0,,4814,15,Jacob,Faria,RHP,23,TBR,2017,2017 Report,13699,0,,0,15,40,0,2017,10th rd 2011,,76,180,R,R,Gahr HS (CA),,,,,,,,,,,,,,,0,0,,0,0,2.099,55.0,55.0,40.0,40.0,40.0,45.0,60.0,60.0,40.0,45.0,,,,
AAA,MLB,sa621465,Austin Voth,Austin Voth,/players/austin-voth/15047/stats/pitching,15047,P,8.0,,,,2017,40,210,"6' 2""",,,15,,Kenwtood HS (WA),,,,,,,40 / 40,55 / 55,40 / 40,40 / 50,,,45 / 50,2017,0,,5089,15,Austin,Voth,RHP,24,WSN,2017,2017 Report,15047,0,,0,15,40,0,2017,5th rd 2013,,74,210,R,R,Kenwtood HS (WA),,,,,,,,,,,,,,,0,0,,0,n/a,5.115,40.0,40.0,55.0,55.0,40.0,40.0,40.0,50.0,45.0,50.0,,,,
,AA,sa917275,Miguel Aparicio,Miguel Aparicio,/players/miguel-aparicio/sa917275/stats/batting,sa917275,OF,-1.0,,,,2020,40,165,"6' 0""",,,15,,Venezuela,20 / 55,20 / 30,30 / 40,55 / 55,45 / 60,40 / 45,,,,,,,,2017,0,,4845,15,Miguel,Aparicio,CF,18,TEX,2017,2017 Report,sa917275,0,,0,15,40,0,2020,J2 2015,,72,165,L,L,Venezuela,,,20.0,55.0,20.0,30.0,30.0,40.0,55.0,55.0,45.0,60.0,40.0,45.0,0,0,,0,R5,,,,,,,,,,,,,,,
AAA,MLB,sa737882,Luis Guillorme,Luis Guillorme,/players/luis-guillorme/16451/stats/batting,16451,2B/3B,,,,,2018,40,175,"5' 10""",,,15,,Coral Springs Charter (FL),40 / 50,20 / 20,45 / 45,50 / 50,55 / 60,55 / 55,,,,,,,,2017,0,,5109,15,Luis,Guillorme,UTIL,22,NYM,2017,2017 Report,16451,0,,0,15,40,0,2018,10th rd 2013,,70,175,L,R,Coral Springs Charter (FL),,BgaLpYSnLbQ,40.0,50.0,20.0,20.0,45.0,45.0,50.0,50.0,55.0,60.0,55.0,55.0,0,0,,0,n/a,6.032,,,,,,,,,,,,,,
AAA,AAA,sa598684,Aneury Tavarez,Aneury Tavarez,/players/aneury-tavrez/sa598684/stats/batting,sa598684,OF,,,,,2017,40,195,"5' 9""",,,15,,Dominican Republic,50 / 55,30 / 30,45 / 45,55 / 55,50 / 55,50 / 50,,,,,,,,2017,0,,4600,15,Aneury,Tavarez,OF,24,BAL,2017,2017 Report,sa598684,0,,0,15,40,0,2017,J2 2010,,69,195,L,R,Dominican Republic,,,50.0,55.0,30.0,30.0,45.0,45.0,55.0,55.0,50.0,55.0,50.0,50.0,0,0,,0,R5,,,,,,,,,,,,,,,
,MLB,sa917931,Kyle Muller,Kyle Muller,/players/kyle-muller/20167/stats/pitching,20167,P,-1.0,,,,2020,45,215,"6' 6""",,,16,,Jesuit Prep (TX),,,,,,,40 / 50,,45 / 50,40 / 50,,,45 / 55,2017,0,,4899,16,Kyle,Muller,LHP,19,ATL,2017,2017 Report,20167,0,,0,16,45,0,2020,2nd rd 2016,,78,215,R,L,Jesuit Prep (TX),,,,,,,,,,,,,,,0,0,,0,0,1.136,40.0,50.0,,,45.0,50.0,40.0,50.0,45.0,55.0,,,,
,AA,sa917951,Reggie Lawson,Reggie Lawson,/players/reginald-lawson/sa917951/stats/pitching,sa917951,P,-1.0,,,,2021,45,205,"6' 4""",,,16,,Victor Valley HS (CA),,,,,,,50 / 55,,45 / 60,40 / 50,,,35 / 50,2017,0,,5208,16,Reggie,Lawson,RHP,19,SDP,2017,2017 Report,sa917951,0,,0,16,45,0,2021,2nd rd 2016,,76,205,R,R,Victor Valley HS (CA),,GHRuOX42jYQ,,,,,,,,,,,,,0,0,,0,2,0.000,50.0,55.0,,,45.0,60.0,40.0,50.0,35.0,50.0,,,,
MLB,MLB,sa737914,Tyler Mahle,Tyler Mahle,/players/tyler-mahle/16358/stats/pitching,16358,P,30.0,,,,2018,45,200,"6' 2""",,,16,,Westminster HS (CA),,,,,,,40 / 45,,50 / 50,50 / 55,,,50 / 60,2017,0,,4954,16,Tyler,Mahle,RHP,22,CIN,2017,2017 Report,16358,0,,0,16,45,0,2018,7th rd 2013,,74,200,R,R,Westminster HS (CA),,,,,,,,,,,,,,,0,0,,0,n/a,8.018,40.0,45.0,,,50.0,50.0,50.0,55.0,50.0,60.0,,,,
,MLB,sa602898,Sam Howard,Sam Howard,/players/sam-howard/16265/stats/pitching,16265,P,-1.0,,,,2017,45,170,"6' 3""",,,16,,Georgia Southern,,,,,,,50 / 50,50 / 55,,45 / 50,,,45 / 50,2017,0,,4986,16,Sam,Howard,LHP,23,COL,2017,2017 Report,16265,0,,0,16,45,0,2017,3rd rd 2014,,75,170,R,L,Georgia Southern,,,,,,,,,,,,,,,0,0,,0,1,2.135,50.0,50.0,50.0,55.0,,,45.0,50.0,45.0,50.0,,,,
AAA,MLB,sa874464,Estevan Florial,Estevan Florial,/players/estevan-florial/19151/stats/batting,19151,OF,,,,,2020,45,185,"6' 1""",,,16,,Haiti,20 / 45,30 / 55,55 / 60,60 / 55,40 / 50,60 / 60,,,,,,,,2017,0,,4742,16,Estevan,Florial,CF,19,NYY,2017,2017 Report,19151,0,,0,16,45,0,2020,J2 2014,,73,185,L,R,Haiti,,,20.0,45.0,30.0,55.0,55.0,60.0,60.0,55.0,40.0,50.0,60.0,60.0,0,0,,0,0,1.018,,,,,,,,,,,,,,
AAA,MLB,sa874174,Zach Jackson,Zach Jackson,/players/zach-jackson/19493/stats/pitching,19493,P,10.0,,,,2018,40,200,"6' 3""",,,16,,Arkansas,,,,,,,55 / 60,55 / 60,,45 / 50,,,30 / 40,2017,0,,4868,16,Zach,Jackson,RHP,22,TOR,2017,2017 Report,19493,0,,0,16,40,0,2018,3rd rd 2016,,75,200,R,R,Arkansas,,,,,,,,,,,,,,,0,0,,0,3,2.000,55.0,60.0,55.0,60.0,,,45.0,50.0,30.0,40.0,,,,
MLB,MLB,sa658613,Drew Anderson,Drew Anderson,/players/drew-anderson/15130/stats/pitching,15130,P,6.0,,,,2017,40,185,"6' 3""",,,16,,Galena HS (NV),,,,,,,55 / 55,40 / 40,50 / 55,45 / 50,,,40 / 50,2017,0,,5130,16,Drew,Anderson,RHP,22,PHI,2017,2017 Report,15130,0,,0,16,40,0,2017,21st rd 2012,,75,185,R,R,Galena HS (NV),,,,,,,,,,,,,,,0,0,,0,0,0.114,55.0,55.0,40.0,40.0,50.0,55.0,45.0,50.0,40.0,50.0,,,,
MLB,MLB,sa913343,Alex Call,Alex Call,/players/alex-call/19296/stats/batting,19296,OF,22.0,,,,2020,40,185,"5' 11""",,,16,,Ball St,30 / 50,30 / 45,40 / 45,55 / 55,40 / 45,55 / 55,,,,,,,,2017,0,,4633,16,Alex,Call,OF,22,CHW,2017,2017 Report,19296,0,,0,16,40,0,2020,3rd rd 2016,,71,185,R,R,Ball St,,,30.0,50.0,30.0,45.0,40.0,45.0,55.0,55.0,40.0,45.0,55.0,55.0,0,0,,0,2,2.161,,,,,,,,,,,,,,
MLB,MLB,sa598167,Clay Holmes,Clay Holmes,/players/clay-holmes/13649/stats/pitching,13649,P,25.0,,,,2017,40,230,"6' 5""",,,16,,Slocomb HS (AL),,,,,,,50 / 50,40 / 45,50 / 55,40 / 45,,,40 / 45,2017,0,,5163,16,Clay,Holmes,RHP,23,PIT,2017,2017 Report,13649,0,,0,16,40,0,2017,9th rd 2011,,77,230,R,R,Slocomb HS (AL),,mAZ3PKMP6mU,,,,,,,,,,,,,0,0,,0,n/a,7.031,50.0,50.0,40.0,45.0,50.0,55.0,40.0,45.0,40.0,45.0,,,,
MLB,MLB,sa598951,Shawn Armstrong,Shawn Armstrong,/players/shawn-armstrong/12857/stats/pitching,12857,P,5.0,,,,2017,40,210,"6' 2""",,,16,,ECU,,,,,,,50 / 50,,55 / 60,,,50 / 50,40 / 45,2017,0,,4660,16,Shawn,Armstrong,RHP,26,CLE,2017,2017 Report,12857,0,,0,16,40,0,2017,18th rd 2011,,74,210,R,R,ECU,,,,,,,,,,,,,,,0,0,,0,n/a,7.113,50.0,50.0,,,55.0,60.0,,,40.0,45.0,,,50.0,50.0
MLB,MLB,sa914549,Randy Arozarena,Randy Arozarena,/players/randy-arozarena/19290/stats/batting,19290,OF,11.0,,,,2018,40,195,"5' 11""",,,16,,Cuba,30 / 45,20 / 40,35 / 40,55 / 55,45 / 50,55 / 55,,,,,,,,2017,0,,5184,16,Randy,Arozarena,UTIL,21,StL,2017,2017 Report,19290,0,,0,16,40,0,2018,J2 2016,,71,195,R,R,Cuba,,,30.0,45.0,20.0,40.0,35.0,40.0,55.0,55.0,45.0,50.0,55.0,55.0,0,0,,0,n/a,5.129,,,,,,,,,,,,,,
,MLB,sa738514,Thomas Hatch,Thomas Hatch,/players/thomas-hatch/19264/stats/pitching,19264,P,-1.0,,,,2018,40,190,"6' 1""",,,16,,Oklahoma St.,,,,,,,50 / 60,55 / 60,,40 / 40,,,45 / 50,2017,0,,4931,16,Thomas,Hatch,RHP,22,CHC,2017,2017 Report,19264,0,,0,16,40,0,2018,3rd rd 2016,,73,190,R,R,Oklahoma St.,,,,,,,,,,,,,,,0,0,,0,0,2.098,50.0,60.0,55.0,60.0,,,40.0,40.0,45.0,50.0,,,,
,AA,sa655950,Arvicent Perez,Arvicent Perez,/players/arvicent-perez/sa655950/stats/batting,sa655950,C,-1.0,,,,2020,40,190,"5' 10""",,,16,,Venezuela,30 / 50,20 / 30,40 / 40,20 / 20,40 / 50,60 / 60,,,,,,,,2017,0,,4678,16,Arvicent,Perez,C,22,DET,2017,2017 Report,sa655950,0,,0,16,40,0,2020,J2 2011,,70,190,R,R,Venezuela,,,30.0,50.0,20.0,30.0,40.0,40.0,20.0,20.0,40.0,50.0,60.0,60.0,0,0,,0,R5,,,,,,,,,,,,,,,
,A+,sa828684,Chase Vallot,Chase Vallot,/players/chase-vallot/sa828684/stats/batting,sa828684,C,-1.0,,,,2020,40,215,"6' 0""",,,16,,St. Thomas More (LA),20 / 40,40 / 45,55 / 60,20 / 20,30 / 40,45 / 45,,,,,,,,2017,0,,4698,16,Chase,Vallot,C,20,KCR,2017,2017 Report,sa828684,0,,0,16,40,0,2020,1st rd 2014,,72,215,R,R,St. Thomas More (LA),,QfBiA38TPSI,20.0,40.0,40.0,45.0,55.0,60.0,20.0,20.0,30.0,40.0,45.0,45.0,0,0,,0,R5,,,,,,,,,,,,,,,
,MLB,sa599297,Nick Burdi,Nick Burdi,/players/nick-burdi/16074/stats/pitching,16074,P,-2.0,,,,2018,40,220,"6' 5""",,,16,,Louisville,,,,,,,70 / 80,60 / 70,,,,,30 / 40,2017,0,,4718,16,Nick,Burdi,RHP,23,MIN,2017,2017 Report,16074,0,,0,16,40,0,2018,2nd rd 2014,,77,220,R,R,Louisville,,a4s7JnQDc9k,,,,,,,,,,,,,0,0,,0,n/a,4.165,70.0,80.0,60.0,70.0,,,,,30.0,40.0,,,,
AAA,AAA,sa658616,C.J. Hinojosa,C.J. Hinojosa,/players/christopher-hinojosa/sa658616/stats/batting,sa658616,2B/SS,,,,,2019,40,,,,,16,,Texas,40 / 50,30 / 40,45 / 50,40 / 40,40 / 45,55 / 55,,,,,,,,2017,0,,5240,16,C.J.,Hinojosa,SS,22,SFG,2017,2017 Report,sa658616,0,,0,16,40,0,2019,11th rd 2015,,0,0,,,Texas,,,40.0,50.0,30.0,40.0,45.0,50.0,40.0,40.0,40.0,45.0,55.0,55.0,0,0,,0,R5,,,,,,,,,,,,,,,
AAA,MLB,sa873674,Ronnie Dawson,Ronnie Dawson,/players/ronnie-dawson/19710/stats/batting,19710,DH,,,,,2020,40,225,"6' 2""",,,16,,Ohio St,30 / 40,40 / 50,60 / 60,55 / 50,30 / 40,40 / 40,,,,,,,,2017,0,,5023,16,Ronnie,Dawson,OF,21,HOU,2017,2017 Report,19710,0,,0,16,40,0,2020,2nd rd 2016,,74,225,L,R,Ohio St,,,30.0,40.0,40.0,50.0,60.0,60.0,55.0,50.0,30.0,40.0,40.0,40.0,0,0,,0,2,0.012,,,,,,,,,,,,,,
AAA,MLB,sa657210,Yairo Muñoz,Yairo Munoz,/players/yairo-munoz/16313/stats/batting,16313,SS/OF,,,,,2018,40,200,"6' 1""",,,16,,Dominican Republic,45 / 55,30 / 40,50 / 55,55 / 50,40 / 50,70 / 70,,,,,,,,2017,0,,4775,16,Yairo,Munoz,3B,22,OAK,2017,2017 Report,16313,0,,0,16,40,0,2018,J2 2011,,73,200,R,R,Dominican Republic,,McRd9qPdEDA,45.0,55.0,30.0,40.0,50.0,55.0,55.0,50.0,40.0,50.0,70.0,70.0,0,0,,0,0,3.003,,,,,,,,,,,,,,
,A+,sa917328,Starling Heredia,Starling Heredia,/players/starling-heredia/sa917328/stats/batting,sa917328,OF,-1.0,,,,2021,40,200,"6' 2""",,,16,,Dominican Republic,20 / 50,30 / 55,55 / 60,50 / 40,40 / 50,60 / 60,,,,,,,,2017,0,,5044,16,Starling,Heredia,OF,17,LAD,2017,2017 Report,sa917328,0,,0,16,40,0,2021,J2 2015,,74,200,R,R,Dominican Republic,,,20.0,50.0,30.0,55.0,55.0,60.0,50.0,40.0,40.0,50.0,60.0,60.0,0,0,,0,R5,,,,,,,,,,,,,,,
,MLB,sa659045,Braden Bishop,Braden Bishop,/players/braden-bishop/17806/stats/batting,17806,OF,-1.0,,,,2019,40,190,"6' 1""",,,16,,Washington,30 / 40,20 / 30,40 / 40,70 / 70,50 / 60,55 / 55,,,,,,,,2017,0,,4799,16,Braden,Bishop,CF,23,SEA,2017,2017 Report,17806,0,,0,16,40,0,2019,3rd rd 2015,,73,190,R,R,Washington,,,30.0,40.0,20.0,30.0,40.0,40.0,70.0,70.0,50.0,60.0,55.0,55.0,0,0,,0,0,1.030,,,,,,,,,,,,,,
AAA,MLB,sa828691,Monte Harrison,Monte Harrison,/players/monte-harrison/17216/stats/batting,17216,OF,-1.0,,,,2020,40,200,"6' 3""",,,16,,Lee's Summit West (MO),20 / 30,20 / 40,60 / 60,60 / 60,40 / 45,80 / 80,,,,,,,,2017,0,,5065,16,Monte,Harrison,RF,21,MIL,2017,2017 Report,17216,0,,0,16,40,0,2020,2nd rd 2014,,75,200,R,R,Lee's Summit West (MO),,RRzOrr9b4V8,20.0,30.0,20.0,40.0,60.0,60.0,60.0,60.0,40.0,45.0,80.0,80.0,0,0,,0,0,0.120,,,,,,,,,,,,,,
MLB,MLB,sa548245,Ryne Stanek,Ryne Stanek,/players/ryne-stanek/15947/stats/pitching,15947,P,28.0,,,,2017,40,200,"6' 4""",,,16,,Arkansas,,,,,,,80 / 80,55 / 55,50 / 50,,,,40 / 40,2017,0,,4815,16,Ryne,Stanek,RHP,25,TBR,2017,2017 Report,15947,0,,0,16,40,0,2017,1st rd 2013,,76,200,R,R,Arkansas,,5ze1sBDKVVo,,,,,,,,,,,,,0,0,,0,n/a,8.038,80.0,80.0,55.0,55.0,50.0,50.0,,,40.0,40.0,,,,
MLB,MLB,sa874806,Blake Perkins,Blake Perkins,/players/blake-perkins/19921/stats/batting,19921,OF,23.0,,,,2020,40,165,"6' 1""",,,16,,Verrado HS (AZ),20 / 50,20 / 30,30 / 40,60 / 60,45 / 60,50 / 50,,,,,,,,2017,0,,5090,16,Blake,Perkins,CF,20,WSN,2017,2017 Report,19921,0,,0,16,40,0,2020,2nd rd 2015,,73,165,S,R,Verrado HS (AZ),,97hbiPICZPQ,20.0,50.0,20.0,30.0,30.0,40.0,60.0,60.0,45.0,60.0,50.0,50.0,0,0,,0,2,2.133,,,,,,,,,,,,,,
,A+,sa874775,Eric Jenkins,Eric Jenkins,/players/eric-jenkins/sa874775/stats/batting,sa874775,OF,-1.0,,,,2021,40,170,"6' 1""",,,16,,West Columbus HS (NC),20 / 40,20 / 30,30 / 40,70 / 70,50 / 70,40 / 40,,,,,,,,2017,0,,4846,16,Eric,Jenkins,CF,20,TEX,2017,2017 Report,sa874775,0,,0,16,40,0,2021,2nd rd 2015,,73,170,L,R,West Columbus HS (NC),,oSlAcoobUZw,20.0,40.0,20.0,30.0,30.0,40.0,70.0,70.0,50.0,70.0,40.0,40.0,0,0,,0,R5,,,,,,,,,,,,,,,
AA,MLB,sa737381,Merandy Gonzalez,Merandy Gonzalez,/players/merandy-gonzalez/17313/stats/pitching,17313,P,,,,,2019,40,175,"6' 1""",,,16,,Dominican Republic,,,,,,,55 / 55,,45 / 50,40 / 50,,,40 / 45,2017,0,,5110,16,Merandy,Gonzalez,RHP,21,NYM,2017,2017 Report,17313,0,,0,16,40,0,2019,J2 2012,,73,175,R,R,Dominican Republic,,,,,,,,,,,,,,,0,0,,0,2,0.026,55.0,55.0,,,45.0,50.0,40.0,50.0,40.0,45.0,,,,
MLB,MLB,sa827423,Garrett Cleavinger,Garrett Cleavinger,/players/garrett-cleavinger/17897/stats/pitching,17897,P,12.0,,,,2018,40,205,"6' 1""",,,16,,Oregon,,,,,,,55 / 55,,60 / 60,,,,40 / 45,2017,0,,4601,16,Garrett,Cleavinger,LHP,22,BAL,2017,2017 Report,17897,0,,0,16,40,0,2018,3rd rd 2015,,73,205,L,L,Oregon,,Kp2EmB6_NrQ,,,,,,,,,,,,,0,0,,0,0,4.060,55.0,55.0,,,60.0,60.0,,,40.0,45.0,,,,
,AAA,sa736824,Ray-Patrick Didder,Ray-Patrick Didder,/players/ray-patrick-didder/sa736824/stats/batting,sa736824,SS/OF,-1.0,,,,2019,45,170,"6' 0""",,,17,,Aruba,35 / 50,20 / 30,40 / 40,70 / 70,45 / 55,60 / 60,,,,,,,,2017,0,,4900,17,Ray-Patrick,Didder,OF,22,ATL,2017,2017 Report,sa736824,0,,0,17,45,0,2019,J2 2012,,72,170,R,R,Aruba,,lq6AU1DX_Lk,35.0,50.0,20.0,30.0,40.0,40.0,70.0,70.0,45.0,55.0,60.0,60.0,0,0,,0,R5,,,,,,,,,,,,,,,
,,,Luis Almanzar,Luis Almanzar,,,,,,,,2021,45,175,"6' 0""",,,17,,Dominican Republic,20 / 50,20 / 50,45 / 60,50 / 40,40 / 50,60 / 60,,,,,,,,2017,0,,5209,17,Luis,Almanzar,SS,17,SDP,2017,2017 Report,,0,,0,17,45,0,2021,J2 2016,,72,175,R,R,Dominican Republic,,JW-H57bqE2c,20.0,50.0,20.0,50.0,45.0,60.0,50.0,40.0,40.0,50.0,60.0,60.0,0,0,,0,,,,,,,,,,,,,,,,
,MLB,sa709534,Jonathan Holder,Jonathan Holder,/players/jonathan-holder/16588/stats/pitching,16588,P,-1.0,,,,2017,45,235,"6' 2""",,,17,,Mississippi St,,,,,,,60 / 60,,55 / 55,,,60 / 60,50 / 55,2017,0,,4743,17,Jonathan,Holder,RHP,23,NYY,2017,2017 Report,16588,0,,0,17,45,0,2017,6th rd 2014,,74,235,R,R,Mississippi St,,PsoD3fO-1Zo,,,,,,,,,,,,,0,0,,0,1,4.124,60.0,60.0,,,55.0,55.0,,,50.0,55.0,,,60.0,60.0
AAA,MLB,sa660586,Harold Ramírez,Harold Ramirez,/players/harold-ramirez/14387/stats/batting,14387,DH/OF,,,,,2018,40,220,"5' 10""",,,17,,Colombia,45 / 55,30 / 40,40 / 40,45 / 40,45 / 50,45 / 45,,,,,,,,2017,0,,4869,17,Harold,Ramirez,OF,22,TOR,2017,2017 Report,14387,0,,0,17,40,0,2018,J2 2011,,70,220,R,R,Colombia,,,45.0,55.0,30.0,40.0,40.0,40.0,45.0,40.0,45.0,50.0,45.0,45.0,0,0,,0,n/a,5.082,,,,,,,,,,,,,,
AAA,MLB,sa875033,Bailey Falter,Bailey Falter,/players/bailey-falter/20070/stats/pitching,20070,P,7.0,,,,2020,40,175,"6' 4""",,,17,,Chino Hills HS (CA),,,,,,,40 / 50,,45 / 55,40 / 50,,,40 / 55,2017,0,,5131,17,Bailey,Falter,LHP,19,PHI,2017,2017 Report,20070,0,,0,17,40,0,2020,5th rd 2015,,76,175,L,L,Chino Hills HS (CA),,7DBnMbzZ74Q,,,,,,,,,,,,,0,0,,0,0,3.138,40.0,50.0,,,45.0,55.0,40.0,50.0,40.0,55.0,,,,
,AAA,sa737859,Trey Michalczewski,Trey Michalczewski,/players/kenneth-michalczewski/sa737859/stats/batting,sa737859,3B,-1.0,,,,2019,40,210,"6' 3""",,,17,,Jenks HS (OK),30 / 45,30 / 40,50 / 55,40 / 40,45 / 50,50 / 50,,,,,,,,2017,0,,4634,17,Trey,Michalczewski,3B,21,CHW,2017,2017 Report,sa737859,0,,0,17,40,0,2019,7th rd 2013,,75,210,S,R,Jenks HS (OK),,,30.0,45.0,30.0,40.0,50.0,55.0,40.0,40.0,45.0,50.0,50.0,50.0,0,0,,0,R5,,,,,,,,,,,,,,,
ST,MLB,sa828442,Luis Escobar,Luis Escobar,/players/luis-escobar/17345/stats/pitching,17345,P,,,,,2021,40,160,"6' 1""",,,17,,Colombia,,,,,,,45 / 50,,40 / 55,45 / 60,,,20 / 40,2017,0,,5164,17,Luis,Escobar,RHP,20,PIT,2017,2017 Report,17345,0,,0,17,40,0,2021,J2 2013,,73,160,R,R,Colombia,,,,,,,,,,,,,,,0,0,,0,1,0.020,45.0,50.0,,,40.0,55.0,45.0,60.0,20.0,40.0,,,,
MLB,MLB,sa830274,Willi Castro,Willi Castro,/players/willi-castro/17338/stats/batting,17338,2B/OF,19.0,,,,2020,40,165,"6' 1""",,,17,,Puerto Rico,20 / 40,20 / 30,40 / 45,55 / 50,45 / 50,55 / 60,,,,,,,,2017,0,,4661,17,Willi,Castro,SS,19,CLE,2017,2017 Report,17338,0,,0,17,40,0,2020,J2 2013,,73,165,S,R,Puerto Rico,,ZgzLpSZfVEw,20.0,40.0,20.0,30.0,40.0,45.0,55.0,50.0,45.0,50.0,55.0,60.0,0,0,,0,n/a,6.017,,,,,,,,,,,,,,
AAA,MLB,sa549836,Marco Gonzales,Marco Gonzales,/players/marco-gonzales/15467/stats/pitching,15467,P,29.0,,,,2017,40,195,"6' 1""",,,17,,Gonzaga,,,,,,,45 / 45,,45 / 50,60 / 60,,,55 / 60,2017,0,,5185,17,Marcos,Gonzalez,LHP,24,StL,2017,2017 Report,15467,0,,0,17,40,0,2017,1st rd 2013,,73,195,L,L,Gonzaga,,,,,,,,,,,,,,,0,0,,0,n/a,7.102,45.0,45.0,,,45.0,50.0,60.0,60.0,55.0,60.0,,,,
MLB,MLB,sa920275,Isaac Paredes,Isaac Paredes,/players/isaac-paredes/20036/stats/batting,20036,3B,21.0,,,,2022,40,175,"5' 11""",,,17,,Mexico,20 / 55,30 / 50,40 / 50,50 / 40,40 / 50,55 / 60,,,,,,,,2017,0,,4932,17,Isaac,Paredes,INF,17,CHC,2017,2017 Report,20036,0,,0,17,40,0,2022,J2 2015,,71,175,R,R,Mexico,,BeFxk_A3DYg,20.0,55.0,30.0,50.0,40.0,50.0,50.0,40.0,40.0,50.0,55.0,60.0,0,0,,0,0,4.160,,,,,,,,,,,,,,
A+,A+,sa549113,Kevin Ziomek,Kevin Ziomek,/players/kevin-ziomek/sa549113/stats/pitching,sa549113,P,6.0,,,,2018,40,200,"6' 3""",,,17,,Vanderbilt,,,,,,,45 / 45,50 / 50,40 / 40,50 / 55,,,50 / 55,2017,0,,4679,17,Kevin,Ziomek,LHP,24,DET,2017,2017 Report,sa549113,0,,0,17,40,0,2018,2nd rd 2013,,75,200,R,L,Vanderbilt,,6iyGOsiFIco,,,,,,,,,,,,,0,0,,0,,,45.0,45.0,50.0,50.0,40.0,40.0,50.0,55.0,50.0,55.0,,,,
,MLB,sa597271,Miguel Almonte,Miguel Almonte,/players/miguel-almonte/14139/stats/pitching,14139,P,-1.0,,,,2017,40,180,"6' 2""",,,17,,Dominican Republic,,,,,,,60 / 60,,50 / 50,50 / 50,,,40 / 45,2017,0,,4699,17,Miguel,Almonte,RHP,23,KCR,2017,2017 Report,14139,0,,0,17,40,0,2017,J2 2010,,74,180,R,R,Dominican Republic,,7ycDDZTGh6M,,,,,,,,,,,,,0,0,,0,0,0.129,60.0,60.0,,,50.0,50.0,50.0,50.0,40.0,45.0,,,,
,MLB,sa657486,Keury Mella,Keury Mella,/players/keury-mella/15964/stats/pitching,15964,P,-1.0,,,,2018,40,220,"6' 2""",,,17,,Dominican Republic,,,,,,,55 / 60,,55 / 60,45 / 50,,,40 / 45,2017,0,,4955,17,Keury,Mella,RHP,23,CIN,2017,2017 Report,15964,0,,0,17,40,0,2018,J2 2011,,74,220,R,R,Dominican Republic,,6cI67D4OryA,,,,,,,,,,,,,0,0,,0,0,1.004,55.0,60.0,,,55.0,60.0,45.0,50.0,40.0,45.0,,,,
,MLB,sa599532,Jake Reed,Jake Reed,/players/jake-reed/16209/stats/pitching,16209,P,-1.0,,,,2017,40,190,"6' 2""",,,17,,Oregon,,,,,,,60 / 60,55 / 60,,50 / 55,,,40 / 45,2017,0,,4719,17,Jake,Reed,RHP,24,MIN,2017,2017 Report,16209,0,,0,17,40,0,2017,5th rd 2014,,74,190,R,R,Oregon,,5dI4HulcfuE,,,,,,,,,,,,,0,0,,0,1,0.144,60.0,60.0,55.0,60.0,,,50.0,55.0,40.0,45.0,,,,
,MLB,sa597322,Reyes Moronta,Reyes Moronta,/players/reyes-moronta/14966/stats/pitching,14966,P,-1.0,,,,2019,40,,,,,17,,Dominican Republic,,,,,,,70 / 70,50 / 55,,,,,40 / 45,2017,0,,5241,17,Reyes,Moronta,RHP,23,SFG,2017,2017 Report,14966,0,,0,17,40,0,2019,J2 2010,,0,0,,,Dominican Republic,,,,,,,,,,,,,,,0,0,,0,0,4.119,70.0,70.0,50.0,55.0,,,,,40.0,45.0,,,,
,MLB,sa874752,Tyler Nevin,Tyler Nevin,/players/tyler-nevin/17893/stats/batting,17893,1B/3B,-1.0,,,,2021,40,200,"6' 4""",,,17,,Poway HS (CA),30 / 45,30 / 50,45 / 55,30 / 30,30 / 40,50 / 50,,,,,,,,2017,0,,4987,17,Tyler,Nevin,3B,19,COL,2017,2017 Report,17893,0,,0,17,40,0,2021,2nd rd 2015,,76,200,R,R,Poway HS (CA),,,30.0,45.0,30.0,50.0,45.0,55.0,30.0,30.0,30.0,40.0,50.0,50.0,0,0,,0,0,2.037,,,,,,,,,,,,,,
MLB,MLB,sa873146,Framber Valdez,Framber Valdez,/players/framber-valdez/17295/stats/pitching,17295,P,6.0,,,,2017,40,180,"5' 11""",,,17,,Dominican Republic,,,,,,,55 / 55,,60 / 60,,,,40 / 45,2017,0,,5024,17,Framber,Valdez,LHP,23,HOU,2017,2017 Report,17295,0,,0,17,40,0,2017,J2 2014,,71,180,L,L,Dominican Republic,,,,,,,,,,,,,,,0,0,,0,n/a,6.163,55.0,55.0,,,60.0,60.0,,,40.0,45.0,,,,
AAA,MLB,sa659080,Richie Martin Jr.,Richie Martin,/players/richie-martin/17736/stats/batting,17736,SS,13.0,,,,2020,40,190,"5' 11""",,,17,,Florida,30 / 40,20 / 30,45 / 45,60 / 60,50 / 55,60 / 60,,,,,,,,2017,0,,4776,17,Richie,Martin,SS,22,OAK,2017,2017 Report,17736,0,,0,17,40,0,2020,1st rd 2015,,71,190,R,R,Florida,,QhhUdmo2aH8,30.0,40.0,20.0,30.0,45.0,45.0,60.0,60.0,50.0,55.0,60.0,60.0,0,0,,0,1,2.138,,,,,,,,,,,,,,
,A+,sa875588,Imani Abdullah,Imani Abdullah,/players/imani-abdullah/sa875588/stats/pitching,sa875588,P,-2.0,,,,2021,40,205,"6' 4""",,,17,,Madison HS (CA),,,,,,,50 / 60,,40 / 50,40 / 55,,,45 / 55,2017,0,,5045,17,Imani,Abdullah,RHP,19,LAD,2017,2017 Report,sa875588,0,,0,17,40,0,2021,11th rd 2015,,76,205,R,R,Madison HS (CA),,sCGoZS4hDlY,,,,,,,,,,,,,0,0,,0,R5,,50.0,60.0,,,40.0,50.0,40.0,55.0,45.0,55.0,,,,
,AAA,sa877337,Gilbert Lara,Gilbert Lara,/players/gilbert-lara/sa877337/stats/batting,sa877337,3B/SS,-1.0,,,,2021,40,200,"6' 2""",,,17,,Dominican Republic,20 / 40,30 / 50,60 / 60,40 / 40,45 / 50,60 / 60,,,,,,,,2017,0,,5066,17,Gilbert,Lara,SS,19,MIL,2017,2017 Report,sa877337,0,,0,17,40,0,2021,J2 2014,,74,200,R,R,Dominican Republic,,YJlXQcNEkQU,20.0,40.0,30.0,50.0,60.0,60.0,40.0,40.0,45.0,50.0,60.0,60.0,0,0,,0,R5,,,,,,,,,,,,,,,
MLB,MLB,sa857756,Jake Fraley,Jake Fraley,/players/jake-fraley/19260/stats/batting,19260,OF,12.0,,,,2019,40,195,"6' 0""",,,17,,LSU,35 / 50,20 / 30,45 / 50,60 / 60,45 / 55,40 / 40,,,,,,,,2017,0,,4816,17,Jake,Fraley,OF,21,TBR,2017,2017 Report,19260,0,,0,17,40,0,2019,2nd rd 2016,,72,195,L,L,LSU,,,35.0,50.0,20.0,30.0,45.0,50.0,60.0,60.0,45.0,55.0,40.0,40.0,0,0,,0,n/a,5.097,,,,,,,,,,,,,,
,AAA,sa828412,Joan Baez,Joan Baez,/players/joan-baez/sa828412/stats/pitching,sa828412,P,-1.0,,,,2019,40,190,"6' 3""",,,17,,Dominican Republic,,,,,,,60 / 70,,50 / 55,30 / 35,,,30 / 40,2017,0,,5091,17,Joan,Baez,RHP,22,WSN,2017,2017 Report,sa828412,0,,0,17,40,0,2019,J2 2013,,75,190,R,R,Dominican Republic,,,,,,,,,,,,,,,0,0,,0,R5,,60.0,70.0,,,50.0,55.0,30.0,35.0,30.0,40.0,,,,
A+,A+,sa827490,Mike Matuella,Mike Matuella,/players/michael-matuella/sa827490/stats/pitching,sa827490,P,13.0,,,,2019,40,220,"6' 6""",,,17,,Duke,,,,,,,60 / 60,55 / 60,55 / 60,40 / 50,,,40 / 50,2017,0,,4847,17,Mike,Matuella,RHP,22,TEX,2017,2017 Report,sa827490,0,,0,17,40,0,2019,3rd rd 2015,,78,220,R,R,Duke,,KSBpY0Vwoy8,,,,,,,,,,,,,0,0,,0,R5,,60.0,60.0,55.0,60.0,55.0,60.0,40.0,50.0,40.0,50.0,,,,
,AAA,sa657917,Marcos Molina,Marcos Molina,/players/marcos-molina/sa657917/stats/pitching,sa657917,P,-1.0,,,,2018,40,188,"6' 3""",,,17,,Dominican Republic,,,,,,,60 / 60,60 / 60,30 / 30,45 / 50,,45 / 50,40 / 45,2017,0,,5111,17,Marcos,Molina,RHP,21,NYM,2017,2017 Report,sa657917,0,,0,17,40,0,2018,J2 2012,,75,188,R,R,Dominican Republic,,6n8juJXi5Mw,,,,,,,,,,,,,0,0,,0,2,0.000,60.0,60.0,60.0,60.0,30.0,30.0,45.0,50.0,40.0,45.0,,,45.0,50.0
MLB,MLB,sa873639,Cedric Mullins,Cedric Mullins,/players/cedric-mullins/17929/stats/batting,17929,OF,12.0,,,,2020,40,175,"5' 8""",,,17,,Campbell,35 / 50,30 / 40,45 / 50,60 / 60,45 / 50,45 / 45,,,,,,,,2017,0,,4602,17,Cedric,Mullens,OF,22,BAL,2017,2017 Report,17929,0,,0,17,40,0,2020,13th rd 2015,,68,175,S,L,Campbell,,,35.0,50.0,30.0,40.0,45.0,50.0,60.0,60.0,45.0,50.0,45.0,45.0,0,0,,0,n/a,6.078,,,,,,,,,,,,,,
AA,MLB,sa737557,Dustin Peterson,Dustin Peterson,/players/dustin-peterson/15189/stats/batting,15189,OF,-1.0,,,,2018,45,185,"6' 2""",,,18,,Gilbert HS (AZ),45 / 50,40 / 45,50 / 50,50 / 50,45 / 50,40 / 40,,,,,,,,2017,0,,4901,18,Dustin,Peterson,LF,22,ATL,2017,2017 Report,15189,0,,0,18,45,0,2018,2nd rd 2013,,74,185,R,R,Gilbert HS (AZ),,3Adp3VBEEA8,45.0,50.0,40.0,45.0,50.0,50.0,50.0,50.0,45.0,50.0,40.0,40.0,0,0,,0,1,0.035,,,,,,,,,,,,,,
MLB,MLB,sa738156,Eric Lauer,Eric Lauer,/players/eric-lauer/19316/stats/pitching,19316,P,22.0,,,,2019,45,210,"6' 3""",,,18,,Kent State,,,,,,,50 / 55,55 / 55,40 / 45,45 / 50,,,45 / 50,2017,0,,5210,18,Eric,Lauer,LHP,21,SDP,2017,2017 Report,19316,0,,0,18,45,0,2019,1st rd 2016,,75,210,R,L,Kent State,,,,,,,,,,,,,,,0,0,,0,n/a,5.091,50.0,55.0,55.0,55.0,40.0,45.0,45.0,50.0,45.0,50.0,,,,
MLB,MLB,sa657573,Seranthony Domínguez,Seranthony Dominguez,/players/seranthony-dominguez/19249/stats/pitching,19249,P,4.0,,,,2019,40,185,"6' 1""",,,18,,Dominican Republic,,,,,,,65 / 65,55 / 60,,40 / 45,,,40 / 50,2017,0,,5132,18,Seranthony,Dominguez,RHP,22,PHI,2017,2017 Report,19249,0,,0,18,40,0,2019,J2 2011,,73,185,R,R,Dominican Republic,,,,,,,,,,,,,,,0,0,,0,n/a,7.131,65.0,65.0,55.0,60.0,,,40.0,45.0,40.0,50.0,,,,
,AAA,sa829115,Jake Peter,Jake Peter,/players/jacob-peter/sa829115/stats/batting,sa829115,2B,-1.0,,,,2017,40,185,"6' 1""",,,18,,Creighton,50 / 55,20 / 30,40 / 40,50 / 40,45 / 50,50 / 50,,,,,,,,2017,0,,4635,18,Jake,Peter,INF,23,CHW,2017,2017 Report,sa829115,0,,0,18,40,0,2017,7th rd 2014,,73,185,L,R,Creighton,,xFz8kE-F6QA,50.0,55.0,20.0,30.0,40.0,40.0,50.0,40.0,45.0,50.0,50.0,50.0,0,0,,0,R5,,,,,,,,,,,,,,,
AAA,AAA,sa917950,Travis Macgregor`,Travis Macgregor`,/players/travis-macgregor/sa917950/stats/pitching,sa917950,P,9.0,,,,2020,40,180,"6' 3""",,,18,,East Lake HS (FL),,,,,,,50 / 55,,40 / 45,45 / 60,,,30 / 55,2017,0,,5165,18,Travis,Macgregor`,RHP,19,PIT,2017,2017 Report,sa917950,0,,0,18,40,0,2020,2nd rd 2016,,75,180,R,R,East Lake HS (FL),,,,,,,,,,,,,,,0,0,,0,R5,,50.0,55.0,,,40.0,45.0,45.0,60.0,30.0,55.0,,,,
,MLB,sa875006,Mark Mathias,Mark Mathias,/players/mark-mathias/18032/stats/batting,18032,2B/OF,-1.0,,,,2019,40,200,"6' 0""",,,18,,Cal Poly SLO,40 / 55,20 / 30,45 / 45,40 / 40,40 / 45,50 / 50,,,,,,,,2017,0,,4662,18,Mark,Mathias,2B,22,CLE,2017,2017 Report,18032,0,,0,18,40,0,2019,3rd rd 2015,,72,200,R,R,Cal Poly SLO,,5j1J3Ppz2y0,40.0,55.0,20.0,30.0,45.0,45.0,40.0,40.0,40.0,45.0,50.0,50.0,0,0,,0,0,2.083,,,,,,,,,,,,,,
MLB,MLB,sa874753,Jake Woodford,Jake Woodford,/players/jake-woodford/18674/stats/pitching,18674,P,23.0,,,,2020,40,210,"6' 4""",,,18,,Plant HS (FL),,,,,,,45 / 50,50 / 55,,45 / 50,,,45 / 55,2017,0,,5186,18,Jake,Woodford,RHP,20,StL,2017,2017 Report,18674,0,,0,18,40,0,2020,1st rd 2015,,76,210,R,R,Plant HS (FL),,ClzAe2CR-xM,,,,,,,,,,,,,0,0,,0,0,4.008,45.0,50.0,50.0,55.0,,,45.0,50.0,45.0,55.0,,,,
,AAA,sa829085,Chesny Young,Chesny Young,/players/martin-young/sa829085/stats/batting,sa829085,2B,-1.0,,,,2018,40,180,"5' 11""",,,18,,Mercer,50 / 60,30 / 30,40 / 40,50 / 50,45 / 50,40 / 40,,,,,,,,2017,0,,4933,18,Chesny,Young,INF,24,CHC,2017,2017 Report,sa829085,0,,0,18,40,0,2018,14th rd 2014,,71,180,R,R,Mercer,,,50.0,60.0,30.0,30.0,40.0,40.0,50.0,50.0,45.0,50.0,40.0,40.0,0,0,,0,R5,,,,,,,,,,,,,,,
AAA,MLB,sa827481,Spencer Turnbull,Spencer Turnbull,/players/spencer-turnbull/16207/stats/pitching,16207,P,,,,,2018,40,230,"6' 3""",,,18,,Alabama,,,,,,,60 / 60,55 / 60,40 / 40,40 / 45,,,40 / 45,2017,0,,4680,18,Spencer,Turnbull,RHP,24,DET,2017,2017 Report,16207,0,,0,18,40,0,2018,2nd rd 2014,,75,230,R,R,Alabama,,f_uHlgNXsp8,,,,,,,,,,,,,0,0,,0,n/a,6.040,60.0,60.0,55.0,60.0,40.0,40.0,40.0,45.0,40.0,45.0,,,,
,AAA,sa875052,Garrett Davila,Garrett Davila,/players/garrett-davila/sa875052/stats/pitching,sa875052,P,-1.0,,,,2019,40,180,"6' 2""",,,18,,South Point HS (NC),,,,,,,45 / 55,,,40 / 45,45 / 55,,40 / 50,2017,0,,4700,18,Garrett,Davila,LHP,19,KCR,2017,2017 Report,sa875052,0,,0,18,40,0,2019,4th rd 2015,,74,180,L,L,South Point HS (NC),,j6BY57kQSOY,,,,,,,,,,,,,0,0,,0,R5,,45.0,55.0,,,,,40.0,45.0,40.0,50.0,45.0,55.0,,
,MLB,sa507017,Ariel Hernández,Ariel Hernandez,/players/ariel-hernandez/15603/stats/pitching,15603,P,-1.0,,,,2017,40,190,"6' 3""",,,18,,Dominican Republic,,,,,,,60 / 60,,70 / 70,,,,30 / 40,2017,0,,4956,18,Ariel,Hernandez,RHP,24,CIN,2017,2017 Report,15603,0,,0,18,40,0,2017,J2 2008,,75,190,R,R,Dominican Republic,,utwnDASP7so,,,,,,,,,,,,,0,0,,0,2,0.063,60.0,60.0,,,70.0,70.0,,,30.0,40.0,,,,
,MLB,sa829460,Trevor Hildenberger,Trevor Hildenberger,/players/trevor-hildenberger/17002/stats/pitching,17002,P,-1.0,,,,2017,40,211,"6' 2""",,,18,,Cal,,,,,,,50 / 50,45 / 50,,55 / 60,,,50 / 55,2017,0,,4720,18,Trevor,Hildenberger,RHP,25,MIN,2017,2017 Report,17002,0,,0,18,40,0,2017,22nd rd 2012,,74,211,R,R,Cal,,,,,,,,,,,,,,,0,0,,0,2,2.025,50.0,50.0,45.0,50.0,,,55.0,60.0,50.0,55.0,,,,
,AAA,sa873314,Melvin Adon,Melvin Adon,/players/melvin-adn/sa873314/stats/pitching,sa873314,P,-1.0,,,,2020,40,,,,,18,,Dominican Republic,,,,,,,70 / 70,40 / 45,,40 / 50,,,30 / 45,2017,0,,5242,18,Melvin,Adon,RHP,22,SFG,2017,2017 Report,sa873314,0,,0,18,40,0,2020,J2 2014,,0,0,,,Dominican Republic,,6ghLcOh-UlI,,,,,,,,,,,,,0,0,,0,1,0.000,70.0,70.0,40.0,45.0,,,40.0,50.0,30.0,45.0,,,,
AAA,MLB,sa737813,Dom Nuñez,Dom Nunez,/players/dom-nunez/15055/stats/batting,15055,C,5.0,,,,2020,40,175,"6' 0""",,,18,,Elk Grove HS (CA),30 / 45,30 / 40,40 / 45,30 / 30,40 / 45,45 / 50,,,,,,,,2017,0,,4988,18,Dom,Nunez,C,21,COL,2017,2017 Report,15055,0,,0,18,40,0,2020,6th rd 2013,,72,175,L,R,Elk Grove HS (CA),,,30.0,45.0,30.0,40.0,40.0,45.0,30.0,30.0,40.0,45.0,45.0,50.0,0,0,,0,0,1.104,,,,,,,,,,,,,,
AAA,MLB,sa739716,Domingo Acevedo,Domingo Acevedo,/players/domingo-acevedo/17092/stats/pitching,17092,P,19.0,,,,2018,40,242,"6' 7""",,,18,,Dominican Republic,,,,,,,80 / 80,50 / 55,,45 / 55,,,45 / 50,2017,0,,4744,18,Domingo,Acevedo,RHP,23,NYY,2017,2017 Report,17092,0,,0,18,40,0,2018,J2 2012,,79,242,R,R,Dominican Republic,,3yyTjdYwHiE,,,,,,,,,,,,,0,0,,0,0,1.071,80.0,80.0,50.0,55.0,,,45.0,55.0,45.0,50.0,,,,
AAA,MLB,sa873324,Hector Perez,Hector Perez,/players/hector-perez/18592/stats/pitching,18592,P,,,,,2020,40,190,"6' 3""",,,18,,Dominican Republic,,,,,,,55 / 60,55 / 60,45 / 50,,40 / 50,,30 / 45,2017,0,,5025,18,Hector,Perez,RHP,20,HOU,2017,2017 Report,18592,0,,0,18,40,0,2020,J2 2014,,75,190,R,R,Dominican Republic,,,,,,,,,,,,,,,0,0,,0,0,0.014,55.0,60.0,55.0,60.0,45.0,50.0,,,30.0,45.0,40.0,50.0,,
,MLB,sa657933,Bruce Maxwell,Bruce Maxwell,/players/bruce-maxwell/13866/stats/batting,13866,C,-1.0,,,,2017,40,250,"6' 1""",,,18,,Birmingham Southern,45 / 50,30 / 30,45 / 45,20 / 20,50 / 50,50 / 50,,,,,,,,2017,0,,4777,18,Bruce,Maxwell,C,26,OAK,2017,2017 Report,13866,0,,0,18,40,0,2017,2nd rd 2012,,73,250,L,R,Birmingham Southern,,,45.0,50.0,30.0,30.0,45.0,45.0,20.0,20.0,50.0,50.0,50.0,50.0,0,0,,0,2,1.083,,,,,,,,,,,,,,
,MLB,sa829712,DJ Peters,DJ Peters,/players/dj-peters/19348/stats/batting,19348,OF,-1.0,,,,2020,40,210,"6' 5""",,,18,,Western Nevada,30 / 45,30 / 55,55 / 60,60 / 50,40 / 45,60 / 60,,,,,,,,2017,0,,5046,18,D.J.,Peters,OF,20,LAD,2017,2017 Report,19348,0,,0,18,40,0,2020,4th rd 2016,,77,210,R,R,Western Nevada,,,30.0,45.0,30.0,55.0,55.0,60.0,60.0,50.0,40.0,45.0,60.0,60.0,0,0,,0,1,0.088,,,,,,,,,,,,,,
MLB,MLB,sa873673,Corbin Burnes,Corbin Burnes,/players/corbin-burnes/19361/stats/pitching,19361,P,15.0,,,,2019,40,205,"6' 3""",,,18,,St. Mary's,,,,,,,55 / 55,45 / 50,40 / 40,50 / 60,,,40 / 50,2017,0,,5067,18,Corbin,Burnes,RHP,22,MIL,2017,2017 Report,19361,0,,0,18,40,0,2019,4th rd 2016,,75,205,R,R,St. Mary's,,2hV-kZ5zxdk,,,,,,,,,,,,,0,0,,0,n/a,7.049,55.0,55.0,45.0,50.0,40.0,40.0,50.0,60.0,40.0,50.0,,,,
AAA,MLB,sa872839,Diego Castillo,Diego Castillo,/players/diego-castillo/19906/stats/batting,19906,2B/SS,13.0,,,,2017,40,240,"6' 3""",,,18,,Dominican Republic,,,,,,,70 / 70,55 / 55,,40 / 45,,,40 / 45,2017,0,,4817,18,Diego,Castillo,RHP,23,TBR,2017,2017 Report,19906,0,,0,18,40,0,2017,J2 2013,,75,240,R,R,Dominican Republic,,,,,,,,,,,,,,,0,0,,0,1,0.153,70.0,70.0,55.0,55.0,,,40.0,45.0,40.0,45.0,,,,
,MLB,sa501964,Brian Goodwin,Brian Goodwin,/players/brian-goodwin/12858/stats/batting,12858,OF,-1.0,,,,2017,40,200,"6' 0""",,,18,,Miami Dade CC,35 / 40,35 / 40,55 / 55,60 / 60,50 / 50,50 / 50,,,,,,,,2017,0,,5092,18,Brian,Goodwin,OF,26,WSN,2017,2017 Report,12858,0,,0,18,40,0,2017,1st rd 2011,,72,200,L,R,Miami Dade CC,,,35.0,40.0,35.0,40.0,55.0,55.0,60.0,60.0,50.0,50.0,50.0,50.0,0,0,,0,0,4.135,,,,,,,,,,,,,,
AAA,MLB,sa597170,José Leclerc,Jose Leclerc,/players/jose-leclerc/14524/stats/pitching,14524,P,29.0,,,,2017,40,190,"6' 0""",,,18,,Dominican Republic,,,,,,,60 / 60,,45 / 45,60 / 60,45 / 45,,40 / 45,2017,0,,4848,18,Jose,Leclerc,RHP,23,TEX,2017,2017 Report,14524,0,,0,18,40,0,2017,J2 2010,,72,190,R,R,Dominican Republic,,,,,,,,,,,,,,,0,0,,0,n/a,9.041,60.0,60.0,,,45.0,45.0,60.0,60.0,40.0,45.0,45.0,45.0,,
A,A+,sa828197,Ricardo Cespedes,Ricardo Cespedes,/players/ricardo-cespedes/sa828197/stats/batting,sa828197,OF,,,,,2020,40,160,"6' 1""",,,18,,Dominican Republic,30 / 60,20 / 40,40 / 50,55 / 50,40 / 50,55 / 55,,,,,,,,2017,0,,5112,18,Ricardo,Cespedes,OF,19,NYM,2017,2017 Report,sa828197,0,,0,18,40,0,2020,J2 2013,,73,160,L,L,Dominican Republic,,,30.0,60.0,20.0,40.0,40.0,50.0,55.0,50.0,40.0,50.0,55.0,55.0,0,0,,0,R5,,,,,,,,,,,,,,,
MLB,MLB,sa829027,Tanner Scott,Tanner Scott,/players/tanner-scott/17586/stats/pitching,17586,P,22.0,,,,2019,40,220,"6' 2""",,,18,,Howard College,,,,,,,80 / 80,40 / 45,,40 / 45,,,30 / 40,2017,0,,4603,18,Tanner,Scott,LHP,22,BAL,2017,2017 Report,17586,0,,0,18,40,0,2019,6th rd 2014,,74,220,R,L,Howard College,,dSTn-yI8hfw,,,,,,,,,,,,,0,0,,0,n/a,7.059,80.0,80.0,40.0,45.0,,,40.0,45.0,30.0,40.0,,,,
,AAA,sa917936,Hudson Potts,Hudson Potts,/players/hudson-potts/sa917936/stats/batting,sa917936,3B,-1.0,,,,2020,45,180,"6' 2""",,,19,,Southlake Carroll (TX),30 / 50,30 / 50,40 / 50,50 / 45,40 / 50,50 / 55,,,,,,,,2017,0,,5211,19,Hudson,Potts,3B,18,SDP,2017,2017 Report,sa917936,0,,0,19,45,0,2020,1st rd 2016,,74,180,R,R,Southlake Carroll (TX),,snj4NTnQVAc,30.0,50.0,30.0,50.0,40.0,50.0,50.0,45.0,40.0,50.0,50.0,55.0,0,0,,0,2,0.000,,,,,,,,,,,,,,
,MLB,sa660101,Carlos Tocci,Carlos Tocci,/players/carlos-tocci/14558/stats/batting,14558,OF,-1.0,,,,2018,40,160,"6' 2""",,,19,,Venezuela,40 / 50,20 / 30,30 / 30,60 / 60,50 / 55,60 / 60,,,,,,,,2017,0,,5133,19,Carlos,Tocci,CF,21,PHI,2017,2017 Report,14558,0,,0,19,40,0,2018,J2 2011,,74,160,R,R,Venezuela,,SYKLgRE_w2M,40.0,50.0,20.0,30.0,30.0,30.0,60.0,60.0,50.0,55.0,60.0,60.0,0,0,,0,2,1.000,,,,,,,,,,,,,,
AA,AA,sa830305,Luis Martinez,Luis Martinez,/players/luis-martinez/sa830305/stats/pitching,sa830305,P,,,,,2020,40,190,"6' 6""",,,19,,Venezuela,,,,,,,55 / 60,45 / 50,,40 / 55,,,40 / 45,2017,0,,4636,19,Luis,Martinez,RHP,21,CHW,2017,2017 Report,sa830305,0,,0,19,40,0,2020,J2 2011,,78,190,R,R,Venezuela,,,,,,,,,,,,,,,0,0,,0,R5,,55.0,60.0,45.0,50.0,,,40.0,55.0,40.0,45.0,,,,
,AAA,sa915611,Brett Cumberland,Brett Cumberland,/players/brett-cumberland/sa915611/stats/batting,sa915611,C,-1.0,,,,2019,40,188,"6' 0""",,,19,,Cal,35 / 45,30 / 50,55 / 55,30 / 30,30 / 40,45 / 45,,,,,,,,2017,0,,4902,19,Brett,Cumberland,C,21,ATL,2017,2017 Report,sa915611,0,,0,19,40,0,2019,2nd rd 2016,,72,188,S,R,Cal,,5G6gKGKiphs,35.0,45.0,30.0,50.0,55.0,55.0,30.0,30.0,30.0,40.0,45.0,45.0,0,0,,0,R5,,,,,,,,,,,,,,,
MLB,MLB,sa830146,Edgar Santana,Edgar Santana,/players/edgar-santana/17355/stats/pitching,17355,P,,,,,2017,40,180,"6' 2""",,,19,,Dominican Republic,,,,,,,60 / 60,55 / 60,,,,,45 / 50,2017,0,,5166,19,Edgar,Santana,RHP,25,PIT,2017,2017 Report,17355,0,,0,19,40,0,2017,J2 2013,,74,180,R,R,Dominican Republic,,,,,,,,,,,,,,,0,0,,0,1,3.022,60.0,60.0,55.0,60.0,,,,,45.0,50.0,,,,
,MLB,sa874684,Nick Plummer,Nick Plummer,/players/nick-plummer/18690/stats/batting,18690,DH/OF,-1.0,,,,2021,40,200,"5' 10""",,,19,,Brother Rice HS (MI),20 / 50,20 / 50,50 / 50,55 / 50,40 / 50,40 / 40,,,,,,,,2017,0,,5187,19,Nick,Plummer,OF,20,StL,2017,2017 Report,18690,0,,0,19,40,0,2021,1st rd 2015,,70,200,L,L,Brother Rice HS (MI),,Zo5j59FViMk,20.0,50.0,20.0,50.0,50.0,50.0,55.0,50.0,40.0,50.0,40.0,40.0,0,0,,0,2,0.037,,,,,,,,,,,,,,
AAA,AAA,sa858802,Donnie Dewees,Donnie Dewees,/players/donald-dewees/sa858802/stats/batting,sa858802,OF,17.0,,,,2018,40,190,"5' 11""",,,19,,North Florida,30 / 55,20 / 30,50 / 50,70 / 70,40 / 45,30 / 30,,,,,,,,2017,0,,4934,19,Donnie,Dewees,LF,23,CHC,2017,2017 Report,sa858802,0,,0,19,40,0,2018,2nd rd 2015,,71,190,L,L,North Florida,,zBImHui8de4,30.0,55.0,20.0,30.0,50.0,50.0,70.0,70.0,40.0,45.0,30.0,30.0,0,0,,0,R5,,,,,,,,,,,,,,,
,AA,sa658901,A.J. Simcox,A.J. Simcox,/players/austin-simcox/sa658901/stats/batting,sa658901,SS,-2.0,,,,2018,40,185,"6' 3""",,,19,,Tennessee,30 / 40,20 / 30,30 / 30,50 / 50,45 / 50,55 / 55,,,,,,,,2017,0,,4681,19,A.J.,Simcox,SS,22,DET,2017,2017 Report,sa658901,0,,0,19,40,0,2018,14th rd 2015,,75,185,R,R,Tennessee,,,30.0,40.0,20.0,30.0,30.0,30.0,50.0,50.0,45.0,50.0,55.0,55.0,0,0,,0,R5,,,,,,,,,,,,,,,
AA,AA,sa914314,Jeison Guzman,Jeison Guzman,/players/jeison-guzmn/sa914314/stats/batting,sa914314,SS,,,,,2021,40,180,"6' 2""",,,19,,Dominican Republic,20 / 50,20 / 40,30 / 40,40 / 40,40 / 50,55 / 60,,,,,,,,2017,0,,4701,19,Jeison,Guzman,SS,18,KCR,2017,2017 Report,sa914314,0,,0,19,40,0,2021,J2 2015,,74,180,S,R,Dominican Republic,,,20.0,50.0,20.0,40.0,30.0,40.0,40.0,40.0,40.0,50.0,55.0,60.0,0,0,,0,2,0.011,,,,,,,,,,,,,,
AAA,AAA,sa544568,Sebastian Elizalde,Sebastian Elizalde,/players/sebastin-elizalde/sa544568/stats/batting,sa544568,OF,,,,,2018,40,180,"6' 0""",,,19,,Mexico,45 / 55,30 / 40,45 / 45,50 / 50,40 / 45,55 / 55,,,,,,,,2017,0,,4957,19,Sebastian,Elizalde,OF,25,CIN,2017,2017 Report,sa544568,0,,0,19,40,0,2018,J2 2012,,72,180,L,R,Mexico,,,45.0,55.0,30.0,40.0,45.0,45.0,50.0,50.0,40.0,45.0,55.0,55.0,0,0,,0,R5,,,,,,,,,,,,,,,
ST,MLB,sa828420,Lewin Díaz,Lewin Diaz,/players/lewin-diaz/18365/stats/batting,18365,1B,,,,,2021,40,225,"6' 3""",,,19,,Dominican Republic,20 / 50,30 / 55,60 / 70,30 / 20,40 / 45,50 / 50,,,,,,,,2017,0,,4721,19,Lewin,Diaz,1B,20,MIN,2017,2017 Report,18365,0,,0,19,40,0,2021,J2 2013,,75,225,L,L,Dominican Republic,,b6BzJGKnQbI,20.0,50.0,30.0,55.0,60.0,70.0,30.0,20.0,40.0,45.0,50.0,50.0,0,0,,0,0,1.010,,,,,,,,,,,,,,
AA,AA,sa875016,Jalen Miller,Jalen Miller,/players/jalen-miller/sa875016/stats/batting,sa875016,2B,,,,,2020,40,,,,,19,,Riverwood HS (GA),40 / 55,30 / 40,35 / 45,55 / 50,45 / 55,40 / 40,,,,,,,,2017,0,,5243,19,Jalen,Miller,2B,19,SFG,2017,2017 Report,sa875016,0,,0,19,40,0,2020,3rd rd 2015,,0,0,,,Riverwood HS (GA),,E2cMFO6cIrc,40.0,55.0,30.0,40.0,35.0,45.0,55.0,50.0,45.0,55.0,40.0,40.0,0,0,,0,R5,,,,,,,,,,,,,,,
,A+,sa738415,Robert Tyler,Robert Tyler,/players/robert-tyler/sa738415/stats/pitching,sa738415,P,-2.0,,,,2020,40,225,"6' 4""",,,19,,Georgia,,,,,,,60 / 60,,40 / 45,55 / 60,,,30 / 40,2017,0,,4989,19,Robert,Tyler,RHP,21,COL,2017,2017 Report,sa738415,0,,0,19,40,0,2020,1st rd 2016,,76,225,R,R,Georgia,,,,,,,,,,,,,,,0,0,,0,R5,,60.0,60.0,,,40.0,45.0,55.0,60.0,30.0,40.0,,,,
ST,A+,sa872548,Wilkerman Garcia,Wilkerman Garcia,/players/wilkerman-garcia/sa872548/stats/batting,sa872548,SS,,,,,2021,40,176,"6' 0""",,,19,,Venezuela,25 / 60,20 / 30,35 / 40,55 / 50,40 / 50,60 / 60,,,,,,,,2017,0,,4745,19,Wilkerman,Garcia,SS,18,NYY,2017,2017 Report,sa872548,0,,0,19,40,0,2021,J2 2014,,72,176,S,R,Venezuela,,yjQE0ZBDQu0,25.0,60.0,20.0,30.0,35.0,40.0,55.0,50.0,40.0,50.0,60.0,60.0,0,0,,0,R5,,,,,,,,,,,,,,,
,A+,sa3003195,Freud Nova,Freud Nova,/players/freudis-nova/sa3003195/stats/batting,sa3003195,SS,-2.0,,,,2021,40,180,"6' 1""",,,19,,Dominican Republic,20 / 40,20 / 55,45 / 60,60 / 50,30 / 45,55 / 55,,,,,,,,2017,0,,5026,19,Freud,Nova,SS,17,HOU,2017,2017 Report,sa3003195,0,,0,19,40,0,2021,J2 2016,,73,180,R,R,Dominican Republic,,,20.0,40.0,20.0,55.0,45.0,60.0,60.0,50.0,30.0,45.0,55.0,55.0,0,0,,0,2,0.014,,,,,,,,,,,,,,
MLB,MLB,sa657863,Matt Olson,Matt Olson,/players/matt-olson/14344/stats/batting,14344,1B,16.0,,,,2017,40,240,"6' 4""",,,19,,Parkview HS (GA),40 / 40,45 / 50,60 / 60,40 / 40,40 / 45,55 / 55,,,,,,,,2017,0,,4778,19,Matt,Olson,1B/OF,23,OAK,2017,2017 Report,14344,0,,0,19,40,0,2017,1st rd 2012,,76,240,L,R,Parkview HS (GA),,4loTLcvn6Gs,40.0,40.0,45.0,50.0,60.0,60.0,40.0,40.0,40.0,45.0,55.0,55.0,0,0,,0,n/a,8.103,,,,,,,,,,,,,,
,AAA,sa909930,Yasiel Sierra,Yasiel Sierra,/players/yaisel-sierra/sa909930/stats/pitching,sa909930,P,-1.0,,,,2017,40,168,"6' 1""",,,19,,Cuba,,,,,,,60 / 60,50 / 55,,,,,40 / 45,2017,0,,5047,19,Yasiel,Sierra,RHP,25,LAD,2017,2017 Report,sa909930,0,,0,19,40,0,2017,J2 2015,,73,168,R,R,Cuba,,,,,,,,,,,,,,,0,0,,0,R5,,60.0,60.0,50.0,55.0,,,,,40.0,45.0,,,,
,AAA,sa828664,Kodi Medeiros,Kodi Medeiros,/players/kodi-medeiros/sa828664/stats/pitching,sa828664,P,-1.0,,,,2019,40,180,"6' 2""",,,19,,Waiakea HS (HI),,,,,,,55 / 60,55 / 60,,40 / 45,,,30 / 40,2017,0,,5068,19,Kodi,Medeiros,LHP,20,MIL,2017,2017 Report,sa828664,0,,0,19,40,0,2019,1st rd 2014,,74,180,L,L,Waiakea HS (HI),,hGafdvhuFRw,,,,,,,,,,,,,0,0,,0,2,0.000,55.0,60.0,55.0,60.0,,,40.0,45.0,30.0,40.0,,,,
,AA,sa874791,Chris Betts,Chris Betts,/players/christopher-betts/sa874791/stats/batting,sa874791,C,-1.0,,,,2020,40,215,"6' 2""",,,19,,Wilson HS (CA),30 / 50,30 / 40,55 / 55,30 / 30,40 / 45,45 / 45,,,,,,,,2017,0,,4818,19,Chris,Betts,C,20,TBR,2017,2017 Report,sa874791,0,,0,19,40,0,2020,2nd rd 2015,,74,215,L,R,Wilson HS (CA),,EuXEe5ER1v0,30.0,50.0,30.0,40.0,55.0,55.0,30.0,30.0,40.0,45.0,45.0,45.0,0,0,,0,R5,,,,,,,,,,,,,,,
AAA,MLB,sa598311,José Marmolejos,Jose Marmolejos,/players/jose-marmolejos/15767/stats/batting,15767,1B/OF,,,,,2018,40,190,"6' 1""",,,19,,Dominican Republic,45 / 50,40 / 45,45 / 45,30 / 30,55 / 60,40 / 40,,,,,,,,2017,0,,5093,19,Jose,Marmolejos,1B,24,WSN,2017,2017 Report,15767,0,,0,19,40,0,2018,J2 2010,,73,190,L,L,Dominican Republic,,,45.0,50.0,40.0,45.0,45.0,45.0,30.0,30.0,55.0,60.0,40.0,40.0,0,0,,0,0,1.089,,,,,,,,,,,,,,
,MLB,sa548300,Drew Robinson,Drew Robinson,/players/drew-robinson/11761/stats/batting,11761,OF,-2.0,,,,2017,40,200,"6' 1""",,,19,,Silverado HS (NV),40 / 40,40 / 45,55 / 55,55 / 55,50 / 50,60 / 60,,,,,,,,2017,0,,4849,19,Drew,Robinson,INF,24,TEX,2017,2017 Report,11761,0,,0,19,40,0,2017,4th rd 2010,,73,200,L,R,Silverado HS (NV),,,40.0,40.0,40.0,45.0,55.0,55.0,55.0,55.0,50.0,50.0,60.0,60.0,0,0,,0,0,1.049,,,,,,,,,,,,,,
,AA,sa827960,Luis Carpio,Luis Carpio,/players/luis-carpio/sa827960/stats/batting,sa827960,2B/SS,-1.0,,,,2020,40,165,"6' 0""",,,19,,Venezuela,40 / 55,20 / 20,30 / 30,50 / 50,40 / 45,50 / 50,,,,,,,,2017,0,,5113,19,Luis,Carpio,UTIL,19,NYM,2017,2017 Report,sa827960,0,,0,19,40,0,2020,J2 2013,,72,165,R,R,Venezuela,,,40.0,55.0,20.0,20.0,30.0,30.0,50.0,50.0,40.0,45.0,50.0,50.0,0,0,,0,R5,,,,,,,,,,,,,,,
MLB,MLB,sa597500,José Rondon,Jose Rondon,/players/jose-rondon/14140/stats/batting,14140,SS,,,,,2017,45,170,"6' 1""",,,20,,Venezuela,30 / 40,30 / 30,40 / 40,55 / 55,50 / 55,55 / 55,,,,,,,,2017,0,,5212,20,Jose,Rondon,SS,22,SDP,2017,2017 Report,14140,0,,0,20,45,0,2017,J2 2010,,73,170,R,R,Venezuela,,tmb2O27627U,30.0,40.0,30.0,30.0,40.0,40.0,55.0,55.0,50.0,55.0,55.0,55.0,0,0,,0,0,2.012,,,,,,,,,,,,,,
AA,AAA,sa874241,Cornelius Randolph,Cornelius Randolph,/players/cornelius-randolph/sa874241/stats/batting,sa874241,OF,,,,,2020,40,205,"5' 11""",,,20,,Griffin HS (GA),40 / 55,20 / 40,55 / 55,50 / 50,40 / 45,50 / 50,,,,,,,,2017,0,,5134,20,Cornelius,Randolph,LF,19,PHI,2017,2017 Report,sa874241,0,,0,20,40,0,2020,1st rd 2015,,71,205,L,R,Griffin HS (GA),,MZhkG1ceZUg,40.0,55.0,20.0,40.0,55.0,55.0,50.0,50.0,40.0,45.0,50.0,50.0,0,0,,0,R5,,,,,,,,,,,,,,,
,MLB,sa709002,Adam Engel,Adam Engel,/players/adam-engel/15082/stats/batting,15082,OF,-1.0,,,,2017,40,210,"6' 2""",,,20,,Louisville,40 / 50,20 / 30,45 / 45,80 / 80,60 / 60,40 / 40,,,,,,,,2017,0,,4637,20,Adam,Engel,CF,24,CHW,2017,2017 Report,15082,0,,0,20,40,0,2017,19th rd 2013,,74,210,R,R,Louisville,,,40.0,50.0,20.0,30.0,45.0,45.0,80.0,80.0,60.0,60.0,40.0,40.0,0,0,,0,n/a,5.114,,,,,,,,,,,,,,
MLB,MLB,sa659284,A.J. Minter,A.J. Minter,/players/aj-minter/18655/stats/pitching,18655,P,25.0,,,,2017,40,210,"6' 0""",,,20,,Texas A&M,,,,,,,70 / 70,70 / 70,,,,,40 / 45,2017,0,,4903,20,A.J.,Minter,LHP,23,ATL,2017,2017 Report,18655,0,,0,20,40,0,2017,2nd rd 2015,,72,210,L,L,Texas A&M,,nQNiOfc-2Ow,,,,,,,,,,,,,0,0,,0,n/a,7.154,70.0,70.0,70.0,70.0,,,,,40.0,45.0,,,,
AA,AA,sa874070,Stephen Alemais,Stephen Alemais,/players/stephen-alemais/sa874070/stats/batting,sa874070,2B/SS,,,,,2020,40,190,"6' 0""",,,20,,Tulane,20 / 40,20 / 20,30 / 30,60 / 60,45 / 60,60 / 60,,,,,,,,2017,0,,5167,20,Stephen,Alemais,SS,21,PIT,2017,2017 Report,sa874070,0,,0,20,40,0,2020,3rd rd 2016,,72,190,R,R,Tulane,,,20.0,40.0,20.0,20.0,30.0,30.0,60.0,60.0,45.0,60.0,60.0,60.0,0,0,,0,R5,,,,,,,,,,,,,,,
AAA,MLB,sa917940,Dylan Carlson,Dylan Carlson,/players/dylan-carlson/20126/stats/batting,20126,OF,26.0,,,,2020,40,215,"6' 3""",,,20,,Elk Grove HS (CA),20 / 50,20 / 50,50 / 60,45 / 40,40 / 50,50 / 55,,,,,,,,2017,0,,5188,20,Dylan,Carlson,OF,18,StL,2017,2017 Report,20126,0,,0,20,40,0,2020,1st rd 2016,,75,215,S,L,Elk Grove HS (CA),,,20.0,50.0,20.0,50.0,50.0,60.0,45.0,40.0,40.0,50.0,50.0,55.0,0,0,,0,n/a,5.067,,,,,,,,,,,,,,
,A+,sa657308,Jose Paulino,Jose Paulino,/players/jose-paulino/sa657308/stats/pitching,sa657308,P,-1.0,,,,2019,40,180,"6' 2""",,,20,,Dominican Republic,,,,,,,45 / 45,45 / 50,,45 / 50,,40 / 45,50 / 60,2017,0,,4935,20,Jose,Paulino,LHP,21,CHC,2017,2017 Report,sa657308,0,,0,20,40,0,2019,J2 2011,,74,180,L,L,Dominican Republic,,,,,,,,,,,,,,,0,0,,0,R5,,45.0,45.0,45.0,50.0,,,45.0,50.0,50.0,60.0,,,40.0,45.0
R,MLB,sa598267,Jairo Labourt,Jairo Labourt,/players/jairo-labourt/14996/stats/pitching,14996,P,,,,,2018,40,204,"6' 4""",,,20,,Dominican Republic,,,,,,,60 / 60,55 / 60,,40 / 40,,,30 / 40,2017,0,,4682,20,Jairo,Labourt,LHP,22,DET,2017,2017 Report,14996,0,,0,20,40,0,2018,J2 2010,,76,204,L,L,Dominican Republic,,HAL4mFPbmXQ,,,,,,,,,,,,,0,0,,0,1,0.031,60.0,60.0,55.0,60.0,,,40.0,40.0,30.0,40.0,,,,
MLB,MLB,sa918022,Nicky Lopez,Nicky Lopez,/players/nicky-lopez/19339/stats/batting,19339,2B/SS,13.0,,,,2020,40,175,"5' 10""",,,20,,Creighton,30 / 50,20 / 30,30 / 30,55 / 55,45 / 50,60 / 60,,,,,,,,2017,0,,4702,20,Nicky,Lopez,SS,21,KCR,2017,2017 Report,19339,0,,0,20,40,0,2020,5th rd 2016,,70,175,L,R,Creighton,,,30.0,50.0,20.0,30.0,30.0,30.0,55.0,55.0,45.0,50.0,60.0,60.0,0,0,,0,n/a,6.021,,,,,,,,,,,,,,
AAA,MLB,sa952977,Vladimir Gutierrez,Vladimir Gutierrez,/players/vladimir-gutierrez/19278/stats/pitching,19278,P,,,,,2019,40,172,"6' 1""",,,20,,Cuba,,,,,,,55 / 60,,50 / 60,40 / 45,,,40 / 50,2017,0,,4958,20,Vlad,Gutierrez,RHP,21,CIN,2017,2017 Report,19278,0,,0,20,40,0,2019,J2 2016,,73,172,R,R,Cuba,,,,,,,,,,,,,,,0,0,,0,2,2.133,55.0,60.0,,,50.0,60.0,40.0,45.0,40.0,50.0,,,,
MLB,MLB,sa856280,LaMonte Wade Jr.,LaMonte Wade Jr.,/players/lamonte-wade-jr/18126/stats/batting,18126,1B/OF,21.0,,,,2018,40,189,"6' 1""",,,20,,Maryland,40 / 55,20 / 30,40 / 40,55 / 55,45 / 50,40 / 40,,,,,,,,2017,0,,4722,20,Lamonte,Wade,OF,22,MIN,2017,2017 Report,18126,0,,0,20,40,0,2018,9th rd 2015,,73,189,L,L,Maryland,,,40.0,55.0,20.0,30.0,40.0,40.0,55.0,55.0,45.0,50.0,40.0,40.0,0,0,,0,n/a,5.163,,,,,,,,,,,,,,
,AAA,sa738512,Garrett Williams,Garrett Williams,/players/garrett-williams/sa738512/stats/pitching,sa738512,P,-1.0,,,,2019,40,,,,,20,,Oklahoma State,,,,,,,50 / 55,,55 / 60,40 / 45,,,30 / 40,2017,0,,5244,20,Garrett,Williams,LHP,22,SFG,2017,2017 Report,sa738512,0,,0,20,40,0,2019,7th rd 2016,,0,0,,,Oklahoma State,,_FYpYYoiqmo,,,,,,,,,,,,,0,0,,0,R5,,50.0,55.0,,,55.0,60.0,40.0,45.0,30.0,40.0,,,,
,MLB,sa917962,Colton Welker,Colton Welker,/players/colton-welker/19961/stats/batting,19961,1B/3B,-1.0,,,,2021,40,205,"6' 0""",,,20,,Stoneman Douglas HS (FL),20 / 50,20 / 55,50 / 60,40 / 20,40 / 45,45 / 50,,,,,,,,2017,0,,4990,20,Colton,Welker,1B/3B,19,COL,2017,2017 Report,19961,0,,0,20,40,0,2021,4th rd 2016,,72,205,R,R,Stoneman Douglas HS (FL),,HwGzb87_kgw,20.0,50.0,20.0,55.0,50.0,60.0,40.0,20.0,40.0,45.0,45.0,50.0,0,0,,0,1,0.118,,,,,,,,,,,,,,
,MLB,sa881025,Dérmis Garcia,Dermis Garcia,/players/dermis-garcia/20926/stats/batting,20926,1B,-1.0,,,,2021,40,200,"6' 3""",,,20,,Dominican Republic,20 / 40,30 / 60,70 / 80,40 / 30,40 / 45,60 / 60,,,,,,,,2017,0,,4746,20,Dermis,Garcia,3B,19,NYY,2017,2017 Report,20926,0,,0,20,40,0,2021,J2 2014,,75,200,R,R,Dominican Republic,,d-BKTy1j3vI,20.0,40.0,30.0,60.0,70.0,80.0,40.0,30.0,40.0,45.0,60.0,60.0,0,0,,0,2,0.069,,,,,,,,,,,,,,
MLB,MLB,sa874230,Jake Rogers,Jake Rogers,/players/jake-rogers/19452/stats/batting,19452,C,6.0,,,,2019,40,190,"5' 11""",,,20,,Tulane,20 / 30,20 / 40,45 / 50,30 / 30,50 / 70,60 / 60,,,,,,,,2017,0,,5027,20,Jake,Rogers,C,21,HOU,2017,2017 Report,19452,0,,0,20,40,0,2019,3rd rd 2016,,71,190,R,R,Tulane,,_EbnIg5tN7w,20.0,30.0,20.0,40.0,45.0,50.0,30.0,30.0,50.0,70.0,60.0,60.0,0,0,,0,n/a,5.040,,,,,,,,,,,,,,
MLB,MLB,sa873680,Sean Murphy,Sean Murphy,/players/sean-murphy/19352/stats/batting,19352,C,16.0,,,,2019,40,215,"6' 3""",,,20,,Wright State,30 / 40,40 / 45,55 / 55,20 / 20,45 / 50,60 / 60,,,,,,,,2017,0,,4779,20,Sean,Murphy,C,22,OAK,2017,2017 Report,19352,0,,0,20,40,0,2019,3rd rd 2016,,75,215,R,R,Wright State,,,30.0,40.0,40.0,45.0,55.0,55.0,20.0,20.0,45.0,50.0,60.0,60.0,0,0,,0,n/a,6.029,,,,,,,,,,,,,,
,AAA,sa914242,Omar Estevez,Omar Estevez,/players/omar-estvez/sa914242/stats/batting,sa914242,2B/SS,-1.0,,,,2020,40,180,"5' 10""",,,20,,Cuba,40 / 55,30 / 40,40 / 45,45 / 40,40 / 50,45 / 40,,,,,,,,2017,0,,5048,20,Omar,Estevez,2B,18,LAD,2017,2017 Report,sa914242,0,,0,20,40,0,2020,J2 2015,,70,180,R,R,Cuba,,,40.0,55.0,30.0,40.0,40.0,45.0,45.0,40.0,40.0,50.0,45.0,40.0,0,0,,0,R5,,,,,,,,,,,,,,,
MLB,MLB,sa737560,Devin Williams,Devin Williams,/players/devin-williams/15816/stats/pitching,15816,P,25.0,,,,2018,40,185,"6' 3""",,,20,,Hazelwood West (MO),,,,,,,55 / 60,45 / 50,,40 / 45,,,40 / 45,2017,0,,5069,20,Devin,Williams,RHP,22,MIL,2017,2017 Report,15816,0,,0,20,40,0,2018,2nd rd 2013,,75,185,R,R,Hazelwood West (MO),,m5pX1dc3OiI,,,,,,,,,,,,,0,0,,0,n/a,6.056,55.0,60.0,45.0,50.0,,,40.0,45.0,40.0,45.0,,,,
,A+,sa873296,Resly Linares,Resly Linares,/players/resly-linares/sa873296/stats/pitching,sa873296,P,-1.0,,,,2020,40,170,"6' 2""",,,20,,Dominican Republic,,,,,,,40 / 50,,50 / 55,30 / 50,,,40 / 55,2017,0,,4819,20,Resly,Linares,LHP,19,TBR,2017,2017 Report,sa873296,0,,0,20,40,0,2020,J2 2014,,74,170,L,L,Dominican Republic,,,,,,,,,,,,,,,0,0,,0,R5,,40.0,50.0,,,50.0,55.0,30.0,50.0,40.0,55.0,,,,
,A+,sa828322,Anderson Franco,Anderson Franco,/players/anderson-franco/sa828322/stats/batting,sa828322,3B,-2.0,,,,2020,40,190,"6' 3""",,,20,,Dominican Republic,20 / 45,20 / 45,55 / 55,40 / 30,40 / 50,55 / 55,,,,,,,,2017,0,,5094,20,Anderson,Franco,3B,19,WSN,2017,2017 Report,sa828322,0,,0,20,40,0,2020,J2 2013,,75,190,R,R,Dominican Republic,,0-RF8USinsU,20.0,45.0,20.0,45.0,55.0,55.0,40.0,30.0,40.0,50.0,55.0,55.0,0,0,,0,R5,,,,,,,,,,,,,,,
,AA,sa975161,Yanio Perez,Yanio Perez,/players/yanio-perez/sa975161/stats/batting,sa975161,1B/OF,-1.0,,,,2019,40,225,"6' 2""",,,20,,Cuba,40 / 45,40 / 50,55 / 55,40 / 40,40 / 45,50 / 50,,,,,,,,2017,0,,4850,20,Yanio,Perez,OF,21,TEX,2017,2017 Report,sa975161,0,,0,20,40,0,2019,J2 2016,,74,225,R,R,Cuba,,,40.0,45.0,40.0,50.0,55.0,55.0,40.0,40.0,40.0,45.0,50.0,50.0,0,0,,0,R5,,,,,,,,,,,,,,,
MLB,MLB,sa658150,Paul Sewald,Paul Sewald,/players/paul-sewald/13892/stats/pitching,13892,P,15.0,,,,2017,40,190,"6' 2""",,,20,,San Diego,,,,,,,45 / 45,55 / 55,,40 / 45,,,50 / 50,2017,0,,5114,20,Paul,Sewald,RHP,26,NYM,2017,2017 Report,13892,0,,0,20,40,0,2017,10th rd 2012,,74,190,R,R,San Diego,,,,,,,,,,,,,,,0,0,,0,n/a,7.072,45.0,45.0,55.0,55.0,,,40.0,45.0,50.0,50.0,,,,
,MLB,sa874778,Thomas Eshelman,Thomas Eshelman,/players/thomas-eshelman/18361/stats/pitching,18361,P,-1.0,,,,2018,40,210,"6' 3""",,,21,,Cal State Fullerton,,,,,,,45 / 45,45 / 50,40 / 40,45 / 50,,,60 / 70,2017,0,,5135,21,Thomas,Eshelman,RHP,22,PHI,2017,2017 Report,18361,0,,0,21,40,0,2018,2nd rd 2015,,75,210,R,R,Cal State Fullerton,,D291QeiCx6U,,,,,,,,,,,,,0,0,,0,2,1.086,45.0,45.0,45.0,50.0,40.0,40.0,45.0,50.0,60.0,70.0,,,,
,AA,sa918086,Luis Curbelo,Luis Curbelo,/players/luis-curbelo/sa918086/stats/batting,sa918086,3B,-1.0,,,,2021,40,185,"6' 1""",,,21,,Cocoa HS (FL),20 / 40,20 / 50,55 / 60,50 / 40,40 / 60,50 / 55,,,,,,,,2017,0,,4638,21,Luis,Curbelo,3B,19,CHW,2017,2017 Report,sa918086,0,,0,21,40,0,2021,6th rd 2016,,73,185,R,R,Cocoa HS (FL),,X15YUBp_3kQ,20.0,40.0,20.0,50.0,55.0,60.0,50.0,40.0,40.0,60.0,50.0,55.0,0,0,,0,R5,,,,,,,,,,,,,,,
,A+,sa857676,Drew Harrington,Drew Harrington,/players/andrew-harrington/sa857676/stats/pitching,sa857676,P,-1.0,,,,2019,40,225,"6' 1""",,,21,,Louisville,,,,,,,45 / 45,50 / 50,,45 / 50,,,50 / 55,2017,0,,4904,21,Drew,Harrington,LHP,21,ATL,2017,2017 Report,sa857676,0,,0,21,40,0,2019,3rd rd 2016,,73,225,R,L,Louisville,,,,,,,,,,,,,,,0,0,,0,R5,,45.0,45.0,50.0,50.0,,,45.0,50.0,50.0,55.0,,,,
,AAA,sa917989,Braeden Ogle,Braeden Ogle,/players/braeden-ogle/sa917989/stats/pitching,sa917989,P,-1.0,,,,2022,40,170,"6' 2""",,,21,,Jensen Beach HS (FL),,,,,,,60 / 60,,45 / 55,20 / 40,,,30 / 40,2017,0,,5168,21,Braeden,Ogle,LHP,19,PIT,2017,2017 Report,sa917989,0,,0,21,40,0,2022,4th rd 2016,,74,170,L,L,Jensen Beach HS (FL),,,,,,,,,,,,,,,0,0,,0,R5,,60.0,60.0,,,45.0,55.0,20.0,40.0,30.0,40.0,,,,
,AAA,sa828705,Andrew Morales,Andrew Morales,/players/andrew-morales/sa828705/stats/pitching,sa828705,P,-1.0,,,,2018,40,185,"6' 0""",,,21,,UC Irvine,,,,,,,60 / 65,60 / 60,,40 / 45,,,45 / 45,2017,0,,5189,21,Andrew,Morales,RHP,24,StL,2017,2017 Report,sa828705,0,,0,21,40,0,2018,2nd rd 2014,,72,185,R,R,UC Irvine,,,,,,,,,,,,,,,0,0,,0,R5,,60.0,65.0,60.0,60.0,,,40.0,45.0,45.0,45.0,,,,
MLB,MLB,sa874984,Bryan Hudson,Bryan Hudson,/players/bryan-hudson/19924/stats/pitching,19924,P,4.0,,,,2022,40,220,"6' 8""",,,21,,Alton HS (IL),,,,,,,40 / 50,,40 / 60,30 / 45,,,30 / 45,2017,0,,4936,21,Bryan,Hudson,LHP,19,CHC,2017,2017 Report,19924,0,,0,21,40,0,2022,3rd rd 2015,,80,220,L,L,Alton HS (IL),,,,,,,,,,,,,,,0,0,,0,0,1.070,40.0,50.0,,,40.0,60.0,30.0,45.0,30.0,45.0,,,,
AA,AAA,sa828692,Michael Gettys,Michael Gettys,/players/michael-gettys/sa828692/stats/batting,sa828692,OF,3.0,,,,2019,40,203,"6' 1""",,,21,,Gainesville HS (GA),30 / 40,30 / 40,55 / 55,60 / 60,40 / 50,70 / 70,,,,,,,,2017,0,,5213,21,Michael,Gettys,CF,21,SDP,2017,2017 Report,sa828692,0,,0,21,40,0,2019,2nd rd 2014,,73,203,R,R,Gainesville HS (GA),,eRSgD6EtQ2g,30.0,40.0,30.0,40.0,55.0,55.0,60.0,60.0,40.0,50.0,70.0,70.0,0,0,,0,R5,,,,,,,,,,,,,,,
MLB,MLB,sa874781,Tony Santillan,Tony Santillan,/players/tony-santillan/19926/stats/pitching,19926,P,18.0,,,,2020,40,240,"6' 3""",,,21,,Seguin HS (TX),,,,,,,70 / 70,55 / 60,,40 / 45,,,30 / 40,2017,0,,4959,21,Tony,Santillan,RHP,19,CIN,2017,2017 Report,19926,0,,0,21,40,0,2020,2nd rd 2015,,75,240,R,R,Seguin HS (TX),,JnLLIhP5nfU,,,,,,,,,,,,,0,0,,0,0,3.099,70.0,70.0,55.0,60.0,,,40.0,45.0,30.0,40.0,,,,
,MLB,sa597424,Felix Jorge,Felix Jorge,/players/felix-jorge/14532/stats/pitching,14532,P,-1.0,,,,2018,40,170,"6' 2""",,,21,,Dominican Republic,,,,,,,55 / 55,50 / 50,,50 / 55,,,50 / 60,2017,0,,4723,21,Felix,Jorge,RHP,22,MIN,2017,2017 Report,14532,0,,0,21,40,0,2018,J2 2010,,74,170,R,R,Dominican Republic,,,,,,,,,,,,,,,0,0,,0,2,0.002,55.0,55.0,50.0,50.0,,,50.0,55.0,50.0,60.0,,,,
,MLB,sa827483,Sam Coonrod,Sam Coonrod,/players/sam-coonrod/17264/stats/pitching,17264,P,-1.0,,,,2018,40,,,,,21,,SIU Carbondale,,,,,,,60 / 60,50 / 55,,,,,40 / 45,2017,0,,5245,21,Sam,Coonrod,RHP,24,SFG,2017,2017 Report,17264,0,,0,21,40,0,2018,5th rd 2014,,0,0,,,SIU Carbondale,,,,,,,,,,,,,,,0,0,,0,0,4.078,60.0,60.0,50.0,55.0,,,,,40.0,45.0,,,,
,AAA,sa917068,Daniel Montano,Daniel Montano,/players/daniel-montano/sa917068/stats/batting,sa917068,OF,-1.0,,,,2022,40,175,"6' 1""",,,21,,Venezuela,20 / 50,20 / 45,40 / 55,50 / 55,40 / 50,40 / 45,,,,,,,,2017,0,,4991,21,Daniel,Montano,CF,17,COL,2017,2017 Report,sa917068,0,,0,21,40,0,2022,j2 2015,,73,175,L,R,Venezuela,,aUjJOahi6WI,20.0,50.0,20.0,45.0,40.0,55.0,50.0,55.0,40.0,50.0,40.0,45.0,0,0,,0,R5,,,,,,,,,,,,,,,
,A,sa917988,Nolan Martinez,Nolan Martinez,/players/nolan-martinez/sa917988/stats/pitching,sa917988,P,-1.0,,,,2022,40,165,"1' 6""",,,21,,Culver City HS (CA),,,,,,,40 / 50,,50 / 55,40 / 50,,,40 / 55,2017,0,,4747,21,Nolan,Martinez,RHP,18,NYY,2017,2017 Report,sa917988,0,,0,21,40,0,2022,3rd rd 2016,,18,165,R,R,Culver City HS (CA),,,,,,,,,,,,,,,0,0,,0,R5,,40.0,50.0,,,50.0,55.0,40.0,50.0,40.0,55.0,,,,
A,A,sa872819,Lupe Chavez,Lupe Chavez,/players/guadalupe-chavez/sa872819/stats/pitching,sa872819,P,,,,,2020,40,150,"6' 2""",,,21,,Mexico,,,,,,,40 / 45,,40 / 45,50 / 60,,,45 / 60,2017,0,,5028,21,Lupe,Chavez,RHP,19,HOU,2017,2017 Report,sa872819,0,,0,21,40,0,2020,J2 2014,,74,150,R,R,Mexico,,,,,,,,,,,,,,,0,0,,0,R5,,40.0,45.0,,,40.0,45.0,50.0,60.0,45.0,60.0,,,,
,AAA,sa969091,Lazaro Armenteros,Lazaro Armenteros,/players/lazaro-armenteros/sa969091/stats/batting,sa969091,OF,-1.0,,,,2021,40,182,"6' 0""",,,21,,Cuba,20 / 40,20 / 50,55 / 60,55 / 55,40 / 50,40 / 40,,,,,,,,2017,0,,4780,21,Lazaro,Armenteros,LF,17,OAK,2017,2017 Report,sa969091,0,,0,21,40,0,2021,J2 2016,,72,182,R,R,Cuba,,Mj5wZm729_o,20.0,40.0,20.0,50.0,55.0,60.0,55.0,55.0,40.0,50.0,40.0,40.0,0,0,,0,2,0.000,,,,,,,,,,,,,,
MLB,MLB,sa917992,Dustin May,Dustin May,/players/dustin-may/19716/stats/pitching,19716,P,28.0,,,,2021,40,190,"6' 6""",,,21,,Northwest HS TX),,,,,,,50 / 60,50 / 55,,40 / 45,,,40 / 55,2017,0,,5049,21,Dustin,May,RHP,19,LAD,2017,2017 Report,19716,0,,0,21,40,0,2021,3rd rd 2016,,78,190,R,R,Northwest HS TX),,MKbnUR0JzXw,,,,,,,,,,,,,0,0,,0,n/a,6.059,50.0,60.0,50.0,55.0,,,40.0,45.0,40.0,55.0,,,,
,AA,sa875027,Demi Orimoloye,Demi Orimoloye,/players/oluwademilade-orimoloye/sa875027/stats/batting,sa875027,OF,-1.0,,,,2022,40,225,"6' 4""",,,21,,"St. Matthew (Ontario, CN)",20 / 40,20 / 50,55 / 60,55 / 50,40 / 50,60 / 60,,,,,,,,2017,0,,5070,21,Demi,Orimoloye,OF,20,MIL,2017,2017 Report,sa875027,0,,0,21,40,0,2022,4th rd 2015,,76,225,R,R,"St. Matthew (Ontario, CN)",,EVR02-leURY,20.0,40.0,20.0,50.0,55.0,60.0,55.0,50.0,40.0,50.0,60.0,60.0,0,0,,0,R5,,,,,,,,,,,,,,,
,AA,sa736667,Michael Santos,Michael Santos,/players/michael-santos/sa736667/stats/pitching,sa736667,P,-1.0,,,,2019,40,170,"6' 4""",,,21,,Dominican Republic,,,,,,,50 / 55,45 / 50,50 / 50,40 / 50,,,45 / 60,2017,0,,4820,21,Michael,Santos,RHP,21,TBR,2017,2017 Report,sa736667,0,,0,21,40,0,2019,J2 2011,,76,170,R,R,Dominican Republic,,SRm2c-FNJkU,,,,,,,,,,,,,0,0,,0,R5,,50.0,55.0,45.0,50.0,50.0,50.0,40.0,50.0,45.0,60.0,,,,
,A+,sa917991,Kole Enright,Kole Enright,/players/kole-enright/sa917991/stats/batting,sa917991,2B/OF,-1.0,,,,2021,40,185,"6' 2""",,,21,,West Orange (FL),30 / 55,20 / 40,40 / 50,50 / 45,40 / 45,50 / 50,,,,,,,,2017,0,,4851,21,Kole,Enright,INF,19,TEX,2017,2017 Report,sa917991,0,,0,21,40,0,2021,3rd rd 2016,,74,185,S,R,West Orange (FL),,8UxUDy7Xpas,30.0,55.0,20.0,40.0,40.0,50.0,50.0,45.0,40.0,45.0,50.0,50.0,0,0,,0,R5,,,,,,,,,,,,,,,
MLB,MLB,sa739831,Víctor Arano,Victor Arano,/players/victor-arano/15915/stats/pitching,15915,P,24.0,,,,2017,40,196,"6' 2""",,,22,,Mexico,,,,,,,60 / 60,,50 / 50,,,,50 / 55,2017,0,,5136,22,Victor,Arano,RHP,21,PHI,2017,2017 Report,15915,0,,0,22,40,0,2017,J2 2012,,74,196,R,R,Mexico,,gBPSCJQ8orU,,,,,,,,,,,,,0,0,,0,1,4.022,60.0,60.0,,,50.0,50.0,,,50.0,55.0,,,,
,MLB,sa550097,Jacob May,Jacob May,/players/jacob-may/14876/stats/batting,14876,OF,-1.0,,,,2017,40,180,"5' 10""",,,22,,Coastal Carolina,40 / 50,20 / 30,30 / 30,70 / 70,50 / 55,40 / 40,,,,,,,,2017,0,,4639,22,Jacob,May,CF,24,CHW,2017,2017 Report,14876,0,,0,22,40,0,2017,3rd rd 2013,,70,180,S,R,Coastal Carolina,,,40.0,50.0,20.0,30.0,30.0,30.0,70.0,70.0,50.0,55.0,40.0,40.0,0,0,,0,2,0.030,,,,,,,,,,,,,,
,A+,sa916719,Derian Cruz,Derian Cruz,/players/derian-cruz/sa916719/stats/batting,sa916719,2B/SS,-2.0,,,,2021,40,177,"6' 1""",,,22,,Dominican Republic,20 / 45,20 / 40,30 / 40,70 / 70,40 / 55,50 / 60,,,,,,,,2017,0,,4905,22,Derian,Cruz,SS,18,ATL,2017,2017 Report,sa916719,0,,0,22,40,0,2021,J2 2015,,73,177,S,R,Dominican Republic,,XrcKSetbgCE,20.0,45.0,20.0,40.0,30.0,40.0,70.0,70.0,40.0,55.0,50.0,60.0,0,0,,0,R5,,,,,,,,,,,,,,,
,AAA,sa738697,Connor Jones,Connor Jones,/players/connor-jones/sa738697/stats/pitching,sa738697,P,-1.0,,,,2019,40,215,"6' 3""",,,22,,Virginia,,,,,,,50 / 50,50 / 50,,,50 / 55,,40 / 50,2017,0,,5190,22,Connor,Jones,RHP,22,StL,2017,2017 Report,sa738697,0,,0,22,40,0,2019,2nd rd 2016,,75,215,R,R,Virginia,,,,,,,,,,,,,,,0,0,,0,R5,,50.0,50.0,50.0,50.0,,,,,40.0,50.0,50.0,55.0,,
,MLB,sa657936,Duane Underwood Jr.,Duane Underwood Jr.,/players/duane-underwood-jr/14677/stats/pitching,14677,P,-1.0,,,,2018,40,205,"6' 2""",,,22,,Pope HS (GA),,,,,,,50 / 60,55 / 60,50 / 50,40 / 40,,,40 / 40,2017,0,,4937,22,Duane,Underwood,RHP,22,CHC,2017,2017 Report,14677,0,,0,22,40,0,2018,2nd rd 2012,,74,205,R,R,Pope HS (GA),,RCn6QdV2kUY,,,,,,,,,,,,,0,0,,0,0,3.109,50.0,60.0,55.0,60.0,50.0,50.0,40.0,40.0,40.0,40.0,,,,
MLB,MLB,sa875251,Phil Maton,Phil Maton,/players/phil-maton/18064/stats/pitching,18064,P,17.0,,,,2017,40,205,"6' 3""",,,22,,LA Tech,,,,,,,70 / 70,50 / 50,,40 / 40,,45 / 50,45 / 50,2017,0,,5214,22,Phil,Maton,RHP,23,SDP,2017,2017 Report,18064,0,,0,22,40,0,2017,20th rd 2015,,75,205,R,R,LA Tech,,,,,,,,,,,,,,,0,0,,0,n/a,8.047,70.0,70.0,50.0,50.0,,,40.0,40.0,45.0,50.0,,,45.0,50.0
,MLB,sa548458,Austin Brice,Austin Brice,/players/austin-brice/17237/stats/pitching,17237,P,-2.0,,,,2017,40,235,"6' 4""",,,22,,Northwood HS (NC),,,,,,,60 / 60,45 / 45,60 / 60,,,,50 / 50,2017,0,,4960,22,Austin,Brice,RHP,24,CIN,2017,2017 Report,17237,0,,0,22,40,0,2017,9th rd 2010,,76,235,R,R,Northwood HS (NC),,Tvu4-PX4cyA,,,,,,,,,,,,,0,0,,0,0,4.018,60.0,60.0,45.0,45.0,60.0,60.0,,,50.0,50.0,,,,
AAA,MLB,sa873433,Huascar Ynoa,Huascar Ynoa,/players/huascar-ynoa/20468/stats/pitching,20468,P,1.0,,,,2021,40,175,"6' 1""",,,22,,Dominican Republic,,,,,,,45 / 50,40 / 45,50 / 55,45 / 55,,,40 / 50,2017,0,,4724,22,Huascar,Ynoa,RHP,18,MIN,2017,2017 Report,20468,0,,0,22,40,0,2021,j2 2014,,73,175,R,R,Dominican Republic,,6QvHekmFzts,,,,,,,,,,,,,0,0,,0,0,3.117,45.0,50.0,40.0,45.0,50.0,55.0,45.0,55.0,40.0,50.0,,,,
AAA,MLB,sa738479,Garrett Hampson,Garrett Hampson,/players/garrett-hampson/19262/stats/batting,19262,2B/OF,18.0,,,,2019,40,175,"5' 11""",,,22,,Long Beach St,40 / 50,20 / 30,40 / 40,60 / 60,40 / 45,50 / 50,,,,,,,,2017,0,,4992,22,Garrett,Hampson,SS,22,COL,2017,2017 Report,19262,0,,0,22,40,0,2019,3rd rd 2016,,71,175,R,R,Long Beach St,,PUVR7A7Mut8,40.0,50.0,20.0,30.0,40.0,40.0,60.0,60.0,40.0,45.0,50.0,50.0,0,0,,0,n/a,7.003,,,,,,,,,,,,,,
,MLB,sa657806,Ronald Herrera,Ronald Herrera,/players/ronald-herrera/15688/stats/pitching,15688,P,-1.0,,,,2018,40,185,"5' 10""",,,22,,Venezuela,,,,,,,50 / 50,45 / 45,45 / 45,50 / 55,,,50 / 55,2017,0,,4748,22,Ronald,Herrera,RHP,21,NYY,2017,2017 Report,15688,0,,0,22,40,0,2018,J2 2011,,70,185,R,R,Venezuela,,,,,,,,,,,,,,,0,0,,0,2,1.007,50.0,50.0,45.0,45.0,45.0,45.0,50.0,55.0,50.0,55.0,,,,
,MLB,sa658670,Max Schrock,Max Schrock,/players/max-schrock/17750/stats/batting,17750,OF,-1.0,,,,2019,40,165,"5' 8""",,,22,,South Carolina,45 / 55,20 / 30,40 / 40,50 / 50,45 / 50,40 / 40,,,,,,,,2017,0,,4781,22,Max,Schrock,2B,22,OAK,2017,2017 Report,17750,0,,0,22,40,0,2019,13th rd 2015,,68,165,L,R,South Carolina,,nFXynNq4h0g,45.0,55.0,20.0,30.0,40.0,40.0,50.0,50.0,45.0,50.0,40.0,40.0,0,0,,0,0,1.107,,,,,,,,,,,,,,
AAA,MLB,sa737809,Jacob Nottingham,Jacob Nottingham,/players/jacob-nottingham/16448/stats/batting,16448,C,11.0,,,,2018,40,220,"6' 3""",,,22,,Redlands HS (CA),20 / 30,30 / 40,60 / 60,30 / 30,30 / 40,60 / 60,,,,,,,,2017,0,,5071,22,Jacob,Nottingham,C,21,MIL,2017,2017 Report,16448,0,,0,22,40,0,2018,6th rd 2013,,75,220,R,R,Redlands HS (CA),,a8PZOBviMVk,20.0,30.0,30.0,40.0,60.0,60.0,30.0,30.0,30.0,40.0,60.0,60.0,0,0,,0,0,1.098,,,,,,,,,,,,,,
,MLB,sa828961,Kevin Padlo,Kevin Padlo,/players/kevin-padlo/16593/stats/batting,16593,1B/3B,-1.0,,,,2020,40,200,"6' 2""",,,22,,Murrieta Valley HS (CA),20 / 40,30 / 45,50 / 55,50 / 40,40 / 50,55 / 55,,,,,,,,2017,0,,4821,22,Kevin,Padlo,3B,20,TBR,2017,2017 Report,16593,0,,0,22,40,0,2020,5th rd 2014,,74,200,R,R,Murrieta Valley HS (CA),,,20.0,40.0,30.0,45.0,50.0,55.0,50.0,40.0,40.0,50.0,55.0,55.0,0,0,,0,0,0.086,,,,,,,,,,,,,,
,AA,sa740444,Jairo Beras,Jairo Beras,/players/jairo-beras/sa740444/stats/batting,sa740444,OF,-1.0,,,,2020,40,195,"6' 6""",,,22,,Dominican Republic,20 / 30,30 / 50,60 / 70,50 / 45,40 / 45,80 / 80,,,,,,,,2017,0,,4852,22,Jairo,Beras,OF,22,TEX,2017,2017 Report,sa740444,0,,0,22,40,0,2020,J2 2011,,78,195,R,R,Dominican Republic,,,20.0,30.0,30.0,50.0,60.0,70.0,50.0,45.0,40.0,45.0,80.0,80.0,0,0,,0,R5,,,,,,,,,,,,,,,
,MLB,sa550140,Andrew Knapp,Andrew Knapp,/players/andrew-knapp/14942/stats/batting,14942,C,-1.0,,,,2017,40,195,"6' 1""",,,23,,Cal,45 / 50,40 / 45,45 / 45,30 / 30,40 / 40,50 / 50,,,,,,,,2017,0,,5137,23,Andrew,Knapp,C,25,PHI,2017,2017 Report,14942,0,,0,23,40,0,2017,2nd rd 2013,,73,195,S,R,Cal,,SAg3lnb1Vq4,45.0,50.0,40.0,45.0,45.0,45.0,30.0,30.0,40.0,40.0,50.0,50.0,0,0,,0,n/a,5.077,,,,,,,,,,,,,,
,MLB,sa549595,Michael Ynoa,Michael Ynoa,/players/michael-ynoa/14093/stats/pitching,14093,P,-1.0,,,,2017,40,210,"6' 7""",,,23,,Dominican Republic,,,,,,,60 / 60,50 / 50,40 / 40,40 / 45,,,40 / 40,2017,0,,4640,23,Michael,Ynoa,RHP,25,CHW,2017,2017 Report,14093,0,,0,23,40,0,2017,J2 2008,,79,210,R,R,Dominican Republic,,,,,,,,,,,,,,,0,0,,0,0,1.036,60.0,60.0,50.0,50.0,40.0,40.0,40.0,45.0,40.0,40.0,,,,
AAA,AAA,sa3003185,Yunior Severino,Yunior Severino,/players/yunior-severino/sa3003185/stats/batting,sa3003185,2B/3B,,,,,2022,40,181,"6' 1""",,,23,,Dominican Republic,20 / 45,20 / 45,45 / 50,45 / 45,40 / 45,50 / 55,,,,,,,,2017,0,,4906,23,Yunior,Severino,SS,17,ATL,2017,2017 Report,sa3003185,0,,0,23,40,0,2022,J2 2016,,73,181,S,R,Dominican Republic,,loRx-qNixVg,20.0,45.0,20.0,45.0,45.0,50.0,45.0,45.0,40.0,45.0,50.0,55.0,0,0,,0,3,0.000,,,,,,,,,,,,,,
MLB,MLB,sa857550,Zac Gallen,Zac Gallen,/players/zac-gallen/19291/stats/pitching,19291,P,15.0,,,,2019,40,185,"6' 1""",,,23,,North Carolina,,,,,,,50 / 50,,50 / 50,45 / 50,,45 / 50,45 / 50,2017,0,,5191,23,Zac,Gallen,RHP,21,StL,2017,2017 Report,19291,0,,0,23,40,0,2019,3rd rd 2016,,73,185,R,R,North Carolina,,,,,,,,,,,,,,,0,0,,0,n/a,6.100,50.0,50.0,,,50.0,50.0,45.0,50.0,45.0,50.0,,,45.0,50.0
,AA,sa857562,Bailey Clark,Bailey Clark,/players/bailey-clark/sa857562/stats/pitching,sa857562,P,-2.0,,,,2019,40,220,"6' 4""",,,23,,Duke,,,,,,,60 / 60,,55 / 0,60 / 40,,,40 / 45,2017,0,,4938,23,Bailey,Clark,RHP,22,CHC,2017,2017 Report,sa857562,0,,0,23,40,0,2019,5th rd 2016,,76,220,R,R,Duke,,,,,,,,,,,,,,,0,0,,0,R5,,60.0,60.0,,,55.0,,60.0,40.0,40.0,45.0,,,,
,,,Michel Miliano,Michel Miliano,,,,,,,,2022,40,183,"6' 3""",,,23,,Dominican Republic,,,,,,,45 / 60,,40 / 60,40 / 50,,,40 / 55,2017,0,,5215,23,Michel,Miliano,RHP,16,SDP,2017,2017 Report,,0,,0,23,40,0,2022,J2 2016,,75,183,R,R,Dominican Republic,,D9khK5HeMkg,,,,,,,,,,,,,0,0,,0,,,45.0,60.0,,,40.0,60.0,40.0,50.0,40.0,55.0,,,,
MLB,MLB,sa658965,Jimmy Herget,Jimmy Herget,/players/jimmy-herget/17556/stats/pitching,17556,P,19.0,,,,2018,40,180,"6' 3""",,,23,,South Florida,,,,,,,55 / 55,55 / 60,,45 / 50,,,45 / 55,2017,0,,4961,23,Jimmy,Herget,RHP,23,CIN,2017,2017 Report,17556,0,,0,23,40,0,2018,6th rd 2015,,75,180,R,R,South Florida,,,,,,,,,,,,,,,0,0,,0,0,4.069,55.0,55.0,55.0,60.0,,,45.0,50.0,45.0,55.0,,,,
AAA,MLB,sa917953,Akil Baddoo,Akil Baddoo,/players/akil-baddoo/22168/stats/batting,22168,OF,23.0,,,,2022,40,185,"5' 11""",,,23,,Salem HS (GA),20 / 50,20 / 40,40 / 45,60 / 55,40 / 50,40 / 40,,,,,,,,2017,0,,4725,23,Akil,Baddoo,OF,18,MIN,2017,2017 Report,22168,0,,0,23,40,0,2022,2nd rd 2016,,71,185,L,L,Salem HS (GA),,fjWqbosLw,20.0,50.0,20.0,40.0,40.0,45.0,60.0,55.0,40.0,50.0,40.0,40.0,0,0,,0,1,3.021,,,,,,,,,,,,,,
AAA,MLB,sa737347,Julian Fernández,Julian Fernandez,/players/julian-fernandez/18341/stats/pitching,18341,P,24.0,,,,2020,40,160,"6' 2""",,,23,,Dominican Republic,,,,,,,70 / 80,40 / 50,,40 / 55,,,30 / 40,2017,0,,4993,23,Julian,Fernandez,RHP,20,COL,2017,2017 Report,18341,0,,0,23,40,0,2020,J2 2012,,74,160,R,R,Dominican Republic,,bugOj1qz5Wg,,,,,,,,,,,,,0,0,,0,1,2.042,70.0,80.0,40.0,50.0,,,40.0,55.0,30.0,40.0,,,,
,AAA,sa737534,Ian Clarkin,Ian Clarkin,/players/ian-clarkin/sa737534/stats/pitching,sa737534,P,-1.0,,,,2018,40,205,"6' 2""",,,23,,Madison HS (CA),,,,,,,45 / 45,40 / 45,55 / 55,45 / 50,,,45 / 50,2017,0,,4749,23,Ian,Clarkin,LHP,22,NYY,2017,2017 Report,sa737534,0,,0,23,40,0,2018,1st rd 2019,,74,205,L,L,Madison HS (CA),,ElIAPxsNeeo,,,,,,,,,,,,,0,0,,0,2,0.000,45.0,45.0,40.0,45.0,55.0,55.0,45.0,50.0,45.0,50.0,,,,
,A,sa917964,Sylar Szynski,Sylar Szynski,/players/skylar-szynski/sa917964/stats/pitching,sa917964,P,-1.0,,,,2021,40,195,"6' 2""",,,23,,Penn HS (IN),,,,,,,40 / 50,,45 / 50,40 / 50,,,40 / 50,2017,0,,4782,23,Sylar,Szynski,RHP,19,OAK,2017,2017 Report,sa917964,0,,0,23,40,0,2021,4th rd 2016,,74,195,R,R,Penn HS (IN),,y6eZFWkhBMM,,,,,,,,,,,,,0,0,,0,,,40.0,50.0,,,45.0,50.0,40.0,50.0,40.0,50.0,,,,
MLB,MLB,sa737343,Freddy Peralta,Freddy Peralta,/players/freddy-peralta/18679/stats/pitching,18679,P,25.0,,,,2019,40,170,"6' 0""",,,23,,Dominican Republic,,,,,,,45 / 55,45 / 50,,45 / 55,,,40 / 50,2017,0,,5072,23,Freddy,Peralta,RHP,20,MIL,2017,2017 Report,18679,0,,0,23,40,0,2019,J2 2012,,72,170,R,R,Dominican Republic,,,,,,,,,,,,,,,0,0,,0,n/a,7.090,45.0,55.0,45.0,50.0,,,45.0,55.0,40.0,50.0,,,,
,MLB,sa597787,Taylor Guerrieri,Taylor Guerrieri,/players/taylor-guerrieri/13616/stats/pitching,13616,P,-1.0,,,,2017,40,195,"6' 3""",,,23,,Spring Valley HS (SC),,,,,,,45 / 45,,50 / 50,45 / 50,,,50 / 55,2017,0,,4822,23,Taylor,Guerrieri,RHP,24,TBR,2017,2017 Report,13616,0,,0,23,40,0,2017,1st rd 2011,,75,195,R,R,Spring Valley HS (SC),,,,,,,,,,,,,,,0,0,,0,0,0.133,45.0,45.0,,,50.0,50.0,45.0,50.0,50.0,55.0,,,,
,A+,sa917956,Cole Stobbe,Cole Stobbe,/players/cole-stobbe/sa917956/stats/batting,sa917956,3B,-1.0,,,,2021,40,200,"6' 1""",,,24,,Millard West HS (NE),20 / 45,20 / 45,45 / 50,50 / 45,40 / 50,55 / 60,,,,,,,,2017,0,,5138,24,Cole,Stobbe,SS,19,PHI,2017,2017 Report,sa917956,0,,0,24,40,0,2021,3rd rd 2016,,73,200,R,R,Millard West HS (NE),,,20.0,45.0,20.0,45.0,45.0,50.0,50.0,45.0,40.0,50.0,55.0,60.0,0,0,,0,R5,,,,,,,,,,,,,,,
,AAA,sa827463,Brian Clark,Brian Clark,/players/brian-clark/sa827463/stats/pitching,sa827463,P,-1.0,,,,2017,40,225,"6' 3""",,,24,,Kent St.,,,,,,,60 / 60,50 / 55,,40 / 40,,,50 / 60,2017,0,,4641,24,Brian,Clark,LHP,23,CHW,2017,2017 Report,sa827463,0,,0,24,40,0,2017,9th rd 2014,,75,225,L,R,Kent St.,,,,,,,,,,,,,,,0,0,,0,,,60.0,60.0,50.0,55.0,,,40.0,40.0,50.0,60.0,,,,
MLB,MLB,sa828663,Alex Jackson,Alex Jackson,/players/alex-jackson/17276/stats/batting,17276,C,8.0,,,,2021,40,220,"6' 2""",,,24,,Rancho Bernardo HS (CA),30 / 40,30 / 45,60 / 60,20 / 20,30 / 45,50 / 50,,,,,,,,2017,0,,4907,24,Alex,Jackson,C,21,ATL,2017,2017 Report,17276,0,,0,24,40,0,2021,1st rd 2014,,74,220,R,R,Rancho Bernardo HS (CA),,LSnvdcH--dg,30.0,40.0,30.0,45.0,60.0,60.0,20.0,20.0,30.0,45.0,50.0,50.0,0,0,,0,0,3.036,,,,,,,,,,,,,,
,MLB,sa599212,John Gant,John Gant,/players/john-gant/13684/stats/pitching,13684,P,-1.0,,,,2017,40,215,"6' 5""",,,24,,Wiregrass Ranch HS (FL),,,,,,,55 / 55,,40 / 40,60 / 60,,,40 / 40,2017,0,,5192,24,John,Gant,RHP,24,StL,2017,2017 Report,13684,0,,0,24,40,0,2017,21st rd 2011,,77,215,R,R,Wiregrass Ranch HS (FL),,kgwYWlum9Wc,,,,,,,,,,,,,0,0,,0,n/a,5.004,55.0,55.0,,,40.0,40.0,60.0,60.0,40.0,40.0,,,,
MLB,MLB,sa877528,Enyel De Los Santos,Enyel De Los Santos,/players/enyel-de-los-santos/18403/stats/pitching,18403,P,21.0,,,,2020,40,170,"6' 3""",,,24,,Dominican Republic,,,,,,,55 / 60,,40 / 45,40 / 50,,,45 / 55,2017,0,,5216,24,Enyel,De Los Santos,RHP,20,SDP,2017,2017 Report,18403,0,,0,24,40,0,2020,J2 2014,,75,170,R,R,Dominican Republic,,,,,,,,,,,,,,,0,0,,0,n/a,5.015,55.0,60.0,,,40.0,45.0,40.0,50.0,45.0,55.0,,,,
AA,MLB,sa874990,Blake Trahan,Blake Trahan,/players/blake-trahan/17588/stats/batting,17588,2B/SS,18.0,,,,2019,40,180,"5' 9""",,,24,,LA-Lafayette,40 / 50,30 / 30,40 / 40,55 / 55,50 / 50,60 / 60,,,,,,,,2017,0,,4962,24,Blake,Trahan,SS,23,CIN,2017,2017 Report,17588,0,,0,24,40,0,2019,3rd rd 2015,,69,180,R,R,LA-Lafayette,,NWf9WM9Ln-c,40.0,50.0,30.0,30.0,40.0,40.0,55.0,55.0,50.0,50.0,60.0,60.0,0,0,,0,2,0.030,,,,,,,,,,,,,,
,AA,sa877857,Lachlan Wells,Lachlan Wells,/players/lachlan-wells/sa877857/stats/pitching,sa877857,P,-1.0,,,,2020,40,163,"5' 8""",,,24,,Australia,,,,,,,50 / 50,,45 / 50,45 / 55,,,40 / 45,2017,0,,4726,24,Lachlan,Wells,LHP,19,MIN,2017,2017 Report,sa877857,0,,0,24,40,0,2020,J2 2014,,68,163,L,L,Australia,,,,,,,,,,,,,,,0,0,,0,R5,,50.0,50.0,,,45.0,50.0,45.0,55.0,40.0,45.0,,,,
,MLB,sa707751,Jordan Patterson,Jordan Patterson,/players/jordan-patterson/15119/stats/batting,15119,OF,-1.0,,,,2017,40,215,"6' 4""",,,24,,South Alabama,40 / 40,40 / 45,55 / 55,45 / 40,45 / 50,60 / 60,,,,,,,,2017,0,,4994,24,Jordan,Patterson,OF/1B,24,COL,2017,2017 Report,15119,0,,0,24,40,0,2017,4th rd 2013,,76,215,L,L,South Alabama,,sNM1W0EHV3A,40.0,40.0,40.0,45.0,55.0,55.0,45.0,40.0,45.0,50.0,60.0,60.0,0,0,,0,1,0.032,,,,,,,,,,,,,,
,MLB,sa659493,Giovanny Gallegos,Giovanny Gallegos,/players/giovanny-gallegos/14986/stats/pitching,14986,P,-1.0,,,,2017,40,210,"6' 2""",,,24,,Mexico,,,,,,,55 / 55,,60 / 60,,,,55 / 60,2017,0,,4750,24,Gio,Gallegos,RHP,25,NYY,2017,2017 Report,14986,0,,0,24,40,0,2017,J2 2011,,74,210,R,R,Mexico,,,,,,,,,,,,,,,0,0,,0,n/a,6.041,55.0,55.0,,,60.0,60.0,,,55.0,60.0,,,,
,MLB,sa550093,Bobby Wahl,Bobby Wahl,/players/bobby-wahl/14832/stats/pitching,14832,P,-1.0,,,,2017,40,210,"6' 2""",,,24,,Ole Miss,,,,,,,70 / 70,,50 / 50,40 / 40,,,40 / 40,2017,0,,4783,24,Bobby,Wahl,RHP,25,OAK,2017,2017 Report,14832,0,,0,24,40,0,2017,5th rd 2013,,74,210,R,R,Ole Miss,,LQLpT6i-mMc,,,,,,,,,,,,,0,0,,0,0,2.120,70.0,70.0,,,50.0,50.0,40.0,40.0,40.0,40.0,,,,
AA,MLB,sa917954,Mario Feliciano,Mario Feliciano,/players/mario-feliciano/20263/stats/batting,20263,C,,,,,2021,40,200,"6' 1""",,,24,,Beltran Academy (PR),20 / 50,20 / 45,45 / 50,40 / 40,30 / 50,55 / 55,,,,,,,,2017,0,,5073,24,Mario,Feliciano,C,18,MIL,2017,2017 Report,20263,0,,0,24,40,0,2021,2nd rd 2016,,73,200,R,R,Beltran Academy (PR),,08yVCH4kuSg,20.0,50.0,20.0,45.0,45.0,50.0,40.0,40.0,30.0,50.0,55.0,55.0,0,0,,0,1,0.018,,,,,,,,,,,,,,
,MLB,sa658913,Hunter Wood,Hunter Wood,/players/hunter-wood/15091/stats/pitching,15091,P,-1.0,,,,2017,40,171,"6' 1""",,,24,,Howard JC (TX),,,,,,,45 / 45,,45 / 45,40 / 45,,55 / 55,55 / 60,2017,0,,4823,24,Hunter,Wood,RHP,23,TBR,2017,2017 Report,15091,0,,0,24,40,0,2017,29th rd 2013,,73,171,R,R,Howard JC (TX),,,,,,,,,,,,,,,0,0,,0,0,2.048,45.0,45.0,,,45.0,45.0,40.0,45.0,55.0,60.0,,,55.0,55.0
,MLB,sa501726,Mark Appel,Mark Appel,/players/mark-appel/14823/stats/pitching,14823,P,-1.0,,,,2017,40,220,"6' 5""",,,25,,Stanford,,,,,,,60 / 60,60 / 60,,45 / 45,,,45 / 45,2017,0,,5139,25,Mark,Appel,RHP,25,PHI,2017,2017 Report,14823,0,,0,25,40,0,2017,1st rd 2013,,77,220,R,R,Stanford,,QEUXS4DLx88,,,,,,,,,,,,,0,0,,0,1,0.050,60.0,60.0,60.0,60.0,,,45.0,45.0,45.0,45.0,,,,
AA,AAA,sa658262,Jordan Guerrero,Jordan Guerrero,/players/jordan-guerrero/sa658262/stats/pitching,sa658262,P,,,,,2019,40,195,"6' 3""",,,25,,Moorpark HS (CA),,,,,,,45 / 50,,40 / 45,50 / 60,,,40 / 50,2017,0,,4642,25,Jordan,Guerrero,LHP,22,CHW,2017,2017 Report,sa658262,0,,0,25,40,0,2019,15th rd 2012,,75,195,L,L,Moorpark HS (CA),,,,,,,,,,,,,,,0,0,,0,R5,,45.0,50.0,,,40.0,45.0,50.0,60.0,40.0,50.0,,,,
MLB,MLB,sa657980,Rio Ruiz,Rio Ruiz,/players/rio-ruiz/14103/stats/batting,14103,3B,,,,,2017,40,230,"6' 1""",,,25,,Bishop Amat HS (CA),40 / 50,35 / 40,55 / 55,40 / 40,45 / 50,55 / 55,,,,,,,,2017,0,,4908,25,Rio,Ruiz,3B,22,ATL,2017,2017 Report,14103,0,,0,25,40,0,2017,4th rd 2012,,73,230,L,R,Bishop Amat HS (CA),,VqQq8StJiB4,40.0,50.0,35.0,40.0,55.0,55.0,40.0,40.0,45.0,50.0,55.0,55.0,0,0,,0,1,3.043,,,,,,,,,,,,,,
,MLB,sa843182,Dinelson Lamet,Dinelson Lamet,/players/dinelson-lamet/17186/stats/pitching,17186,P,-1.0,,,,2017,40,187,"6' 4""",,,25,,Dominican Republic,,,,,,,55 / 60,55 / 60,,,,,40 / 40,2017,0,,5217,25,Dinelson,Lamet,RHP,24,SDP,2017,2017 Report,17186,0,,0,25,40,0,2017,J2 2013,,76,187,R,R,Dominican Republic,,,,,,,,,,,,,,,0,0,,0,n/a,5.168,55.0,60.0,55.0,60.0,,,,,40.0,40.0,,,,
,AA,sa657906,Nick Travieso,Nick Travieso,/players/nicholas-travieso/sa657906/stats/pitching,sa657906,P,-1.0,,,,2018,40,225,"6' 2""",,,25,,Archbishop McCarthy HS (FL),,,,,,,55 / 60,55 / 55,,45 / 50,,,40 / 40,2017,0,,4963,25,Nick,Travieso,RHP,22,CIN,2017,2017 Report,sa657906,0,,0,25,40,0,2018,1st rd 2012,,74,225,R,R,Archbishop McCarthy HS (FL),,4j0czAtuuS8,,,,,,,,,,,,,0,0,,0,3,,55.0,60.0,55.0,55.0,,,45.0,50.0,40.0,40.0,,,,
MLB,MLB,sa454957,Kyle Higashioka,Kyle Higashioka,/players/kyle-higashioka/5517/stats/batting,5517,C,13.0,,,,2017,40,200,"6' 1""",,,25,,Edison HS (CA),45 / 50,45 / 50,55 / 55,30 / 30,45 / 50,40 / 40,,,,,,,,2017,0,,4751,25,Kyle,Higashioka,C,26,NYY,2017,2017 Report,5517,0,,0,25,40,0,2017,7th rd 2008,,73,200,R,R,Edison HS (CA),,r2_yT76PrOg,45.0,50.0,45.0,50.0,55.0,55.0,30.0,30.0,45.0,50.0,40.0,40.0,0,0,,0,n/a,7.005,,,,,,,,,,,,,,
,MLB,sa501481,Damien Magnifico,Damien Magnifico,/players/damien-magnifico/13395/stats/pitching,13395,P,-1.0,,,,2017,40,195,"6' 1""",,,25,,Oklahoma,,,,,,,70 / 70,50 / 50,,,,,40 / 40,2017,0,,5074,25,Damien,Magnifico,RHP,25,MIL,2017,2017 Report,13395,0,,0,25,40,0,2017,5th rd 2012,,73,195,R,R,Oklahoma,,,,,,,,,,,,,,,0,0,,0,1,0.033,70.0,70.0,50.0,50.0,,,,,40.0,40.0,,,,
,MLB,sa708975,Jaime Schultz,Jaime Schultz,/players/jaime-schultz/15066/stats/pitching,15066,P,-1.0,,,,2017,40,200,"5' 10""",,,25,,High Point,,,,,,,60 / 60,,60 / 60,,,,40 / 40,2017,0,,4824,25,Jaime,Schultz,RHP,25,TBR,2017,2017 Report,15066,0,,0,25,40,0,2017,14th rd 2013,,70,200,R,R,High Point,,,,,,,,,,,,,,,0,0,,0,0,0.076,60.0,60.0,,,60.0,60.0,,,40.0,40.0,,,,
,AA,sa659315,Alberto Tirado,Alberto Tirado,/players/alberto-tirado/sa659315/stats/pitching,sa659315,P,-1.0,,,,2019,40,180,"6' 0""",,,26,,Dominican Republic,,,,,,,80 / 80,55 / 60,,,,,20 / 40,2017,0,,5140,26,Alberto,Tirado,RHP,22,PHI,2017,2017 Report,sa659315,0,,0,26,40,0,2019,J2 2011,,72,180,R,R,Dominican Republic,,L-JsjoTYArU,,,,,,,,,,,,,0,0,,0,2,0.000,80.0,80.0,55.0,60.0,,,,,20.0,40.0,,,,
AAA,MLB,sa503060,Chris Beck,Chris Beck,/players/chris-beck/13418/stats/pitching,13418,P,,,,,2017,40,210,"6' 3""",,,26,,Georgia Southern,,,,,,,60 / 60,55 / 55,,40 / 45,,,45 / 50,2017,0,,4643,26,Chris,Beck,RHP,26,CHW,2017,2017 Report,13418,0,,0,26,40,0,2017,2nd rd 2012,,75,210,R,R,Georgia Southern,,27aDQagRHrg,,,,,,,,,,,,,0,0,,0,0,1.143,60.0,60.0,55.0,55.0,,,40.0,45.0,45.0,50.0,,,,
AAA,MLB,sa875186,Dylan Moore,Dylan Moore,/players/dylan-moore/18042/stats/batting,18042,2B/OF,26.0,,,,2018,40,185,"6' 0""",,,26,,Central Florida,40 / 50,35 / 40,50 / 50,40 / 40,45 / 50,50 / 50,,,,,,,,2017,0,,4909,26,Dylan,Moore,UTIL,24,ATL,2017,2017 Report,18042,0,,0,26,40,0,2018,7th rd 2015,,72,185,R,R,Central Florida,,khdv8zXUa2Y,40.0,50.0,35.0,40.0,50.0,50.0,40.0,40.0,45.0,50.0,50.0,50.0,0,0,,0,n/a,7.000,,,,,,,,,,,,,,
MLB,MLB,sa874243,Josh Naylor,Josh Naylor,/players/josh-naylor/18839/stats/batting,18839,1B,11.0,,,,2020,40,225,"6' 0""",,,26,,"St. Joan of Arc (Missassauga, CN)",30 / 40,30 / 50,70 / 70,20 / 20,30 / 40,60 / 60,,,,,,,,2017,0,,5218,26,Josh,Naylor,1B,19,SDP,2017,2017 Report,18839,0,,0,26,40,0,2020,1st rd 2015,,72,225,L,L,"St. Joan of Arc (Missassauga, CN)",,N59Wtnb9Eyw,30.0,40.0,30.0,50.0,70.0,70.0,20.0,20.0,30.0,40.0,60.0,60.0,0,0,,0,n/a,6.127,,,,,,,,,,,,,,
R,R,sa875035,Ian Kahaloa,Ian Kahaloa,/players/ian-kahaloa/sa875035/stats/pitching,sa875035,P,,,,,2021,40,185,"6' 1""",,,26,,Cmpbell HS (HI),,,,,,,55 / 60,,50 / 55,40 / 50,,,30 / 50,2017,0,,4964,26,Ian,Kahaloa,RHP,19,CIN,2017,2017 Report,sa875035,0,,0,26,40,0,2021,5th rd 2015,,73,185,R,R,Cmpbell HS (HI),,,,,,,,,,,,,,,0,0,,0,,,55.0,60.0,,,50.0,55.0,40.0,50.0,30.0,50.0,,,,
MLB,MLB,sa549178,Tyler Austin,Tyler Austin,/players/tyler-austin/11850/stats/batting,11850,1B,17.0,,,,2017,40,220,"6' 1""",,,26,,Heritage HS (GA),60 / 60,45 / 45,55 / 55,30 / 30,45 / 45,50 / 50,,,,,,,,2017,0,,4752,26,Tyler,Austin,OF,25,NYY,2017,2017 Report,11850,0,,0,26,40,0,2017,13th rd 2010,,73,220,R,R,Heritage HS (GA),,E1RunoMqdZs,60.0,60.0,45.0,45.0,55.0,55.0,30.0,30.0,45.0,45.0,50.0,50.0,0,0,,0,0,2.151,,,,,,,,,,,,,,
,AAA,sa738173,Greg Harris,Greg Harris,/players/greg-harris/sa738173/stats/pitching,sa738173,P,-1.0,,,,2018,40,175,"6' 2""",,,26,,Los Alamitos HS (CA),,,,,,,55 / 55,,40 / 45,55 / 60,,50 / 50,40 / 45,2017,0,,4825,26,Greg,Harris,RHP,22,TBR,2017,2017 Report,sa738173,0,,0,26,40,0,2018,17th rd 2013,,74,175,R,R,Los Alamitos HS (CA),,_ZhdC5YCodY,,,,,,,,,,,,,0,0,,0,R5,,55.0,55.0,,,40.0,45.0,55.0,60.0,40.0,45.0,,,50.0,50.0
MLB,MLB,sa737889,Nick Pivetta,Nick Pivetta,/players/nick-pivetta/15454/stats/pitching,15454,P,29.0,,,,2017,40,220,"6' 5""",,,27,,New Mexico JC,,,,,,,55 / 55,,50 / 55,40 / 40,,,40 / 45,2017,0,,5141,27,Nick,Pivetta,RHP,24,PHI,2017,2017 Report,15454,0,,0,27,40,0,2017,4th rd 2013,,77,220,R,R,New Mexico JC,,,,,,,,,,,,,,,0,0,,0,n/a,7.166,55.0,55.0,,,50.0,55.0,40.0,40.0,40.0,45.0,,,,
AAA,MLB,sa737562,Tyler Danish,Tyler Danish,/players/tyler-danish/15126/stats/pitching,15126,P,,,,,2017,40,205,"6' 0""",,,27,,Durant HS (FL),,,,,,,45 / 45,50 / 55,,50 / 55,,,45 / 50,2017,0,,4644,27,Tyler,Danish,RHP,22,CHW,2017,2017 Report,15126,0,,0,27,40,0,2017,2nd rd 2013,,72,205,R,R,Durant HS (FL),,1o5ab2_lh88,,,,,,,,,,,,,0,0,,0,0,1.037,45.0,45.0,50.0,55.0,,,50.0,55.0,45.0,50.0,,,,
,MLB,sa596857,Mauricio Cabrera,Mauricio Cabrera,/players/mauricio-cabrera/12975/stats/pitching,12975,P,-1.0,,,,2017,40,245,"6' 2""",,,27,,Dominican Republic,,,,,,,80 / 80,45 / 50,,45 / 50,,,40 / 40,2017,0,,4910,27,Mauricio,Cabrera,RHP,23,ATL,2017,2017 Report,12975,0,,0,27,40,0,2017,J2 2010,,74,245,R,R,Dominican Republic,,Kud3sa-b7yo,,,,,,,,,,,,,0,0,,0,0,0.134,80.0,80.0,45.0,50.0,,,45.0,50.0,40.0,40.0,,,,
,AAA,sa738683,Buddy Reed,Buddy Reed,/players/michael-reed/sa738683/stats/batting,sa738683,OF,-1.0,,,,2019,40,210,"6' 4""",,,27,,Florida,20 / 40,30 / 40,40 / 55,70 / 70,40 / 50,60 / 60,,,,,,,,2017,0,,5219,27,Buddy,Reed,CF,21,SDP,2017,2017 Report,sa738683,0,,0,27,40,0,2019,2nd rd 2016,,76,210,S,R,Florida,,SKkOwJl5w0s,20.0,40.0,30.0,40.0,40.0,55.0,70.0,70.0,40.0,50.0,60.0,60.0,0,0,,0,R5,,,,,,,,,,,,,,,
AAA,AAA,sa599306,Juan Perez,Juan Perez,/players/juan-perez/sa599306/stats/batting,sa599306,2B/SS,-1.0,,,,2017,40,183,"6' 1""",,,27,,College of the Canyons,40 / 50,20 / 30,30 / 30,55 / 55,45 / 50,50 / 50,,,,,,,,2017,0,,4965,27,Juan,Perez,UTIL,25,CIN,2017,2017 Report,sa599306,0,,0,27,40,0,2017,26th rd 2011,,73,183,L,R,College of the Canyons,,,40.0,50.0,20.0,30.0,30.0,30.0,55.0,55.0,45.0,50.0,50.0,50.0,0,0,,0,,,,,,,,,,,,,,,,
,MLB,sa918036,Rony García,Rony Garcia,/players/rony-garcia/20430/stats/pitching,20430,P,-1.0,,,,2020,40,200,"6' 3""",,,27,,Dominican Republic,,,,,,,55 / 60,,50 / 60,30 / 40,,,40 / 55,2017,0,,4753,27,Rony,Garcia,RHP,19,NYY,2017,2017 Report,20430,0,,0,27,40,0,2020,J2 2015,,75,200,R,R,Dominican Republic,,,,,,,,,,,,,,,0,0,,0,2,2.138,55.0,60.0,,,50.0,60.0,30.0,40.0,40.0,55.0,,,,
AAA,AAA,sa735825,David Rodriguez,David Rodriguez,/players/david-rodrguez/sa735825/stats/batting,sa735825,C,,,,,2019,40,200,"5' 11""",,,27,,Venezuela,30 / 50,20 / 40,40 / 45,30 / 20,40 / 50,60 / 60,,,,,,,,2017,0,,4826,27,David,Rodriguez,C,21,TBR,2017,2017 Report,sa735825,0,,0,27,40,0,2019,J2 2012,,71,200,R,R,Venezuela,,,30.0,50.0,20.0,40.0,40.0,45.0,30.0,20.0,40.0,50.0,60.0,60.0,0,0,,0,R5,,,,,,,,,,,,,,,
,AAA,sa877497,Arquimedez Gamboa,Arquimedez Gamboa,/players/arqumedes-gamboa/sa877497/stats/batting,sa877497,SS,-1.0,,,,2021,40,175,"6' 0""",,,28,,Venezuela,20 / 45,20 / 40,35 / 45,60 / 60,40 / 55,60 / 60,,,,,,,,2017,0,,5142,28,Arquimedez,Gamboa,SS,19,PHI,2017,2017 Report,sa877497,0,,0,28,40,0,2021,J2 2014,,72,175,S,R,Venezuela,,XMoiQQu_Els,20.0,45.0,20.0,40.0,35.0,45.0,60.0,60.0,40.0,55.0,60.0,60.0,0,0,,0,2,0.000,,,,,,,,,,,,,,
MLB,MLB,sa874756,Austin Riley,Austin Riley,/players/austin-riley/18360/stats/batting,18360,3B,16.0,,,,2021,40,220,"6' 2""",,,28,,DeSoto Central (MS),30 / 40,40 / 50,60 / 60,40 / 30,40 / 45,60 / 60,,,,,,,,2017,0,,4911,28,Austin,Riley,3B,19,ATL,2017,2017 Report,18360,0,,0,28,40,0,2021,1st rd 2015,,74,220,R,R,DeSoto Central (MS),,U7WhBMK_uYA,30.0,40.0,40.0,50.0,60.0,60.0,40.0,30.0,40.0,45.0,60.0,60.0,0,0,,0,n/a,6.138,,,,,,,,,,,,,,
AA,AAA,sa828872,Nick Torres,Nick Torres,/players/nicholas-torres/sa828872/stats/batting,sa828872,OF,9.0,,,,2018,40,220,"6' 1""",,,28,,Cal Poly SLO,50 / 55,40 / 40,45 / 45,40 / 40,50 / 50,50 / 50,,,,,,,,2017,0,,5220,28,Nick,Torres,OF,23,SDP,2017,2017 Report,sa828872,0,,0,28,40,0,2018,4th rd 2014,,73,220,R,R,Cal Poly SLO,,YrcVdqDialg,50.0,55.0,40.0,40.0,45.0,45.0,40.0,40.0,50.0,50.0,50.0,50.0,0,0,,0,R5,,,,,,,,,,,,,,,
,MLB,sa737821,Josh VanMeter,Josh VanMeter,/players/josh-vanmeter/15170/stats/batting,15170,2B,-1.0,,,,2018,40,165,"5' 11""",,,28,,Norwell HS (IN),45 / 60,30 / 40,35 / 40,40 / 40,40 / 45,45 / 45,,,,,,,,2017,0,,4966,28,Josh,VanMeter,UTIL,21,SDP,2017,2017 Report,15170,0,,0,28,40,0,2018,5th rd 2013,,71,165,L,R,Norwell HS (IN),,,45.0,60.0,30.0,40.0,35.0,40.0,40.0,40.0,40.0,45.0,45.0,45.0,0,0,,0,0,3.062,,,,,,,,,,,,,,
,AAA,sa857840,Kyle Holder,Kyle Holder,/players/kyle-holder/sa857840/stats/batting,sa857840,SS,-1.0,,,,2021,40,185,"6' 1""",,,28,,San Diego,20 / 30,20 / 20,30 / 30,45 / 45,60 / 70,60 / 60,,,,,,,,2017,0,,4754,28,Kyle,Holder,SS,22,NYY,2017,2017 Report,sa857840,0,,0,28,40,0,2021,1st rd 2015,,73,185,L,R,San Diego,,Cdf4MWjvm7w,20.0,30.0,20.0,20.0,30.0,30.0,45.0,45.0,60.0,70.0,60.0,60.0,0,0,,0,R5,,,,,,,,,,,,,,,
MLB,MLB,sa656049,José Alvarado,Jose Alvarado,/players/jose-alvarado/17780/stats/pitching,17780,P,26.0,,,,2017,40,240,"6' 0""",,,28,,Venezuela,,,,,,,70 / 70,,60 / 60,,,,30 / 40,2017,0,,4827,28,Jose,Alvarado,LHP,21,TBR,2017,2017 Report,17780,0,,0,28,40,0,2017,J2 2011,,72,240,L,L,Venezuela,,,,,,,,,,,,,,,0,0,,0,n/a,8.009,70.0,70.0,,,60.0,60.0,,,30.0,40.0,,,,
MLB,MLB,sa917955,JoJo Romero,JoJo Romero,/players/jojo-romero/19574/stats/pitching,19574,P,28.0,,,,2020,40,190,"5' 10""",,,29,,Yavapai,,,,,,,50 / 50,45 / 50,,50 / 55,,,40 / 55,2017,0,,5143,29,JoJo,Romero,LHP,20,PHI,2017,2017 Report,19574,0,,0,29,40,0,2020,4th rd 2016,,70,190,L,L,Yavapai,,JN9zStdYzJU,,,,,,,,,,,,,0,0,,0,n/a,5.045,50.0,50.0,45.0,50.0,,,50.0,55.0,40.0,55.0,,,,
AAA,MLB,sa917958,Bryse Wilson,Bryse Wilson,/players/bryse-wilson/19990/stats/pitching,19990,P,26.0,,,,2020,40,224,"6' 1""",,,29,,Orange HS (NC),,,,,,,55 / 55,40 / 50,,40 / 45,,,40 / 50,2017,0,,4912,29,Bryse,Wilson,RHP,19,ATL,2017,2017 Report,19990,0,,0,29,40,0,2020,4th rd 2016,,73,224,R,R,Orange HS (NC),,,,,,,,,,,,,,,0,0,,0,0,4.123,55.0,55.0,40.0,50.0,,,40.0,45.0,40.0,50.0,,,,
,MLB,sa875025,Austin Allen,Austin Allen,/players/austin-allen/18083/stats/batting,18083,C,-1.0,,,,2019,40,225,"6' 4""",,,29,,Florida Tech,40 / 50,30 / 40,60 / 60,30 / 20,40 / 45,50 / 50,,,,,,,,2017,0,,5221,29,Austin,Allen,C,22,SDP,2017,2017 Report,18083,0,,0,29,40,0,2019,4th rd 2015,,76,225,L,R,Florida Tech,,,40.0,50.0,30.0,40.0,60.0,60.0,30.0,20.0,40.0,45.0,50.0,50.0,0,0,,0,0,1.017,,,,,,,,,,,,,,
,MLB,sa602521,Alex Blandino,Alex Blandino,/players/alex-blandino/16271/stats/batting,16271,2B/3B,-1.0,,,,2018,40,190,"6' 0""",,,29,,Stanford,40 / 50,30 / 40,45 / 45,40 / 40,45 / 50,50 / 50,,,,,,,,2017,0,,4967,29,Alex,Blandino,2B,24,CIN,2017,2017 Report,16271,0,,0,29,40,0,2018,1st rd 2014,,72,190,R,R,Stanford,,EZcGHogGxNk,40.0,50.0,30.0,40.0,45.0,45.0,40.0,40.0,45.0,50.0,50.0,50.0,0,0,,0,0,2.069,,,,,,,,,,,,,,
AA,AA,sa829803,Jeff Hendrix,Jeff Hendrix,/players/jeffrey-hendrix/sa829803/stats/batting,sa829803,OF,9.0,,,,2018,40,195,"6' 0""",,,29,,Oregon State,40 / 50,20 / 20,40 / 40,70 / 70,50 / 60,40 / 40,,,,,,,,2017,0,,4755,29,Jeff,Hendrix,CF,23,NYY,2017,2017 Report,sa829803,0,,0,29,40,0,2018,4th rd 2015,,72,195,L,R,Oregon State,,Wkm9xwKVIlg,40.0,50.0,20.0,20.0,40.0,40.0,70.0,70.0,50.0,60.0,40.0,40.0,0,0,,0,R5,,,,,,,,,,,,,,,
,AA,sa875026,Brandon Koch,Brandon Koch,/players/brandon-koch/sa875026/stats/pitching,sa875026,P,-1.0,,,,2018,40,205,"6' 1""",,,29,,Dallas Baptist,,,,,,,60 / 60,60 / 60,,,,,40 / 45,2017,0,,4828,29,Brandon,Koch,RHP,23,TBR,2017,2017 Report,sa875026,0,,0,29,40,0,2018,4th rd 2015,,73,205,R,R,Dallas Baptist,,YKRge4zUCM0,,,,,,,,,,,,,0,0,,0,R5,,60.0,60.0,60.0,60.0,,,,,40.0,45.0,,,,
,AAA,sa658016,Andrew Pullin,Andrew Pullin,/players/andrew-pullin/sa658016/stats/batting,sa658016,2B/OF,-2.0,,,,2018,40,185,"6' 0""",,,30,,Centralia HS (WA),50 / 60,30 / 40,45 / 50,50 / 50,40 / 45,40 / 40,,,,,,,,2017,0,,5144,30,Andrew,Pullin,LF,23,PHI,2017,2017 Report,sa658016,0,,0,30,40,0,2018,5th rd 2013,,72,185,L,R,Centralia HS (WA),,,50.0,60.0,30.0,40.0,45.0,50.0,50.0,50.0,40.0,45.0,40.0,40.0,0,0,,0,R5,,,,,,,,,,,,,,,
AAA,MLB,sa830302,Ricardo Sánchez,Ricardo Sanchez,/players/ricardo-sanchez/17581/stats/pitching,17581,P,,,,,2020,40,170,"5' 11""",,,30,,Venezuela,,,,,,,50 / 50,,50 / 55,45 / 50,,,30 / 40,2017,0,,4913,30,Ricardo,Sanchez,LHP,19,ATL,2017,2017 Report,17581,0,,0,30,40,0,2020,J2 2013,,71,170,L,L,Venezuela,,wzMiwKP5o3U,,,,,,,,,,,,,0,0,,0,0,0.122,50.0,50.0,,,50.0,55.0,45.0,50.0,30.0,40.0,,,,
,MLB,sa737821,Josh VanMeter,Josh VanMeter,/players/josh-vanmeter/15170/stats/batting,15170,2B,-1.0,,,,2018,40,165,"5' 11""",,,30,,Norwell HS (IN),45 / 60,30 / 40,35 / 40,40 / 40,40 / 45,45 / 45,,,,,,,,2017,0,,5222,30,Josh,VanMeter,UTIL,21,SDP,2017,2017 Report,15170,0,,0,30,40,0,2018,5th rd 2013,,71,165,L,R,Norwell HS (IN),,,45.0,60.0,30.0,40.0,35.0,40.0,40.0,40.0,40.0,45.0,45.0,45.0,0,0,,0,0,3.062,,,,,,,,,,,,,,
AAA,MLB,sa874808,Tanner Rainey,Tanner Rainey,/players/tanner-rainey/17610/stats/pitching,17610,P,6.0,,,,2018,40,235,"6' 2""",,,30,,West Alabama,,,,,,,60 / 70,,55 / 60,40 / 40,,,35 / 40,2017,0,,4968,30,Tanner,Rainey,RHP,24,CIN,2017,2017 Report,17610,0,,0,30,40,0,2018,2nd rd 2015,,74,235,R,R,West Alabama,,,,,,,,,,,,,,,0,0,,0,n/a,5.168,60.0,70.0,,,55.0,60.0,40.0,40.0,35.0,40.0,,,,
,MLB,sa738257,Ben Heller,Ben Heller,/players/ben-heller/15100/stats/pitching,15100,P,-1.0,,,,2017,40,205,"6' 3""",,,30,,Olivet Nazarene,,,,,,,70 / 70,55 / 55,,,,,40 / 45,2017,0,,4756,30,Ben,Heller,RHP,25,NYY,2017,2017 Report,15100,0,,0,30,40,0,2017,22nd rd 2013,,75,205,R,R,Olivet Nazarene,,,,,,,,,,,,,,,0,0,,0,0,3.165,70.0,70.0,55.0,55.0,,,,,40.0,45.0,,,,
,AAA,sa738262,Ryan Boldt,Ryan Boldt,/players/ryan-boldt/sa738262/stats/batting,sa738262,OF,-1.0,,,,2019,40,210,"6' 2""",,,30,,Nebraska,35 / 50,30 / 40,50 / 50,55 / 50,40 / 45,40 / 40,,,,,,,,2017,0,,4829,30,Ryan,Boldt,CF,22,TBR,2017,2017 Report,sa738262,0,,0,30,40,0,2019,2nd rd 2016,,74,210,L,R,Nebraska,,_c35Dkz_cAw,35.0,50.0,30.0,40.0,50.0,50.0,55.0,50.0,40.0,45.0,40.0,40.0,0,0,,0,R5,,,,,,,,,,,,,,,
,AA,sa739662,Jose Pujols,Jose Pujols,/players/jose-pujols/sa739662/stats/batting,sa739662,OF,-1.0,,,,2020,40,185,"6' 3""",,,31,,Dominican Republic,20 / 30,30 / 55,70 / 80,45 / 40,40 / 45,70 / 70,,,,,,,,2017,0,,5145,31,Jose,Pujols,RF,21,PHI,2017,2017 Report,sa739662,0,,0,31,40,0,2020,J2 2012,,75,185,R,R,Dominican Republic,,,20.0,30.0,30.0,55.0,70.0,80.0,45.0,40.0,40.0,45.0,70.0,70.0,0,0,,0,R5,,,,,,,,,,,,,,,
AAA,AAA,sa875808,Jonathan Morales,Jonathan Morales,/players/jonathan-morales/sa875808/stats/batting,sa875808,C,,,,,2019,40,180,"5' 11""",,,31,,Miami Dade College,30 / 45,30 / 40,45 / 45,20 / 20,45 / 50,50 / 50,,,,,,,,2017,0,,4914,31,Jonathan,Morales,C,22,ATL,2017,2017 Report,sa875808,0,,0,31,40,0,2019,25th rd 2015,,71,180,R,R,Miami Dade College,,iy3vTC48_Rg,30.0,45.0,30.0,40.0,45.0,45.0,20.0,20.0,45.0,50.0,50.0,50.0,0,0,,0,R5,,,,,,,,,,,,,,,
,AA,sa830462,Hansel Rodriguez,Hansel Rodriguez,/players/hansel-rodriguez/sa830462/stats/pitching,sa830462,P,-1.0,,,,2020,40,170,"6' 2""",,,31,,Dominican Republic,,,,,,,50 / 60,40 / 50,,40 / 50,,,40 / 50,2017,0,,5223,31,Hansel,Rodriguez,RHP,19,SDP,2017,2017 Report,sa830462,0,,0,31,40,0,2020,J2 2013,,74,170,R,R,Dominican Republic,,,,,,,,,,,,,,,0,0,,0,R5,,50.0,60.0,40.0,50.0,,,40.0,50.0,40.0,50.0,,,,
,A+,sa917957,Nick Hanson,Nick Hanson,/players/nicholas-hanson/sa917957/stats/pitching,sa917957,P,-1.0,,,,2022,40,215,"6' 6""",,,31,,Prior Lake HS (MN),,,,,,,60 / 70,,40 / 45,40 / 50,,,30 / 45,2017,0,,4969,31,Nick,Hanson,RHP,18,CIN,2017,2017 Report,sa917957,0,,0,31,40,0,2022,3rd rd 2016,,78,215,R,R,Prior Lake HS (MN),,0AN0Ou-ntbY,,,,,,,,,,,,,0,0,,0,R5,,60.0,70.0,,,40.0,45.0,40.0,50.0,30.0,45.0,,,,
,MLB,sa737528,Billy McKinney,Billy McKinney,/players/billy-mckinney/15654/stats/batting,15654,OF,-1.0,,,,2018,40,215,"6' 1""",,,31,,Plano West HS (TX),45 / 55,35 / 40,50 / 50,50 / 40,45 / 50,40 / 40,,,,,,,,2017,0,,4757,31,Billy,McKinney,OF,22,NYY,2017,2017 Report,15654,0,,0,31,40,0,2018,1st rd 2013,,73,215,L,L,Plano West HS (TX),,0qE5bDYlRrc,45.0,55.0,35.0,40.0,50.0,50.0,50.0,40.0,45.0,50.0,40.0,40.0,0,0,,0,0,3.119,,,,,,,,,,,,,,
,AA,sa873497,Jhonleider Salinas,Jhonleider Salinas,/players/jhonleider-salinas/sa873497/stats/pitching,sa873497,P,-1.0,,,,2020,40,215,"6' 7""",,,31,,Venezuela,,,,,,,60 / 70,45 / 55,,30 / 40,,,30 / 40,2017,0,,4830,31,Jhonleider,Salinas,RHP,21,TBR,2017,2017 Report,sa873497,0,,0,31,40,0,2020,J2 2014,,79,215,R,R,Venezuela,,,,,,,,,,,,,,,0,0,,0,R5,,60.0,70.0,45.0,55.0,,,30.0,40.0,30.0,40.0,,,,
AAA,MLB,sa656014,Ricardo Pinto,Ricardo Pinto,/players/ricardo-pinto/16318/stats/pitching,16318,P,,,,,2017,40,165,"6' 0""",,,32,,Venezuela,,,,,,,50 / 60,,40 / 45,55 / 60,,,45 / 50,2017,0,,5146,32,Ricardo,Pinto,RHP,23,PHI,2017,2017 Report,16318,0,,0,32,40,0,2017,J2 2011,,72,165,R,R,Venezuela,,Tr1LpgSlqP8,,,,,,,,,,,,,0,0,,0,0,0.126,50.0,60.0,,,40.0,45.0,55.0,60.0,45.0,50.0,,,,
,A+,sa872499,Randy Ventura,Randy Ventura,/players/randy-ventura/sa872499/stats/batting,sa872499,2B/OF,-1.0,,,,2020,40,170,"5' 9""",,,32,,Dominican Republic,35 / 60,20 / 40,45 / 50,55 / 50,40 / 50,55 / 55,,,,,,,,2017,0,,4915,32,Randy,Ventura,RF,19,ATL,2017,2017 Report,sa872499,0,,0,32,40,0,2020,J2 2015,,69,170,S,R,Dominican Republic,,,35.0,60.0,20.0,40.0,45.0,50.0,55.0,50.0,40.0,50.0,55.0,55.0,0,0,,0,R5,,,,,,,,,,,,,,,
,AA,sa598120,Yimmi Brasoban,Yimmi Brasoban,/players/yimmi-brasoban/sa598120/stats/pitching,sa598120,P,-1.0,,,,2018,40,185,"6' 1""",,,32,,Dominican Republic,,,,,,,60 / 70,50 / 60,,30 / 40,,,30 / 40,2017,0,,5224,32,Yimmi,Brasoban,RHP,22,SDP,2017,2017 Report,sa598120,0,,0,32,40,0,2018,J2 2010,,73,185,R,R,Dominican Republic,,,,,,,,,,,,,,,0,0,,0,,,60.0,70.0,50.0,60.0,,,30.0,40.0,30.0,40.0,,,,
AAA,MLB,sa738145,Ryan Hendrix,Ryan Hendrix,/players/ryan-hendrix/19535/stats/pitching,19535,P,,,,,2019,40,210,"6' 3""",,,32,,Texas A&M,,,,,,,55 / 60,,50 / 60,40 / 40,,,40 / 40,2017,0,,4970,32,Ryan,Hendrix,RHP,22,CIN,2017,2017 Report,19535,0,,0,32,40,0,2019,5th rd 2016,,75,210,R,R,Texas A&M,,pKSAWmEnH-A,,,,,,,,,,,,,0,0,,0,1,0.125,55.0,60.0,,,50.0,60.0,40.0,40.0,40.0,40.0,,,,
,MLB,sa548328,Johnny Barbato,Johnny Barbato,/players/johnny-barbato/11440/stats/pitching,11440,P,-1.0,,,,2017,40,185,"6' 2""",,,32,,Felix Varela HS (FL),,,,,,,60 / 60,,45 / 45,,,55 / 55,40 / 40,2017,0,,4758,32,Johnny,Barbato,RHP,24,NYY,2017,2017 Report,11440,0,,0,32,40,0,2017,6th rd 2010,,74,185,R,R,Felix Varela HS (FL),,,,,,,,,,,,,,,0,0,,0,1,1.008,60.0,60.0,,,45.0,45.0,,,40.0,40.0,,,55.0,55.0
,AAA,sa657479,Malquin Canelo,Malquin Canelo,/players/malquin-canelo/sa657479/stats/batting,sa657479,SS,-1.0,,,,2019,40,156,"5' 10""",,,33,,Dominican Republic,30 / 45,20 / 30,30 / 30,60 / 60,50 / 60,60 / 60,,,,,,,,2017,0,,5147,33,Malquin,Canelo,SS,22,PHI,2017,2017 Report,sa657479,0,,0,33,40,0,2019,J2 2011,,70,156,R,R,Dominican Republic,,,30.0,45.0,20.0,30.0,30.0,30.0,60.0,60.0,50.0,60.0,60.0,60.0,0,0,,0,R5,,,,,,,,,,,,,,,
,A+,sa830227,Leonardo Molina,Leonardo Molina,/players/leonardo-molina/sa830227/stats/batting,sa830227,OF,-1.0,,,,2021,40,180,"6' 2""",,,33,,Dominican Republic,20 / 40,30 / 45,55 / 60,60 / 55,30 / 45,50 / 50,,,,,,,,2017,0,,4759,33,Leonardo,Molina,OF,19,NYY,2017,2017 Report,sa830227,0,,0,33,40,0,2021,J2 2013,,74,180,R,R,Dominican Republic,,K5m7_Nac8fo,20.0,40.0,30.0,45.0,55.0,60.0,60.0,55.0,30.0,45.0,50.0,50.0,0,0,,0,,,,,,,,,,,,,,,,
