llevel,mlevel,minorMasterId,playerName,playerNameRoute,UPURL,UPID,positionDB,playerTeamId,RPM,Vel,cRisk,cETA,cFV,cWeight,cHeight,cRank,cOVR,cORG,cTrend,cDraftSchool,Hit,Game,Raw,Spd,Fld,Arm,FB,SL,CB,CH,SPL,CT,CMD,cSeason,playerPageSortOrder,cCollegeCommit,ID,RowID,FirstName,LastName,Position,Age,Team,Season,Type,PlayerId,DraftRank,ProjTeam,Ovr_Rank,Org_Rank,FV_Current,Risk_Current,ETA_Current,Draft,CollegeCommit,Height,Weight,Bats,Throws,School,Summary,YouTube,pHit,fHit,pGame,fGame,pRaw,fRaw,pSpd,fSpd,pFld,fFld,pArm,fArm,pFB,fFB,pSL,fSL,pCB,fCB,pSPL,fSPL,pCMD,fCMD,bRPM,fRPM,Range,Touch,Variance,options,servicetime,pCH,fCH,pCT,fCT
MLB,MLB,sa3023354,Shohei Ohtani,Shohei Ohtani,/players/shohei-ohtani/19755/stats/batting,19755,DH,22.0,,,Low,2018,70,203,"6' 4""",,1,1,,Japan,30 / 40,50 / 55,70 / 70,60 / 60,40 / 45,80 / 80,80 / 80,55 / 60,50 / 50,,70 / 70,,45 / 55,2018,0,,17041,1,Shohei,Ohtani,RHP,23,LAA,2018,2018 Report,19755,0,,1,1,70,0,2018,J2 2017,,76,203,L,R,Japan,"Ohtani has prototypical size, athleticism and stuff, sitting in the upper-90s with a bevy of plus (or better) secondary offerings, the best of which is a dominant splitter. He didn't pitch much last year due to a rash of mostly non-arm injuries. He'll be in the big leagues immediately and projects as a frontline starter who may also provide some value with the bat, though there's skepticism about his ability to hit big league pitching if he's only seeing it a couple times a week. That said, he has plus plus raw power, so he's sure to hit a few tape measure shots, even if his contact ability is an open question.",i09-1XQIMtc,30.0,40.0,50.0,55.0,70.0,70.0,60.0,60.0,40.0,45.0,80.0,80.0,80.0,80.0,55.0,60.0,50.0,50.0,70.0,70.0,45.0,55.0,0,0,,0,Low,n/a,8.000,,,,
MLB,MLB,sa877503,Ronald Acuña Jr.,Ronald Acuna Jr.,/players/ronald-acuna-jr/18401/stats/batting,18401,OF,16.0,,,Low,2018,65,180,"6' 0""",,2,1,,Venezuela,50 / 55,50 / 65,65 / 70,60 / 55,45 / 50,70 / 70,,,,,,,,2018,0,,17393,1,Ronald,Acuna,CF,19,ATL,2018,2018 Report,18401,0,,2,1,65,0,2018,J2 2014,,72,180,R,R,Venezuela,"In 2017, Acuna made the leap from scout favorite and known toolshed with limited experience in Low-A to one of the top prospects in baseball. He demolished High-A, Double-A and Triple-A as a 19-year-old, performing even better at each level, a near unprecedented performance. He will be the Braves starting right or left fielder (in deference to Ender Inciarte in center) in the first half of 2018 and projects for a peak season of at least 4 wins with about the lowest risk/variance a 20-year-old can offer.",jM2RtuJ_TJM,50.0,55.0,50.0,65.0,65.0,70.0,60.0,55.0,45.0,50.0,70.0,70.0,,,,,,,,,,,0,0,,0,Low,n/a,7.159,,,,
MLB,MLB,sa920245,Vladimir Guerrero Jr.,Vladimir Guerrero Jr.,/players/vladimir-guerrero-jr/19611/stats/batting,19611,1B,14.0,,,Low,2019,65,215,"6' 1""",,3,1,,Dominican Republic,40 / 65,40 / 70,65 / 70,40 / 30,40 / 50,60 / 60,,,,,,,,2018,0,,17348,1,Vladimir,"Guerrero, Jr.",1B,18,TOR,2018,2018 Report,19611,0,,3,1,65,0,2019,J2 2015,,73,215,R,R,Dominican Republic,"Guerrero was identified as an elite talent for his age years before the Jays signed him at age 16, evident from a similar advanced feel for hitting and raw power of his father. Unlike his Hall of Fame father, Vlad Jr. has generally developed earlier--physically looking too big for third base as a teenager and polishing his tools at a very young stage. Whether Vlad Jr. settles as a fringy third baseman or a first basemen/designated hitter is up for debate, but his easy plus hit and power tools (with ceiling for more) are not and will make his ascent to the big leagues a quick one.",0pq1nJRuxC4,40.0,65.0,40.0,70.0,65.0,70.0,40.0,30.0,40.0,50.0,60.0,60.0,,,,,,,,,,,0,0,,0,Low,n/a,6.157,,,,
MLB,MLB,sa828409,Victor Robles,Victor Robles,/players/victor-robles/18363/stats/batting,18363,OF,11.0,,,Low,2018,65,185,"6' 0""",,4,1,,Dominican Republic,55 / 70,35 / 45,40 / 50,70 / 70,60 / 70,70 / 70,,,,,,,,2018,0,,17599,1,Victor,Robles,CF,20,WSN,2018,2018 Report,18363,0,,4,1,65,0,2018,J2 2013,,72,185,R,R,Dominican Republic,"He's barely played a month above A-ball but Robles looked ready for the big leagues in 2017 and got a brief cup of coffee before finishing his season in the Arizona Fall League. He's a polished, instinctive player capable of making an impact in every facet of baseball. Robles has great feel for all-fields contact and sneaky power for his size which manifests itself in doubles and triples. He's also a potential Gold Glove center fielder with breathtaking range and arm strength and he was easily the best baserunner in the AFL, which featuers a pretty advanced group of prospects. Andrew McCutchen comps have been pretty common here because Robles has a similar build and swing, but from a skillset perspective Robles looks more like Lorenzo Cain. He's a likely star and arguably the most polished prospect on this list.",3VwXSd7XgXo,55.0,70.0,35.0,45.0,40.0,50.0,70.0,70.0,60.0,70.0,70.0,70.0,,,,,,,,,,,0,0,,0,Low,n/a,7.033,,,,
MLB,MLB,sa919910,Fernando Tatis Jr.,Fernando Tatis Jr.,/players/fernando-tatis-jr/19709/stats/batting,19709,SS/OF,29.0,,,Medium,2019,65,185,"6' 3""",,5,1,,Dominican Republic,30 / 55,40 / 60,60 / 70,55 / 45,50 / 55,60 / 60,,,,,,,,2018,0,,17712,1,Fernando,"Tatis, Jr.",3B,19,SDP,2018,2018 Report,19709,0,,5,1,65,0,2019,J2 2015,,75,185,R,R,Dominican Republic,"Scouts in the U.S. became enamored with Tatis during 2016 extended spring training in Arizona and San Diego poached him from the White Sox before he had even suited up for a professional game. He was sent to full-season Fort Wayne as an 18-year-old in 2017 and hit .280/.390/.520 with 20 homers and steals and, perhaps most impressively for his age, a 14.5% walk rate. He also flashes occasional acrobatic brilliance at shortstop, though scouts are not unanimous about his long term prospects there because of the size of Tatis' frame.",f-7iDniIWf0,30.0,55.0,40.0,60.0,60.0,70.0,55.0,45.0,50.0,55.0,60.0,60.0,,,,,,,,,,,0,0,,0,Medium,n/a,6.120,,,,
CPX,MLB,sa830373,Eloy Jiménez,Eloy Jimenez,/players/eloy-jimenez/17484/stats/batting,17484,DH/OF,14.0,,,Medium,2019,65,225,"6' 4""",,6,1,,Dominican Republic,30 / 50,50 / 70,70 / 80,45 / 40,45 / 50,60 / 60,,,,,,,,2018,0,,17099,1,Eloy,Jimenez,RF,21,CHW,2018,2018 Report,17484,0,,6,1,65,0,2019,J2 2013,,76,225,R,R,Dominican Republic,"Jimenez was largely compared head-to-head with SS Gleyber Torres (#11 on this list) as the top talents in the loaded 2013 July 2nd class (Victor Robles and Ozzie Albies were much lower regarded at the time), where both players signed with the Cubs, then later were traded as headliners in blockbuster trades for Aroldis Chapman and Jose Quintana. Jimenez has developed as expected, already showing the ability to hit for 70 game power due to a rare feel for hitting for a prospect with potential 80 raw power, along with a rare level of athleticism that allows him to play a solid right field--a combination present in players like Giancarlo Stanton and Aaron Judge.",qzcfGawJz30,30.0,50.0,50.0,70.0,70.0,80.0,45.0,40.0,45.0,50.0,60.0,60.0,,,,,,,,,,,0,0,,0,Medium,n/a,6.000,,,,
,MLB,sa873264,Nick Senzel,Nick Senzel,/players/nick-senzel/19293/stats/batting,19293,OF,-1.0,,,Low,2018,60,205,"6' 1""",,7,1,,Tennessee,55 / 70,40 / 55,55 / 55,55 / 55,45 / 55,55 / 55,,,,,,,,2018,0,,17447,1,Nick,Senzel,3B,22,CIN,2018,2018 Report,19293,0,,7,1,60,0,2018,1st rd 2016,,73,205,R,R,Tennessee,"One of the toughest outs in the minors, Senzel combines a patient, discerning, offensive approach with a simple swing, superlative hand-eye coordination, and bat control. He's an opportunistic power hitter who has shown dramatic improvement at third base over the last two years (he was not good at 3B as a soph at Tennessee) and is working to expand his defensive resume to accelerate his timetable to Cincinnati with Eugenio Suarez currently occupying third. He'll likely be up in 2018 and should make an offensive impact immediately.",1Jkza_J-9MU,55.0,70.0,40.0,55.0,55.0,55.0,55.0,55.0,45.0,55.0,55.0,55.0,,,,,,,,,,,0,0,,0,Low,n/a,5.127,,,,
,MLB,sa917930,Forrest Whitley,Forrest Whitley,/players/forrest-whitley/19586/stats/pitching,19586,P,-1.0,,,Medium,2018,60,230,"6' 7""",,8,1,,Alamo Heights HS (TX),,,,,,,70 / 70,55 / 60,60 / 60,55 / 60,,50 / 55,45 / 55,2018,0,,17523,1,Forrest,Whitley,RHP,20,HOU,2018,2018 Report,19586,0,,8,1,60,0,2018,1st rd 2016,,79,230,R,R,Alamo Heights HS (TX),"When Whitley remade his physique during his senior year of high school, his stuff and command both ticked up and they've continued to do so. He now sits 93-97. Whitley's size and delivery creates good angle up and down in the zone, and he can sink or cut his fastball if he wants to. He has a knee-buckling curveball, a hard slider and a burgeoning changeup that has quickly developed into a plus pitch. Whitley's delivery is a bit violent but he throws strikes and already has impressive control for a pitcher this size, age and with this kind of stuff. He has ace ceiling.",3dPGupFsWFY,,,,,,,,,,,,,70.0,70.0,55.0,60.0,60.0,60.0,,,45.0,55.0,0,0,,0,Medium,0,0.103,55.0,60.0,50.0,55.0
MLB,MLB,sa917949,Bo Bichette,Bo Bichette,/players/bo-bichette/19612/stats/batting,19612,SS,25.0,,,Medium,2019,60,200,"6' 0""",,9,2,,Lakewood HS (FL),30 / 50,40 / 60,65 / 70,45 / 45,45 / 50,55 / 55,,,,,,,,2018,0,,17349,2,Bo,Bichette,2B,19,TOR,2018,2018 Report,19612,0,,9,2,60,0,2019,2nd rd 2016,,72,200,R,R,Lakewood HS (FL),"Bichette was a well-known prospect in high school due to his bloodlines (father Dante and older brother Yankees 1st rounder Dante Jr.), his big tools (plus raw power) and his loud, max effort swing. Many teams didn't take him seriously as a top-2 round prospect, partly souring after his brother busted with a similar swing, but Bo has rare bat and body control along with good enough pitch selection to make his approach work, something his older brother did not. Bichette is playing shortstop now and likely will not at higher levels, with second base the most likely fit, but he has the tools to play any corner position and his bat profiles anywhere.",lRUNUyhGHkM,30.0,50.0,40.0,60.0,65.0,70.0,45.0,45.0,45.0,50.0,55.0,55.0,,,,,,,,,,,0,0,,0,Medium,n/a,6.063,,,,
MLB,MLB,sa874240,Kyle Tucker,Kyle Tucker,/players/kyle-tucker/18345/stats/batting,18345,OF,22.0,,,Low,2019,60,200,"6' 4""",,10,2,,Plant HS (FL),35 / 65,40 / 60,65 / 65,45 / 40,40 / 50,55 / 55,,,,,,,,2018,0,,17524,2,Kyle,Tucker,RF,21,HOU,2018,2018 Report,18345,0,,10,2,60,0,2019,1st rd 2015,,76,200,L,R,Plant HS (FL),"The player evaluation side of the industry doesn't anticipate Tucker will remain center field for very long and wasn't particularly enthused by his Fall League effort, but he's going to hit and, if last year's launch angle uptick is any indication, he's going to hit for power. Tucker was a flat-planed, hit-first prospect in high school who scouts hoped would grow into power. Instead it seems Tucker and Houston have taken advantage of his natural bat control and engineered a more power-friendly swing. He's had success through Double-A at age 20 and is likely to mature into a middle-of-the-order threat.",z84M9j2JoEc,35.0,65.0,40.0,60.0,65.0,65.0,45.0,40.0,40.0,50.0,55.0,55.0,,,,,,,,,,,0,0,,0,Low,n/a,6.079,,,,
MLB,MLB,sa736655,Willy Adames,Willy Adames,/players/willy-adames/15986/stats/batting,15986,SS,30.0,,,Low,2018,60,180,"6' 1""",,11,1,,Dominican Republic,45 / 55,45 / 55,55 / 55,45 / 40,45 / 50,60 / 60,,,,,,,,2018,0,,17287,1,Willy,Adames,SS,22,TBR,2018,2018 Report,15986,0,,11,1,60,0,2018,J2 2012,,73,180,R,R,Dominican Republic,"He doesn't have jaw-dropping physical tools but Adames has a well-rounded offensive skillset, a long track record of above-average offensive performance while being young for his level and he plays a competent shortstop. Adames' frame is maxed out and he's not likely to grow into much more power without better incorporating his lower half into his swing, but he'll hit plenty of doubles and reach base at an above-average clip. Even with Tim Beckham's departure, the shortstop picture in St. Petersburg is crowded by Adeiny Hechevarria, Matt Duffy, Daniel Robertson, Christian Arroyo and, some would say, Joe Wendle. It's worth noting that Adames got his first in-game reps at second base last year. He'll likely debut in 2018 and his bat will play at second base or shortstop.",b0XEzkgl-EQ,45.0,55.0,45.0,55.0,55.0,55.0,45.0,40.0,45.0,50.0,60.0,60.0,,,,,,,,,,,0,0,,0,Low,n/a,7.105,,,,
MLB,MLB,sa830372,Gleyber Torres,Gleyber Torres,/players/gleyber-torres/16997/stats/batting,16997,2B,6.0,,,Low,2018,60,185,"6' 1""",,12,1,,Venezuela,40 / 55,40 / 55,55 / 60,50 / 40,40 / 50,55 / 55,,,,,,,,2018,0,,17224,1,Gleyber,Torres,SS,21,NYY,2018,2018 Report,16997,0,,12,1,60,0,2018,J2 2013,,73,185,R,R,Venezuela,"Torres was seen as one of the top two players in his July 2nd class (along with #6 on this list RF Eloy Jimenez), with Torres the prototypical Venezuelan shortstop: advanced feel for all aspects but no flashy plus tool. He's developed largely as expected, no small feat for a celebrated 15-year-old, with his physicality and game power the biggest change in the last few years. This has gone along with some scouts questioning if he fits better at second or third base long-term, but Torres' bat will profile anywhere in the dirt and he's big league ready once he's fully recovered from Tommy John surgery last June.",1lExH63k6Rw,40.0,55.0,40.0,55.0,55.0,60.0,50.0,40.0,40.0,50.0,55.0,55.0,,,,,,,,,,,0,0,,0,Low,n/a,7.162,,,,
AAA,MLB,sa657923,Lewis Brinson,Lewis Brinson,/players/lewis-brinson/14352/stats/batting,14352,OF,,,,Medium,2018,60,195,"6' 3""",,13,1,,Coral Springs HS (FL),40 / 50,50 / 60,65 / 65,60 / 55,50 / 55,60 / 60,,,,,,,,2018,0,,17494,1,Lewis,Brinson,CF,23,MIA,2018,2018 Report,14352,0,,13,1,60,0,2018,1st rd 2012,,75,195,R,R,Coral Springs HS (FL),"Brinson has tracked as well as scouts could have hoped when he was a gangly, unrefined amateur outfielder. He's shown an ability to make mechanical adjustments and has now performed up through Triple-A, reducing his once concerning strikeout rate as he has climbed the minor league ladder. He'll likely get plenty of playing time with Miami in 2018 and, though he make take some time to adjust to big league pitching, hit for plus power while playing center field.",RR-tHu3R4Ak,40.0,50.0,50.0,60.0,65.0,65.0,60.0,55.0,50.0,55.0,60.0,60.0,,,,,,,,,,,0,0,,0,Medium,0,3.084,,,,
MLB,MLB,sa659185,Miguel Andujar,Miguel Andujar,/players/miguel-andujar/15878/stats/batting,15878,3B/OF,29.0,,,Medium,2018,60,175,"6' 0""",,14,2,,Dominican Republic,45 / 55,45 / 55,60 / 60,55 / 50,45 / 55,70 / 70,,,,,,,,2018,0,,17225,2,Miguel,Andujar,3B,23,NYY,2018,2018 Report,15878,0,,14,2,60,0,2018,J2 2011,,72,175,R,R,Dominican Republic,"Andujar has tantalized scouts since early in his pro career with a strong, athletic frame and flashy tools that are above average to plus across the board. He largely was seen as potential, even passed over by all 30 teams in the Rule 5 Draft after the 2015 season, then he broke out in a huge way in 2017 reaching a critical mass of adjustments and maturity that showed up in the counting stats. Andujar has cut down on his swing and miss while also lifting the ball more and hitting it with more authority, an obviously rare and desirable combination when you're already working with a toolsy prospect that was always young for his level. There's still some lingering maturity questions and mental lapses on defense, but that didn't stop the Pirates and other clubs from demanding Andujar in recent trade talks with the Yankees, who refused to discuss Andujar.",vbirQSL9Q8s,45.0,55.0,45.0,55.0,60.0,60.0,55.0,50.0,45.0,55.0,70.0,70.0,,,,,,,,,,,0,0,,0,Medium,n/a,6.053,,,,
,MLB,sa828706,Brent Honeywell,Brent Honeywell,/players/brent-honeywell/16466/stats/pitching,16466,P,-1.0,,,Low,2018,60,180,"6' 2""",,15,2,,Walters State JC (TN),,,,,,,60 / 60,,50 / 55,60 / 65,55 / 55,45 / 50,50 / 55,2018,0,,17288,2,Brent,Honeywell,RHP,22,TBR,2018,2018 Report,16466,0,,15,2,60,0,2018,2nd rd 2014,,74,180,R,R,Walters State JC (TN),"Honeywell's kitchen sink repertoire is headlined by a potential plus-plus changeup, but he also has a quality curveball, cutter and mid-90s fastball. He can throw just about any pitch in any count and has at least average command right now despite some mechanical inconsistency. He had a 172 to 35 strikeout-to-walk ratio at Triple-A last year and probably deserved to be in the Majors. He'll get there this year and projects as a #3 starter.",JC3Vetq_eAA,,,,,,,,,,,,,60.0,60.0,,,50.0,55.0,55.0,55.0,50.0,55.0,0,0,,0,Low,0,2.045,60.0,65.0,45.0,50.0
,MLB,sa739551,Alex Reyes,Alex Reyes,/players/alex-reyes/15015/stats/pitching,15015,P,-1.0,,,Medium,2018,60,230,"6' 3""",,16,1,,Dominican Republic,,,,,,,70 / 70,40 / 50,55 / 70,55 / 60,,,40 / 50,2018,0,,17689,1,Alex,Reyes,RHP,23,STL,2018,2018 Report,15015,0,,16,1,60,0,2018,J2 2012,,75,230,R,R,Dominican Republic,"Reyes had Tommy John early during spring training of 2017 and didn't pitch all year. He'll probably spend some time in the Cardinals bullpen to control his season-long workload coming off of surgery, but his stuff -- plus-plus fastball, curveball and plus changeup -- belong at the top of a rotation.",Z_2KQ7Utxy4,,,,,,,,,,,,,70.0,70.0,40.0,50.0,55.0,70.0,,,40.0,50.0,0,0,,0,Medium,n/a,6.056,55.0,60.0,,
AAA,MLB,sa739565,Francisco Mejía,Francisco Mejia,/players/francisco-mejia/16403/stats/batting,16403,C,,,,High,2019,60,175,"5' 10""",,17,1,,Dominican Republic,50 / 60,30 / 50,55 / 55,50 / 45,40 / 45,80 / 80,,,,,,,,2018,0,,17124,1,Francisco,Mejia,C/3B,22,CLE,2018,2018 Report,16403,0,,17,1,60,0,2019,J2 2012,,70,175,S,R,Dominican Republic,Mejia wasn't/isn't a lost cause as a defensive catching prospect but his bat is almost ready for the big leagues and this prompted a move to third base during the Arizona Fall League to accelerate Mejia's timetable to Cleveland. He certainly has the arm for third. It's an 80-grade howitzer that elicited audible gasps from AFL crowds. His hands and footwork at third remain a work in progress. Mejia's swing isn't graceful or attractive but he finds ways to get the bathead to the baseball and hit the ball hard and he has elite hand-eye coordination and bat control. He's a little too aggressive at the plate so the OBP and game power might both play down if he doesn't become more selective and we're in wait-and-see mode on the defense.,zjm3SlBQSVM,50.0,60.0,30.0,50.0,55.0,55.0,50.0,45.0,40.0,45.0,80.0,80.0,,,,,,,,,,,0,0,,0,High,n/a,5.042,,,,
AAA,MLB,sa874238,Brendan Rodgers,Brendan Rodgers,/players/brendan-rodgers/17907/stats/batting,17907,2B,3.0,,,Medium,2019,60,180,"6' 0""",,18,1,,Lake Mary HS (FL),30 / 50,40 / 55,60 / 60,50 / 45,40 / 50,55 / 55,,,,,,,,2018,0,,17472,1,Brendan,Rodgers,SS,21,COL,2018,2018 Report,17907,0,,18,1,60,0,2019,1st rd 2015,,72,180,R,R,Lake Mary HS (FL),"After demolishing the Cal League (as was expected), Rodgers had a solid 38 game run at Double-A. He turned 21 in August. He's hit everywhere he's been since high school and continues to look fine, if unspectacular, at shortstop. He's above-average in every way at the plate (the bat control, power, feel for opposite field contact, ability to punish mistakes) which means he's got a good chance to be an All Star if he stays at shortstop, and it looks like he's going to.",8R3NqST3CPs,30.0,50.0,40.0,55.0,60.0,60.0,50.0,45.0,40.0,50.0,55.0,55.0,,,,,,,,,,,0,0,,0,Medium,n/a,6.075,,,,
AAA,MLB,sa873550,Sixto Sánchez,Sixto Sanchez,/players/sixto-sanchez/19680/stats/pitching,19680,P,20.0,,,Medium,2020,60,185,"6' 0""",,19,1,,Dominican Republic,,,,,,,70 / 70,45 / 50,50 / 55,55 / 65,,,45 / 55,2018,0,,17635,1,Sixto,Sanchez,RHP,19,PHI,2018,2018 Report,19680,0,,19,1,60,0,2020,J2 2014,,72,185,R,R,Dominican Republic,"Hitters like to shorten up against Sixto after he's blown well-placed, sinking, upper-90s gas past them for strikes one and two, which leaves them vulnerable to any of his three viable secondary offerings later in at-bats. Sanchez sits 95-99 and has touched 102 with advanced command. He has a long, cutting slider in the mid-80s and a two-plane curveball, both of which flash above-average, but his best secondary is a ghosting, mid-80s changeup which embarassed hitters five years older than Sanchez in Hi-A last year. He's just 6-foot so you're not projecting on the fastball, but it's already so hard that it doesn't matter. Scouts want to see release consistency deeper into games (and in general when Sanchez throws his breaking balls) but he's athletic and has only been pitching full time for three years, so there's reason to believe he'll improve.",,,,,,,,,,,,,,70.0,70.0,45.0,50.0,50.0,55.0,,,45.0,55.0,0,0,,0,Medium,0,1.103,55.0,65.0,,
,MLB,sa828680,Michael Kopech,Michael Kopech,/players/michael-kopech/17282/stats/pitching,17282,P,-1.0,,,Medium,2019,60,195,"6' 3""",,20,2,,Mt. Pleasant HS (TX),,,,,,,70 / 70,50 / 60,,45 / 55,,,40 / 45,2018,0,,17100,2,Michael,Kopech,RHP,21,CHW,2018,2018 Report,17282,0,,20,2,60,0,2019,1st rd 2014,,75,195,R,R,Mt. Pleasant HS (TX),"Kopech was frustrating for scouts earlier in his high school career, as his quick arm was obscured by a long arm action and inconsistent delivery that led to inconsistent secondary pitches and command. Just before the draft, his quick arm sped up even quicker and early in pro ball, he was able to make his arm action a little shorter, unlocking perhaps the best fastball in the minor leagues. Depending on the gun, Kopech tops out at 102 or 105 mph and his plus slider gives him a clear second weapon. As you may guess, there's some command concerns, his changeup is still inconsistent and there's natural health questions simply because throwing that hard puts a greater level of stress on your arm than throwing 90 mph. He's now performed at the upper level and is ready to finetune his game with a big league look in 2018.",JXUYoulUEo8,,,,,,,,,,,,,70.0,70.0,50.0,60.0,,,,,40.0,45.0,0,0,,0,Medium,n/a,6.041,45.0,55.0,,
MLB,MLB,sa3003396,Luis Robert Jr.,Luis Robert Jr.,/players/luis-robert-jr/20043/stats/batting,20043,OF,25.0,,,High,2020,60,185,"6' 3""",,21,3,,Cuba,25 / 50,30 / 55,65 / 65,60 / 60,45 / 55,60 / 60,,,,,,,,2018,0,,17101,3,Luis,Robert,CF,20,CHW,2018,2018 Report,20043,0,,21,3,60,0,2020,J2 2017,,75,185,R,R,Cuba,"Chicago signed Robert for $26 million just weeks before the new CBA put a hard cap on international spending. He had been of interest to international scouts for several years because of his raw power and speed. About a year before he signed, Robert looked heavy and sluggish on tour with the Cuban national team, but by the time he defected and was ready to work out for teams he had transformed his physique and put on an absolute show in provate workouts, showing plus straightline speed and power during BP. Robert doesn't have great bat control and his ability to get the bat to the baseball might be limited, but there's enough going on here that he has a chance to be a star anyway, and if the bat does come he'll be a five-tool monster.",aWdIPdVRkok,25.0,50.0,30.0,55.0,65.0,65.0,60.0,60.0,45.0,55.0,60.0,60.0,,,,,,,,,,,0,0,,0,High,n/a,6.000,,,,
,MLB,sa829698,Brendan McKay,Brendan McKay,/players/brendan-mckay/20186/stats/pitching,20186,P,-1.0,,,Medium,2019,60,212,"6' 2""",,22,3,,Louisville,25 / 55,35 / 55,65 / 65,35 / 30,45 / 50,60 / 60,50 / 55,,55 / 60,50 / 55,,,40 / 50,2018,0,,17289,3,Brendan,McKay,LHP/1B,22,TBR,2018,2018 Report,20186,0,,22,3,60,0,2019,1st rd 2017,,74,212,L,L,Louisville,"McKay is an incredible rare prospect in that he would make this Top 100 list as both a hitter and pitcher and was a top 10 prospect in the 2017 draft both ways as well. He's stood out both ways since high school and scout laud his makeup, in that he improved at both roles at Louisville while also being a team leader and managing the fatigue and preparation necessary to be the staff ace once a week and hitting in the middle of the lineup everyday for three straight years on a top program. He was generally seen as a pitcher first until scouts beared down on him last year and many saw greater potential at the plate, a role he admittedly didn't spend as much thinking about, dreaming on a 60 bat/power combination. The Rays will let him continue to develop both ways but appear to prefer him as a first baseman. There's myriad ways to deploy his talent, but the most likely seems to be everyday first baseman with the abilty to throw a couple innings a week (with three 55-60 pitches that could play up in short stints) and slide into the DH spot to rest his arm.",eml6BjjTDJg,25.0,55.0,35.0,55.0,65.0,65.0,35.0,30.0,45.0,50.0,60.0,60.0,50.0,55.0,,,55.0,60.0,,,40.0,50.0,0,0,,0,Medium,1,1.050,50.0,55.0,,
MLB,MLB,sa828700,Mitch Keller,Mitch Keller,/players/mitch-keller/17594/stats/pitching,17594,P,27.0,,,Medium,2019,60,195,"6' 3""",,23,1,,Xavier HS (IA),,,,,,,60 / 60,,55 / 60,40 / 45,,,55 / 70,2018,0,,17661,1,Mitch,Keller,RHP,21,PIT,2018,2018 Report,17594,0,,23,1,60,0,2019,2nd rd 2014,,75,195,R,R,Xavier HS (IA),"Keller is still without a good changeup, but his ability to locate a mid-90s fastball and spin a plus curveball make up a very promising mid-rotation foundation. He spent 2017 at Double-A and has an outside shot to debut in Pittsburgh this year, but the Pirates competitive standing in the NL Central and Keller's need to develop a third pitch might push him to 2019.",BbF8a3acDUU,,,,,,,,,,,,,60.0,60.0,,,55.0,60.0,,,55.0,70.0,0,0,,0,Medium,n/a,6.026,40.0,45.0,,
,MLB,sa3004043,Keston Hiura,Keston Hiura,/players/keston-hiura/20003/stats/batting,20003,1B/2B,-1.0,,,Medium,2019,55,190,"5' 11""",,24,1,,UC Irvine,40 / 60,40 / 55,55 / 55,50 / 50,40 / 50,40 / 40,,,,,,,,2018,0,,17573,1,Keston,Hiura,2B,21,MIL,2018,2018 Report,20003,0,,24,1,55,0,2019,1st rd 2017,,71,190,R,R,UC Irvine,"Most premium college hitters are viewed as 'safer' draft prospects, but Hiura had an arm issue that prevented him from playing defense while he was scouted. A PRP injection had him back at second base late last year. Hiura is an advanced hitter with lightning quick hands and surprising power for his size. He projects as a plus hitter with above-average power, which could make him an All Star at second base, assuming all is well with the arm and he's able to stay there.",wgVOB9lK0Z8,40.0,60.0,40.0,55.0,55.0,55.0,50.0,50.0,40.0,50.0,40.0,40.0,,,,,,,,,,,0,0,,0,Medium,0,3.051,,,,
AAA,MLB,sa857705,Scott Kingery,Scott Kingery,/players/scott-kingery/17975/stats/batting,17975,SS/OF,17.0,,,Low,2018,55,180,"5' 10""",,25,2,,Arizona,50 / 60,40 / 50,50 / 50,70 / 70,60 / 65,45 / 45,,,,,,,,2018,0,,17636,2,Scott,Kingery,2B,23,PHI,2018,2018 Report,17975,0,,25,2,55,0,2018,2nd rd 2015,,70,180,R,R,Arizona,"A minor mechanical tweak unlocked some of Kingery's previously undiscovered raw power last year and he hit 26 home runs between Double and Triple-A. Some of that was due to the hitting environment in Reading, but scouts think the power uptick is real. Kingery already had a chance to be an everyday player because of his superlative bat-to-ball ability, speed and plus-plus defense at second base. With the power folded in, he's a potential star. Whether or not he debuts in Philly this year could depend on a Cesar Hernandez trade, but he's probably ready.",XOACy9fjCWs,50.0,60.0,40.0,50.0,50.0,50.0,70.0,70.0,60.0,65.0,45.0,45.0,,,,,,,,,,,0,0,,0,Low,2,3.108,,,,
,,sa293098,Kyle Wright,Kyle Wright,/players/kyle-wright/sa293098/stats/pitching,sa293098,P,,,,Medium,2018,55,200,"6' 4""",,26,2,,Vanderbilt,,,,,,,55 / 60,55 / 60,50 / 55,45 / 50,,,45 / 50,2018,0,,17394,2,Kyle,Wright,RHP,22,ATL,2018,2018 Report,sa293098,0,,26,2,55,0,2018,1st rd 2017,,76,200,R,R,Vanderbilt,"Wright was a tough sign out of an Alabama high school in 2014 due to a Vanderbilt commitment and the Braves made a significant offer that came up just short, but they got their man with the 5th overall pick in 2017 after a dominating three year career in Nashville. Wright had a rocky start in 2017, finding his arm slot weeks before the draft when he would take grounders at shortstop and found his natural slot was lower than where he'd been pitching. He pitched 95-99 mph for the first half of a start against Arkansas a few weeks later and hasn't looked back since; he likely won't spend long in the minor leagues and should join the Braves young pitching in the big leagues at some point in 2018.",yO8JA8nXzL4,,,,,,,,,,,,,55.0,60.0,55.0,60.0,50.0,55.0,,,45.0,50.0,0,0,,0,Medium,,,45.0,50.0,,
MLB,MLB,sa658292,Walker Buehler,Walker Buehler,/players/walker-buehler/19374/stats/pitching,19374,P,29.0,,,Medium,2018,55,175,"6' 2""",,27,1,,Vanderbilt,,,,,,,70 / 70,55 / 55,55 / 60,45 / 50,,,45 / 50,2018,0,,17550,1,Walker,Buehler,RHP,23,LAD,2018,2018 Report,19374,0,,27,1,55,0,2018,1st rd 2015,,74,175,R,R,Vanderbilt,"Buehler roared back from Tommy John in 2016 and sat 96-99 with a plus curveball and slider/cutter in his first outing back from surgery. He only threw five affiliated innings but the Dodgers immediately began internal conversations about how to get him to the big leagues in 2017. They did, and after a late-summer move to the bullpen Buehler got a nine-inning September espresso. There are some who think Buehler's ultimate role will be that of the prophecized, dominant multi-inning reliever because his command is fringey, he's already had a surgery and he's an undersized guy with a longer arm action. His three-pitch mix is unique for a starter but enough to justify continued development in a rotation, and the fllback option isn't all that bad.",VnQHWGCjfxM,,,,,,,,,,,,,70.0,70.0,55.0,55.0,55.0,60.0,,,45.0,50.0,0,0,,0,Medium,n/a,7.168,45.0,50.0,,
AAA,MLB,sa828496,Luis Urías,Luis Urias,/players/luis-urias/16622/stats/batting,16622,2B/3B,15.0,,,Low,2018,55,160,"5' 9""",,28,2,,Mexico,50 / 65,20 / 35,40 / 45,50 / 50,50 / 55,50 / 50,,,,,,,,2018,0,,17713,2,Luis,Urias,2B,20,SDP,2018,2018 Report,16622,0,,28,2,55,0,2018,J2 2013,,69,160,R,R,Mexico,"Urias' strikeout rate doubled in 2017 and was still so low that it would have ranked him in the top 15 among qualified MLB hitters. He has sublime feel for contact, adjusting the barrel to where it needs to be, when it needs to be there, and his track record of excellent hitting suggests it's going to continue. Urias changed his leg kick's tempo in 2017 but didn't produce more fly balls nor power and he doesn't project to. Popless second basemen need to hit like Dee Gordon or Cesar Hernandez to profile as above-average regulars but it looks ilke Urias is going to do that.",euhgiB0OSV4,50.0,65.0,20.0,35.0,40.0,45.0,50.0,50.0,50.0,55.0,50.0,50.0,,,,,,,,,,,0,0,,0,Low,n/a,6.007,,,,
MLB,MLB,sa737507,J.P. Crawford,J.P. Crawford,/players/jp-crawford/15491/stats/batting,15491,SS,11.0,,,Low,2018,55,180,"6' 2""",,29,3,,Lakewood HS (CA),40 / 55,35 / 45,50 / 50,50 / 50,50 / 55,60 / 60,,,,,,,,2018,0,,17637,3,J.P.,Crawford,SS,23,PHI,2018,2018 Report,15491,0,,29,3,55,0,2018,1st rd 2013,,74,180,L,R,Lakewood HS (CA),"Crawford's first month of the season was such a disaster that scouts thought he was either hurt or extremely bored. He hit well in July and August and earned a September call-up, during which he played great defense all over the infield. Crawford has issues getting to balls away from him and probably won't hit for much power, but he's very patient and could reach base enough to hit at the top of a lineup. He's only an average runner but he's also a very gifted athlete with a plus arm and a quick transfer. Crawford can make strong throws to first from all kinds of difficult platforms and projects as a plus defensive shortstop. Table-setting defensive wizards are pretty rare. He could go .270/.340/.400 with 12-15 homers and the Freddy Galvis trade paves the way for playing time immediately.",3LZkPwA2Qd4,40.0,55.0,35.0,45.0,50.0,50.0,50.0,50.0,50.0,55.0,60.0,60.0,,,,,,,,,,,0,0,,0,Low,n/a,7.163,,,,
AAA,MLB,sa738675,A.J. Puk,A.J. Puk,/players/aj-puk/19343/stats/pitching,19343,P,15.0,,,Medium,2018,55,230,"6' 7""",,30,1,,Florida,,,,,,,60 / 65,60 / 60,55 / 60,55 / 60,,,45 / 50,2018,0,,17251,1,A.J.,Puk,LHP,22,OAK,2018,2018 Report,19343,0,,30,1,55,0,2018,1st rd 2016,,79,230,L,L,Florida,"Puk had back issues in college and scouts weren't enamored with his conditioning, but he had premium velocity, a plus slider and he performed at against SEC hitters. He somewhat surprisingly fell to Oakland's 6th overall selection in the 2016 draft. Reports were even stronger in 2017. Puk is remarkably athletic for his size and he's more balanced throughout his delivery now than he was in college. His command has improved and now projects to average or a tick above. Puk also rebooted a curveball he had shelved at Florida and is flashing a plus changeup at times. He's going to have command of four above average or better pitches and rare lefty starter velocity. He has #2/3 starter ceiling and could reach Oakland this year.",dF78XZniyhY,,,,,,,,,,,,,60.0,65.0,60.0,60.0,55.0,60.0,,,45.0,50.0,0,0,,0,Medium,n/a,5.124,55.0,60.0,,
,MLB,sa723875,Luiz Gohara,Luiz Gohara,/players/luiz-gohara/15166/stats/pitching,15166,P,-1.0,,,Medium,2018,55,240,"6' 3""",,31,3,,Brazil,,,,,,,60 / 60,55 / 60,,45 / 50,,,45 / 50,2018,0,,17395,3,Luiz,Gohara,LHP,20,ATL,2018,2018 Report,15166,0,,31,3,55,0,2018,J2 2012,,75,240,L,L,Brazil,"Like many players on this list, Gohara was identified very early as an elite prospect, even coming from a non baseball hotbed like Brazil, catching scouts' eyes around age 14. The Mariners made him the highest paid pitcher in the 2012 July 2nd class and Gohara's development was slower than expected, dogged by maturity and weight concerns until a trade to Atlanta before the 2017 season. Gohara is still drawing CC Sabathia physical comps and will need to watch his weight, but he shot from High-A to the big leagues in 2017, invogorated by the change of scenery and the deadly combo of his mid-90's fastball and plus slider. Gohara is likely the Braves 4th starter to start the 2018 season.",aIq9ta-DzXQ,,,,,,,,,,,,,60.0,60.0,55.0,60.0,,,,,45.0,50.0,0,0,,0,Medium,1,0.120,45.0,50.0,,
ST,MLB,sa739765,Franklin Barreto,Franklin Barreto,/players/franklin-barreto/15519/stats/batting,15519,2B/SS,,,,Medium,2018,55,190,"5' 9""",,32,2,,Venezuela,50 / 55,45 / 55,60 / 60,60 / 60,40 / 50,60 / 60,,,,,,,,2018,0,,17252,2,Franklin,Barreto,CF,21,OAK,2018,2018 Report,15519,0,,32,2,55,0,2018,J2 2012,,69,190,R,R,Venezuela,"The small-sample struggles Barreto experienced during his brief big league debut are even less worrisome when you consider he was the age of a typical college junior. He has plus bat speed and raw power and a long track record of offensive success dating back to his age-17 season. If anything will limit Barreto's offensive output it'll be his shoddy pitch selection, but most think Barreto is going to hit and hit for power and play an up the middle position (though probably not shortstop) so there's some room for his OBP to breath. We'd like to see him in center field but think he could be a 45 or 50 at second base.",KuHQqKfcO_I,50.0,55.0,45.0,55.0,60.0,60.0,60.0,60.0,40.0,50.0,60.0,60.0,,,,,,,,,,,0,0,,0,Medium,0,3.031,,,,
MLB,MLB,sa3005068,MacKenzie Gore,MacKenzie Gore,/players/mackenzie-gore/22201/stats/pitching,22201,P,13.0,,,Medium,2020,55,180,"6' 3""",,33,3,,Whiteville HS (NC),,,,,,,55 / 55,45 / 50,50 / 55,50 / 60,,,45 / 60,2018,0,,17714,3,MacKenzie,Gore,LHP,18,SDP,2018,2018 Report,22201,0,,33,3,55,0,2020,1st rd 2017,,75,180,L,L,Whiteville HS (NC),"You can't truly appreciate Gore's subtle excellence in a showcase environment, so his one or two-inning outings the summer before his senior year left him in the draft's second round picture. When decision-makers saw him commanding his entire arsenal like an advanced college arm and reaching back for peak velocity late in starts the following spring, his stock exploded. Gore doesn't have a dominant fastball, nor does he project to, but hell touch 95 and has remarkable command of it, as well as command of his slider, curveball and changeup. His unique delivery requires elite athleticism to repeat but Gore does it, and projects to have plus command. He's a polished high school arm who should move quickly, projecting as a #3 starter.",JLkZukR_QSI,,,,,,,,,,,,,55.0,55.0,45.0,50.0,50.0,55.0,,,45.0,60.0,0,0,,0,Medium,3,4.000,50.0,60.0,,
MLB,MLB,sa874715,Michael Soroka,Michael Soroka,/players/michael-soroka/18383/stats/pitching,18383,P,15.0,,,Low,2018,55,210,"6' 4""",,34,4,,Bishop Carroll HS (CAN),,,,,,,55 / 55,55 / 55,,50 / 55,,,45 / 55,2018,0,,17396,4,Mike,Soroka,RHP,19,ATL,2018,2018 Report,18383,0,,34,4,55,0,2018,1st rd 2015,,76,210,R,R,Bishop Carroll HS (CAN),"The Canadian righty has a background playing hockey and has the frame and demeanor to be a defenseman in the NHL. The Braves challenged the polished sinker/slider standout with a 2017 assignment to Double-A at age 19 and he excelled, while also developing a changeup that was above average to plus to match his high spin rate two-plane breaking ball. Soroka likely gets an MLB look in 2018 at age 20 and while the upside isn't frontline since he sits 90-94 mph, you could argue everything he does is above average to plus.",LozVLyAQ3qs,,,,,,,,,,,,,55.0,55.0,55.0,55.0,,,,,45.0,55.0,0,0,,0,Low,n/a,7.009,50.0,55.0,,
MLB,MLB,sa873673,Corbin Burnes,Corbin Burnes,/players/corbin-burnes/19361/stats/pitching,19361,P,15.0,,,Medium,2019,55,205,"6' 3""",,35,2,,St. Mary's,,,,,,,55 / 55,50 / 55,50 / 55,45 / 50,,,50 / 60,2018,0,,17574,2,Corbin,Burnes,RHP,23,MIL,2018,2018 Report,19361,0,,35,2,55,0,2019,4th rd 2016,,75,205,R,R,St. Mary's,"A new position on the rubber and a more evenly paced delivery helped Burnes pound away at the glove-side corner of the strike zone with precision in 2017. His slider’s movement and his high-spin fastball’s natural cut play well together there, both away from righties and down-and-in against lefties. It helped him reach and have success at Double-A, and an aggressively competitive Brewers club might need him at some point this year. Burnes' curveball flashes plus, too, and he's a terrific athlete and fiery competitor. He's a near-ready above-average big league starter.",2hV-kZ5zxdk,,,,,,,,,,,,,55.0,55.0,50.0,55.0,50.0,55.0,,,50.0,60.0,0,0,,0,Medium,n/a,7.049,45.0,50.0,,
AA,MLB,sa657953,Anthony Alford,Anthony Alford,/players/anthony-alford/14329/stats/batting,14329,OF,,,,Medium,2018,55,215,"6' 1""",,36,3,,Petal HS (MS),35 / 45,40 / 50,60 / 60,70 / 70,50 / 60,40 / 40,,,,,,,,2018,0,,17350,3,Anthony,Alford,CF,22,TOR,2018,2018 Report,14329,0,,36,3,55,0,2018,3rd rd 2012,,73,215,R,R,Petal HS (MS),"Alford was a buzzy prospect in high school, coveted for his rare power/spede combo and overall athleticism, becoming more intriguing due to his limited baseball reps as he pursued a football career at Ole Miss and Southern Miss. The Blue Jays signed him out of high school to own his rights if football didn't work out and were happy when he hit the ground running in 2015 as a full-time baseball player at age 20 in full season ball with a surprising amount of polish, especially for pitch selection, for a kid who had never fully committed himself to baseball before. The tools are still flashy and profile as an well-rounded everyday center fielder that likely gets an extended big league look at some point in 2018.",lU6bw7GGXcs,35.0,45.0,40.0,50.0,60.0,60.0,70.0,70.0,50.0,60.0,40.0,40.0,,,,,,,,,,,0,0,,0,Medium,0,2.053,,,,
AAA,MLB,sa916722,Cristian Pache,Cristian Pache,/players/cristian-pache/19948/stats/batting,19948,OF,25.0,,,High,2020,55,185,"6' 2""",,37,5,,Dominican Republic,20 / 55,20 / 40,50 / 55,80 / 80,70 / 80,70 / 70,,,,,,,,2018,0,,17397,5,Cristian,Pache,CF,18,ATL,2018,2018 Report,19948,0,,37,5,55,0,2020,J2 2015,,74,185,R,R,Dominican Republic,"Pache drew a $1.5 million bonus as a 16-year-old in 2015 and he's a perfect example of the reward in signing a top July 2nd prospect as his tools have taken a huge step forward since signing: his run grade jumped from 60 to 80, his arm from 60 to 70, his raw power from 45 to 55 while he's also become arguably the best defender at any position in all of minor league baseball. The only issue for Pache are tweaking the mechanics of his swing. He needs to lift the ball more and have a stronger base to tap into some of his power and allow his athleticism to play. These are fixable things, he's just turned 19, he has plenty of hitting tools to surive until this point on them alone, the Braves rave about his makeup and coachability and his athleticism would be world class in any sport. With little improvement, he's a Kevin Pillar 2-3 win type defensive specialist and his upside is a 6+ win type perennial All-Star.",TTrN1fNVTzI,20.0,55.0,20.0,40.0,50.0,55.0,80.0,80.0,70.0,80.0,70.0,70.0,,,,,,,,,,,0,0,,0,High,0,3.031,,,,
MLB,MLB,sa3004259,Royce Lewis,Royce Lewis,/players/royce-lewis/20437/stats/batting,20437,3B,8.0,,,High,2020,55,188,"6' 2""",,38,1,,JSerra HS (CA),30 / 55,25 / 50,50 / 55,60 / 60,45 / 55,55 / 55,,,,,,,,2018,0,,17194,1,Royce,Lewis,CF,18,MIN,2018,2018 Report,20437,0,,38,1,55,0,2020,1st rd 2017,,74,188,R,R,JSerra HS (CA),"Lewis was one of the best players on the summer showcase circuit in 2016, showing a rare combo of hit, power and speed tools, though it was unclear if he fit better in the infield or center field. He had an up and down spring for his high school, but the raw tools were still present, helping him go #1 overall in a year without a clearcut top prospect. Scouts still largely think Lewis' tools play best in center field long-term and he performed even better than expected in his pro debut.",IRGoLxDpn0U,30.0,55.0,25.0,50.0,50.0,55.0,60.0,60.0,45.0,55.0,55.0,55.0,,,,,,,,,,,0,0,,0,High,2,3.142,,,,
AAA,MLB,sa828678,Justus Sheffield,Justus Sheffield,/players/justus-sheffield/17285/stats/pitching,17285,P,,,,Low,2018,55,195,"5' 10""",,39,3,,Tullahoma HS (TN),,,,,,,60 / 60,60 / 60,,50 / 55,,,45 / 50,2018,0,,17226,3,Justus,Sheffield,LHP,21,NYY,2018,2018 Report,17285,0,,39,3,55,0,2018,1st rd 2014,,70,195,L,L,Tullahoma HS (TN),"Sheffield's stuff was up in the Arizona Fall League. He was up to 97 in the desert, sitting 93-95 mph for much of his starts and locating all three of his pitches. Sheffield's mid-80s slider (which is relatively new, he threw a curveball in high school) is plus and he sequences and locates it well. It's become a backfoot weapon against right-handed hitters, but Sheffield's upper-80s changeup has enough movement to miss righty bats, too. He's a likely mid-rotation starter and should reach the Majors at some point this year.",tW5B2GiJG4k,,,,,,,,,,,,,60.0,60.0,60.0,60.0,,,,,45.0,50.0,0,0,,0,Low,1,2.080,50.0,55.0,,
AAA,MLB,sa917937,Carter Kieboom,Carter Kieboom,/players/carter-kieboom/19958/stats/batting,19958,3B,26.0,,,Medium,2021,55,190,"6' 2""",,40,2,,Walton HS (GA),35 / 55,30 / 55,55 / 60,50 / 45,45 / 50,55 / 55,,,,,,,,2018,0,,17600,2,Carter,Kieboom,3B,20,WSN,2018,2018 Report,19958,0,,40,2,55,0,2021,1st rd 2016,,74,190,R,R,Walton HS (GA),"Kieboom's older brother is a catcher in the Nationals organization but Carter wasn't drafted as a favor--the Nationals had plenty of competition that were angling to land the toolsy younger brother in 2016's first round. Kieboom, like many infielders on this list, may be able to stick at shortstop for certain teams that shift heavily or prioritize offense over defense at the position, but he fits more traditionally at second or third base, with some scouts suggesting even a corner outfield spot, but he's got plenty of bat for any position. Kieboom has flashed all five tools above average at times, but the most consistent are his hit and power tools, which should be his calling cards for a long time.",bIz5j-OJPrY,35.0,55.0,30.0,55.0,55.0,60.0,50.0,45.0,45.0,50.0,55.0,55.0,,,,,,,,,,,0,0,,0,Medium,0,3.009,,,,
AAA,MLB,sa968132,Michel Baez,Michel Baez,/players/michel-baez/20100/stats/pitching,20100,P,,,,High,2020,55,220,"6' 8""",,41,4,,Cuba,,,,,,,55 / 60,,50 / 55,55 / 65,,,40 / 55,2018,0,,17715,4,Michel,Baez,RHP,22,SDP,2018,2018 Report,20100,0,,41,4,55,0,2020,J2 2016,,80,220,R,R,Cuba,"The Padres signed Baez for $3 million during the winter of 2016, and when he first got underway in Arizona the following spring he looked like a size and arm strength lottery ticket. By the end of extended spring training he had made significant progress across the board and became much more. Baez's fastball velocity ticked up into the mid-to-upper 90s and his changeup was consistently plus. The velocity alone was too much for the AZL and Baez was quickly promoted to full-season ball and continued to dominate, refining his command along the way. He is shockingly athletic for his size, allowing him to repeat his delivery and project for plus command. Big leaguers can succeed with a changeup/command foundation, and Baez has those things but also touches 99. He looks like a potential #3 starter but there's also an element of freakishness here that could indicate more.",m34Pztbm-4k,,,,,,,,,,,,,55.0,60.0,,,50.0,55.0,,,40.0,55.0,0,0,,0,High,1,1.170,55.0,65.0,,
MLB,MLB,sa3005315,Hunter Greene,Hunter Greene,/players/hunter-greene/22182/stats/pitching,22182,P,18.0,,,High,2021,55,197,"6' 4""",,42,2,,Notre Dame HS (CA),,,,,,,70 / 80,50 / 55,40 / 45,40 / 60,,,40 / 60,2018,0,,17448,2,Hunter,Greene,RHP,18,CIN,2018,2018 Report,22182,0,,42,2,55,0,2021,1st rd 2017,,76,197,R,R,Notre Dame HS (CA),"Greene forces scouts to project heavily on his secondary stuff, and not everyone thinks he'll be able to develop an especially effective breaking ball. But he has elite velocity, prototypical size and the athleticism and fluidity to at least project on his changeup and command pretty significantly.",tKAAzmpe180,,,,,,,,,,,,,70.0,80.0,50.0,55.0,40.0,45.0,,,40.0,60.0,0,0,,0,High,3,4.000,40.0,60.0,,
MLB,MLB,sa737848,Jake Bauers,Jake Bauers,/players/jake-bauers/15194/stats/batting,15194,1B/OF,23.0,,,Low,2018,50,200,"6' 1""",,43,4,,Marina HS (CA),45 / 60,45 / 50,55 / 55,45 / 45,50 / 55,50 / 50,,,,,,,,2018,0,,17290,4,Jake,Bauers,RF,22,TBR,2018,2018 Report,15194,0,,43,4,50,0,2018,7th rd 2013,,73,200,L,L,Marina HS (CA),"Bauers was an under-the-radar prospect as an amateur (he was the third best left-handed hitter on his travel team behind 1st rounders SS J.P. Crawford and 1B Dominic Smith) and as a pro (he was at least the fifth-most valuable player at the time of the Wil Myers-Trea Turner-Steven Souza-Joe Ross trade that sent Bauers from San Diego to Tampa Bay). As an amateur, Bauers was young for his class and had an advanced feel to hit, but was at the wrong end of the defensive spectrum and without much power. His hit tool has continually improved and in 2017 at Triple-A, his improved raw power showed up in games to a level where scouts think he can profile in a corner outfield position. He's also slimmed up and become an above average right fielder in the process of adding raw power in pro ball, a tribute to Bauers' work ethic.",RIpGBoPaobE,45.0,60.0,45.0,50.0,55.0,55.0,45.0,45.0,50.0,55.0,50.0,50.0,,,,,,,,,,,0,0,,0,Low,n/a,5.084,,,,
MLB,MLB,sa943524,Yordan Alvarez,Yordan Alvarez,/players/yordan-alvarez/19556/stats/batting,19556,DH/OF,21.0,,,Medium,2020,50,225,"6' 5""",,44,3,,Cuba,40 / 55,30 / 55,65 / 65,50 / 45,40 / 50,45 / 45,,,,,,,,2018,0,,17525,3,Yordan,Alvarez,LF,20,HOU,2018,2018 Report,19556,0,,44,3,50,0,2020,J2 2017,,77,225,L,L,Cuba,"The Dodgers signed Alvarez for $2 million just before the 2015 International Free Agency calendar turned over, then traded him to Houston for Josh Fields a few months later. In his pro debut, Alvarez was a force of nature at Low-A before his in-game power tapered off after promotion to Hi-A Buies Creek. Alvarez does have plus raw power and good feel to hit with a swing that has enough natural loft that scouts thihnk he'll hit for contact and power. That may take an adjustment that gets Alvarez hitting the ball in the air more often, but the hope is that he just starts doing that naturally without mechanical compromise. Alvarez looks athletic and fleet-footed enough to play an outfield corner right now but he's already a massive 225 pounds at a age 20 and will probably end up at first base. He has the physical capability to mash enough for first and his first season was encouraging. If the feel for airborne contact starts coming, he could move way up this list during the summer.",tkkmkG5q82o,40.0,55.0,30.0,55.0,65.0,65.0,50.0,45.0,40.0,50.0,45.0,45.0,,,,,,,,,,,0,0,,0,Medium,n/a,6.113,,,,
,MLB,sa917921,Ian Anderson,Ian Anderson,/players/ian-anderson/19951/stats/pitching,19951,P,-1.0,,,Medium,2020,50,170,"6' 3""",,45,6,,Shenendowa HS (NY),,,,,,,55 / 60,,55 / 60,45 / 55,,,40 / 55,2018,0,,17398,6,Ian,Anderson,RHP,18,ATL,2018,2018 Report,19951,0,,45,6,50,0,2020,1st rd 2016,,75,170,R,R,Shenendowa HS (NY),"Anderson first got on many scouts' radars when, in 2015 as a high school junior, he faced senior and soon-to-be Rays 1st rounder CF Garrett Whitley in a high-profile matchup. Anderson has made steady progress since then, despite a senior season slowed by illness and an oblique injury, going 3rd overall in the 2016 Draft. He had a prototypical pitching prospect's projectable frame, along with three above average pitches and the potential for above average command to profile as a front-to-middle rotation starter. Anderson works up in the zone at 92-95, touching 97 mph with elite extension that allows it to play even quicker but a combination of corraling his rising velocity along with minor league level umpires inconsistent at calling high strikes has impacted his walk figures.",HxXHHVrAXyQ,,,,,,,,,,,,,55.0,60.0,,,55.0,60.0,,,40.0,55.0,0,0,,0,Medium,0,2.082,45.0,55.0,,
,MLB,sa738175,Willie Calhoun,Willie Calhoun,/players/willie-calhoun/17838/stats/batting,17838,DH/OF,-1.0,,,Low,2018,50,210,"5' 9""",,46,1,,Yavapai JC (AZ),50 / 60,50 / 60,65 / 65,30 / 30,40 / 40,45 / 45,,,,,,,,2018,0,,17321,1,Willie,Calhoun,DH,23,TEX,2018,2018 Report,17838,0,,46,1,50,0,2018,4th rd 2015,,69,210,S,R,Yavapai JC (AZ),"Calhoun doesn't have a position (he's been tried at third, second and in the outfield since college) but he's going to rake. Scouts have him projected for plus hit and power. He takes huge, beer league softball hacks but has the hand-eye coordination and bat controol to make it work. He could yank out 30 or more homers as soon as he's given regular at-bats. The corner outfield and DH situation is Texas is pretty crowded but he should start seeing regular big league time this year. There's some risk that Calhoun's aggression is exploited the way Rougie Odor's has been, but otherwise Calhoun looks like a stable mid-order slugger.",OG7XMXYBi4g,50.0,60.0,50.0,60.0,65.0,65.0,30.0,30.0,40.0,40.0,45.0,45.0,,,,,,,,,,,0,0,,0,Low,0,4.118,,,,
,MLB,sa737440,Austin Meadows,Austin Meadows,/players/austin-meadows/15672/stats/batting,15672,DH/OF,-1.0,,,Low,2018,50,200,"6' 3""",,47,2,,Grayson HS (GA),45 / 60,40 / 45,55 / 55,60 / 55,45 / 50,40 / 40,,,,,,,,2018,0,,17662,2,Austin,Meadows,OF,22,PIT,2018,2018 Report,15672,0,,47,2,50,0,2018,1st rd 2013,,75,200,L,L,Grayson HS (GA),"Meadows has dealt with multiple hamstring injuries and then altered his approach to contact after his initial struggles at Triple-A last year. It was a bad year and the industry has grown increasingly ocncerned about Meadows' ability to stay healthy, especially if it means he'll eventually move to left field. But he was running well late in the year and still has the strength in his wrists to do extra-base damage while making plenty of contact. He still projects as an everyday player with above-average upside and the McCutchen trade clears a path for him to reach the Majors this year.",DGW11I8agcw,45.0,60.0,40.0,45.0,55.0,55.0,60.0,55.0,45.0,50.0,40.0,40.0,,,,,,,,,,,0,0,,0,Low,n/a,5.074,,,,
,MLB,sa828699,Alex Verdugo,Alex Verdugo,/players/alex-verdugo/17027/stats/batting,17027,OF,-1.0,,,Low,2018,50,205,"6' 0""",,48,2,,Sahuaro HS (AZ),50 / 60,40 / 50,55 / 55,45 / 40,50 / 50,60 / 60,,,,,,,,2018,0,,17551,2,Alex,Verdugo,RF,21,LAD,2018,2018 Report,17027,0,,48,2,50,0,2018,2nd rd 2014,,72,205,L,L,Sahuaro HS (AZ),"Verdugo was a legit top-3 round talent as both a hitter and pitcher coming out of high school in 2014 and some were surprised when the Dodgers took him in the 2nd round and announced him as a hitter. He's rewarded their faith, showing the expected plus bat, but not quite delivering on his game power potential, while also losing a step and becoming a right fielder, when he was a serviceable center fielder as an amateur. There's some maturity concerns that have dogged Verdugo for years, but he's essentially big league ready with a 60 bat and arm, along with the potential for a fun position player pitcher option.",mRH_od9cYyw,50.0,60.0,40.0,50.0,55.0,55.0,45.0,40.0,50.0,50.0,60.0,60.0,,,,,,,,,,,0,0,,0,Low,n/a,6.158,,,,
MLB,MLB,sa872787,Jesús Sánchez,Jesus Sanchez,/players/jesus-sanchez/19913/stats/batting,19913,OF,14.0,,,High,2020,50,185,"6' 2""",,49,5,,Dominican Republic,20 / 50,30 / 55,55 / 60,50 / 50,50 / 55,60 / 60,,,,,,,,2018,0,,17291,5,Jesus,Sanchez,RF,20,TBR,2018,2018 Report,19913,0,,49,5,50,0,2020,J2 2014,,74,185,L,R,Dominican Republic,"The Rays blew past their international signing pool in 2014 with headline prospect SS Adrian Rondon getting the bulk of their pool ($2.95 million bonus) and some called Rondon the top prospect in the class, while the Rays insisted that Sanchez ($400,000 bonus) was much closer in talent than their bonuses and reputation would indicate. Today, Sanchez is the clearly superior prospect and one of the top five in his singing class due to his quick-developing plus raw power and advanced feel to get to his power in games without excessive swing and miss. He's also deceptively quick and instinctive in the outfield, with a nonzero chance of playing center field at the upper levels, but likely settling in as an above average right fielder.",Ybem0ytsehY,20.0,50.0,30.0,55.0,55.0,60.0,50.0,50.0,50.0,55.0,60.0,60.0,,,,,,,,,,,0,0,,0,High,0,4.118,,,,
MLB,MLB,sa906282,Juan Soto,Juan Soto,/players/juan-soto/20123/stats/batting,20123,OF,25.0,,,Medium,2020,50,190,"6' 1""",,50,3,,Dominican Republic,30 / 55,30 / 55,55 / 60,45 / 40,40 / 50,55 / 55,,,,,,,,2018,0,,17601,3,Juan,Soto,OF,19,WSN,2018,2018 Report,20123,0,,50,3,50,0,2020,J2 2015,,73,190,L,L,Dominican Republic,"Soto was seen as an advanced bat with present raw power in his July 2nd class signing for $1.5 million, but has quickly smashed those expectations, becoming one of the best all-around young hitters in the minor leagues. Soto has put up cartoon numbers in two short summer in pro ball, slowed but some minor injuries. He's also limited to a corner outfield spot where he's likely average at best, so there isn't a huge margin for error in projecting him, but the bat is so advanced he's likely to carve out a big league career of some sort.",Uu0OZm4SJ9Q,30.0,55.0,30.0,55.0,55.0,60.0,45.0,40.0,40.0,50.0,55.0,55.0,,,,,,,,,,,0,0,,0,Medium,n/a,7.134,,,,
AAA,MLB,sa874760,Triston McKenzie,Triston McKenzie,/players/triston-mckenzie/18000/stats/pitching,18000,P,29.0,,,Medium,2020,50,160,"6' 5""",,51,2,,Royal Palm Beach HS (FL),,,,,,,55 / 60,,55 / 60,40 / 45,,,50 / 60,2018,0,,17125,2,Triston,McKenzie,RHP,20,CLE,2018,2018 Report,18000,0,,51,2,50,0,2020,1st rd 2015,,77,160,R,R,Royal Palm Beach HS (FL),"McKenzie is a very unique pitching prospect. He's most quickly noticeable for his extra-lanky frame, at something like 6'5, 165 lbs. He also has elite extension and command along with general feel for his craft, allowing above average stuff to play as plus stuff, along with projecting for big league success as as starter despite a below average changeup.",SaiUEE5AOzQ,,,,,,,,,,,,,55.0,60.0,,,55.0,60.0,,,50.0,60.0,0,0,,0,Medium,0,4.029,40.0,45.0,,
AAA,MLB,sa828691,Monte Harrison,Monte Harrison,/players/monte-harrison/17216/stats/batting,17216,OF,-1.0,,,High,2020,50,220,"6' 3""",,52,2,,Lee's Summit West HS (MO),30 / 45,30 / 55,60 / 60,60 / 60,45 / 50,80 / 80,,,,,,,,2018,0,,17495,2,Monte,Harrison,CF,22,MIA,2018,2018 Report,17216,0,,52,2,50,0,2020,2nd rd 2014,,75,220,R,R,Lee's Summit West HS (MO),"Early-career injuries limited the developmental reps that Harrison badly needed as a pro, as he was a multi-sport high school superstar who hadn't played baseball full time. He finally broke out in 2017, hitting .270/.350/.480 with fifty extra-base hits and 27 steals. This came after a swing change that probably still needs refinement to unlock what Harrison is truly capable of. He has plus raw power, is a plus runner and has an 80 arm. His swing path is still a little inefficient and he'll need to be more selective at the plate, but he has a volatile All Star ceiling.",RRzOrr9b4V8,30.0,45.0,30.0,55.0,60.0,60.0,60.0,60.0,45.0,50.0,80.0,80.0,,,,,,,,,,,0,0,,0,High,0,0.120,,,,
AAA,MLB,sa621019,Colin Moran,Colin Moran,/players/colin-moran/16909/stats/batting,16909,1B/3B,11.0,,,Low,2018,50,204,"6' 4""",,53,3,,North Carolina,55 / 55,50 / 50,50 / 50,30 / 30,45 / 50,55 / 55,,,,,,,,2018,0,,17663,3,Colin,Moran,3B,25,PIT,2018,2018 Report,16909,0,,53,3,50,0,2018,1st rd 2013,,76,204,L,R,North Carolina,"Moran made substantive changes to his swing in 2017 which unlocked dormant raw power without compromising his natural feel to hit. He's not a great defensive third baseman but does enough to stay there and has enough stick to play everyday. He's ready now and should get plenty of reps in 2017, especially if Josh Harrison is moved before the season.",,55.0,55.0,50.0,50.0,50.0,50.0,30.0,30.0,45.0,50.0,55.0,55.0,,,,,,,,,,,0,0,,0,Low,1,4.107,,,,
,AAA,sa868984,Yadier Alvarez,Yadier Alvarez,/players/yadier-lvarez/sa868984/stats/pitching,sa868984,P,-1.0,,,High,2020,50,175,"6' 3""",,54,3,,Cuba,,,,,,,60 / 70,50 / 60,40 / 45,40 / 50,,,30 / 45,2018,0,,17552,3,Yadier,Alvarez,RHP,22,LAD,2018,2018 Report,sa868984,0,,54,3,50,0,2020,J2 2015,,75,175,R,R,Cuba,"Alvarez made little developmental progress in 2017 and remains wild and without a changeup much to the chagrin of scouts enamored with his ability to generate effortless upper-90s velocity. What Alvarez posesses in grace and fluidity he lacks in touch and feel for pitch manipulation, and his release is inconsisntent. His slider flashes plus, but is left up in the zone too often. The industry has begun talking about Alvarez's makeup after he looked out of shape early last spring, but he's in Arizona already working on his changeup in command in preparation for the season. He's looking less likely to be a dominant front end starter (or a starter at all) but his stuff is probably good enough to make some kind of eventual impact either as a #4 starter or late-inning arm.",GPeREXyoEzQ,,,,,,,,,,,,,60.0,70.0,50.0,60.0,40.0,45.0,,,30.0,45.0,0,0,,0,High,3,0.000,40.0,50.0,,
MLB,MLB,sa874756,Austin Riley,Austin Riley,/players/austin-riley/18360/stats/batting,18360,3B,16.0,,,Medium,2018,50,220,"6' 2""",,55,7,,DeSoto Central HS (MS),35 / 45,45 / 60,65 / 65,45 / 40,40 / 45,60 / 60,,,,,,,,2018,0,,17399,7,Austin,Riley,3B,19,ATL,2018,2018 Report,18360,0,,55,7,50,0,2018,1st rd 2015,,74,220,R,R,DeSoto Central HS (MS),"Riley was a tough read for scouts as an amateur, with an even split in the industry preferring him as hitter or pitcher. He was also set to punt for the Mississippi State football team if he got to campus, but the Braves popped him in the sandwich round as a hitter, surprising many as only a few clubs were interested in Riley that early in the draft. He's rewarded the Braves' faith in his offensive ability, pumping 52 homers in 2.5 seasons while also being young for the league the whole way, reaching Double-A as a 20-year-old. Riley has slimmed down and has a chance to stick at third base now, but his plus raw power and improving contact ability will play anywhere on the diamond, possibly as soon as this September in the big leagues.",U7WhBMK_uYA,35.0,45.0,45.0,60.0,65.0,65.0,45.0,40.0,40.0,45.0,60.0,60.0,,,,,,,,,,,0,0,,0,Medium,n/a,6.138,,,,
MLB,MLB,sa874730,Ke'Bryan Hayes,Ke'Bryan Hayes,/players/kebryan-hayes/18577/stats/batting,18577,3B,18.0,,,Medium,2020,50,210,"6' 1""",,56,4,,Concordia Lutheran (TX),40 / 55,30 / 40,45 / 50,60 / 55,45 / 60,60 / 60,,,,,,,,2018,0,,17664,4,Ke'Bryan,Hayes,3B,20,PIT,2018,2018 Report,18577,0,,56,4,50,0,2020,1st rd 2015,,73,210,R,R,Concordia Lutheran (TX),"A potential plus-plus defender at third base, Hayes is also remarkably selective and has above-average bat control. Though his frame doesn't suggest he'll grow into prototypical corner power, there's a chance a swing change can coax more out of him, especially if Hayes applies his mature pitch selection to a mindset focused on hunting pitches he can drive. He projects as a potential above-average regular who is a few years away, but the ceiling is a bit higher than that.",VAR1hcC2Clk,40.0,55.0,30.0,40.0,45.0,50.0,60.0,55.0,45.0,60.0,60.0,60.0,,,,,,,,,,,0,0,,0,Medium,n/a,5.075,,,,
MLB,MLB,sa917943,Taylor Trammell,Taylor Trammell,/players/taylor-trammell/19960/stats/batting,19960,OF,21.0,,,Medium,2021,50,195,"6' 2""",,57,3,,Mount Paran HS (GA),30 / 55,30 / 50,50 / 55,70 / 70,30 / 45,30 / 30,,,,,,,,2018,0,,17449,3,Taylor,Trammell,OF,20,CIN,2018,2018 Report,19960,0,,57,3,50,0,2021,1st rd 2016,,74,195,L,L,Mount Paran HS (GA),Two-sport high schoolers don't often look as polished as Trammell does at the plate,q4xKSJPOmr4,30.0,55.0,30.0,50.0,50.0,55.0,70.0,70.0,30.0,45.0,30.0,30.0,,,,,,,,,,,0,0,,0,Medium,0,2.144,,,,
MLB,MLB,sa657910,Jorge Mateo,Jorge Mateo,/players/jorge-mateo/17273/stats/batting,17273,SS,16.0,,,High,2018,50,188,"6' 0""",,58,3,,Dominican Republic,40 / 50,35 / 50,50 / 55,80 / 80,40 / 50,55 / 55,,,,,,,,2018,0,,17253,3,Jorge,Mateo,CF,22,OAK,2018,2018 Report,17273,0,,58,3,50,0,2018,J2 2011,,72,188,R,R,Dominican Republic,"The injury to Gleyber Torres forced an underperforming Mateo to Trenton. Upon his arrival, he added a leg kick and immediately began driving the ball with more power. Mateo has strong wrists and can shoot the ball in the gap to all fields and sprint for extra bases. While his success at Double-A (before and after the trade) has some small-sample stink on it, the fact that it was paired with a substantive mechanical change might mean it’s more representative of his future output. Defensively, Mateo has the physical traits to remain at shortstop, though the Yankees had been playing him at second base and in center field as well. Scouts get frustrated with Mateo’s fundamentals at short, but think he has the chance to be average there at his peak. Many are intrigued by what he might be able to do in center field, full-time, with his elite speed but Oakland played him exclusively at short after acquiring him. Much of Mate's future remains fuzzy but he has many top-of-the-order qualities and is likely to play up the middle.",E87r8QWTQ8c,40.0,50.0,35.0,50.0,50.0,55.0,80.0,80.0,40.0,50.0,55.0,55.0,,,,,,,,,,,0,0,,0,High,n/a,6.000,,,,
,MLB,sa828366,Albert Abreu,Albert Abreu,/players/albert-abreu/17485/stats/pitching,17485,P,-1.0,,,High,2019,50,175,"6' 2""",,59,4,,Dominican Republic,,,,,,,65 / 65,,55 / 60,55 / 65,,,40 / 45,2018,0,,17227,4,Albert,Abreu,RHP,22,NYY,2018,2018 Report,17485,0,,59,4,50,0,2019,J2 2013,,74,175,R,R,Dominican Republic,"The electric nature of Abreu's stuff makes him likely to play some kind of significant big league role even if he fails to develop starter's command. He sits 95-98 and touches 100 with his fastball whlie also showing an occasionally plus breaking ball and plus-plus changeup. He's an excellent candidate for multi-inning relief at least, and could be much more if his command develops.",8UBks6qnE-Q,,,,,,,,,,,,,65.0,65.0,,,55.0,60.0,,,40.0,45.0,0,0,,0,High,0,2.118,55.0,65.0,,
AAA,MLB,sa828666,Touki Toussaint,Touki Toussaint,/players/touki-toussaint/16929/stats/pitching,16929,P,,,,High,2018,50,185,"6' 3""",,60,8,,Coral Springs Christian HS (FL),,,,,,,60 / 60,,65 / 65,55 / 60,,,40 / 45,2018,0,,17400,8,Touki,Touisaint,RHP,20,ATL,2018,2018 Report,16929,0,,60,8,50,0,2018,1st rd 2014,,75,185,R,R,Coral Springs Christian HS (FL),"Toussaint burst onto the scouting scene when he hit 97 mph with a plus plus curveball as a high school underclassman, but his delivery and command needed lots of work at that point. He's slowly made adjustments--just before the 2014 Draft he dialed down the high octane stuff so he could command it better--and made his biggest strides in 2017. Toussaint's changeup that had shown flashes was consistently above average to plus, his 70 curveball and 96+ fastball was still in his back pocket when needed, but he opted for a low-90's sinker and above average curveball with more command of both early in the game. His skillset now fits the changing big league game: he may continue his path into becoming the frontline starter many envisioned when he was 16 years old or he could be a Lance McCullers-like swiss army knife that's one of the most valuable piece of a staff without ever pitching 200 innings. Either way he could be a devastating big league presence by the end of 2018, particularly in 1-2 inning stints.",qaR9D8rYrhY,,,,,,,,,,,,,60.0,60.0,,,65.0,65.0,,,40.0,45.0,0,0,,0,High,0,3.115,55.0,60.0,,
MLB,MLB,sa737633,Tyler O'Neill,Tyler O'Neill,/players/tyler-oneill/15711/stats/batting,15711,OF,2.0,,,Medium,2018,50,210,"5' 11""",,61,2,,Maple Ridge HS (CAN),30 / 40,50 / 55,70 / 70,55 / 55,45 / 45,55 / 55,,,,,,,,2018,0,,17690,2,Tyler,O'Neill,OF,22,STL,2018,2018 Report,15711,0,,61,2,50,0,2018,3rd rd 2013,,71,210,R,R,Maple Ridge HS (CAN),"The more we talked about O'Neill (and the swing change he made after being traded to St. Louis) the more we started to buy his chances of tapping into most or all of his plus-plus raw power in games. He doesn't have great feel to hit nor is he an especially good defensive outfielder, but O'Neill is likely to reach base at an above-average rate and hit for a ton of power, so he's pretty likely to be a good everyday big leaguer. He does have some 4A hitter traits which is why his profile carries some variance despite his long track record of success, but we were saying the same thing about Aaron Judge last offseason.",65VN9HWZNW0,30.0,40.0,50.0,55.0,70.0,70.0,55.0,55.0,45.0,45.0,55.0,55.0,,,,,,,,,,,0,0,,0,Medium,n/a,7.059,,,,
,MLB,sa872856,Anderson Espinoza,Anderson Espinoza,/players/anderson-espinoza/18593/stats/pitching,18593,P,-1.0,,,High,2019,50,170,"6' 0""",,62,5,,Venezuela,,,,,,,55 / 60,,50 / 60,50 / 60,,,40 / 50,2018,0,,17716,5,Anderson,Espinoza,RHP,19,SDP,2018,2018 Report,18593,0,,62,5,50,0,2019,J2 2014,,72,170,R,R,Venezuela,"Espinoza was 94-97 and flashed a plus changeup and curveball during his final spring training start of 2017. Between that outing and his first regular season start for Hi-A Lake Elsinore, he felt discomfort in his elbow and was shut down. After several weeks of rest and rehab, it was decided that he needed Tommy John surgery, which he had early in August. The timing wasn't great and Espinoza may also miss all of 2018 working back from surgery. He has front end stuff but, even if it returns, he'll have missed two years of reps that he desperately needed to polish his below-average control.",LMN6OIaQsEA,,,,,,,,,,,,,55.0,60.0,,,50.0,60.0,,,40.0,50.0,0,0,,0,High,1,1.033,50.0,60.0,,
,MLB,sa738241,Dustin Fowler,Dustin Fowler,/players/dustin-fowler/17098/stats/batting,17098,OF,-1.0,,,Low,2018,50,195,"6' 0""",,63,4,,West Laurens HS (GA),50 / 55,40 / 50,55 / 55,60 / 60,45 / 50,45 / 45,,,,,,,,2018,0,,17254,4,Dustin,Fowler,CF,23,OAK,2018,2018 Report,17098,0,,63,4,50,0,2018,18th rd 2013,,72,195,L,L,West Laurens HS (GA),"Fowler is a plus runner and viable defensive center fielder who has a chance to be an above-average defender there at peak. He has plus bat speed which allows him to turn on good velocity and generate more pull-side power than is typical for a plus-running center field prospect. Fowler has a chance to hit .280 or so, with 15-18 annual homers and do lots of extra-base damage with his legs. While his aggressive approach at the plate will likely limit his on-base ability to something just beneath league average, he’s very likely to be an average everyday player and potentially a tick more than that, assuming his pre-injury speed returns.",FLb3S3KNFvk,50.0,55.0,40.0,50.0,55.0,55.0,60.0,60.0,45.0,50.0,45.0,45.0,,,,,,,,,,,0,0,,0,Low,0,1.067,,,,
MLB,MLB,sa873265,Will Smith,Will Smith,/players/will-smith/19197/stats/batting,19197,C,22.0,,,Medium,2019,50,192,"6' 0""",,64,4,,Louisville,40 / 55,40 / 50,50 / 50,55 / 50,50 / 55,60 / 60,,,,,,,,2018,0,,17553,4,Will,Smith,C,23,LAD,2018,2018 Report,19197,0,,64,4,50,0,2019,1st rd 2016,,72,192,R,R,Louisville,"Smith was an athletic, multi-positional prospect at Louisville whose stock spiked close to draft time. He was considered a potential plus defensive catcher who might hit an empty .280. In the last year, Smith has altered his stride in a way that has increased his in-game power rather significantly. He has terrific natural bat control and finds a way to get the barrel to various parts of the hitting zone and the change is offensive footwork didn't alter his peripherals. He remains a strong defensive catcthing prospect who now has a chance to hit for average and power while also moonlighting at second and third base when needed. He's an Austin Barnes sequel who's perhaps two years from the Majors.",PAOgaHuSvPg,40.0,55.0,40.0,50.0,50.0,50.0,55.0,50.0,50.0,55.0,60.0,60.0,,,,,,,,,,,0,0,,0,Medium,n/a,6.090,,,,
MLB,MLB,sa828681,Jack Flaherty,Jack Flaherty,/players/jack-flaherty/17479/stats/pitching,17479,P,6.0,,,Low,2018,50,205,"6' 4""",,65,3,,Harvard Westlake HS (CA),,,,,,,55 / 55,50 / 55,55 / 55,40 / 45,,,50 / 55,2018,0,,17691,3,Jack,Flaherty,RHP,22,STL,2018,2018 Report,17479,0,,65,3,50,0,2018,1st rd 2014,,76,205,R,R,Harvard Westlake HS (CA),"Flaherty reached the majors in 2017, just his third full pro season. His fastball ranges 90 to 95mph, sitting mostly 92-94 with enough sink to mitigate its lack of downhill plane and Flaherty will pitch with above-average fastball command. To put hitters away, Flaherty relies on a slider and curveball while occasionally mixing in a changeup. His curveball has a bit more depth and vertical action to it than the slider does and it’s his best secondary pitch on pure stuff, but Flaherty’s terrific arm-side command of his slider makes that his most effective.His fringey, sinking, upper-80s changeup induces ground balls but doesn’t miss bats right now, and well-located breaking balls are his best chance of whiffing lefties. He projects as a ready No. 3/4 starter.",vSy5LD5ZWXk,,,,,,,,,,,,,55.0,55.0,50.0,55.0,55.0,55.0,,,50.0,55.0,0,0,,0,Low,n/a,8.006,40.0,45.0,,
MLB,MLB,sa3004837,Jo Adell,Jo Adell,/players/jo-adell/20220/stats/batting,20220,OF,1.0,,,High,2021,50,195,"6' 2""",,66,2,,Ballard HS (KY),20 / 50,30 / 60,60 / 70,55 / 45,40 / 55,30 / 60,,,,,,,,2018,0,,17042,2,Jo,Adell,OF,18,LAA,2018,2018 Report,20220,0,,66,2,50,0,2021,1st rd 2017,,74,195,R,R,Ballard HS (KY),"Teams had widely varying evaluations of Adell ahead of the 2017 draft, but he raked in pro ball after signing and started to silence critics. He has huge raw power and enough straightline speed to develop as a center fielder, though he may not stay there. His arm strength evaporated last year (he was up to 94 on the mound as a rising senior but was throwing with a 30 arm during 2017 instructional league) and there's still some hit tool volatility which makes Adell quite risky, but he has middle of the order potential.",tpQIfgNoqIE,20.0,50.0,30.0,60.0,60.0,70.0,55.0,45.0,40.0,55.0,30.0,60.0,,,,,,,,,,,0,0,,0,High,0,4.085,,,,
,MLB,sa872759,Jorge Guzmán,Jorge Guzman,/players/jorge-guzman/17505/stats/pitching,17505,P,-1.0,,,High,2021,50,182,"6' 2""",,67,3,,Dominican Republic,,,,,,,70 / 80,50 / 60,,45 / 55,,,40 / 50,2018,0,,17496,3,Jorge,Guzman,RHP,22,MIA,2018,2018 Report,17505,0,,67,3,50,0,2021,J2 2013,,74,182,R,R,Dominican Republic,"In 2017, Guzman went to the New York-Penn League and threw strikes with a 96-102 mph fastball and plus slider. He struck out 88 hitters in 66 innings. His changeup is still raw, and scouts don’t like his stiff, hunched posture during his delivery, but he throws strikes and has a chance to start. He could have an 80 fastball and 70 slider at peak, which alone could make him an elite reliever. If Marlins player development can improve his changeup, or develop a different third pitch, his ceiling as a rotation piece is quite high. He enters his age-22 season in 2018.",97COg64IK0I,,,,,,,,,,,,,70.0,80.0,50.0,60.0,,,,,40.0,50.0,0,0,,0,High,1,1.005,45.0,55.0,,
,AA,sa3004968,Tristen Lutz,Tristen Lutz,/players/tristen-lutz/sa3004968/stats/batting,sa3004968,OF,-1.0,,,High,2020,50,210,"6' 3""",,68,3,,Martin HS (TX),25 / 45,25 / 60,70 / 70,50 / 45,40 / 50,60 / 60,,,,,,,,2018,0,,17575,3,Tristen,Lutz,OF,19,MIL,2018,2018 Report,sa3004968,0,,68,3,50,0,2020,1st rd 2017,,75,210,R,R,Martin HS (TX),"Lutz was about as under-the-radar as a first round pick that went to a number of high-profile showcases could be. His 70-grade raw power puts up exit velocities that would fit near the top of MLB leaderboards, along with good enough pitch selection to get to his power in games and enough athleticism to play an average defensive right field. He's only had 187 plate appearances in pro ball but could move quickly, similar to how Braves' 3B Austin Riley reached Double-A at age 20, if Lutz's tools play as quickly as some scouts expect.",HD5Gdv4-45Q,25.0,45.0,25.0,60.0,70.0,70.0,50.0,45.0,40.0,50.0,60.0,60.0,,,,,,,,,,,0,0,,0,High,R5,,,,,
MLB,MLB,sa874807,Jahmai Jones,Jahmai Jones,/players/jahmai-jones/18872/stats/batting,18872,DH/OF,6.0,,,Low,2020,50,210,"5' 11""",,69,3,,Wesleyan HS (GA),35 / 60,30 / 45,45 / 50,60 / 60,45 / 55,45 / 45,,,,,,,,2018,0,,17043,3,Jahmai,Jones,CF,20,LAA,2018,2018 Report,18872,0,,69,3,50,0,2020,2nd rd 2015,,71,210,R,R,Wesleyan HS (GA),Jones made adjustments and hit his way to Hi-A as a 19-year-old after a bad first month of 2017. He still chases breaking balls away from him too often but otherwise has great feel to hit and sprays hard contact all over the field. He's a plus runner with the speed to play center field and he should continue to develop there as he accrues more reps (Jones was a high school infielder and two-sport prospect). He profiles as a table-setting doubles machine.,p2KH9PAlrjM,35.0,60.0,30.0,45.0,45.0,50.0,60.0,60.0,45.0,55.0,45.0,45.0,,,,,,,,,,,0,0,,0,Low,0,1.148,,,,
MLB,MLB,sa917981,Jesús Luzardo,Jesus Luzardo,/players/jesus-luzardo/19959/stats/pitching,19959,P,26.0,,,Medium,2020,50,209,"5' 11""",,70,5,,Stoneman Douglas HS (FL),,,,,,,55 / 55,,50 / 60,50 / 60,,,45 / 55,2018,0,,17255,5,Jesus,Luzardo,LHP,20,OAK,2018,2018 Report,19959,0,,70,5,50,0,2020,3rd rd 2016,,71,209,L,L,Stoneman Douglas HS (FL),"Luzardo was a polished prep lefty with command of an advanced changeup and breaking ball, as well as an 88-92mph fastball that spiked into the mid-90s during his senior spring. Soon after his velo ticked up, Luzardo got hurt and needed Tommy John. The Nationals drafted him, gave him an over slot $1.4 million, and then traded him to Oakland the following year. Luzardo has remade his physique and his pre-surgery surge in velocity has been retained. He was up to 98 at times last year, sitting 90-95 with advanced command. His changeup and breaking ball should mature into above-average pitches, and Luzardo should move quickly through the minors as a potential mid-rotation starter.",XPMeIpPKW2k,,,,,,,,,,,,,55.0,55.0,,,50.0,60.0,,,45.0,55.0,0,0,,0,Medium,n/a,5.165,50.0,60.0,,
MLB,MLB,sa738162,Danny Jansen,Danny Jansen,/players/danny-jansen/16535/stats/batting,16535,C,13.0,,,Low,2018,50,225,"6' 2""",,71,4,,West HS (WI),50 / 60,30 / 45,50 / 50,30 / 30,45 / 50,55 / 55,,,,,,,,2018,0,,17351,4,Danny,Jansen,C,22,TOR,2018,2018 Report,16535,0,,71,4,50,0,2018,16th rd 2013,,74,225,R,R,West HS (WI),"Scouts' opinions of Jansen were all over the map during the first few years of his career, but those have narrowed into the 45 to 55 range now. We're buying that Jansen's 2017, which included more walks than strikeouts across three levels of the minors, is a sign of real improvement, perhaps due to the new prescription frames he got before the season. He's a fringe receiver with an above-average arm, which is fine, but he is difficult to strike out and should reach base plenty. He's a near-ready everyday catcher.",4lbMDzv8Er4,50.0,60.0,30.0,45.0,50.0,50.0,30.0,30.0,45.0,50.0,55.0,55.0,,,,,,,,,,,0,0,,0,Low,n/a,7.050,,,,
,AA,sa738344,Alec Hansen,Alec Hansen,/players/alec-hansen/sa738344/stats/pitching,sa738344,P,-2.0,,,High,2020,50,240,"6' 7""",,72,4,,Oklahoma,,,,,,,60 / 60,45 / 50,60 / 60,40 / 45,,,40 / 45,2018,0,,17102,4,Alec,Hansen,RHP,23,CHW,2018,2018 Report,sa738344,0,,72,4,50,0,2020,2nd rd 2016,,79,240,R,R,Oklahoma,"A talented enigma at Oklahoma, Hansen's prodigious stuff was finally deployed with some consistency in 2017 as he struck out a whopping 191 hitters in 141.1 innings. His fastball and curveball are both plus while his changeup, slider and command remain fringey, but fringe command is still more than a grade better than what Hansen showed in college. He's progressing but remains a volatile prospect with #2/3 starter potential",VQzZu_90hZk,,,,,,,,,,,,,60.0,60.0,45.0,50.0,60.0,60.0,,,40.0,45.0,0,0,,0,High,R5,,40.0,45.0,,
AAA,MLB,sa832877,Adonis Medina,Adonis Medina,/players/adonis-medina/19903/stats/pitching,19903,P,,,,Medium,2020,50,185,"6' 1""",,73,4,,Dominican Republic,,,,,,,55 / 60,50 / 55,40 / 45,45 / 55,,,40 / 50,2018,0,,17638,4,Adonis,Medina,RHP,21,PHI,2018,2018 Report,19903,0,,73,4,50,0,2020,J2 2013,,73,185,R,R,Dominican Republic,"After spending 2016 focusing on fastball command and breaking ball transition, Medina finally posted stats comensurate with his prodigious stuff. He sits 92-95 with a late-breaking slider and his changeup and command have progressed as expected given his delivery and athleticism. He still needs to polish his command and the demarcation between his slider and curve but Medina has made significant developmental progress during the last two seasons and should continue doing so. He projects as an above-average big league starter.",Ts8FVwBeFVY,,,,,,,,,,,,,55.0,60.0,50.0,55.0,40.0,45.0,,,40.0,50.0,0,0,,0,Medium,0,0.082,45.0,55.0,,
,MLB,sa828671,Cole Tucker,Cole Tucker,/players/cole-tucker/17326/stats/batting,17326,SS/OF,-1.0,,,Medium,2020,50,185,"6' 3""",,74,5,,Mountain Pointe HS (AZ),30 / 55,30 / 40,45 / 50,60 / 55,40 / 45,50 / 55,,,,,,,,2018,0,,17665,5,Cole,Tucker,SS,21,PIT,2018,2018 Report,17326,0,,74,5,50,0,2020,1st rd 2014,,75,185,S,R,Mountain Pointe HS (AZ),"Tucker does a little bit of everything and projects to stay at shortstop while providing modest offensive output. His arm strength has returned to something more closely resembling its pre-injury (labrum) form, bolstering confidence in his abiity to stay at short. Offensively, Tucker is patient and has a contact-first approach, but there's enough thunder in his hands and wrists to do some extra-base damage and a chance he grows into more as he ages. He's a near-ready everyday shortstop.",Tx4MkFf8AcU,30.0,55.0,30.0,40.0,45.0,50.0,60.0,55.0,40.0,45.0,50.0,55.0,,,,,,,,,,,0,0,,0,Medium,0,2.083,,,,
,MLB,sa917922,Riley Pint,Riley Pint,/players/riley-pint/21858/stats/pitching,21858,P,-2.0,,,High,2021,50,210,"6' 4""",,75,2,,St. Thomas Aquinas HS (KS),,,,,,,70 / 70,50 / 55,60 / 65,50 / 60,,,30 / 45,2018,0,,17473,2,Riley,Pint,RHP,20,COL,2018,2018 Report,21858,0,,75,2,50,0,2021,1st rd 2016,,76,210,R,R,St. Thomas Aquinas HS (KS),"Pint was identified as a potential high first round pick as a high school underclassman, showing mid-90's velocity and a long, lanky, athletic frame in tournaments. He held serve as an elite arm over the next few years, going 4th overall in 2016 and continuing to show some of the best stuff on the planet: two 70's and two 60's on some days. The issues are with just about everything else I haven't mentioned, as Pint doesn't have much deception, he has too much effort/head whack in his delivery, his fastball doesn't have much life and he may generally just throw too hard to learn the finesse aspects of being a starting pitcher. His walk rates and contact allowed are worrisome, but the stuff and athleticism are still top of the scale, so the upside remains sky high, but scouts are getting less enthusiastic.",SHwmwNMieek,,,,,,,,,,,,,70.0,70.0,50.0,55.0,60.0,65.0,,,30.0,45.0,0,0,,0,High,1,0.020,50.0,60.0,,
MLB,MLB,sa3005097,Nate Pearson,Nate Pearson,/players/nate-pearson/20160/stats/pitching,20160,P,21.0,,,High,2020,50,245,"6' 6""",,76,5,,Central Florida JC,,,,,,,65 / 70,50 / 55,,50 / 55,,,35 / 45,2018,0,,17352,5,Nate,Pearson,RHP,21,TOR,2018,2018 Report,20160,0,,76,5,50,0,2020,1st rd 2017,,78,245,R,R,Central Florida JC,"Pearson came almost out of nowhere at a low-profile Florida junior college, going from unknown to a first round pick in less than a year, fueled by a dazzling pre-draft bullpen for scouts where he sat in the high-90's and hit 100 mph. At his best, Pearson looks like a front-of-the-rotation monster, with a strudy frame, long stride, powerful delivery and triple digit heat, to go with a slider and changeup that have flashed 60 at their best. On the other hand, there's risk with hard throwers, especially those with new velocity and Pearson has had control issues ever since his velocity spiked. He's trending in the right direction, though with his best appearances coming in May and June just before the draft, then a strong pro debut. Pearson has possibly the widest variance of potential outcomes of any player on this list.",t_D8-uewjYw,,,,,,,,,,,,,65.0,70.0,50.0,55.0,,,,,35.0,45.0,0,0,,0,High,0,4.042,50.0,55.0,,
,MLB,sa828662,Nick Gordon,Nick Gordon,/players/nick-gordon/16337/stats/batting,16337,OF,-1.0,,,Low,2019,50,175,"6' 2""",,77,2,,Olympia HS (FL),40 / 50,30 / 45,55 / 55,50 / 50,45 / 50,60 / 60,,,,,,,,2018,0,,17195,2,Nick,Gordon,SS,22,MIN,2018,2018 Report,16337,0,,77,2,50,0,2019,1st rd 2014,,74,175,L,R,Olympia HS (FL),"Gordon, son of Tom Gordon and brother of Dee Gordon, was identified as a top prospect as high school freshman in the Orlando area and has made subtle improvements since then but has been a similar player for awhile. It's a card full of grade 5 tools on the 2-8 scale and while there isn't flashy or twitchy actions, Gordon gets the most of his tools, in part due to private defensive lessons by family friend Barry Larkin pre-draft. There's some questions about how good Gordon will be defensively (sliding to 2B wouldn't be too big of a deal) and his pitch selection is below average, keeping him from getting to all of his 55-grade raw power.",bXiuMCdQJP4,40.0,50.0,30.0,45.0,55.0,55.0,50.0,50.0,45.0,50.0,60.0,60.0,,,,,,,,,,,0,0,,0,Low,0,3.097,,,,
MLB,MLB,sa657860,Max Fried,Max Fried,/players/max-fried/13743/stats/pitching,13743,P,9.0,,,Medium,2018,50,185,"6' 4""",,78,9,,Harvard Westlake HS (CA),,,,,,,50 / 55,,65 / 70,50 / 55,,,45 / 50,2018,0,,17401,9,Max,Fried,LHP,24,ATL,2018,2018 Report,13743,0,,78,9,50,0,2018,1st rd 2012,,76,185,L,L,Harvard Westlake HS (CA),"Fried was part of one of the best high school pitching staffs of all time with #67 on this list RHP Jack Flaherty and White Sox RHP Lucas Giolito. Fried went 6th overall in 2012 and had Tommy John surgery within a year, then was traded to Atlanta as the headliner in the Justin Upton deal. Fried has flashed signs of brilliance since his return but a gnarly blister limited most of his 2017 and some scouts still question his command, wondering if he fits better in short stints. No one questions his knockout curveball, which gets grades as high as a 70 from scouts on the 20-80 scale. His fastball sits 90-94 and hits 97 mph while his changeup is above average and he has a good chance to open 2017 in the Braves rotation alongside #31 on this list LHP Luiz Gohara.",XU-CcBOpwzY,,,,,,,,,,,,,50.0,55.0,,,65.0,70.0,,,45.0,50.0,0,0,,0,Medium,n/a,7.148,50.0,55.0,,
AAA,MLB,sa874464,Estevan Florial,Estevan Florial,/players/estevan-florial/19151/stats/batting,19151,OF,,,,High,2020,50,185,"6' 1""",,79,5,,Haiti,20 / 40,30 / 55,60 / 60,60 / 60,40 / 50,60 / 60,,,,,,,,2018,0,,17228,5,Estevan,Florial,CF,20,NYY,2018,2018 Report,19151,0,,79,5,50,0,2020,J2 2014,,73,185,L,R,Haiti,"Florial had an unusual start to his pro career, with paperwork issues stemming from his childhood in Haiti earning him a one-year suspension from MLB and only a $200,000 bonus despite loud tools before signing. Credit the Yankees for staying on top of Florial and pouncing one his suspension was over, as his three plus tools (raw power, speed and arm strength) are quickly obvious even to amateur observers. The only question on Florial is on his contact ability, as he will show scout extremely varied looks--some think he'll get to his power but just with plenty of swing and miss, while others question if he'll ever make enough contact to be an everyday player. No one disputes the sky-high ceiling and the Yankees have rebuffed many efforts of other clubs to trade for Florial, but the variance in his possible outcomes may be the widest among any hitter on this list.",mYK2ssfvC80,20.0,40.0,30.0,55.0,60.0,60.0,60.0,60.0,40.0,50.0,60.0,60.0,,,,,,,,,,,0,0,,0,High,0,1.018,,,,
,MLB,sa830276,Yu Chang,Yu Chang,/players/yu-chang/14773/stats/batting,14773,SS,-1.0,,,Medium,2019,50,175,"6' 1""",,80,3,,Taiwan,35 / 45,45 / 55,55 / 55,50 / 50,45 / 50,50 / 50,,,,,,,,2018,0,,17126,3,Yu-Cheng,Chang,SS,22,CLE,2018,2018 Report,14773,0,,80,3,50,0,2019,J2 2012,,73,175,R,R,Taiwan,"Chang's 24 homer output at Double-A might was a bit of a surprise but his feel for impacting the ball in the air is real and he has enough raw power to hit with more thump than is typical for a shortstop. Most teams think he's going to be a solid everyday player, with just enough arm and athleticism for shortstop and plenty of stick. He is another of the players on this list with enough pitch selection to get most or all of his raw power (along with some walks), even if with a .260 or lower batting average",VDPqWbix08,35.0,45.0,45.0,55.0,55.0,55.0,50.0,50.0,45.0,50.0,50.0,50.0,,,,,,,,,,,0,0,,0,Medium,0,3.142,,,,
MLB,MLB,sa873680,Sean Murphy,Sean Murphy,/players/sean-murphy/19352/stats/batting,19352,C,16.0,,,High,2019,50,215,"6' 3""",,81,6,,Wright State,35 / 55,35 / 50,55 / 55,20 / 20,45 / 50,70 / 70,,,,,,,,2018,0,,17256,6,Sean,Murphy,C,23,OAK,2018,2018 Report,19352,0,,81,6,50,0,2019,3rd rd 2016,,75,215,R,R,Wright State,"Murphy didn't catch great stuff at Wright State and it's taken him a little while to het used to receiving pro-quality pitching, but he's improved drastically and looked great in the Arizona Fall League. He now projects as an average receiver with a plus-plus arm. Murphy's swing is simple and makes him tough to strike out while enabling him to tap into some of his strength-driven power. He's a well-rounded catching prospect who should mature into an everyday player.",tVv3ORj53mQ,35.0,55.0,35.0,50.0,55.0,55.0,20.0,20.0,45.0,50.0,70.0,70.0,,,,,,,,,,,0,0,,0,High,n/a,6.029,,,,
,MLB,sa599204,Brian Anderson,Brian Anderson,/players/brian-anderson/18289/stats/batting,18289,3B/OF,-1.0,,,Low,2018,50,175,"6' 3""",,82,4,,Arkansas,40 / 45,40 / 55,55 / 55,55 / 55,45 / 50,60 / 60,,,,,,,,2018,0,,17497,4,Brian,Anderson,3B,24,MIA,2018,2018 Report,18289,0,,82,4,50,0,2018,3rd rd 2014,,75,175,R,R,Arkansas,"Anderson is going to strike out but he has above-average pull power that he's learning to tap into in games, runs well, and should be fine at third. He has a plus arm (accuracy is sometimes an issue) and is comfortable charging slow rollers on the grass, but, generally, he is not especially polished there. Anderson hasn't played third base full-time for all that long and he should be average there at peak. He profiles as an average regular and should get plenty of playing time in 2018.",HJ4Qe7NJx4M,40.0,45.0,40.0,55.0,55.0,55.0,55.0,55.0,45.0,50.0,60.0,60.0,,,,,,,,,,,0,0,,0,Low,n/a,6.073,,,,
MLB,MLB,sa737539,Ryan McMahon,Ryan McMahon,/players/ryan-mcmahon/15112/stats/batting,15112,3B,9.0,,,Low,2018,50,185,"6' 2""",,83,3,,Mater Dei HS (CA),40 / 45,50 / 60,60 / 60,30 / 30,40 / 50,55 / 55,,,,,,,,2018,0,,17474,3,Ryan,McMahon,1B,23,COL,2018,2018 Report,15112,0,,83,3,50,0,2018,2nd rd 2013,,74,185,L,R,Mater Dei HS (CA),"We're buying McMahon's bounceback 2017. He began altering his footwork late in 2016 and continued to grow more comfortable with it through 2017. His flyball rate has actually dropped in the last year, but McMahon's timing at the palte has improved and this is probably a function of him more frequently putting the ball in play than he was in 2016. He has plus raw power and is adept at golfing out balls down and in, but he has the strength to drive them out the other way. His transition to first base continues, but he's made progress and looks like a future 50 defender there. He's seen time at second base and could be a 40 glove there in a pinch. He tasted the Majors last season and should grab hold of a job in the next year or so.",aWNFMcDTPS8,40.0,45.0,50.0,60.0,60.0,60.0,30.0,30.0,40.0,50.0,55.0,55.0,,,,,,,,,,,0,0,,0,Low,n/a,8.006,,,,
MLB,MLB,sa917946,Joey Wentz,Joey Wentz,/players/joey-wentz/19962/stats/pitching,19962,P,16.0,,,Medium,2020,50,209,"6' 5""",,84,10,,Shawnee Mission East HS (MO),,,,,,,45 / 50,,45 / 55,60 / 60,,,45 / 55,2018,0,,17402,10,Joey,Wentz,LHP,19,ATL,2018,2018 Report,19962,0,,84,10,50,0,2020,1st rd 2016,,77,209,L,L,Shawnee Mission East HS (MO),"Wentz was seen as a middle-round two-way prospect entering the spring of his draft year in 2016, then broke out as a pitcher, eliciting Cole Hamels comps on his best days, going in the comp round to the Braves for an overslot bonus to forego a scholarship to Virginia. In his first full pro season with Atlanta, Wentz's velocity was down a bit (88-92) from his best amateur outings (91-95) but his inconsistent changeup became a consistent plus pitch to the point where he didn't even need his above average curveball more than a handful of times per game. He's a good athlete with a low effort delivery (and plus power at the plate), low mileage on his arm with an outpitch, starter's repetoire and feel for his craft, so it's a little less risky than the typical teenage pitcher.",xmXHVoWqXHQ,,,,,,,,,,,,,45.0,50.0,,,45.0,55.0,,,45.0,55.0,0,0,,0,Medium,0,2.166,60.0,60.0,,
MLB,MLB,sa657963,Carson Kelly,Carson Kelly,/players/carson-kelly/13620/stats/batting,13620,C,17.0,,,Low,2018,50,200,"6' 2""",,85,4,,Westview HS (OR),40 / 50,30 / 40,50 / 50,20 / 20,55 / 60,50 / 50,,,,,,,,2018,0,,17692,4,Carson,Kelly,C,23,STL,2018,2018 Report,13620,0,,85,4,50,0,2018,2nd rd 2012,,74,200,R,R,Westview HS (OR),"Kelly begins to separate himself from most catching prospects with his glove. He was drafted as a third baseman in 2012, then moved behind the plate in 2014 and picked up the finer points of catching rather quickly. He’s a good receiver, stealing strikes on the edges of the zone and just beneath it. He’s also more agile than his square, cinder-block frame suggests, and he effectively smothers errant, dirt-bound pitches. Big-league catchers hit a combined .245/.315/.406 in 2017, averaging just 89 wRC+. Despite lackluster physical tools, Kelly should be able to clear that bar, based largely on his superlative hand-eye coordination and a sound approach, all complemented by excellent defense.",_drUP_dWklE,40.0,50.0,30.0,40.0,50.0,50.0,20.0,20.0,55.0,60.0,50.0,50.0,,,,,,,,,,,0,0,,0,Low,n/a,7.161,,,,
MLB,MLB,sa912520,Leody Taveras,Leody Taveras,/players/leody-taveras/18900/stats/batting,18900,OF,2.0,,,Medium,2020,50,170,"6' 1""",,86,2,,Dominican Republic,30 / 55,20 / 45,45 / 50,60 / 60,45 / 55,55 / 55,,,,,,,,2018,0,,17322,2,Leody,Taveras,CF,19,TEX,2018,2018 Report,18900,0,,86,2,50,0,2020,J2 2015,,73,170,S,R,Dominican Republic,"Taveras didn't have a spectacular 2017 but he was just a teenager in full-season ball, so his .250/.312/.360 line is pretty palletable. He still projects as a plus hitter with plus defense in cetner field and a plus arm, butquestions about his power potential pervade. He's somewhat projectable, physically, but unless a change in approach is made his power output and overall ceiling are capped. He still profiles as an above-average regular but he's a great developmental distance away from that.",RpzjuTfUZqg,30.0,55.0,20.0,45.0,45.0,50.0,60.0,60.0,45.0,55.0,55.0,55.0,,,,,,,,,,,0,0,,0,Medium,0,4.031,,,,
AAA,MLB,sa828704,Isan Díaz,Isan Diaz,/players/isan-diaz/17922/stats/batting,17922,2B/3B,,,,Medium,2019,50,185,"5' 10""",,87,5,,Springfield HS (MA),30 / 40,40 / 60,60 / 60,50 / 45,45 / 50,55 / 55,,,,,,,,2018,0,,17498,5,Isan,Diaz,2B,21,MIA,2018,2018 Report,17922,0,,87,5,50,0,2019,2nd rd 2014,,70,185,L,R,Springfield HS (MA),"Diaz continued a long anticipated transition from shortstop to second base in 2017 and saw more time at second than short for the first time in his career. He has an above-average arm but fringey hands and range. Diaz’s combination of plus power, patience and ability to play an up-the-middle position, even if he’s only fringe to average there, give him star potential despite likely issues with contact. His uppercut swing is going to lead to strikeouts, but he picks the right pitches to drive and could hit 25 bombs at peak.",EmFvDmq5VBs,30.0,40.0,40.0,60.0,60.0,60.0,50.0,45.0,45.0,50.0,55.0,55.0,,,,,,,,,,,0,0,,0,Medium,0,1.103,,,,
,MLB,sa874168,Jon Duplantier,Jon Duplantier,/players/jon-duplantier/19546/stats/pitching,19546,P,-1.0,,,Medium,2019,50,225,"6' 4""",,88,1,,Rice,,,,,,,60 / 60,55 / 60,50 / 50,45 / 55,,,45 / 50,2018,0,,17370,1,Jon,Duplantier,RHP,23,ARI,2018,2018 Report,19546,0,,88,1,50,0,2019,3rd rd 2016,,76,225,R,R,Rice,"There's still quite a bit of perceived injury risk surrounding Duplantier because he's a Rice product who had shoulder issues as a sophomore and because he has a long, somewhat awkward arm stroke. But his stuff was great in 2017 and he was healthy all year, striking out 165 hitters in 136 innings split between Low and Hi-A. He has a four-pitch mix headlined by a mid-90s fastball and plus slider. The curveball and changeup are both about average with scouts reticent to project much on the changeup because of the arm action. If he pitches free of injury for a second straight year, he'll move into the middle of this list as a potential above-average rotation piece.",,,,,,,,,,,,,,60.0,60.0,55.0,60.0,50.0,50.0,,,45.0,50.0,0,0,,0,Medium,0,0.135,45.0,55.0,,
,MLB,sa856551,Zack Burdi,Zack Burdi,/players/zack-burdi/19159/stats/pitching,19159,P,-1.0,,,Medium,2019,50,210,"6' 3""",,89,5,,Louisville,,,,,,,80 / 80,60 / 65,,55 / 60,,,40 / 45,2018,0,,17103,5,Zack,Burdi,RHP,22,CHW,2018,2018 Report,19159,0,,89,5,50,0,2019,1st rd 2016,,75,210,R,R,Louisville,"Burdi had Tommy John surgery in July and will miss most of 2018, if not all of it. He's also a reliever with lots of effort in his delivery. Once you get past those two things, there's only good news: he sits 97-100 and hits 102 mph, his slider is regularly plus to plus-plus and he's developed a changeup that's also plus. The rare plus three pitch mix and enough command to have some idea where those pitches are going makes him a near unicorn. Also, the surgery is less risky when you only need the guy to be healthy for 6 years, throwing 20-30 pitches at a time. Look for Burdi to deliver on his first round pedrigree as an elite reliever for the Sox in 2019, with the upside of one of the top 5 relievers in the game.",qjlYWTBkyNQ,,,,,,,,,,,,,80.0,80.0,60.0,65.0,,,,,40.0,45.0,0,0,,0,Medium,1,0.137,55.0,60.0,,
AAA,MLB,sa874219,Austin Hays,Austin Hays,/players/austin-hays/19363/stats/batting,19363,OF,4.0,,,Medium,2018,50,205,"6' 0""",,90,1,,Jacksonville,40 / 50,45 / 50,60 / 60,50 / 50,50 / 50,60 / 60,,,,,,,,2018,0,,17060,1,Austin,Hays,RF,22,BAL,2018,2018 Report,19363,0,,90,1,50,0,2018,3rd rd 2016,,72,205,R,R,Jacksonville,"Hays had a spectacular breakout 2017 campaign, hitting 32 homers and 32 doubles split between Hi and Double-A, prompting Baltimore to give him a look in the Majors in September. His hands are electric and allow Hays to turn on just about everything, and he tries to, which prompted big league pitchers to work him down and away. It may take an approach adjustment for Hays to max out his offensive potential as he's overly aggressive and his style of hitting may be exploited in the Majors. But he has bat speed and power and should play an above average right field (or be better than Adam Jones in center) fairly soon.",Atv7VME2ktM,40.0,50.0,45.0,50.0,60.0,60.0,50.0,50.0,50.0,50.0,60.0,60.0,,,,,,,,,,,0,0,,0,Medium,n/a,6.057,,,,
,MLB,sa738390,Zack Collins,Zack Collins,/players/zack-collins/19181/stats/batting,19181,C,-1.0,,,Low,2018,50,220,"6' 3""",,91,6,,Miami,30 / 40,40 / 65,70 / 70,20 / 20,40 / 45,50 / 50,,,,,,,,2018,0,,17104,6,Zack,Collins,1B,22,CHW,2018,2018 Report,19181,0,,91,6,50,0,2018,1st rd 2016,,75,220,L,R,Miami,"Scouts think it's pretty unlikely that Collins catches, at least full-time, but even with a strikeout-heavy offensive profile it's likely that his combination of tireless patience and plus power enable him to reach base and slug enough to profile at first base. What Collins projects to do looks a lot like what Eric Thames did in 2017, except Collins could add some value by catching onc in a while. His is a profile of extremes, but rhe end result is a solid, perhaps bland, everyday first baseman.",fK2DsmC5BT0,30.0,40.0,40.0,65.0,70.0,70.0,20.0,20.0,40.0,45.0,50.0,50.0,,,,,,,,,,,0,0,,0,Low,0,2.102,,,,
AAA,MLB,sa828799,Bobby Bradley,Bobby Bradley,/players/bobby-bradley/17278/stats/batting,17278,1B,,,,Medium,2019,50,225,"6' 1""",,92,4,,Harrion Central HS (MS),30 / 40,40 / 60,65 / 65,20 / 20,40 / 45,50 / 50,,,,,,,,2018,0,,17127,4,Bobby,Bradley,1B,21,CLE,2018,2018 Report,17278,0,,92,4,50,0,2019,3rd rd 2014,,73,225,L,R,Harrion Central HS (MS),"You can copy and paste the Zack Collins report into this space, as Bradley also wields an imbalanced but promising offensive profile comprised of tremendious raw power and enough walking to make up for all the strikeouts. Bradley has now been this type of hitter up through Double-A and his offensive profile is pretty stable. He turns 22 at the end of May and will likely spend much of 2018 at Triple-A. The presence of Edwin Encarnacion and Yonder Alonso make Bradley a potential trade chip.",JeDVcWGcXVk,30.0,40.0,40.0,60.0,65.0,65.0,20.0,20.0,40.0,45.0,50.0,50.0,,,,,,,,,,,0,0,,0,Medium,0,0.144,,,,
MLB,MLB,sa736940,Jose Siri,Jose Siri,/players/jose-siri/17452/stats/batting,17452,OF,1.0,,,High,2020,50,175,"6' 2""",,93,4,,Dominican Republic,35 / 60,40 / 55,50 / 50,60 / 60,50 / 55,60 / 60,,,,,,,,2018,0,,17450,4,Jose,Siri,CF,22,CIN,2018,2018 Report,17452,0,,93,4,50,0,2020,J2 2012,,74,175,R,R,Dominican Republic,"There are some red flags here, chief among them Siri's reckless and epicurean approach at the plate. But he's remarkably talented, posessing elite bat control and an ability to lift the ball in the air with great regularity. Siri is also a plus runner with a chance to be a plus defensive center fielder with a plus arm, so his bat has some room for regression after a breakout 2017. His scouting report reads much like Nick Williams' has for the last several years with a tick better tools across the board.",O-dXckzAobc,35.0,60.0,40.0,55.0,50.0,50.0,60.0,60.0,50.0,55.0,60.0,60.0,,,,,,,,,,,0,0,,0,High,0,4.015,,,,
AAA,MLB,sa917923,Braxton Garrett,Braxton Garrett,/players/braxton-garrett/21844/stats/pitching,21844,P,20.0,,,High,2021,50,190,"6' 3""",,94,6,,Florence HS (AL),,,,,,,50 / 50,,55 / 60,40 / 55,,,45 / 55,2018,0,,17499,6,Braxton,Garrett,LHP,20,MIA,2018,2018 Report,21844,0,,94,6,50,0,2021,1st rd 2016,,75,190,L,L,Florence HS (AL),"Garrett made four starts at Low-A Greensboro before he was shut down with an elbow injury that would require Tommy John. Pre-injury he was 90-93 with a plus curveball and the athleticism and arm action that allow for pretty significant changeup and command projection, both of which he was already starting to show. He looked like a quick-moving #3 starter before the surgery.",m1S8r6P_0gU,,,,,,,,,,,,,50.0,50.0,,,55.0,60.0,,,45.0,55.0,0,0,,0,High,1,3.168,40.0,55.0,,
AAA,MLB,sa828673,Michael Chavis,Michael Chavis,/players/michael-chavis/17321/stats/batting,17321,1B/2B,18.0,,,Medium,2018,50,190,"5' 10""",,95,1,,Sprayberry HS (GA),30 / 40,50 / 60,65 / 65,40 / 40,40 / 45,55 / 55,,,,,,,,2018,0,,17080,1,Michael,Chavis,1B,22,BOS,2018,2018 Report,17321,0,,95,1,50,0,2018,1st rd 2014,,70,190,R,R,Sprayberry HS (GA),"If you were to just look at Chavis' 2016 stats and then be told that he's really only a viable defensive fit at first base, you'd call him a non-prospect. A broken finger caused the downturn in production and in 2017 Chavis was back to taking monster hacks that produce comfortably plus raw power. He's going to strike out and isn't especially patient, but he has a good chance to get to most of that power and pass Sam Travis on the Red Sox depth chart early in the year.",eaAbGhTyWvg,30.0,40.0,50.0,60.0,65.0,65.0,40.0,40.0,40.0,45.0,55.0,55.0,,,,,,,,,,,0,0,,0,Medium,1,4.089,,,,
AAA,MLB,sa917938,Cole Ragans,Cole Ragans,/players/cole-ragans/21846/stats/pitching,21846,P,7.0,,,Medium,2020,50,190,"6' 3""",,96,3,,North Florida Christian HS (FL),,,,,,,45 / 50,,40 / 50,60 / 65,,,40 / 50,2018,0,,17323,3,Cole,Ragans,LHP,20,TEX,2018,2018 Report,21846,0,,96,3,50,0,2020,1st rd 2016,,75,190,L,L,North Florida Christian HS (FL),"Ragans emerged as a sophomore on a loaded Tallahasse-area high school team with 5 pro players on it. He isn't a sexy upside type of prospect, but Ragans has a clear separator that will get him to the big leagues: a knockout 65-grade changeup that he has plus feel for. His fastball is sneaky productive despite average velocity and his curveball has always been fringy, though scouts assume there will be an average breaking ball of some sort eventually, due to Ragans' ability to get the most out of his other pitches. His upside is a mid-rotation starter and more likely a back-end innings eater, but Ragans doesn't need to make many more adjustments before he's ready and scouts rave about his makeup.",9643WDWjlw0,,,,,,,,,,,,,45.0,50.0,,,40.0,50.0,,,40.0,50.0,0,0,,0,Medium,2,3.029,60.0,65.0,,
MLB,MLB,sa917944,Brandon Marsh,Brandon Marsh,/players/brandon-marsh/20202/stats/batting,20202,OF,26.0,,,High,2020,50,200,"6' 2""",,97,4,,Buford HS (GA),30 / 50,30 / 50,55 / 60,60 / 55,40 / 50,60 / 60,,,,,,,,2018,0,,17044,4,Brandon,Marsh,OF,20,LAA,2018,2018 Report,20202,0,,97,4,50,0,2020,2nd rd 2016,,74,200,L,R,Buford HS (GA),"Marsh was shelved with a back injury during the summer of 2016 but was healthy and turned loose on the Pioneer League in 2017. He has good feel to hit and plus raw power projection (though he'll likely need to refine his approah to get to all of that power) with a non-zero chance of staying in center field. Marsh's frame suggests added mass as he ages, which might move him to right field, but he''ll probably have the bat to play there, too.",f6w57ie4WkA,30.0,50.0,30.0,50.0,55.0,60.0,60.0,55.0,40.0,50.0,60.0,60.0,,,,,,,,,,,0,0,,0,High,2,4.078,,,,
,AAA,sa917925,Jay Groome,Jay Groome,/players/jason-groome/sa917925/stats/pitching,sa917925,P,-1.0,,,High,2021,50,220,"6' 5""",,98,2,,Barnegat HS (NJ),,,,,,,55 / 55,,55 / 65,40 / 50,,,40 / 50,2018,0,,17081,2,Jay,Groome,LHP,19,BOS,2018,2018 Report,sa917925,0,,98,2,50,0,2021,1st rd 2016,,77,220,L,L,Barnegat HS (NJ),"Groome still touts the fastball/curveball combination that made him such a dynamite amateur prospect, but his 2017 season was marred by injury, no changuep development and questions about his conditioning. There's still time for him to become a front end starter but the timeline has shifted.",2KZQaauTk3Y,,,,,,,,,,,,,55.0,55.0,,,55.0,65.0,,,40.0,50.0,0,0,,0,High,1,0.000,40.0,50.0,,
,MLB,sa917929,Alex Kirilloff,Alex Kirilloff,/players/alex-kirilloff/20325/stats/batting,20325,1B/OF,-2.0,,,Medium,2021,50,195,"6' 2""",,99,3,,Plum HS (PA),30 / 55,30 / 50,55 / 60,50 / 45,40 / 50,60 / 60,,,,,,,,2018,0,,17196,3,Alex,Kirilloff,RF,20,MIN,2018,2018 Report,20325,0,,99,3,50,0,2021,1st rd 2016,,74,195,L,L,Plum HS (PA),"Some scouts are put off by Kiriloff's buggy whip swing but he showed great feel to hit in high school and during his first pro summer, so most think he'll be able to tap into what projects as plus raw power. Kiriloff had Tommy John last March and didn't play in 2017. Assuming a full arm strength recovery, he projects in right field.",l3xPPnRQA7o,30.0,55.0,30.0,50.0,55.0,60.0,50.0,45.0,40.0,50.0,60.0,60.0,,,,,,,,,,,0,0,,0,Medium,1,3.141,,,,
,AA,sa873722,Franklin Perez,Franklin Perez,/players/franklin-prez/sa873722/stats/pitching,sa873722,P,-1.0,,,Medium,2021,50,197,"6' 3""",,100,1,,Venezuela,,,,,,,55 / 60,45 / 50,50 / 55,50 / 60,,,45 / 50,2018,0,,17146,1,Franklin,Perez,RHP,20,DET,2018,2018 Report,sa873722,0,,100,1,50,0,2021,J2 2014,,75,197,R,R,Venezuela,"Acquired from Houston as part of the return for Justin Verlander, Perez has advanced command of a four-pitch mix that enabled him to reach Double-A at age 19. He'll likely have a plus fastball and changeup at peak while his breaking balls are still works in progress. So too is Perez's ability to handle a full-season workload. He's had some knee trouble and Houston spaced out his starts pretty liberally late last year as a way to limit his inning. His 86 innings last year were a career high, so while Perez is advanced from a stuff and pitchability standpoint, he likely won't reach Detroit and stay there until he's capable of handling more innings. He projects as an above-average big league starter with a bit more developmental distance to travel than you might think given his level.",,,,,,,,,,,,,,55.0,60.0,45.0,50.0,50.0,55.0,,,45.0,50.0,0,0,,0,Medium,1,0.000,50.0,60.0,,
,A+,sa917352,Aramis Ademan,Aramis Ademan,/players/aramis-ademan/sa917352/stats/batting,sa917352,SS,-2.0,,,,2020,50,160,"5' 11""",,,1,,Dominican Republic,20 / 55,30 / 45,40 / 45,55 / 50,45 / 55,55 / 55,,,,,,,,2018,0,,17425,1,Aramis,Ademan,SS,19,CHC,2018,2018 Report,sa917352,0,,0,1,50,0,2020,J2 2015,,71,160,L,R,Dominican Republic,,O6qGFx-xdpQ,20.0,55.0,30.0,45.0,40.0,45.0,55.0,50.0,45.0,55.0,55.0,55.0,,,,,,,,,,,0,0,,0,,R5,,,,,
AA,AA,sa917039,Seuly Matias,Seuly Matias,/players/seuly-matias/sa917039/stats/batting,sa917039,OF,,,,,2022,50,200,"6' 3""",,,1,,Dominican Republic,20 / 40,30 / 60,60 / 70,55 / 50,40 / 45,70 / 70,,,,,,,,2018,0,,17170,1,Seuly,Matias,RF,19,KCR,2018,2018 Report,sa917039,0,,0,1,50,0,2022,J2 2015,,75,200,R,R,Dominican Republic,,,20.0,40.0,30.0,60.0,60.0,70.0,55.0,50.0,40.0,45.0,70.0,70.0,,,,,,,,,,,0,0,,0,,R5,,,,,
MLB,MLB,sa3004693,Heliot Ramos,Heliot Ramos,/players/heliot-ramos/22515/stats/batting,22515,OF,30.0,,,,2023,50,185,"6' 2""",,,1,,Leadership Christian (PR),20 / 40,30 / 60,60 / 70,60 / 60,40 / 55,60 / 60,,,,,,,,2018,0,,17755,1,Heliot,Ramos,CF,18,SFG,2018,2018 Report,22515,0,,0,1,50,0,2023,1st rd 2017,,74,185,R,R,Leadership Christian (PR),,,20.0,40.0,30.0,60.0,60.0,70.0,60.0,60.0,40.0,55.0,60.0,60.0,,,,,,,,,,,0,0,,0,,0,2.103,,,,
MLB,MLB,sa829588,David Peterson,David Peterson,/players/david-peterson/20302/stats/pitching,20302,P,25.0,,,,2019,50,240,"6' 6""",,,1,,Oregon,,,,,,,55 / 55,50 / 55,40 / 45,50 / 55,,,45 / 55,2018,0,,17617,1,David,Peterson,LHP,22,NYM,2018,2018 Report,20302,0,,0,1,50,0,2019,1st rd 2017,,78,240,L,L,Oregon,,,,,,,,,,,,,,,55.0,55.0,50.0,55.0,40.0,45.0,,,45.0,55.0,0,0,,0,,n/a,5.089,50.0,55.0,,
,MLB,sa857836,Kyle Lewis,Kyle Lewis,/players/kyle-lewis/19508/stats/batting,19508,OF,-1.0,,,,2020,45,205,"6' 4""",,,1,,Mercer,30 / 50,40 / 55,55 / 60,45 / 40,45 / 50,60 / 60,,,,,,,,2018,0,,17274,1,Kyle,Lewis,OF,22,SEA,2018,2018 Report,19508,0,,0,1,45,0,2020,1st rd 2016,,76,205,R,R,Mercer,,nwMhSV87AD0,30.0,50.0,40.0,55.0,55.0,60.0,45.0,40.0,45.0,50.0,60.0,60.0,,,,,,,,,,,0,0,,0,,1,3.067,,,,
AAA,MLB,sa735853,Adbert Alzolay,Adbert Alzolay,/players/adbert-alzolay/17859/stats/pitching,17859,P,25.0,,,,2019,50,180,"6' 0""",,,2,,Venezuela,,,,,,,60 / 60,,55 / 60,40 / 45,,,45 / 50,2018,0,,17426,2,Adbert,Alzolay,RHP,22,CHC,2018,2018 Report,17859,0,,0,2,50,0,2019,J2 2012,,72,180,R,R,Venezuela,,hnS3Oz08Xc4,,,,,,,,,,,,,60.0,60.0,,,55.0,60.0,,,45.0,50.0,0,0,,0,,0,4.050,40.0,45.0,,
,MLB,sa737615,Chance Sisco,Chance Sisco,/players/chance-sisco/15694/stats/batting,15694,C,-1.0,,,,2018,50,195,"6' 2""",,,2,,Santiago HS (CA),50 / 55,40 / 45,50 / 50,30 / 30,45 / 50,40 / 40,,,,,,,,2018,0,,17061,2,Chance,Sisco,C,22,BAL,2018,2018 Report,15694,0,,0,2,50,0,2018,2nd rd 2013,,74,195,L,R,Santiago HS (CA),,wqnkU1fRew8,50.0,55.0,40.0,45.0,50.0,50.0,30.0,30.0,45.0,50.0,40.0,40.0,,,,,,,,,,,0,0,,0,,0,3.009,,,,
AAA,MLB,sa874682,Beau Burrows,Beau Burrows,/players/beau-burrows/18873/stats/pitching,18873,P,27.0,,,,2019,50,200,"6' 2""",,,2,,Weatherford HS (TX),,,,,,,55 / 60,45 / 50,45 / 50,50 / 55,,,45 / 50,2018,0,,17147,2,Beau,Burrows,RHP,21,DET,2018,2018 Report,18873,0,,0,2,50,0,2019,1st rd 2015,,74,200,R,R,Weatherford HS (TX),,wrcFf1O63-8,,,,,,,,,,,,,55.0,60.0,45.0,50.0,45.0,50.0,,,45.0,50.0,0,0,,0,,1,0.081,50.0,55.0,,
AAA,MLB,sa3004138,Nick Pratto,Nick Pratto,/players/nick-pratto/22117/stats/batting,22117,1B,13.0,,,,2021,45,195,"6' 1""",,,2,,Huntington Beach HS (CA),25 / 60,30 / 60,55 / 60,40 / 40,40 / 60,60 / 60,,,,,,,,2018,0,,17171,2,Nick,Pratto,1B,19,KCR,2018,2018 Report,22117,0,,0,2,45,0,2021,1st rd 2017,,73,195,L,L,Huntington Beach HS (CA),,m12VQ7FD72k,25.0,60.0,30.0,60.0,55.0,60.0,40.0,40.0,40.0,60.0,60.0,60.0,,,,,,,,,,,0,0,,0,,0,1.070,,,,
,MLB,sa827165,Steven Duggar,Steven Duggar,/players/steven-duggar/17719/stats/batting,17719,OF,-1.0,,,,2018,45,190,"6' 2""",,,2,,Clemson,45 / 55,40 / 50,55 / 55,60 / 60,50 / 55,60 / 60,,,,,,,,2018,0,,17756,2,Stephen,Duggar,CF,24,SFG,2018,2018 Report,17719,0,,0,2,45,0,2018,6th rd 2015,,74,190,L,R,Clemson,,,45.0,55.0,40.0,50.0,55.0,55.0,60.0,60.0,50.0,55.0,60.0,60.0,,,,,,,,,,,0,0,,0,,0,3.045,,,,
AAA,AAA,sa3005015,Sam Carlson,Sam Carlson,/players/samuel-carlson/sa3005015/stats/pitching,sa3005015,P,21.0,,,,2022,45,195,"6' 4""",,,2,,Burnsville HS (MN),,,,,,,55 / 60,,45 / 50,50 / 60,,,40 / 55,2018,0,,17275,2,Sam,Carlson,RHP,19,SEA,2018,2018 Report,sa3005015,0,,0,2,45,0,2022,2nd rd 2017,,76,195,R,R,Burnsville HS (MN),,PK5O-3F8YyM,,,,,,,,,,,,,55.0,60.0,,,45.0,50.0,,,40.0,55.0,0,0,,0,,R5,,50.0,60.0,,
MLB,MLB,sa917114,Andrés Giménez,Andres Gimenez,/players/andres-gimenez/19950/stats/batting,19950,2B,14.0,,,,2020,45,165,"5' 11""",,,2,,Venezuela,30 / 55,20 / 45,30 / 45,55 / 50,45 / 55,60 / 60,,,,,,,,2018,0,,17618,2,Andres,Gimenez,SS,19,NYM,2018,2018 Report,19950,0,,0,2,45,0,2020,J2 2015,,71,165,L,R,Venezuela,,,30.0,55.0,20.0,45.0,30.0,45.0,55.0,50.0,45.0,55.0,60.0,60.0,,,,,,,,,,,0,0,,0,,n/a,5.106,,,,
,,,Kristian Robinson,Kristian Robinson,,,,,,,,2023,45,190,"6' 3""",,,2,,Bahamas,20 / 50,30 / 60,55 / 70,60 / 60,40 / 50,60 / 60,,,,,,,,2018,0,,17371,2,Kristian,Robinson,CF,17,ARI,2018,2018 Report,,0,,0,2,45,0,2023,J2 2017,,75,190,R,R,Bahamas,,,20.0,50.0,30.0,60.0,55.0,70.0,60.0,60.0,40.0,50.0,60.0,60.0,,,,,,,,,,,0,0,,0,,,,,,,
,MLB,sa858826,Christin Stewart,Christin Stewart,/players/christin-stewart/17714/stats/batting,17714,OF,-1.0,,,,2019,50,205,"6' 0""",,,3,,Tennessee,40 / 50,50 / 60,65 / 65,40 / 40,30 / 30,40 / 40,,,,,,,,2018,0,,17148,3,Christin,Stewart,DH,24,DET,2018,2018 Report,17714,0,,0,3,50,0,2019,1st rd 2015,,72,205,L,R,Tennessee,,vl86vfpaV3Y,40.0,50.0,50.0,60.0,65.0,65.0,40.0,40.0,30.0,30.0,40.0,40.0,,,,,,,,,,,0,0,,0,,3,1.164,,,,
A+,A+,sa919907,Jose Albertos,Jose Albertos,/players/jose-albertos/sa919907/stats/pitching,sa919907,P,,,,,2020,45,185,"6' 1""",,,3,,Mexico,,,,,,,60 / 60,,45 / 60,50 / 60,,,30 / 45,2018,0,,17427,3,Jose,Albertos,RHP,19,CHC,2018,2018 Report,sa919907,0,,0,3,45,0,2020,J2 2015,,73,185,R,R,Mexico,,Kc2h9nC_75o,,,,,,,,,,,,,60.0,60.0,,,45.0,60.0,,,30.0,45.0,0,0,,0,,R5,,50.0,60.0,,
,AA,sa828329,M.J. Melendez,M.J. Melendez,/players/manuel-melendez/sa828329/stats/batting,sa828329,OF,-1.0,,,,2022,45,185,"6' 1""",,,3,,Westminster Christian HS (FL),20 / 45,30 / 55,50 / 60,50 / 40,45 / 60,60 / 60,,,,,,,,2018,0,,17172,3,M.J.,Melendez,C,19,KCR,2018,2018 Report,sa828329,0,,0,3,45,0,2022,2nd rd 2017,,73,185,L,L,Westminster Christian HS (FL),,9Ls6iGYlBsU,20.0,45.0,30.0,55.0,50.0,60.0,50.0,40.0,45.0,60.0,60.0,60.0,,,,,,,,,,,0,0,,0,,R5,,,,,
,MLB,sa3003316,Alexander Canario,Alexander Canario,/players/alexander-canario/22842/stats/batting,22842,OF,-1.0,,,,2023,45,165,"6' 1""",,,3,,Dominican Republic,25 / 55,25 / 55,50 / 60,55 / 50,40 / 50,60 / 60,,,,,,,,2018,0,,17757,3,Alexander,Canario,RF,17,SFG,2018,2018 Report,22842,0,,0,3,45,0,2023,J2 2016,,73,165,R,R,Dominican Republic,,,25.0,55.0,25.0,55.0,50.0,60.0,55.0,50.0,40.0,50.0,60.0,60.0,,,,,,,,,,,0,0,,0,,0,1.062,,,,
AA,MLB,sa915774,Evan White,Evan White,/players/evan-white/20078/stats/batting,20078,1B,1.0,,,,2020,45,205,"6' 3""",,,3,,Kentucky,35 / 60,30 / 45,45 / 50,60 / 55,55 / 70,55 / 55,,,,,,,,2018,0,,17276,3,Evan,White,1B,21,SEA,2018,2018 Report,20078,0,,0,3,45,0,2020,1st rd 2017,,75,205,R,L,Kentucky,,,35.0,60.0,30.0,45.0,45.0,50.0,60.0,55.0,55.0,70.0,55.0,55.0,,,,,,,,,,,0,0,,0,,2,3.144,,,,
MLB,MLB,sa737510,Hunter Harvey,Hunter Harvey,/players/hunter-harvey/15507/stats/pitching,15507,P,17.0,,,,2018,45,175,"6' 3""",,,3,,Bandys HS (NC),,,,,,,60 / 60,,60 / 60,40 / 50,,,40 / 45,2018,0,,17062,3,Hunter,Harvey,RHP,22,BAL,2018,2018 Report,15507,0,,0,3,45,0,2018,1st rd 2013,,75,175,R,R,Bandys HS (NC),,h6K2W6p8iCg,,,,,,,,,,,,,60.0,60.0,,,60.0,60.0,,,40.0,45.0,0,0,,0,,n/a,6.047,40.0,50.0,,
MLB,MLB,sa829037,Tanner Houck,Tanner Houck,/players/tanner-houck/19879/stats/pitching,19879,P,3.0,,,,2019,45,220,"6' 5""",,,3,,Missouri,,,,,,,60 / 60,55 / 60,50 / 55,40 / 45,,,40 / 50,2018,0,,17082,3,Tanner,Houck,RHP,21,BOS,2018,2018 Report,19879,0,,0,3,45,0,2019,1st rd 2017,,77,220,R,R,Missouri,,,,,,,,,,,,,,,60.0,60.0,55.0,60.0,50.0,55.0,,,40.0,50.0,0,0,,0,,2,4.100,40.0,45.0,,
AAA,MLB,sa658115,Tomás Nido,Tomas Nido,/players/tomas-nido/13755/stats/batting,13755,C,6.0,,,,2018,45,210,"6' 0""",,,3,,Orangewood Christian HS (FL),40 / 45,40 / 50,55 / 55,20 / 20,50 / 60,55 / 55,,,,,,,,2018,0,,17619,3,Tomas,Nido,C,23,NYM,2018,2018 Report,13755,0,,0,3,45,0,2018,8th rd 2012,,72,210,R,R,Orangewood Christian HS (FL),,GqtDVUKi1eU,40.0,45.0,40.0,50.0,55.0,55.0,20.0,20.0,50.0,60.0,55.0,55.0,,,,,,,,,,,0,0,,0,,n/a,5.167,,,,
MLB,MLB,sa919327,Jazz Chisholm Jr.,Jazz Chisholm Jr.,/players/jazz-chisholm-jr/20454/stats/batting,20454,2B/OF,9.0,,,,2022,45,165,"5' 11""",,,3,,Bahamas,20 / 40,30 / 55,50 / 55,55 / 55,40 / 50,55 / 55,,,,,,,,2018,0,,17372,3,Jazz,Chisholm,SS,20,ARI,2018,2018 Report,20454,0,,0,3,45,0,2022,J2 2015,,71,165,L,R,Bahamas,,ir2kVOIT4mE,20.0,40.0,30.0,55.0,50.0,55.0,55.0,55.0,40.0,50.0,55.0,55.0,,,,,,,,,,,0,0,,0,,n/a,5.075,,,,
,MLB,sa657418,Fernando Romero,Fernando Romero,/players/fernando-romero/15885/stats/pitching,15885,P,-1.0,,,,2018,50,215,"6' 0""",,,4,,Dominican Republic,,,,,,,70 / 70,55 / 60,,40 / 45,,,40 / 45,2018,0,,17197,4,Fernando,Romero,RHP,23,MIN,2018,2018 Report,15885,0,,0,4,50,0,2018,J2 2011,,72,215,R,R,Dominican Republic,,,,,,,,,,,,,,,70.0,70.0,55.0,60.0,,,,,40.0,45.0,0,0,,0,,1,0.102,40.0,45.0,,
AAA,MLB,sa829263,J.B. Bukauskas,J.B. Bukauskas,/players/jb-bukauskas/20491/stats/pitching,20491,P,23.0,,,,2019,50,196,"6' 0""",,,4,,North Carolina,,,,,,,55 / 60,60 / 60,,40 / 50,,,40 / 50,2018,0,,17526,4,J.B.,Bukauskas,RHP,21,HOU,2018,2018 Report,20491,0,,0,4,50,0,2019,1st rd 2017,,72,196,R,R,North Carolina,,,,,,,,,,,,,,,55.0,60.0,60.0,60.0,,,,,40.0,50.0,0,0,,0,,1,2.086,40.0,50.0,,
MLB,MLB,sa597893,Brandon Woodruff,Brandon Woodruff,/players/brandon-woodruff/16162/stats/pitching,16162,P,23.0,,,,2018,50,225,"6' 4""",,,4,,Mississippi State,,,,,,,55 / 55,55 / 55,,45 / 50,,,50 / 55,2018,0,,17576,4,Brandon,Woodruff,RHP,24,MIL,2018,2018 Report,16162,0,,0,4,50,0,2018,11th rd 2014,,76,225,L,R,Mississippi State,,,,,,,,,,,,,,,55.0,55.0,55.0,55.0,,,,,50.0,55.0,0,0,,0,,n/a,7.161,45.0,50.0,,
,MLB,sa657666,Yohander Méndez,Yohander Mendez,/players/yohander-mendez/14391/stats/pitching,14391,P,-1.0,,,,2018,50,200,"6' 5""",,,4,,Venezuela,,,,,,,55 / 55,45 / 50,45 / 45,55 / 60,,,45 / 50,2018,0,,17324,4,Yohander,Mendez,LHP,23,TEX,2018,2018 Report,14391,0,,0,4,50,0,2018,J2 2011,,77,200,L,L,Venezuela,,ftXWbnqqZ5o,,,,,,,,,,,,,55.0,55.0,45.0,50.0,45.0,45.0,,,45.0,50.0,0,0,,0,,1,1.103,55.0,60.0,,
,MLB,sa917924,Matt Manning,Matt Manning,/players/matt-manning/20369/stats/pitching,20369,P,-1.0,,,,2022,50,190,"6' 6""",,,4,,Sheldon HS (CA),,,,,,,60 / 60,55 / 60,,40 / 50,,,30 / 50,2018,0,,17149,4,Matt,Manning,RHP,20,DET,2018,2018 Report,20369,0,,0,4,50,0,2022,1st rd 2016,,78,190,R,R,Sheldon HS (CA),,0FhH_Sv17Dg,,,,,,,,,,,,,60.0,60.0,55.0,60.0,,,,,30.0,50.0,0,0,,0,,0,2.112,40.0,50.0,,
AA,AAA,sa737037,Oscar De La Cruz,Oscar De La Cruz,/players/oscar-de-la-cruz/sa737037/stats/pitching,sa737037,P,,,,,2019,45,240,"6' 6""",,,4,,Dominican Republic,,,,,,,45 / 50,,55 / 60,40 / 50,,,40 / 50,2018,0,,17428,4,Oscar,De La Cruz,RHP,22,CHC,2018,2018 Report,sa737037,0,,0,4,45,0,2019,J2 2012,,78,240,R,R,Dominican Republic,,StTOw1iS6Fk,,,,,,,,,,,,,45.0,50.0,,,55.0,60.0,,,40.0,50.0,0,0,,0,,1,0.000,40.0,50.0,,
,MLB,sa917996,Khalil Lee,Khalil Lee,/players/khalil-lee/19952/stats/batting,19952,OF,-1.0,,,,2020,45,190,"5' 10""",,,4,,Flint Hill HS (VA),30 / 40,30 / 55,55 / 60,55 / 50,45 / 55,60 / 60,,,,,,,,2018,0,,17173,4,Khalil,Lee,RF,19,KCR,2018,2018 Report,19952,0,,0,4,45,0,2020,3rd rd 2016,,70,190,L,L,Flint Hill HS (VA),,,30.0,40.0,30.0,55.0,55.0,60.0,55.0,50.0,45.0,55.0,60.0,60.0,,,,,,,,,,,0,0,,0,,1,0.027,,,,
MLB,MLB,sa3004256,Ryan Vilade,Ryan Vilade,/players/ryan-vilade/22165/stats/batting,22165,OF,12.0,,,,2022,45,194,"6' 2""",,,4,,Stillwater HS (OK),25 / 50,30 / 55,55 / 60,45 / 40,45 / 50,55 / 55,,,,,,,,2018,0,,17475,4,Ryan,Villade,3B,19,COL,2018,2018 Report,22165,0,,0,4,45,0,2022,2nd rd 2017,,74,194,R,R,Stillwater HS (OK),,,25.0,50.0,30.0,55.0,55.0,60.0,45.0,40.0,45.0,50.0,55.0,55.0,,,,,,,,,,,0,0,,0,,0,0.076,,,,
AAA,MLB,sa597784,Tyler Beede,Tyler Beede,/players/tyler-beede/16981/stats/pitching,16981,P,17.0,,,,2018,45,190,"6' 2""",,,4,,Vanderbilt,,,,,,,55 / 55,,50 / 50,55 / 60,,50 / 50,40 / 45,2018,0,,17758,4,Tyler,Beede,RHP,24,SFG,2018,2018 Report,16981,0,,0,4,45,0,2018,1st rd 2015,,74,190,R,R,Vanderbilt,,,,,,,,,,,,,,,55.0,55.0,,,50.0,50.0,,,40.0,45.0,0,0,,0,,0,3.143,55.0,60.0,50.0,50.0
MLB,MLB,sa3005282,DL Hall,DL Hall,/players/dl-hall/22207/stats/pitching,22207,P,23.0,,,,2020,45,180,"6' 0""",,,4,,Valdosta HS (GA),,,,,,,55 / 60,,55 / 60,45 / 55,,,40 / 50,2018,0,,17063,4,D.L.,Hall,LHP,19,BAL,2018,2018 Report,22207,0,,0,4,45,0,2020,1st rd 2017,,72,180,L,L,Valdosta HS (GA),,uN2TRUVwjs4,,,,,,,,,,,,,55.0,60.0,,,55.0,60.0,,,40.0,50.0,0,0,,0,,1,2.074,45.0,55.0,,
AAA,MLB,sa599539,Sam Travis,Sam Travis,/players/sam-travis/16263/stats/batting,16263,1B/OF,,,,,2018,45,210,"6' 0""",,,4,,Indiana,50 / 55,45 / 50,50 / 50,40 / 30,40 / 45,40 / 40,,,,,,,,2018,0,,17083,4,Sam,Travis,1B,24,BOS,2018,2018 Report,16263,0,,0,4,45,0,2018,2nd rd 2014,,72,210,R,R,Indiana,,LgN7aI9Ap18,50.0,55.0,45.0,50.0,50.0,50.0,40.0,30.0,40.0,45.0,40.0,40.0,,,,,,,,,,,0,0,,0,,0,1.047,,,,
MLB,MLB,sa599293,Erick Fedde,Erick Fedde,/players/erick-fedde/17425/stats/pitching,17425,P,4.0,,,,2018,45,180,"6' 4""",,,4,,UNLV,,,,,,,55 / 55,40 / 45,55 / 55,45 / 50,,,50 / 55,2018,0,,17602,4,Erick,Fedde,RHP,25,WSN,2018,2018 Report,17425,0,,0,4,45,0,2018,1st rd 2014,,76,180,R,R,UNLV,,GYCZJzLWfyA,,,,,,,,,,,,,55.0,55.0,40.0,45.0,55.0,55.0,,,50.0,55.0,0,0,,0,,n/a,6.099,45.0,50.0,,
,,,Ronny Mauricio,Ronny Mauricio,,,,,,,,2023,45,166,"6' 3""",,,4,,Dominican Republic,20 / 45,20 / 50,30 / 55,45 / 50,40 / 50,55 / 60,,,,,,,,2018,0,,17620,4,Ronny,Mauricio,SS,16,NYM,2018,2018 Report,,0,,0,4,45,0,2023,J2 2017,,75,166,S,R,Dominican Republic,,,20.0,45.0,20.0,50.0,30.0,55.0,45.0,50.0,40.0,50.0,55.0,60.0,,,,,,,,,,,0,0,,0,,,,,,,
MLB,MLB,sa829595,Pavin Smith,Pavin Smith,/players/pavin-smith/19892/stats/batting,19892,1B/OF,15.0,,,,2020,45,210,"6' 2""",,,4,,Virginia,35 / 55,30 / 50,60 / 60,40 / 40,45 / 50,45 / 45,,,,,,,,2018,0,,17373,4,Pavin,Smith,1B,22,ARI,2018,2018 Report,19892,0,,0,4,45,0,2020,1st rd 2017,,74,210,L,L,Virginia,,,35.0,55.0,30.0,50.0,60.0,60.0,40.0,40.0,45.0,50.0,45.0,45.0,,,,,,,,,,,0,0,,0,,0,4.015,,,,
,MLB,sa659045,Braden Bishop,Braden Bishop,/players/braden-bishop/17806/stats/batting,17806,OF,-1.0,,,,2019,40,190,"6' 1""",,,4,,Washington,35 / 40,20 / 30,40 / 40,70 / 70,60 / 70,55 / 55,,,,,,,,2018,0,,17277,4,Braden,Bishop,CF,24,SEA,2018,2018 Report,17806,0,,0,4,40,0,2019,3rd rd 2015,,73,190,R,R,Washington,,,35.0,40.0,20.0,30.0,40.0,40.0,70.0,70.0,60.0,70.0,55.0,55.0,,,,,,,,,,,0,0,,0,,0,1.030,,,,
MLB,MLB,sa908695,Adolis García,Adolis Garcia,/players/adolis-garcia/19287/stats/batting,19287,OF,26.0,,,,2018,50,180,"6' 1""",,,5,,Cuba,50 / 55,45 / 50,50 / 50,60 / 60,45 / 50,70 / 70,,,,,,,,2018,0,,17693,5,Jose Adolis,Garcia,OF,24,STL,2018,2018 Report,19287,0,,0,5,50,0,2018,IFA 2017,,73,180,R,R,Cuba,,,50.0,55.0,45.0,50.0,50.0,50.0,60.0,60.0,45.0,50.0,70.0,70.0,,,,,,,,,,,0,0,,0,,n/a,5.095,,,,
MLB,MLB,sa737914,Tyler Mahle,Tyler Mahle,/players/tyler-mahle/16358/stats/pitching,16358,P,30.0,,,,2018,50,210,"6' 3""",,,5,,Westminster HS (CA),,,,,,,50 / 55,50 / 55,,45 / 50,,,55 / 60,2018,0,,17451,5,Tyler,Mahle,RHP,23,CIN,2018,2018 Report,16358,0,,0,5,50,0,2018,7th rd 2013,,75,210,R,R,Westminster HS (CA),,,,,,,,,,,,,,,50.0,55.0,50.0,55.0,,,,,55.0,60.0,0,0,,0,,n/a,8.018,45.0,50.0,,
,MLB,sa737764,Stephen Gonsalves,Stephen Gonsalves,/players/stephen-gonsalves/15492/stats/pitching,15492,P,-1.0,,,,2019,50,213,"6' 5""",,,5,,Cathedral Catholic HS (CA),,,,,,,45 / 50,45 / 50,50 / 55,50 / 55,,,45 / 50,2018,0,,17198,5,Stephen,Gonsalves,LHP,23,MIN,2018,2018 Report,15492,0,,0,5,50,0,2019,4th rd 2013,,77,213,L,L,Cathedral Catholic HS (CA),,ToTToij37mo,,,,,,,,,,,,,45.0,50.0,45.0,50.0,50.0,55.0,,,45.0,50.0,0,0,,0,,0,0.056,50.0,55.0,,
MLB,MLB,sa872528,Keibert Ruiz,Keibert Ruiz,/players/keibert-ruiz/19610/stats/batting,19610,C,24.0,,,,2020,50,200,"6' 0""",,,5,,Venezuela,30 / 55,30 / 45,50 / 55,40 / 30,45 / 55,50 / 50,,,,,,,,2018,0,,17554,5,Keibert,Ruiz,C,19,LAD,2018,2018 Report,19610,0,,0,5,50,0,2020,J2 2014,,72,200,S,R,Venezuela,,,30.0,55.0,30.0,45.0,50.0,55.0,40.0,30.0,45.0,55.0,50.0,50.0,,,,,,,,,,,0,0,,0,,0,4.064,,,,
,AA,sa969045,Kevin Maitan,Kevin Maitan,/players/kevin-maitan/sa969045/stats/batting,sa969045,3B,-1.0,,,,2022,50,190,"6' 2""",,,5,,Venezuela,20 / 50,30 / 55,55 / 60,30 / 40,40 / 55,60 / 60,,,,,,,,2018,0,,17045,5,Kevin,Maitan,INF,17,LAA,2018,2018 Report,sa969045,0,,0,5,50,0,2022,J2 2016,,74,190,S,R,Venezuela,,0cx8ztyNO2A,20.0,50.0,30.0,55.0,55.0,60.0,30.0,40.0,40.0,55.0,60.0,60.0,,,,,,,,,,,0,0,,0,,R5,,,,,
MLB,MLB,sa872722,Lucas Erceg,Lucas Erceg,/players/lucas-erceg/19360/stats/pitching,19360,P,7.0,,,,2019,50,200,"6' 3""",,,5,,Menlo,30 / 50,40 / 55,55 / 60,50 / 45,40 / 50,70 / 70,,,,,,,,2018,0,,17577,5,Lucas,Erceg,3B,22,MIL,2018,2018 Report,19360,0,,0,5,50,0,2019,2nd rd 2016,,75,200,L,R,Menlo,,ZMIOPMWkA5c,30.0,50.0,40.0,55.0,55.0,60.0,50.0,45.0,40.0,50.0,70.0,70.0,,,,,,,,,,,0,0,,0,,3,2.136,,,,
,MLB,sa830592,Franklyn Kilome,Franklyn Kilome,/players/franklyn-kilome/17861/stats/pitching,17861,P,-1.0,,,,2019,50,215,"6' 6""",,,5,,Dominican Republic,,,,,,,60 / 60,,55 / 60,30 / 40,,,35 / 45,2018,0,,17639,5,Franklyn,Kilome,RHP,22,PHI,2018,2018 Report,17861,0,,0,5,50,0,2019,J2 2012,,78,215,R,R,Dominican Republic,,BMD8EhJwlVg,,,,,,,,,,,,,60.0,60.0,,,55.0,60.0,,,35.0,45.0,0,0,,0,,1,0.075,30.0,40.0,,
AAA,MLB,sa876266,Brendon Little,Brendon Little,/players/brendon-little/21574/stats/pitching,21574,P,14.0,,,,2020,45,195,"6' 1""",,,5,,State College JC (FL),,,,,,,50 / 50,,55 / 60,40 / 50,,,40 / 45,2018,0,,17429,5,Brendon,Little,LHP,21,CHC,2018,2018 Report,21574,0,,0,5,45,0,2020,1st rd 2017,,73,195,L,L,State College JC (FL),,,,,,,,,,,,,,,50.0,50.0,,,55.0,60.0,,,40.0,45.0,0,0,,0,,1,1.135,40.0,50.0,,
MLB,MLB,sa918022,Nicky Lopez,Nicky Lopez,/players/nicky-lopez/19339/stats/batting,19339,2B/SS,13.0,,,,2019,45,175,"5' 11""",,,5,,Creighton,45 / 55,20 / 30,40 / 40,55 / 55,50 / 55,55 / 55,,,,,,,,2018,0,,17174,5,Nicky,Lopez,SS,23,KCR,2018,2018 Report,19339,0,,0,5,45,0,2019,5th rd 2016,,71,175,L,L,Creighton,,xL8x05RFyNM,45.0,55.0,20.0,30.0,40.0,40.0,55.0,55.0,50.0,55.0,55.0,55.0,,,,,,,,,,,0,0,,0,,n/a,6.021,,,,
,MLB,sa917962,Colton Welker,Colton Welker,/players/colton-welker/19961/stats/batting,19961,1B/3B,-1.0,,,,2021,45,195,"6' 2""",,,5,,Stoneman Douglas HS (FL),30 / 55,30 / 55,55 / 55,40 / 30,40 / 45,55 / 55,,,,,,,,2018,0,,17476,5,Colton,Welker,3B,20,COL,2018,2018 Report,19961,0,,0,5,45,0,2021,4th rd 2016,,74,195,R,R,Stoneman Douglas HS (FL),,,30.0,55.0,30.0,55.0,55.0,55.0,40.0,30.0,40.0,45.0,55.0,55.0,,,,,,,,,,,0,0,,0,,1,0.118,,,,
,AAA,sa738512,Garrett Williams,Garrett Williams,/players/garrett-williams/sa738512/stats/pitching,sa738512,P,-1.0,,,,2019,45,200,"6' 1""",,,5,,Oklahoma State,,,,,,,55 / 55,,60 / 70,45 / 50,,,40 / 45,2018,0,,17759,5,Garrett,Williams,LHP,23,SFG,2018,2018 Report,sa738512,0,,0,5,45,0,2019,7th rd 2016,,73,200,L,L,Oklahoma State,,,,,,,,,,,,,,,55.0,55.0,,,60.0,70.0,,,40.0,45.0,0,0,,0,,R5,,45.0,50.0,,
AAA,MLB,sa873324,Hector Perez,Hector Perez,/players/hector-perez/18592/stats/pitching,18592,P,,,,,2020,45,190,"6' 3""",,,5,,Dominican Republic,,,,,,,60 / 70,50 / 60,45 / 50,,40 / 55,,30 / 45,2018,0,,17527,5,Hector,Perez,RHP,21,HOU,2018,2018 Report,18592,0,,0,5,45,0,2020,J2 2014,,75,190,R,R,Dominican Republic,,,,,,,,,,,,,,,60.0,70.0,50.0,60.0,45.0,50.0,40.0,55.0,30.0,45.0,0,0,,0,,0,0.014,,,,
MLB,MLB,sa829027,Tanner Scott,Tanner Scott,/players/tanner-scott/17586/stats/pitching,17586,P,22.0,,,,2018,45,220,"6' 2""",,,5,,Howard JC (TX),,,,,,,80 / 80,55 / 60,,40 / 45,,,30 / 40,2018,0,,17064,5,Tanner,Scott,LHP,22,BAL,2018,2018 Report,17586,0,,0,5,45,0,2018,6th rd 2014,,74,220,R,L,Howard JC (TX),,dSTn-yI8hfw,,,,,,,,,,,,,80.0,80.0,55.0,60.0,,,,,30.0,40.0,0,0,,0,,n/a,7.059,40.0,45.0,,
,MLB,sa3004140,Bubba Thompson,Bubba Thompson,/players/bubba-thompson/22261/stats/batting,22261,OF,-1.0,,,,2022,45,180,"6' 2""",,,5,,McGill-Toolen HS (AL),20 / 50,20 / 50,45 / 55,70 / 70,40 / 55,50 / 50,,,,,,,,2018,0,,17325,5,Bubba,Thompson,CF,19,TEX,2018,2018 Report,22261,0,,0,5,45,0,2022,1st rd 2017,,74,180,R,R,McGill-Toolen HS (AL),,KipPA56WeHo,20.0,50.0,20.0,50.0,45.0,55.0,70.0,70.0,40.0,55.0,50.0,50.0,,,,,,,,,,,0,0,,0,,2,1.019,,,,
,AAA,sa917784,Bryan Mata,Bryan Mata,/players/bryan-mata/sa917784/stats/pitching,sa917784,P,-1.0,,,,2021,45,175,"6' 3""",,,5,,Venezuela,,,,,,,50 / 55,,50 / 55,50 / 55,,,40 / 55,2018,0,,17084,5,Bryan,Mata,RHP,18,BOS,2018,2018 Report,sa917784,0,,0,5,45,0,2021,J2 2015,,75,175,R,R,Venezuela,,WbkmD6xsGX4,,,,,,,,,,,,,50.0,55.0,,,50.0,55.0,,,40.0,55.0,0,0,,0,,0,1.000,50.0,55.0,,
,MLB,sa3005301,Seth Romero,Seth Romero,/players/seth-romero/21333/stats/pitching,21333,P,-1.0,,,,2019,45,240,"6' 3""",,,5,,Houston,,,,,,,60 / 60,55 / 60,,45 / 55,,,40 / 50,2018,0,,17603,5,Seth,Romero,LHP,21,WSN,2018,2018 Report,21333,0,,0,5,45,0,2019,1st rd 2017,,75,240,L,L,Houston,,,,,,,,,,,,,,,60.0,60.0,55.0,60.0,,,,,40.0,50.0,0,0,,0,,1,1.099,45.0,55.0,,
AAA,MLB,sa738718,Justin Dunn,Justin Dunn,/players/justin-dunn/19268/stats/pitching,19268,P,1.0,,,,2019,45,210,"6' 2""",,,5,,Boston College,,,,,,,55 / 55,55 / 60,45 / 45,40 / 50,,,40 / 50,2018,0,,17621,5,Justin,Dunn,RHP,22,NYM,2018,2018 Report,19268,0,,0,5,45,0,2019,1st rd 2016,,74,210,R,R,Boston College,,,,,,,,,,,,,,,55.0,55.0,55.0,60.0,45.0,45.0,,,40.0,50.0,0,0,,0,,3,4.020,40.0,50.0,,
MLB,MLB,sa3002838,Daulton Varsho,Daulton Varsho,/players/daulton-varsho/19918/stats/batting,19918,OF,14.0,,,,2021,45,190,"5' 10""",,,5,,UW-Milwaukee,35 / 55,20 / 50,50 / 55,55 / 55,45 / 50,45 / 45,,,,,,,,2018,0,,17374,5,Daulton,Varsho,C,21,ARI,2018,2018 Report,19918,0,,0,5,45,0,2021,2nd rd 2017,,70,190,L,R,UW-Milwaukee,,,35.0,55.0,20.0,50.0,50.0,55.0,55.0,55.0,45.0,50.0,45.0,45.0,,,,,,,,,,,0,0,,0,,n/a,5.128,,,,
AAA,MLB,sa873698,Shane Bieber,Shane Bieber,/players/shane-bieber/19427/stats/pitching,19427,P,14.0,,,,2019,45,195,"6' 3""",,,5,,UC Santa Barbara,,,,,,,50 / 50,45 / 50,55 / 60,45 / 50,,,55 / 70,2018,0,,17128,5,Shane,Bieber,RHP,22,CLE,2018,2018 Report,19427,0,,0,5,45,0,2019,4th rd 2016,,75,195,R,R,UC Santa Barbara,,,,,,,,,,,,,,,50.0,50.0,45.0,50.0,55.0,60.0,,,55.0,70.0,0,0,,0,,n/a,7.097,45.0,50.0,,
MLB,MLB,sa874230,Jake Rogers,Jake Rogers,/players/jake-rogers/19452/stats/batting,19452,C,6.0,,,,2020,45,190,"6' 1""",,,5,,Tulane,30 / 40,40 / 50,50 / 55,40 / 40,55 / 70,60 / 60,,,,,,,,2018,0,,17150,5,Jake,Rogers,C,22,DET,2018,2018 Report,19452,0,,0,5,45,0,2020,3rd rd 2016,,73,190,R,R,Tulane,,,30.0,40.0,40.0,50.0,50.0,55.0,40.0,40.0,55.0,70.0,60.0,60.0,,,,,,,,,,,0,0,,0,,n/a,5.040,,,,
,,,Julio Rodriguez,Julio Rodriguez,,,,,,,,2023,40,205,"6' 3""",,,5,,Dominican Republic,20 / 45,20 / 55,50 / 60,45 / 40,40 / 50,55 / 60,,,,,,,,2018,0,,17278,5,Julio,Rodriguez,RF,17,SEA,2018,2018 Report,,0,,0,5,40,0,2023,J2 2017,,75,205,R,R,Dominican Republic,,,20.0,45.0,20.0,55.0,50.0,60.0,45.0,40.0,40.0,50.0,55.0,60.0,,,,,,,,,,,0,0,,0,,,,,,,
MLB,MLB,sa3004765,Shane Baz,Shane Baz,/players/shane-baz/22264/stats/pitching,22264,P,2.0,,,,2021,50,190,"6' 3""",,,6,,Concordia Lutheran HS (TX),,,,,,,55 / 60,,50 / 60,40 / 50,,45 / 60,30 / 45,2018,0,,17666,6,Shane,Baz,RHP,18,PIT,2018,2018 Report,22264,0,,0,6,50,0,2021,1st rd 2017,,75,190,R,R,Concordia Lutheran HS (TX),,Vjv8crlG4_o,,,,,,,,,,,,,55.0,60.0,,,50.0,60.0,,,30.0,45.0,0,0,,0,,2,3.158,40.0,50.0,45.0,60.0
,MLB,sa657865,Jesse Winker,Jesse Winker,/players/jesse-winker/13590/stats/batting,13590,OF,-1.0,,,,2018,50,215,"6' 3""",,,6,,Olympia HS (FL),60 / 70,30 / 40,40 / 40,30 / 30,40 / 40,45 / 45,,,,,,,,2018,0,,17452,6,Jesse,Winker,OF,24,CIN,2018,2018 Report,13590,0,,0,6,50,0,2018,1st rd 2012,,75,215,L,L,Olympia HS (FL),,ayid-_YnePM,60.0,70.0,30.0,40.0,40.0,40.0,30.0,30.0,40.0,40.0,45.0,45.0,,,,,,,,,,,0,0,,0,,n/a,8.080,,,,
MLB,MLB,sa969093,Adrian Morejon,Adrian Morejon,/players/adrian-morejon/20039/stats/pitching,20039,P,29.0,,,,2020,50,165,"5' 11""",,,6,,Cuba,,,,,,,55 / 55,50 / 55,,50 / 60,,,40 / 55,2018,0,,17717,6,Adrian,Morejon,LHP,19,SDP,2018,2018 Report,20039,0,,0,6,50,0,2020,J2 2016,,71,165,R,R,Cuba,,8Ckw8UO5yCg,,,,,,,,,,,,,55.0,55.0,50.0,55.0,,,,,40.0,55.0,0,0,,0,,n/a,5.140,50.0,60.0,,
,A+,sa873207,Freicer Perez,Freicer Perez,/players/freicer-perez/sa873207/stats/pitching,sa873207,P,-1.0,,,,2020,50,190,"6' 8""",,,6,,Dominican Republic,,,,,,,50 / 55,45 / 50,,50 / 55,,,40 / 50,2018,0,,17229,6,Freicer,Perez,RHP,22,NYY,2018,2018 Report,sa873207,0,,0,6,50,0,2020,J2 2015,,80,190,R,R,Dominican Republic,,,,,,,,,,,,,,,50.0,55.0,45.0,50.0,,,,,40.0,50.0,0,0,,0,,R5,,50.0,55.0,,
,,,Wander Franco,Wander Franco,,,,,,,,2022,50,190,"5' 10""",,,6,,Dominican Republic,25 / 55,20 / 55,45 / 55,50 / 40,40 / 45,55 / 55,,,,,,,,2018,0,,17292,6,Wander,Franco,SS,17,TBR,2018,2018 Report,,0,,0,6,50,0,2022,J2 2017,,70,190,S,R,Dominican Republic,,,25.0,55.0,20.0,55.0,45.0,55.0,50.0,40.0,40.0,45.0,55.0,55.0,,,,,,,,,,,0,0,,0,,,,,,,
AAA,MLB,sa917980,Chris Rodriguez,Chris Rodriguez,/players/chris-rodriguez/22310/stats/pitching,22310,P,4.0,,,,2020,50,185,"6' 1""",,,6,,Monsignor Pace HS (FL),,,,,,,60 / 60,60 / 60,55 / 55,40 / 50,,,40 / 50,2018,0,,17046,6,Chris,Rodriguez,RHP,19,LAA,2018,2018 Report,22310,0,,0,6,50,0,2020,4th rd 2016,,73,185,R,R,Monsignor Pace HS (FL),,XVIkcyUC3as,,,,,,,,,,,,,60.0,60.0,60.0,60.0,55.0,55.0,,,40.0,50.0,0,0,,0,,2,2.085,40.0,50.0,,
MLB,MLB,sa874246,Trent Grisham,Trent Grisham,/players/trent-grisham/18564/stats/batting,18564,OF,9.0,,,,2020,50,205,"6' 0""",,,6,,Richland HS (TX),30 / 50,40 / 45,50 / 50,50 / 50,50 / 55,45 / 45,,,,,,,,2018,0,,17578,6,Trent,Grisham,OF,21,MIL,2018,2018 Report,18564,0,,0,6,50,0,2020,1st rd 2015,,72,205,L,L,Richland HS (TX),,ToL0111crDA,30.0,50.0,40.0,45.0,50.0,50.0,50.0,50.0,50.0,55.0,45.0,45.0,,,,,,,,,,,0,0,,0,,n/a,6.060,,,,
MLB,MLB,sa3005280,Alex Lange,Alex Lange,/players/alex-lange/19883/stats/pitching,19883,P,7.0,,,,2020,45,197,"6' 3""",,,6,,LSU,,,,,,,45 / 50,,60 / 70,30 / 45,,,40 / 45,2018,0,,17430,6,Alex,Lange,RHP,22,CHC,2018,2018 Report,19883,0,,0,6,45,0,2020,1st rd 2017,,75,197,R,R,LSU,,,,,,,,,,,,,,,45.0,50.0,,,60.0,70.0,,,40.0,45.0,0,0,,0,,0,3.145,30.0,45.0,,
AAA,MLB,sa657210,Yairo Muñoz,Yairo Munoz,/players/yairo-munoz/16313/stats/batting,16313,SS/OF,,,,,2018,45,200,"6' 1""",,,6,,Dominican Republic,50 / 55,45 / 50,55 / 55,55 / 50,45 / 50,70 / 70,,,,,,,,2018,0,,17694,6,Yairo,Munoz,UTIL,23,STL,2018,2018 Report,16313,0,,0,6,45,0,2018,J2 2011,,73,200,R,R,Dominican Republic,,McRd9qPdEDA,50.0,55.0,45.0,50.0,55.0,55.0,55.0,50.0,45.0,50.0,70.0,70.0,,,,,,,,,,,0,0,,0,,0,3.003,,,,
,MLB,sa874969,Travis Blankenhorn,Travis Blankenhorn,/players/travis-blankenhorn/18395/stats/batting,18395,DH/OF,-1.0,,,,2021,45,208,"6' 2""",,,6,,Pottsville HS (PA),30 / 50,30 / 50,55 / 60,40 / 40,40 / 45,50 / 50,,,,,,,,2018,0,,17199,6,Travis,Blankenhorn,2B,21,MIN,2018,2018 Report,18395,0,,0,6,45,0,2021,3rd rd 2015,,74,208,L,R,Pottsville HS (PA),,-WTP9wYmf1o,30.0,50.0,30.0,50.0,55.0,60.0,40.0,40.0,40.0,45.0,50.0,50.0,,,,,,,,,,,0,0,,0,,1,0.128,,,,
AAA,MLB,sa658334,Yency Almonte,Yency Almonte,/players/yency-almonte/15068/stats/pitching,15068,P,22.0,,,,2018,45,205,"6' 3""",,,6,,Columbia HS (FL),,,,,,,55 / 60,50 / 55,,45 / 50,,,40 / 45,2018,0,,17477,6,Yency,Almonte,RHP,23,COL,2018,2018 Report,15068,0,,0,6,45,0,2018,17th rd 2012,,75,205,R,R,Columbia HS (FL),,,,,,,,,,,,,,,55.0,60.0,50.0,55.0,,,,,40.0,45.0,0,0,,0,,n/a,5.143,45.0,50.0,,
,MLB,sa658778,Chris Shaw,Chris Shaw,/players/chris-shaw/17738/stats/batting,17738,OF,-1.0,,,,2018,45,260,"6' 3""",,,6,,Boston College,45 / 50,50 / 55,70 / 70,40 / 40,40 / 40,55 / 55,,,,,,,,2018,0,,17760,6,Chris,Shaw,1B,24,SFG,2018,2018 Report,17738,0,,0,6,45,0,2018,1st rd 2015,,75,260,L,R,Boston College,,,45.0,50.0,50.0,55.0,70.0,70.0,40.0,40.0,40.0,40.0,55.0,55.0,,,,,,,,,,,0,0,,0,,1,0.060,,,,
MLB,MLB,sa954181,Cionel Pérez,Cionel Perez,/players/cionel-perez/19614/stats/pitching,19614,P,25.0,,,,2019,45,170,"5' 11""",,,6,,Cuba,,,,,,,55 / 60,40 / 50,50 / 55,40 / 45,,,40 / 50,2018,0,,17528,6,Cionel,Perez,LHP,21,HOU,2018,2018 Report,19614,0,,0,6,45,0,2019,J2 2016,,71,170,L,L,Cuba,,,,,,,,,,,,,,,55.0,60.0,40.0,50.0,50.0,55.0,,,40.0,50.0,0,0,,0,,0,4.151,40.0,45.0,,
,MLB,sa829712,DJ Peters,DJ Peters,/players/dj-peters/19348/stats/batting,19348,OF,-1.0,,,,2020,45,225,"6' 6""",,,6,,Western Nevada,30 / 40,40 / 60,65 / 70,55 / 50,45 / 50,60 / 60,,,,,,,,2018,0,,17555,6,D.J.,Peters,RF,22,LAD,2018,2018 Report,19348,0,,0,6,45,0,2020,4th rd 2014,,78,225,R,R,Western Nevada,,,30.0,40.0,40.0,60.0,65.0,70.0,55.0,50.0,45.0,50.0,60.0,60.0,,,,,,,,,,,0,0,,0,,1,0.088,,,,
MLB,MLB,sa873639,Cedric Mullins,Cedric Mullins,/players/cedric-mullins/17929/stats/batting,17929,OF,12.0,,,,2019,45,175,"5' 8""",,,6,,Campbell,40 / 50,35 / 45,50 / 50,60 / 60,45 / 55,45 / 45,,,,,,,,2018,0,,17065,6,Cedric,Mullins,CF,23,BAL,2018,2018 Report,17929,0,,0,6,45,0,2019,13th rd 2015,,68,175,S,L,Campbell,,,40.0,50.0,35.0,45.0,50.0,50.0,60.0,60.0,45.0,55.0,45.0,45.0,,,,,,,,,,,0,0,,0,,n/a,6.078,,,,
,A+,sa872568,Pedro Gonzalez,Pedro Gonzalez,/players/pedro-gonzalez/sa872568/stats/batting,sa872568,OF,-1.0,,,,2021,45,190,"6' 5""",,,6,,Dominican Republic,30 / 50,30 / 55,50 / 60,45 / 40,40 / 45,50 / 55,,,,,,,,2018,0,,17326,6,Pedro,Gonzalez,CF,20,TEX,2018,2018 Report,sa872568,0,,0,6,45,0,2021,J2 2014,,77,190,R,R,Dominican Republic,,0ZYOxS1M2BA,30.0,50.0,30.0,55.0,50.0,60.0,45.0,40.0,40.0,45.0,50.0,55.0,,,,,,,,,,,0,0,,0,,R5,,,,,
MLB,MLB,sa827439,Jalen Beeks,Jalen Beeks,/players/jalen-beeks/17192/stats/pitching,17192,P,13.0,,,,2018,45,195,"5' 11""",,,6,,Arkansas,,,,,,,45 / 45,,50 / 55,55 / 60,,,45 / 50,2018,0,,17085,6,Jalen,Beeks,LHP,24,BOS,2018,2018 Report,17192,0,,0,6,45,0,2018,12th rd 2014,,71,195,L,L,Arkansas,,,,,,,,,,,,,,,45.0,45.0,,,50.0,55.0,,,45.0,50.0,0,0,,0,,n/a,7.003,55.0,60.0,,
,MLB,sa738488,Wil Crowe,Wil Crowe,/players/wil-crowe/19800/stats/pitching,19800,P,-1.0,,,,2020,45,240,"6' 2""",,,6,,South Carolina,,,,,,,55 / 55,50 / 55,50 / 55,40 / 45,,,45 / 50,2018,0,,17604,6,Wil,Crowe,RHP,23,WSN,2018,2018 Report,19800,0,,0,6,45,0,2020,2nd rd 2017,,74,240,R,R,South Carolina,,,,,,,,,,,,,,,55.0,55.0,50.0,55.0,50.0,55.0,,,45.0,50.0,0,0,,0,,1,2.129,40.0,45.0,,
,MLB,sa658266,Ryan Borucki,Ryan Borucki,/players/ryan-borucki/16350/stats/pitching,16350,P,-1.0,,,,2018,45,175,"6' 4""",,,6,,Mundeleion HS (IL),,,,,,,50 / 55,45 / 50,,60 / 60,,,45 / 50,2018,0,,17353,6,Ryan,Borucki,LHP,23,TOR,2018,2018 Report,16350,0,,0,6,45,0,2018,15th rd 2012,,76,175,L,L,Mundeleion HS (IL),,,,,,,,,,,,,,,50.0,55.0,45.0,50.0,,,,,45.0,50.0,0,0,,0,,n/a,6.168,60.0,60.0,,
MLB,MLB,sa3004720,Mark Vientos,Mark Vientos,/players/mark-vientos/22184/stats/batting,22184,3B/DH,25.0,,,,2022,45,185,"6' 4""",,,6,,American Heritage HS (FL),20 / 45,20 / 55,50 / 60,30 / 30,30 / 50,55 / 60,,,,,,,,2018,0,,17622,6,Mark,Vientos,3B,18,NYM,2018,2018 Report,22184,0,,0,6,45,0,2022,2nd rd 2017,,76,185,R,R,American Heritage HS (FL),,ax1yE3rIWCs,20.0,45.0,20.0,55.0,50.0,60.0,30.0,30.0,30.0,50.0,55.0,60.0,,,,,,,,,,,0,0,,0,,0,2.102,,,,
MLB,MLB,sa917920,Mickey Moniak,Mickey Moniak,/players/mickey-moniak/19956/stats/batting,19956,OF,19.0,,,,2021,45,185,"6' 2""",,,6,,La Costa Canyon HS (CA),25 / 55,20 / 40,40 / 50,60 / 55,40 / 55,50 / 55,,,,,,,,2018,0,,17640,6,Mickey,Moniak,OF,19,PHI,2018,2018 Report,19956,0,,0,6,45,0,2021,1st rd 2016,,74,185,L,R,La Costa Canyon HS (CA),,Q8Q3oaLa-Ds,25.0,55.0,20.0,40.0,40.0,50.0,60.0,55.0,40.0,55.0,50.0,55.0,,,,,,,,,,,0,0,,0,,0,4.027,,,,
AAA,MLB,sa917941,Nolan Jones,Nolan Jones,/players/nolan-jones/20529/stats/batting,20529,OF,5.0,,,,2021,45,220,"6' 4""",,,6,,Holy Ghost Prep (PA),20 / 40,30 / 55,55 / 60,30 / 30,40 / 45,60 / 60,,,,,,,,2018,0,,17129,6,Nolan,Jones,3B,19,CLE,2018,2018 Report,20529,0,,0,6,45,0,2021,2nd rd 2016,,76,220,L,R,Holy Ghost Prep (PA),,M8MOVqKoFgA,20.0,40.0,30.0,55.0,55.0,60.0,30.0,30.0,40.0,45.0,60.0,60.0,,,,,,,,,,,0,0,,0,,0,3.007,,,,
MLB,MLB,sa828670,Derek Hill,Derek Hill,/players/derek-hill/16947/stats/batting,16947,OF,4.0,,,,2021,45,190,"6' 2""",,,6,,Elk Grove HS (CA),35 / 50,20 / 45,45 / 50,70 / 70,55 / 60,50 / 50,,,,,,,,2018,0,,17151,6,Derek,Hill,CF,22,DET,2018,2018 Report,16947,0,,0,6,45,0,2021,1st rd 2014,,74,190,R,R,Elk Grove HS (CA),,ZObNf_dt9Wg,35.0,50.0,20.0,45.0,45.0,50.0,70.0,70.0,55.0,60.0,50.0,50.0,,,,,,,,,,,0,0,,0,,0,3.040,,,,
,AAA,sa915700,Michael Gigliotti,Michael Gigliotti,/players/michael-gigliotti/sa915700/stats/batting,sa915700,OF,-1.0,,,,2020,40,180,"6' 1""",,,6,,Lipscomb,30 / 50,20 / 35,40 / 40,55 / 55,45 / 50,50 / 50,,,,,,,,2018,0,,17175,6,Michael,Gigliotti,CF,22,KCR,2018,2018 Report,sa915700,0,,0,6,40,0,2020,4th rd 2017,,73,180,L,L,Lipscomb,,,30.0,50.0,20.0,35.0,40.0,40.0,55.0,55.0,45.0,50.0,50.0,50.0,,,,,,,,,,,0,0,,0,,R5,,,,,
,MLB,sa602653,Max Povse,Max Povse,/players/max-povse/16165/stats/pitching,16165,P,-1.0,,,,2018,40,190,"6' 8""",,,6,,UNC Greensboro,,,,,,,50 / 50,,45 / 45,55 / 55,,,50 / 55,2018,0,,17279,6,Max,Povse,RHP,24,SEA,2018,2018 Report,16165,0,,0,6,40,0,2018,3rd rd 2014,,80,190,R,R,UNC Greensboro,,,,,,,,,,,,,,,50.0,50.0,,,45.0,45.0,,,50.0,55.0,0,0,,0,,1,0.016,55.0,55.0,,
,MLB,sa3004687,Drew Ellis,Drew Ellis,/players/drew-ellis/19873/stats/batting,19873,3B,-1.0,,,,2021,40,220,"6' 3""",,,6,,Louisville,30 / 50,30 / 55,60 / 60,40 / 30,40 / 45,50 / 50,,,,,,,,2018,0,,17375,6,Drew,Ellis,3B,22,ARI,2018,2018 Report,19873,0,,0,6,40,0,2021,2nd rd 2017,,75,220,R,R,Louisville,,,30.0,50.0,30.0,55.0,60.0,60.0,40.0,30.0,40.0,45.0,50.0,50.0,,,,,,,,,,,0,0,,0,,0,0.073,,,,
AAA,MLB,sa3005385,José Barrero,Jose Barrero,/players/jose-barrero/23378/stats/batting,23378,SS,2.0,,,,2021,50,175,"6' 2""",,,7,,Cuba,25 / 55,20 / 45,40 / 50,60 / 60,40 / 50,70 / 70,,,,,,,,2018,0,,17453,7,Jose Israel,Garcia,SS,19,CIN,2018,2018 Report,23378,0,,0,7,50,0,2021,J2 2016,,74,175,R,R,Cuba,,sa3005385,25.0,55.0,20.0,45.0,40.0,50.0,60.0,60.0,40.0,50.0,70.0,70.0,,,,,,,,,,,0,0,,0,,0,2.050,,,,
AAA,MLB,sa917967,Joey Lucchesi,Joey Lucchesi,/players/joey-lucchesi/19320/stats/pitching,19320,P,1.0,,,,2018,50,210,"6' 5""",,,7,,Southeast Missouri,,,,,,,50 / 50,50 / 50,50 / 50,55 / 60,,,50 / 60,2018,0,,17718,7,Joey,Lucchesi,LHP,24,SDP,2018,2018 Report,19320,0,,0,7,50,0,2018,4th rd 2016,,77,210,L,L,Southeast Missouri,,,,,,,,,,,,,,,50.0,50.0,50.0,50.0,50.0,50.0,,,50.0,60.0,0,0,,0,,n/a,5.047,55.0,60.0,,
MLB,MLB,sa928510,Luis Medina,Luis Medina,/players/luis-medina/21649/stats/pitching,21649,P,10.0,,,,2021,50,175,"6' 1""",,,7,,Dominican Republic,,,,,,,60 / 65,55 / 60,,45 / 55,,,35 / 45,2018,0,,17230,7,Luis,Medina,RHP,18,NYY,2018,2018 Report,21649,0,,0,7,50,0,2021,J2 2015,,73,175,R,R,Dominican Republic,,CULpv2BOf-0,,,,,,,,,,,,,60.0,65.0,55.0,60.0,,,,,35.0,45.0,0,0,,0,,0,2.146,45.0,55.0,,
MLB,MLB,sa828383,Sandy Alcantara,Sandy Alcantara,/players/sandy-alcantara/18684/stats/pitching,18684,P,20.0,,,,2018,50,170,"6' 4""",,,7,,Dominican Republic,,,,,,,70 / 70,40 / 45,45 / 50,45 / 60,,,30 / 45,2018,0,,17500,7,Sandy,Alcantara,RHP,22,MIA,2018,2018 Report,18684,0,,0,7,50,0,2018,J2 2013,,76,170,R,R,Dominican Republic,,O4yyOfElw3Y,,,,,,,,,,,,,70.0,70.0,40.0,45.0,45.0,50.0,,,30.0,45.0,0,0,,0,,n/a,7.100,45.0,60.0,,
MLB,MLB,sa599510,Anthony Banda,Anthony Banda,/players/anthony-banda/14706/stats/pitching,14706,P,8.0,,,,2018,50,190,"6' 2""",,,7,,San Jacinto JC (TX),,,,,,,55 / 55,,50 / 50,50 / 55,45 / 50,,40 / 45,2018,0,,17293,7,Anthony,Banda,LHP,24,TBR,2018,2018 Report,14706,0,,0,7,50,0,2018,10th rd 2012,,74,190,L,L,San Jacinto JC (TX),,,,,,,,,,,,,,,55.0,55.0,,,50.0,50.0,45.0,50.0,40.0,45.0,0,0,,0,,0,4.135,50.0,55.0,,
,MLB,sa738510,Corey Ray,Corey Ray,/players/corey-ray/19170/stats/batting,19170,OF,-1.0,,,,2020,50,185,"5' 11""",,,7,,Louisville,30 / 45,30 / 45,60 / 60,70 / 70,45 / 50,40 / 40,,,,,,,,2018,0,,17579,7,Corey,Ray,OF,23,MIL,2018,2018 Report,19170,0,,0,7,50,0,2020,1st rd 2015,,71,185,L,L,Louisville,,9NBoNbU7Zy8,30.0,45.0,30.0,45.0,60.0,60.0,70.0,70.0,45.0,50.0,40.0,40.0,,,,,,,,,,,0,0,,0,,0,0.004,,,,
AAA,MLB,sa738926,Dane Dunning,Dane Dunning,/players/dane-dunning/19409/stats/pitching,19409,P,11.0,,,,2018,50,200,"6' 4""",,,7,,Florida,,,,,,,55 / 55,55 / 60,,50 / 55,,,45 / 50,2018,0,,17105,7,Dane,Dunning,RHP,22,CHW,2018,2018 Report,19409,0,,0,7,50,0,2018,1st rd 2016,,76,200,R,R,Florida,,,,,,,,,,,,,,,55.0,55.0,55.0,60.0,,,,,45.0,50.0,0,0,,0,,0,4.138,50.0,55.0,,
AAA,MLB,sa874736,Daz Cameron,Daz Cameron,/players/daz-cameron/18353/stats/batting,18353,OF,23.0,,,,2021,45,195,"6' 2""",,,7,,Eagle's Landing Christian HS (GA),35 / 50,30 / 50,50 / 55,50 / 55,50 / 55,50 / 50,,,,,,,,2018,0,,17152,7,Daz,Cameron,CF,21,DET,2018,2018 Report,18353,0,,0,7,45,0,2021,1st rd 2015,,74,195,R,R,Eagle's Landing Christian HS (GA),,,35.0,50.0,30.0,50.0,50.0,55.0,50.0,55.0,50.0,55.0,50.0,50.0,,,,,,,,,,,0,0,,0,,0,2.061,,,,
,AA,sa917767,Lolo Sanchez,Lolo Sanchez,/players/kevin-sanchez/sa917767/stats/batting,sa917767,OF,-1.0,,,,2021,45,150,"6' 0""",,,7,,Dominican Republic,25 / 60,20 / 45,30 / 45,60 / 60,45 / 60,55 / 55,,,,,,,,2018,0,,17667,7,Lolo,Sanchez,OF,18,PIT,2018,2018 Report,sa917767,0,,0,7,45,0,2021,J2 2015,,72,150,R,R,Dominican Republic,,,25.0,60.0,20.0,45.0,30.0,45.0,60.0,60.0,45.0,60.0,55.0,55.0,,,,,,,,,,,0,0,,0,,R5,,,,,
AAA,MLB,sa857827,Andrew Knizner,Andrew Knizner,/players/andrew-knizner/19514/stats/batting,19514,C,19.0,,,,2019,45,200,"6' 1""",,,7,,North Carolina State,40 / 55,30 / 45,50 / 50,30 / 30,45 / 50,45 / 45,,,,,,,,2018,0,,17695,7,Andrew,Knizner,C,22,STL,2018,2018 Report,19514,0,,0,7,45,0,2019,7th rd 2016,,73,200,R,R,North Carolina State,,,40.0,55.0,30.0,45.0,50.0,50.0,30.0,30.0,45.0,50.0,45.0,45.0,,,,,,,,,,,0,0,,0,,n/a,5.090,,,,
,AAA,sa917168,Wander Javier,Wander Javier,/players/wander-javier/sa917168/stats/batting,sa917168,SS,-2.0,,,,2022,45,165,"6' 1""",,,7,,Dominican Republic,20 / 50,20 / 45,45 / 55,55 / 50,45 / 55,55 / 60,,,,,,,,2018,0,,17200,7,Wander,Javier,SS,19,MIN,2018,2018 Report,sa917168,0,,0,7,45,0,2022,J2 2015,,73,165,R,R,Dominican Republic,,KQM2BzjyTNU,20.0,50.0,20.0,45.0,45.0,55.0,55.0,50.0,45.0,55.0,55.0,60.0,,,,,,,,,,,0,0,,0,,R5,,,,,
,MLB,sa828682,Forrest Wall,Forrest Wall,/players/forrest-wall/16496/stats/batting,16496,OF,-1.0,,,,2019,45,176,"6' 0""",,,7,,Orangewood Christian HS (FL),45 / 55,20 / 30,45 / 45,60 / 60,40 / 45,40 / 40,,,,,,,,2018,0,,17478,7,Forrest,Wall,CF,22,COL,2018,2018 Report,16496,0,,0,7,45,0,2019,1st rd 2014,,72,176,L,R,Orangewood Christian HS (FL),,,45.0,55.0,20.0,30.0,45.0,45.0,60.0,60.0,40.0,45.0,40.0,40.0,,,,,,,,,,,0,0,,0,,2,0.124,,,,
,AAA,sa3004055,Austin Beck,Austin Beck,/players/austin-beck/sa3004055/stats/batting,sa3004055,OF,-2.0,,,,2021,45,200,"6' 1""",,,7,,North Davidson HS (NC),20 / 40,20 / 50,55 / 60,60 / 55,40 / 50,60 / 60,,,,,,,,2018,0,,17257,7,Austin,Beck,OF,19,OAK,2018,2018 Report,sa3004055,0,,0,7,45,0,2021,1st rd 2017,,73,200,R,R,North Davidson HS (NC),,oAS3Hzfb8Jc,20.0,40.0,20.0,50.0,55.0,60.0,60.0,55.0,40.0,50.0,60.0,60.0,,,,,,,,,,,0,0,,0,,R5,,,,,
,MLB,sa917948,Mitch White,Mitch White,/players/mitch-white/19225/stats/pitching,19225,P,-1.0,,,,2019,45,207,"6' 4""",,,7,,Santa Clara,,,,,,,60 / 60,,60 / 60,40 / 45,,55 / 60,45 / 55,2018,0,,17556,7,Mitch,White,RHP,23,LAD,2018,2018 Report,19225,0,,0,7,45,0,2019,2nd rd 2016,,76,207,R,R,Santa Clara,,-XlwJUJpdH0,,,,,,,,,,,,,60.0,60.0,,,60.0,60.0,,,45.0,55.0,0,0,,0,,0,2.109,40.0,45.0,55.0,60.0
AAA,MLB,sa737379,Jaime Barria,Jaime Barria,/players/jaime-barria/18356/stats/pitching,18356,P,,,,,2019,45,210,"6' 1""",,,7,,Panama,,,,,,,45 / 45,,45 / 50,50 / 55,,,50 / 60,2018,0,,17047,7,Jaime,Barria,RHP,21,LAA,2018,2018 Report,18356,0,,0,7,45,0,2019,J2 2012,,73,210,R,R,Panama,,,,,,,,,,,,,,,45.0,45.0,,,45.0,50.0,,,50.0,60.0,0,0,,0,,0,4.035,50.0,55.0,,
MLB,MLB,sa874734,Ryan Mountcastle,Ryan Mountcastle,/players/ryan-mountcastle/18373/stats/batting,18373,1B,2.0,,,,2019,45,185,"6' 3""",,,7,,Hagerty HS (FL),40 / 55,35 / 50,50 / 55,40 / 40,30 / 40,30 / 30,,,,,,,,2018,0,,17066,7,Ryan,Mountcastle,LF,21,BAL,2018,2018 Report,18373,0,,0,7,45,0,2019,1st rd 2015,,75,185,R,R,Hagerty HS (FL),,Mf-E2t1dIxo,40.0,55.0,35.0,50.0,50.0,55.0,40.0,40.0,30.0,40.0,30.0,30.0,,,,,,,,,,,0,0,,0,,n/a,5.105,,,,
AAA,MLB,sa3004642,Hans Crouse,Hans Crouse,/players/hans-crouse/22192/stats/pitching,22192,P,2.0,,,,2021,45,180,"6' 4""",,,7,,Dana Hills HS (CA),,,,,,,60 / 60,,60 / 70,45 / 55,,,35 / 45,2018,0,,17327,7,Hans,Crouse,RHP,19,TEX,2018,2018 Report,22192,0,,0,7,45,0,2021,2nd rd 2017,,76,180,L,R,Dana Hills HS (CA),,3ehPVLIc5AI,,,,,,,,,,,,,60.0,60.0,,,60.0,70.0,,,35.0,45.0,0,0,,0,,1,1.002,45.0,55.0,,
,MLB,sa828318,Darwinzon Hernández,Darwinzon Hernandez,/players/darwinzon-hernandez/19848/stats/pitching,19848,P,-1.0,,,,2021,45,185,"6' 2""",,,7,,Venezuela,,,,,,,60 / 60,40 / 45,55 / 60,40 / 45,,,40 / 45,2018,0,,17086,7,Darwinzon,Hernandez,LHP,21,BOS,2018,2018 Report,19848,0,,0,7,45,0,2021,J2 2013,,74,185,L,L,Venezuela,,,,,,,,,,,,,,,60.0,60.0,40.0,45.0,55.0,60.0,,,40.0,45.0,0,0,,0,,1,2.105,40.0,45.0,,
,MLB,sa738498,T.J. Zeuch,T.J. Zeuch,/players/tj-zeuch/19269/stats/pitching,19269,P,-1.0,,,,2019,45,220,"6' 7""",,,7,,Pittsburgh,,,,,,,60 / 60,40 / 45,50 / 55,40 / 45,,,40 / 50,2018,0,,17354,7,T.J.,Zeuch,RHP,22,TOR,2018,2018 Report,19269,0,,0,7,45,0,2019,1st rd 2016,,79,220,R,R,Pittsburgh,,,,,,,,,,,,,,,60.0,60.0,40.0,45.0,50.0,55.0,,,40.0,50.0,0,0,,0,,0,0.123,40.0,45.0,,
MLB,MLB,sa873981,Pete Alonso,Pete Alonso,/players/pete-alonso/19251/stats/batting,19251,1B,2.0,,,,2019,45,225,"6' 2""",,,7,,Florida,40 / 50,40 / 55,60 / 60,30 / 30,40 / 40,50 / 50,,,,,,,,2018,0,,17623,7,Peter,Alonso,1B,22,NYM,2018,2018 Report,19251,0,,0,7,45,0,2019,2nd rd 2016,,74,225,R,R,Florida,,,40.0,50.0,40.0,55.0,60.0,60.0,30.0,30.0,40.0,40.0,50.0,50.0,,,,,,,,,,,0,0,,0,,n/a,7.000,,,,
,MLB,sa915818,Adam Haseley,Adam Haseley,/players/adam-haseley/19878/stats/batting,19878,OF,-1.0,,,,2020,45,195,"6' 1""",,,7,,Virginia,35 / 55,30 / 40,45 / 50,55 / 55,45 / 50,55 / 55,,,,,,,,2018,0,,17641,7,Adam,Haseley,CF,21,PHI,2018,2018 Report,19878,0,,0,7,45,0,2020,1st rd 2017,,73,195,R,R,Virginia,,lJlQzfoO49c,35.0,55.0,30.0,40.0,45.0,50.0,55.0,55.0,45.0,50.0,55.0,55.0,,,,,,,,,,,0,0,,0,,0,2.040,,,,
MLB,MLB,sa917927,Will Benson,Will Benson,/players/will-benson/21853/stats/batting,21853,OF,18.0,,,,2022,45,225,"6' 5""",,,7,,The Westminster Schools (GA),20 / 40,30 / 60,65 / 70,55 / 50,45 / 50,80 / 80,,,,,,,,2018,0,,17130,7,Will,Benson,RF,19,CLE,2018,2018 Report,21853,0,,0,7,45,0,2022,1st rd 2016,,77,225,L,L,The Westminster Schools (GA),,_oDb1oLoVXU,20.0,40.0,30.0,60.0,65.0,70.0,55.0,50.0,45.0,50.0,80.0,80.0,,,,,,,,,,,0,0,,0,,1,3.003,,,,
MLB,MLB,sa737618,Victor Caratini,Victor Caratini,/players/victor-caratini/14968/stats/batting,14968,C,8.0,,,,2018,40,215,"6' 1""",,,7,,Miami-Dade JC (FL),50 / 55,30 / 40,50 / 50,30 / 30,40 / 45,45 / 45,,,,,,,,2018,0,,17431,7,Victor,Caratini,C/1B,24,CHC,2018,2018 Report,14968,0,,0,7,40,0,2018,2nd rd 2013,,73,215,S,R,Miami-Dade JC (FL),,UD6fx3WQQDk,50.0,55.0,30.0,40.0,50.0,50.0,30.0,30.0,40.0,45.0,45.0,45.0,,,,,,,,,,,0,0,,0,,n/a,8.051,,,,
,MLB,sa598268,Eric Skoglund,Eric Skoglund,/players/eric-skoglund/16155/stats/pitching,16155,P,-1.0,,,,2018,40,200,"6' 7""",,,7,,Central Florida,,,,,,,50 / 50,45 / 45,55 / 55,45 / 50,,,50 / 50,2018,0,,17176,7,Eric,Skoglund,LHP,25,KCR,2018,2018 Report,16155,0,,0,7,40,0,2018,3rd rd 2014,,79,200,L,L,Central Florida,,,,,,,,,,,,,,,50.0,50.0,45.0,45.0,55.0,55.0,,,50.0,50.0,0,0,,0,,1,1.109,45.0,50.0,,
,AA,sa3004691,Jacob Gonzalez,Jacob Gonzalez,/players/jacob-gonzalez/sa3004691/stats/batting,sa3004691,1B/3B,-1.0,,,,2023,40,190,"6' 3""",,,7,,Chaparral HS (AZ),20 / 50,20 / 60,55 / 70,45 / 40,30 / 40,55 / 60,,,,,,,,2018,0,,17761,7,Jacob,Gonzalez,3B,19,SFG,2018,2018 Report,sa3004691,0,,0,7,40,0,2023,2nd rd 2017,,75,190,R,R,Chaparral HS (AZ),,,20.0,50.0,20.0,60.0,55.0,70.0,45.0,40.0,30.0,40.0,55.0,60.0,,,,,,,,,,,0,0,,0,,R5,,,,,
,A+,sa3003195,Freudis Nova,Freudis Nova,/players/freudis-nova/sa3003195/stats/batting,sa3003195,SS,-2.0,,,,2021,40,180,"6' 1""",,,7,,Dominican Republic,25 / 60,20 / 50,40 / 50,60 / 50,40 / 50,55 / 55,,,,,,,,2018,0,,17529,7,Freudis,Nova,INF,18,HOU,2018,2018 Report,sa3003195,0,,0,7,40,0,2021,J2 2016,,73,180,R,R,Dominican Republic,,,25.0,60.0,20.0,50.0,40.0,50.0,60.0,50.0,40.0,50.0,55.0,55.0,,,,,,,,,,,0,0,,0,,2,0.014,,,,
,MLB,sa709547,Nick Rumbelow,Nick Rumbelow,/players/nick-rumbelow/14867/stats/pitching,14867,P,-1.0,,,,2018,40,190,"6' 0""",,,7,,LSU,,,,,,,55 / 55,,55 / 55,,60 / 60,,40 / 40,2018,0,,17280,7,Nick,Rumbelow,RHP,26,SEA,2018,2018 Report,14867,0,,0,7,40,0,2018,7th rd 2013,,72,190,R,R,LSU,,AfkzDYdWI78,,,,,,,,,,,,,55.0,55.0,,,55.0,55.0,60.0,60.0,40.0,40.0,0,0,,0,,1,0.163,,,,
MLB,MLB,sa874806,Blake Perkins,Blake Perkins,/players/blake-perkins/19921/stats/batting,19921,OF,23.0,,,,2020,40,165,"6' 1""",,,7,,Verrado HS (AZ),20 / 45,20 / 30,30 / 40,60 / 60,45 / 60,50 / 50,,,,,,,,2018,0,,17605,7,Blake,Perkins,CF,21,WSN,2018,2018 Report,19921,0,,0,7,40,0,2020,2nd rd 2016,,73,165,S,R,Verrado HS (AZ),,97hbiPICZPQ,20.0,45.0,20.0,30.0,30.0,40.0,60.0,60.0,45.0,60.0,50.0,50.0,,,,,,,,,,,0,0,,0,,2,2.133,,,,
,MLB,sa828703,Marcus Wilson,Marcus Wilson,/players/marcus-wilson/17910/stats/batting,17910,OF,-1.0,,,,2021,40,175,"6' 3""",,,7,,JSerra HS (CA),30 / 50,20 / 45,45 / 50,60 / 60,45 / 50,50 / 50,,,,,,,,2018,0,,17376,7,Marcus,Wilson,CF,21,ARI,2018,2018 Report,17910,0,,0,7,40,0,2021,2nd rd 2014,,75,175,R,R,JSerra HS (CA),,,30.0,50.0,20.0,45.0,45.0,50.0,60.0,60.0,45.0,50.0,50.0,50.0,,,,,,,,,,,0,0,,0,,0,0.009,,,,
,MLB,sa738578,Shed Long Jr.,Shed Long Jr.,/players/shed-long-jr/16542/stats/batting,16542,2B/OF,-1.0,,,,2019,50,180,"5' 8""",,,8,,Jacksonville HS (AL),35 / 50,40 / 50,55 / 55,55 / 55,40 / 45,50 / 50,,,,,,,,2018,0,,17454,8,Shedric,Long,2B,22,CIN,2018,2018 Report,16542,0,,0,8,50,0,2019,12th rd 2013,,68,180,L,R,Jacksonville HS (AL),,btgH8dskG8o,35.0,50.0,40.0,50.0,55.0,55.0,55.0,55.0,40.0,45.0,50.0,50.0,,,,,,,,,,,0,0,,0,,1,2.057,,,,
AAA,MLB,sa875192,Logan Allen,Logan Allen,/players/logan-allen/18555/stats/pitching,18555,P,22.0,,,,2020,50,200,"6' 3""",,,8,,IMG Academy HS (FL),,,,,,,50 / 50,,50 / 50,55 / 60,,,40 / 50,2018,0,,17719,8,Logan,Allen,LHP,20,SDP,2018,2018 Report,18555,0,,0,8,50,0,2020,8th rd 2015,,75,200,R,L,IMG Academy HS (FL),,vO-q9WIphiY,,,,,,,,,,,,,50.0,50.0,,,50.0,50.0,,,40.0,50.0,0,0,,0,,0,1.091,55.0,60.0,,
AAA,MLB,sa737529,Christian Arroyo,Christian Arroyo,/players/christian-arroyo/16434/stats/batting,16434,2B,25.0,,,,2018,50,180,"6' 1""",,,8,,Hernando HS (FL),55 / 60,30 / 40,40 / 40,40 / 40,45 / 50,60 / 60,,,,,,,,2018,0,,17294,8,Christian,Arroyo,3B,22,TBR,2018,2018 Report,16434,0,,0,8,50,0,2018,1st rd 2013,,73,180,R,R,Hernando HS (FL),,ZUyMfsabjAY,55.0,60.0,30.0,40.0,40.0,40.0,40.0,40.0,45.0,50.0,60.0,60.0,,,,,,,,,,,0,0,,0,,0,4.166,,,,
,MLB,sa550125,Mike Gerber,Mike Gerber,/players/mike-gerber/16115/stats/batting,16115,OF,-1.0,,,,2018,45,190,"6' 0""",,,8,,Creighton,40 / 45,40 / 55,60 / 60,50 / 50,55 / 55,50 / 50,,,,,,,,2018,0,,17153,8,Mike,Gerber,RF,25,DET,2018,2018 Report,16115,0,,0,8,45,0,2018,5th rd 2014,,72,190,L,R,Creighton,,HLLQ7vUfBCo,40.0,45.0,40.0,55.0,60.0,60.0,50.0,50.0,55.0,55.0,50.0,50.0,,,,,,,,,,,0,0,,0,,1,0.051,,,,
,MLB,sa658531,Taylor Hearn,Taylor Hearn,/players/taylor-hearn/18325/stats/pitching,18325,P,-1.0,,,,2020,45,210,"6' 5""",,,8,,Oklahoma Baptist,,,,,,,60 / 60,50 / 55,,40 / 45,,,40 / 45,2018,0,,17668,8,Taylor,Hearn,LHP,22,PIT,2018,2018 Report,18325,0,,0,8,45,0,2020,5th rd 2015,,77,210,L,L,Oklahoma Baptist,,oQKNYrSxPec,,,,,,,,,,,,,60.0,60.0,50.0,55.0,,,,,40.0,45.0,0,0,,0,,0,3.165,40.0,45.0,,
MLB,MLB,sa857218,Harrison Bader,Harrison Bader,/players/harrison-bader/18030/stats/batting,18030,OF,30.0,,,,2018,45,195,"6' 0""",,,8,,Florida,40 / 45,40 / 45,50 / 50,60 / 60,45 / 50,55 / 55,,,,,,,,2018,0,,17696,8,Harrison,Bader,OF,23,STL,2018,2018 Report,18030,0,,0,8,45,0,2018,3rd rd 2015,,72,195,R,R,Florida,,GHVr7zAVQ_8,40.0,45.0,40.0,45.0,50.0,50.0,60.0,60.0,45.0,50.0,55.0,55.0,,,,,,,,,,,0,0,,0,,n/a,8.030,,,,
MLB,MLB,sa873310,Brusdar Graterol,Brusdar Graterol,/players/brusdar-graterol/20367/stats/pitching,20367,P,22.0,,,,2023,45,180,"6' 1""",,,8,,Venezuela,,,,,,,60 / 70,50 / 60,,45 / 55,,,40 / 50,2018,0,,17201,8,Brusdar,Graterol,RHP,19,MIN,2018,2018 Report,20367,0,,0,8,45,0,2023,J2 2014,,73,180,R,R,Venezuela,,,,,,,,,,,,,,,60.0,70.0,50.0,60.0,,,,,40.0,50.0,0,0,,0,,n/a,5.167,45.0,55.0,,
AAA,MLB,sa738479,Garrett Hampson,Garrett Hampson,/players/garrett-hampson/19262/stats/batting,19262,2B/OF,18.0,,,,2019,45,185,"5' 11""",,,8,,Long Beach State,40 / 55,30 / 35,40 / 40,70 / 70,45 / 50,50 / 50,,,,,,,,2018,0,,17479,8,Garrett,Hampson,2B,23,COL,2018,2018 Report,19262,0,,0,8,45,0,2019,3rd rd 2016,,71,185,R,R,Long Beach State,,dAUevwXdsms,40.0,55.0,30.0,35.0,40.0,40.0,70.0,70.0,45.0,50.0,50.0,50.0,,,,,,,,,,,0,0,,0,,n/a,7.003,,,,
,MLB,sa875066,Chance Adams,Chance Adams,/players/chance-adams/18135/stats/pitching,18135,P,-1.0,,,,2018,45,215,"6' 0""",,,8,,Dallas Baptist,,,,,,,55 / 55,50 / 55,45 / 50,45 / 50,,,45 / 50,2018,0,,17231,8,Chance,Adams,RHP,23,NYY,2018,2018 Report,18135,0,,0,8,45,0,2018,5th rd 2015,,72,215,R,R,Dallas Baptist,,If_SFx0CQxM,,,,,,,,,,,,,55.0,55.0,50.0,55.0,45.0,50.0,,,45.0,50.0,0,0,,0,,1,1.042,45.0,50.0,,
AAA,MLB,sa736866,Magneuris Sierra,Magneuris Sierra,/players/magneuris-sierra/17023/stats/batting,17023,OF,,,,,2018,45,160,"5' 11""",,,8,,Dominican Republic,20 / 40,20 / 30,30 / 40,70 / 70,50 / 70,45 / 45,,,,,,,,2018,0,,17501,8,Magneuris,Sierra,OF,21,MIA,2018,2018 Report,17023,0,,0,8,45,0,2018,J2 2012,,71,160,L,L,Dominican Republic,,,20.0,40.0,20.0,30.0,30.0,40.0,70.0,70.0,50.0,70.0,45.0,45.0,,,,,,,,,,,0,0,,0,,0,2.138,,,,
,AAA,sa969091,Lazaro Armenteros,Lazaro Armenteros,/players/lazaro-armenteros/sa969091/stats/batting,sa969091,OF,-1.0,,,,2021,45,182,"6' 0""",,,8,,Cuba,25 / 45,20 / 50,55 / 60,60 / 60,40 / 50,40 / 40,,,,,,,,2018,0,,17258,8,Lazaro,Armenteros,LF,18,OAK,2018,2018 Report,sa969091,0,,0,8,45,0,2021,J2 2016,,72,182,R,R,Cuba,,vc84x37Htwg,25.0,45.0,20.0,50.0,55.0,60.0,60.0,60.0,40.0,50.0,40.0,40.0,,,,,,,,,,,0,0,,0,,2,0.000,,,,
MLB,MLB,sa737018,Dennis Santana,Dennis Santana,/players/dennis-santana/17878/stats/pitching,17878,P,27.0,,,,2018,45,160,"6' 2""",,,8,,Dominican Republic,,,,,,,55 / 60,55 / 60,,50 / 55,,,40 / 50,2018,0,,17557,8,Dennis,Santana,RHP,22,LAD,2018,2018 Report,17878,0,,0,8,45,0,2018,J2 2012,,74,160,R,R,Dominican Republic,,,,,,,,,,,,,,,55.0,60.0,55.0,60.0,,,,,40.0,50.0,0,0,,0,,n/a,5.126,50.0,55.0,,
MLB,MLB,sa829807,Griffin Canning,Griffin Canning,/players/griffin-canning/19867/stats/pitching,19867,P,29.0,,,,2020,45,170,"6' 1""",,,8,,UCLA,,,,,,,50 / 50,50 / 50,50 / 50,45 / 55,,,45 / 55,2018,0,,17048,8,Griffin,Canning,RHP,21,LAA,2018,2018 Report,19867,0,,0,8,45,0,2020,2nd rd 2017,,73,170,R,R,UCLA,,7sIxI6ZjQjQ,,,,,,,,,,,,,50.0,50.0,50.0,50.0,50.0,50.0,,,45.0,55.0,0,0,,0,,n/a,6.075,45.0,55.0,,
,MLB,sa828677,Luis Ortiz,Luis F. Ortiz,/players/luis-f-ortiz/16942/stats/pitching,16942,P,-1.0,,,,2018,45,240,"6' 3""",,,8,,Sanger HS (CA),,,,,,,60 / 60,60 / 60,45 / 50,45 / 50,,,50 / 55,2018,0,,17580,8,Luis,Ortiz,RHP,22,MIL,2018,2018 Report,16942,0,,0,8,45,0,2018,1st rd 2014,,75,240,R,R,Sanger HS (CA),,Bc-6cJ0VFrQ,,,,,,,,,,,,,60.0,60.0,60.0,60.0,45.0,50.0,,,50.0,55.0,0,0,,0,,1,1.103,45.0,50.0,,
,MLB,sa659670,Ronald Guzmán,Ronald Guzman,/players/ronald-guzman/14388/stats/batting,14388,1B,-1.0,,,,2018,45,230,"6' 6""",,,8,,Dominican Republic,50 / 55,45 / 50,60 / 60,30 / 30,50 / 55,50 / 50,,,,,,,,2018,0,,17328,8,Ronald,Guzman,1B,23,TEX,2018,2018 Report,14388,0,,0,8,45,0,2018,J2 2011,,78,230,L,L,Dominican Republic,,MBWS5J7xl1U,50.0,55.0,45.0,50.0,60.0,60.0,30.0,30.0,50.0,55.0,50.0,50.0,,,,,,,,,,,0,0,,0,,0,3.083,,,,
,AAA,sa3004813,Logan Warmoth,Logan Warmoth,/players/logan-warmoth/sa3004813/stats/batting,sa3004813,SS/OF,-1.0,,,,2020,45,190,"6' 0""",,,8,,North Carolina,35 / 50,30 / 45,50 / 50,50 / 50,40 / 45,60 / 60,,,,,,,,2018,0,,17355,8,Logan,Warmoth,SS,22,TOR,2018,2018 Report,sa3004813,0,,0,8,45,0,2020,1st rd 2017,,72,190,R,R,North Carolina,,JW2k6Sivuis,35.0,50.0,30.0,45.0,50.0,50.0,50.0,50.0,40.0,45.0,60.0,60.0,,,,,,,,,,,0,0,,0,,R5,,,,,
AAA,MLB,sa829000,Dylan Cease,Dylan Cease,/players/dylan-cease/18525/stats/pitching,18525,P,14.0,,,,2020,45,190,"6' 2""",,,8,,Milton HS (GA),,,,,,,70 / 70,,55 / 60,45 / 50,,,40 / 45,2018,0,,17106,8,Dylan,Cease,RHP,22,CHW,2018,2018 Report,18525,0,,0,8,45,0,2020,6th rd 2014,,74,190,R,R,Milton HS (GA),,7yQ1CGEXnFc,,,,,,,,,,,,,70.0,70.0,,,55.0,60.0,,,40.0,45.0,0,0,,0,,n/a,6.089,45.0,50.0,,
,AA,sa874792,Desmond Lindsay,Desmond Lindsay,/players/desmond-lindsay/sa874792/stats/batting,sa874792,OF,-1.0,,,,2020,45,200,"6' 0""",,,8,,Out of Door Academy HS (FL),30 / 45,30 / 50,60 / 60,60 / 55,30 / 45,50 / 50,,,,,,,,2018,0,,17624,8,Desmond,Lindsay,OF,21,NYM,2018,2018 Report,sa874792,0,,0,8,45,0,2020,2nd rd 2015,,72,200,R,R,Out of Door Academy HS (FL),,akUuQZG6dnk,30.0,45.0,30.0,50.0,60.0,60.0,60.0,55.0,30.0,45.0,50.0,50.0,,,,,,,,,,,0,0,,0,,R5,,,,,
AA,MLB,sa551307,Jorge Alfaro,Jorge Alfaro,/players/jorge-alfaro/12180/stats/batting,12180,C,7.0,,,,2018,45,238,"6' 2""",,,8,,Colombia,30 / 40,40 / 50,70 / 70,50 / 50,45 / 50,70 / 70,,,,,,,,2018,0,,17642,8,Jorge,Alfaro,C,24,PHI,2018,2018 Report,12180,0,,0,8,45,0,2018,J2 2009,,74,238,R,R,Colombia,,NK7LZ7MnzFg,30.0,40.0,40.0,50.0,70.0,70.0,50.0,50.0,45.0,50.0,70.0,70.0,,,,,,,,,,,0,0,,0,,n/a,5.160,,,,
MLB,MLB,sa601042,Eric Haase,Eric Haase,/players/eric-haase/14111/stats/batting,14111,C,30.0,,,,2018,45,180,"5' 10""",,,8,,Divine Child HS (MI),35 / 40,50 / 55,70 / 70,20 / 20,40 / 45,50 / 50,,,,,,,,2018,0,,17131,8,Eric,Haase,C,25,CLE,2018,2018 Report,14111,0,,0,8,45,0,2018,7th rd 2011,,70,180,R,R,Divine Child HS (MI),,,35.0,40.0,50.0,55.0,70.0,70.0,20.0,20.0,40.0,45.0,50.0,50.0,,,,,,,,,,,0,0,,0,,0,4.114,,,,
,AA,sa875023,D.J. Wilson,D.J. Wilson,/players/darryl-wilson/sa875023/stats/batting,sa875023,OF,-2.0,,,,2020,40,177,"5' 8""",,,8,,Canton South HS (OH),20 / 40,20 / 40,50 / 55,70 / 70,45 / 60,50 / 50,,,,,,,,2018,0,,17432,8,D.J.,Wilson,OF,21,CHC,2018,2018 Report,sa875023,0,,0,8,40,0,2020,4th rd 2015,,68,177,L,L,Canton South HS (OH),,,20.0,40.0,20.0,40.0,50.0,55.0,70.0,70.0,45.0,60.0,50.0,50.0,,,,,,,,,,,0,0,,0,,R5,,,,,
MLB,MLB,sa918199,Richard Lovelady,Richard Lovelady,/players/richard-lovelady/19337/stats/pitching,19337,P,24.0,,,,2018,40,175,"6' 0""",,,8,,Kennesaw State,,,,,,,60 / 60,,50 / 55,45 / 50,,,50 / 55,2018,0,,17177,8,Richard,Lovelady,LHP,22,KCR,2018,2018 Report,19337,0,,0,8,40,0,2018,10th rd 2016,,72,175,L,L,Kennesaw State,,,,,,,,,,,,,,,60.0,60.0,,,50.0,55.0,,,50.0,55.0,0,0,,0,,0,3.052,45.0,50.0,,
,MLB,sa598260,Andrew Suárez,Andrew Suarez,/players/andrew-suarez/18300/stats/pitching,18300,P,-1.0,,,,2018,40,187,"6' 0""",,,8,,Miami,,,,,,,50 / 50,,50 / 50,45 / 50,,50 / 50,50 / 55,2018,0,,17762,8,Andrew,Suarez,LHP,25,SFG,2018,2018 Report,18300,0,,0,8,40,0,2018,2nd rd 2016,,72,187,L,L,Miami,,5fUTAWZZKq0,,,,,,,,,,,,,50.0,50.0,,,50.0,50.0,,,50.0,55.0,0,0,,0,,1,2.021,45.0,50.0,50.0,50.0
AAA,MLB,sa915704,Corbin Martin,Corbin Martin,/players/corbin-martin/19884/stats/pitching,19884,P,17.0,,,,2020,40,200,"6' 2""",,,8,,Texas A&M,,,,,,,55 / 55,55 / 60,,45 / 55,,,40 / 50,2018,0,,17530,8,Corbin,Martin,RHP,22,HOU,2018,2018 Report,19884,0,,0,8,40,0,2020,2nd rd 2017,,74,200,R,R,Texas A&M,,,,,,,,,,,,,,,55.0,55.0,55.0,60.0,,,,,40.0,50.0,0,0,,0,,0,2.146,45.0,55.0,,
MLB,MLB,sa918041,Matt Festa,Matt Festa,/players/matt-festa/19330/stats/pitching,19330,P,5.0,,,,2018,40,195,"6' 2""",,,8,,East Stroudsburg,,,,,,,55 / 55,50 / 50,50 / 50,55 / 55,,,45 / 50,2018,0,,17281,8,Matt,Festa,RHP,24,SEA,2018,2018 Report,19330,0,,0,8,40,0,2018,7th rd 2016,,74,195,R,R,East Stroudsburg,,,,,,,,,,,,,,,55.0,55.0,50.0,50.0,50.0,50.0,,,45.0,50.0,0,0,,0,,0,2.153,55.0,55.0,,
,MLB,sa874042,Cody Sedlock,Cody Sedlock,/players/cody-sedlock/19357/stats/pitching,19357,P,-1.0,,,,2019,40,204,"6' 4""",,,8,,Illinois,,,,,,,45 / 50,60 / 60,55 / 60,50 / 55,,,40 / 45,2018,0,,17067,8,Cody,Sedlock,RHP,22,BAL,2018,2018 Report,19357,0,,0,8,40,0,2019,1st rd 2016,,76,204,R,R,Illinois,,,,,,,,,,,,,,,45.0,50.0,60.0,60.0,55.0,60.0,,,40.0,45.0,0,0,,0,,3,0.003,50.0,55.0,,
,,,Danny Diaz,Danny Diaz,,,,,,,,2022,40,170,"6' 1""",,,8,,Venezuela,25 / 55,20 / 55,50 / 60,50 / 40,40 / 55,60 / 60,,,,,,,,2018,0,,17087,8,Danny,Diaz,3B,17,BOS,2018,2018 Report,,0,,0,8,40,0,2022,J2 2017,,73,170,R,R,Venezuela,,,25.0,55.0,20.0,55.0,50.0,60.0,50.0,40.0,40.0,55.0,60.0,60.0,,,,,,,,,,,0,0,,0,,,,,,,
,AA,sa962601,Yasel Antuna,Yasel Antuna,/players/yasel-antuna/sa962601/stats/batting,sa962601,SS/OF,-1.0,,,,2021,40,170,"6' 0""",,,8,,Dominican Republic,20 / 50,20 / 45,40 / 50,55 / 50,40 / 50,55 / 55,,,,,,,,2018,0,,17606,8,Yasel,Antuna,SS,18,WSN,2018,2018 Report,sa962601,0,,0,8,40,0,2021,J2 2016,,72,170,S,R,Dominican Republic,,,20.0,50.0,20.0,45.0,40.0,50.0,55.0,50.0,40.0,50.0,55.0,55.0,,,,,,,,,,,0,0,,0,,1,0.000,,,,
,AAA,sa3005334,Matt Tabor,Matt Tabor,/players/matt-tabor/sa3005334/stats/pitching,sa3005334,P,-1.0,,,,2022,40,180,"6' 2""",,,8,,Milton Academy HS (MA),,,,,,,45 / 50,,50 / 55,50 / 60,,,30 / 50,2018,0,,17377,8,Matt,Tabor,RHP,19,ARI,2018,2018 Report,sa3005334,0,,0,8,40,0,2022,3rd rd 2017,,74,180,R,R,Milton Academy HS (MA),,,,,,,,,,,,,,,45.0,50.0,,,50.0,55.0,,,30.0,50.0,0,0,,0,,R5,,50.0,60.0,,
MLB,MLB,sa738477,Cal Quantrill,Cal Quantrill,/players/cal-quantrill/19312/stats/pitching,19312,P,13.0,,,,2018,50,195,"6' 3""",,,9,,Stanford,,,,,,,50 / 50,40 / 45,45 / 50,55 / 60,,,40 / 50,2018,0,,17720,9,Cal,Quantrill,RHP,23,SDP,2018,2018 Report,19312,0,,0,9,50,0,2018,1st rd 2016,,75,195,L,R,Stanford,,xNKf2IgKKqY,,,,,,,,,,,,,50.0,50.0,40.0,45.0,45.0,50.0,,,40.0,50.0,0,0,,0,,n/a,6.122,55.0,60.0,,
MLB,MLB,sa920275,Isaac Paredes,Isaac Paredes,/players/isaac-paredes/20036/stats/batting,20036,3B,21.0,,,,2021,45,225,"5' 11""",,,9,,Mexico,30 / 60,20 / 50,45 / 50,40 / 40,40 / 45,55 / 55,,,,,,,,2018,0,,17154,9,Isaac,Paredes,SS,19,DET,2018,2018 Report,20036,0,,0,9,45,0,2021,J2 2015,,71,225,R,R,Mexico,,,30.0,60.0,20.0,50.0,45.0,50.0,40.0,40.0,40.0,45.0,55.0,55.0,,,,,,,,,,,0,0,,0,,0,4.160,,,,
ST,MLB,sa828442,Luis Escobar,Luis Escobar,/players/luis-escobar/17345/stats/pitching,17345,P,,,,,2021,45,160,"6' 1""",,,9,,Colombia,,,,,,,60 / 60,,50 / 55,50 / 60,,,30 / 45,2018,0,,17669,9,Luis,Escobar,RHP,21,PIT,2018,2018 Report,17345,0,,0,9,45,0,2021,J2 2013,,73,160,R,R,Colombia,,,,,,,,,,,,,,,60.0,60.0,,,50.0,55.0,,,30.0,45.0,0,0,,0,,1,0.020,50.0,60.0,,
AAA,MLB,sa737829,Conner Greene,Conner Greene,/players/conner-greene/16455/stats/pitching,16455,P,,,,,2018,45,185,"6' 3""",,,9,,Santa Monica HS (CA),,,,,,,70 / 70,40 / 45,40 / 40,55 / 60,,,40 / 45,2018,0,,17697,9,Conner,Greene,RHP,22,STL,2018,2018 Report,16455,0,,0,9,45,0,2018,7th rd 2013,,75,185,R,R,Santa Monica HS (CA),,,,,,,,,,,,,,,70.0,70.0,40.0,45.0,40.0,40.0,,,40.0,45.0,0,0,,0,,1,0.064,55.0,60.0,,
,MLB,sa3004615,Jeter Downs,Jeter Downs,/players/jeter-downs/22202/stats/batting,22202,2B/3B/SS,-1.0,,,,2021,45,180,"5' 11""",,,9,,Monsignor Pace HS (FL),25 / 55,20 / 50,45 / 50,45 / 40,40 / 50,55 / 55,,,,,,,,2018,0,,17455,9,Jeter,Downs,SS,19,CIN,2018,2018 Report,22202,0,,0,9,45,0,2021,1st rd 2017,,71,180,R,R,Monsignor Pace HS (FL),,,25.0,55.0,20.0,50.0,45.0,50.0,45.0,40.0,40.0,50.0,55.0,55.0,,,,,,,,,,,0,0,,0,,1,0.068,,,,
MLB,MLB,sa578988,Mitch Garver,Mitch Garver,/players/mitch-garver/15161/stats/batting,15161,C/DH,11.0,,,,2018,45,220,"6' 1""",,,9,,New Mexico,40 / 40,50 / 50,55 / 55,30 / 30,50 / 50,45 / 45,,,,,,,,2018,0,,17202,9,Mitch,Garver,C,27,MIN,2018,2018 Report,15161,0,,0,9,45,0,2018,9th rd 2013,,73,220,R,R,New Mexico,,n1oigquIbXQ,40.0,40.0,50.0,50.0,55.0,55.0,30.0,30.0,50.0,50.0,45.0,45.0,,,,,,,,,,,0,0,,0,,n/a,8.045,,,,
,MLB,sa874752,Tyler Nevin,Tyler Nevin,/players/tyler-nevin/17893/stats/batting,17893,1B/3B,-1.0,,,,2021,45,200,"6' 4""",,,9,,Poway HS (CA),30 / 55,30 / 55,55 / 60,40 / 40,40 / 45,50 / 50,,,,,,,,2018,0,,17480,9,Tyler,Nevin,3B,20,COL,2018,2018 Report,17893,0,,0,9,45,0,2021,1st rd 2015,,76,200,R,R,Poway HS (CA),,,30.0,55.0,30.0,55.0,55.0,60.0,40.0,40.0,40.0,45.0,50.0,50.0,,,,,,,,,,,0,0,,0,,0,2.037,,,,
,MLB,sa874239,Dillon Tate,Dillon Tate,/players/dillon-tate/17796/stats/pitching,17796,P,-1.0,,,,2019,45,210,"6' 2""",,,9,,UC Santa Barbara,,,,,,,55 / 55,55 / 55,,50 / 55,,,40 / 45,2018,0,,17232,9,Dillon,Tate,RHP,23,NYY,2018,2018 Report,17796,0,,0,9,45,0,2019,1st rd 2015,,74,210,R,R,UC Santa Barbara,,fRtkNQHSqXE,,,,,,,,,,,,,55.0,55.0,55.0,55.0,,,,,40.0,45.0,0,0,,0,,0,5.018,50.0,55.0,,
AAA,AAA,sa875753,James Nelson,James Nelson,/players/james-nelson/sa875753/stats/batting,sa875753,3B,21.0,,,,2021,45,180,"6' 2""",,,9,,Cisco JC (TX),30 / 50,30 / 50,50 / 55,50 / 50,50 / 60,55 / 55,,,,,,,,2018,0,,17502,9,James,Nelson,3B,20,MIA,2018,2018 Report,sa875753,0,,0,9,45,0,2021,15th rd 2016,,74,180,R,R,Cisco JC (TX),,,30.0,50.0,30.0,50.0,50.0,55.0,50.0,50.0,50.0,60.0,55.0,55.0,,,,,,,,,,,0,0,,0,,R5,,,,,
,MLB,sa738949,Sheldon Neuse,Sheldon Neuse,/players/sheldon-neuse/19635/stats/batting,19635,2B/3B,-1.0,,,,2019,45,195,"6' 0""",,,9,,Oklahoma,35 / 40,30 / 55,60 / 60,40 / 40,45 / 50,60 / 60,,,,,,,,2018,0,,17259,9,Sheldon,Neuse,3B,23,OAK,2018,2018 Report,19635,0,,0,9,45,0,2019,2nd rd 2016,,72,195,R,R,Oklahoma,,qqp5Daofb6w,35.0,40.0,30.0,55.0,60.0,60.0,40.0,40.0,45.0,50.0,60.0,60.0,,,,,,,,,,,0,0,,0,,0,1.043,,,,
AAA,MLB,sa874054,Nick Solak,Nick Solak,/players/nick-solak/19294/stats/batting,19294,2B,29.0,,,,2020,45,175,"5' 11""",,,9,,Louisville,45 / 60,30 / 45,50 / 50,60 / 60,50 / 55,50 / 50,,,,,,,,2018,0,,17295,9,Nick,Solak,2B,23,TBR,2018,2018 Report,19294,0,,0,9,45,0,2020,2nd rd 2016,,71,175,R,R,Louisville,,,45.0,60.0,30.0,45.0,50.0,50.0,60.0,60.0,50.0,55.0,50.0,50.0,,,,,,,,,,,0,0,,0,,0,2.150,,,,
MLB,MLB,sa917992,Dustin May,Dustin May,/players/dustin-may/19716/stats/pitching,19716,P,28.0,,,,2020,45,180,"6' 6""",,,9,,Northwest HS (TX),,,,,,,55 / 60,,55 / 60,40 / 50,,,45 / 60,2018,0,,17558,9,Dustin,May,RHP,20,LAD,2018,2018 Report,19716,0,,0,9,45,0,2020,3rd rd 2016,,78,180,R,R,Northwest HS (TX),,xvHfqB6Fl5w,,,,,,,,,,,,,55.0,60.0,,,55.0,60.0,,,45.0,60.0,0,0,,0,,n/a,6.059,40.0,50.0,,
MLB,MLB,sa916702,José Soriano,Jose Soriano,/players/jose-soriano/22100/stats/pitching,22100,P,1.0,,,,2022,45,168,"6' 3""",,,9,,Dominican Republic,,,,,,,50 / 60,,50 / 55,30 / 50,,,40 / 55,2018,0,,17049,9,Jose,Soriano,RHP,19,LAA,2018,2018 Report,22100,0,,0,9,45,0,2022,J2 2015,,75,168,R,R,Dominican Republic,,oHZqJGlxrbg,,,,,,,,,,,,,50.0,60.0,,,50.0,55.0,,,40.0,55.0,0,0,,0,,2,3.121,30.0,50.0,,
MLB,MLB,sa737343,Freddy Peralta,Freddy Peralta,/players/freddy-peralta/18679/stats/pitching,18679,P,25.0,,,,2019,45,175,"5' 11""",,,9,,Dominican Republic,,,,,,,60 / 60,55 / 55,,40 / 45,,,40 / 50,2018,0,,17581,9,Freddy,Peralta,RHP,21,MIL,2018,2018 Report,18679,0,,0,9,45,0,2019,J2 2012,,71,175,R,R,Dominican Republic,,,,,,,,,,,,,,,60.0,60.0,55.0,55.0,,,,,40.0,50.0,0,0,,0,,n/a,7.090,40.0,45.0,,
,AAA,sa830303,Micker Adolfo,Micker Adolfo,/players/micker-adolfo/sa830303/stats/batting,sa830303,OF,-1.0,,,,2021,45,200,"6' 3""",,,9,,Dominican Republic,30 / 40,40 / 55,65 / 70,50 / 45,40 / 50,60 / 60,,,,,,,,2018,0,,17107,9,Micker,Adolfo,RF,21,CHW,2018,2018 Report,sa830303,0,,0,9,45,0,2021,J2 2013,,75,200,R,R,Dominican Republic,,,30.0,40.0,40.0,55.0,65.0,70.0,50.0,45.0,40.0,50.0,60.0,60.0,,,,,,,,,,,0,0,,0,,0,0.000,,,,
AAA,MLB,sa737882,Luis Guillorme,Luis Guillorme,/players/luis-guillorme/16451/stats/batting,16451,2B/3B,,,,,2018,45,200,"5' 9""",,,9,,Coral Springs Charter HS (FL),45 / 55,20 / 20,45 / 45,45 / 45,70 / 70,60 / 60,,,,,,,,2018,0,,17625,9,Luis,Guillorme,UTIL,23,NYM,2018,2018 Report,16451,0,,0,9,45,0,2018,10th rd 2013,,69,200,L,R,Coral Springs Charter HS (FL),,BgaLpYSnLbQ,45.0,55.0,20.0,20.0,45.0,45.0,45.0,45.0,70.0,70.0,60.0,60.0,,,,,,,,,,,0,0,,0,,n/a,6.032,,,,
AA,AAA,sa920180,Jhailyn Ortiz,Jhailyn Ortiz,/players/jhailyn-ortiz/sa920180/stats/batting,sa920180,OF,,,,,2021,45,240,"6' 3""",,,9,,Dominican Republic,25 / 50,30 / 60,70 / 70,30 / 20,40 / 45,60 / 60,,,,,,,,2018,0,,17643,9,Jhailyn,Ortiz,1B,19,PHI,2018,2018 Report,sa920180,0,,0,9,45,0,2021,J2 2015,,75,240,R,R,Dominican Republic,,HQy76_5oRQc,25.0,50.0,30.0,60.0,70.0,70.0,30.0,20.0,40.0,45.0,60.0,60.0,,,,,,,,,,,0,0,,0,,2,0.000,,,,
MLB,MLB,sa827328,Greg Allen,Greg Allen,/players/greg-allen/16623/stats/batting,16623,OF,,,,,2018,45,175,"6' 0""",,,9,,San Diego State,50 / 55,20 / 30,40 / 40,60 / 60,50 / 50,55 / 55,,,,,,,,2018,0,,17132,9,Greg,Allen,CF,25,CLE,2018,2018 Report,16623,0,,0,9,45,0,2018,6th rd 2014,,72,175,S,R,San Diego State,,LxBcGF2Ep_Q,50.0,55.0,20.0,30.0,40.0,40.0,60.0,60.0,50.0,50.0,55.0,55.0,,,,,,,,,,,0,0,,0,,0,3.138,,,,
MLB,MLB,sa917354,Miguel Amaya,Miguel Amaya,/players/miguel-amaya/21693/stats/batting,21693,C,17.0,,,,2022,40,185,"6' 1""",,,9,,Panama,30 / 55,20 / 40,45 / 50,40 / 30,45 / 60,55 / 60,,,,,,,,2018,0,,17433,9,Miguel,Amaya,C,18,CHC,2018,2018 Report,21693,0,,0,9,40,0,2022,J2 2015,,73,185,R,R,Panama,,,30.0,55.0,20.0,40.0,45.0,50.0,40.0,30.0,45.0,60.0,55.0,60.0,,,,,,,,,,,0,0,,0,,0,2.130,,,,
,MLB,sa737439,Hunter Dozier,Hunter Dozier,/players/hunter-dozier/15117/stats/batting,15117,3B/OF,-1.0,,,,2018,40,220,"6' 4""",,,9,,Stephen F. Austin,40 / 40,50 / 50,65 / 65,45 / 45,40 / 40,60 / 60,,,,,,,,2018,0,,17178,9,Hunter,Dozier,3B,26,KCR,2018,2018 Report,15117,0,,0,9,40,0,2018,1st rd 2013,,76,220,R,R,Stephen F. Austin,,,40.0,40.0,50.0,50.0,65.0,65.0,45.0,45.0,40.0,40.0,60.0,60.0,,,,,,,,,,,0,0,,0,,n/a,5.118,,,,
,MLB,sa549813,D.J. Snelten,D.J. Snelten,/players/dj-snelten/15949/stats/pitching,15949,P,-1.0,,,,2018,40,240,"6' 6""",,,9,,Minnesota,,,,,,,60 / 60,45 / 50,,60 / 70,,,40 / 45,2018,0,,17763,9,D.J.,Snelten,LHP,25,SFG,2018,2018 Report,15949,0,,0,9,40,0,2018,9th rd 2013,,78,240,L,L,Minnesota,,,,,,,,,,,,,,,60.0,60.0,45.0,50.0,,,,,40.0,45.0,0,0,,0,,2,0.010,60.0,70.0,,
AAA,MLB,sa597900,J.D. Davis,J.D. Davis,/players/jd-davis/16219/stats/batting,16219,3B,,,,,2018,40,225,"6' 3""",,,9,,Cal State Fullerton,35 / 40,45 / 50,70 / 70,40 / 40,40 / 40,70 / 70,,,,,,,,2018,0,,17531,9,J.D.,Davis,3B,24,HOU,2018,2018 Report,16219,0,,0,9,40,0,2018,3rd rd 2014,,75,225,R,R,Cal State Fullerton,,p3AeZ1Cy21k,35.0,40.0,45.0,50.0,70.0,70.0,40.0,40.0,40.0,40.0,70.0,70.0,,,,,,,,,,,0,0,,0,,n/a,6.114,,,,
,MLB,sa875374,Art Warren,Art Warren,/players/art-warren/18251/stats/pitching,18251,P,-1.0,,,,2018,40,230,"6' 3""",,,9,,Ashland,,,,,,,70 / 70,50 / 55,50 / 50,30 / 30,,,40 / 40,2018,0,,17282,9,Art,Warren,RHP,24,SEA,2018,2018 Report,18251,0,,0,9,40,0,2018,23rd rd 2015,,75,230,R,R,Ashland,,,,,,,,,,,,,,,70.0,70.0,50.0,55.0,50.0,50.0,,,40.0,40.0,0,0,,0,,1,1.146,30.0,30.0,,
,AA,sa875993,Matthias Dietz,Matthias Dietz,/players/matthias-dietz/sa875993/stats/pitching,sa875993,P,-1.0,,,,2020,40,220,"6' 5""",,,9,,Logan JC (IL),,,,,,,55 / 55,50 / 55,,45 / 50,,,40 / 50,2018,0,,17068,9,Matthias,Dietz,RHP,22,BAL,2018,2018 Report,sa875993,0,,0,9,40,0,2020,2nd rd 2016,,77,220,R,R,Logan JC (IL),,,,,,,,,,,,,,,55.0,55.0,50.0,55.0,,,,,40.0,50.0,0,0,,0,,R5,,45.0,50.0,,
,AA,sa3004142,Chris Seise,Chris Seise,/players/christopher-seise/sa3004142/stats/batting,sa3004142,3B/SS,-1.0,,,,2022,40,175,"6' 2""",,,9,,West Orange HS (FL),20 / 40,20 / 45,45 / 55,50 / 45,40 / 50,55 / 60,,,,,,,,2018,0,,17329,9,Chris,Seise,SS,19,TEX,2018,2018 Report,sa3004142,0,,0,9,40,0,2022,1st rd 2017,,74,175,R,R,West Orange HS (FL),,bB9NGkEjufw,20.0,40.0,20.0,45.0,45.0,55.0,50.0,45.0,40.0,50.0,55.0,60.0,,,,,,,,,,,0,0,,0,,R5,,,,,
,MLB,sa738524,Mike Shawaryn,Michael Shawaryn,/players/michael-shawaryn/19495/stats/pitching,19495,P,-1.0,,,,2019,40,225,"6' 3""",,,9,,Maryland,,,,,,,50 / 50,55 / 60,,50 / 55,,,45 / 50,2018,0,,17088,9,Mike,Shawaryn,RHP,23,BOS,2018,2018 Report,19495,0,,0,9,40,0,2019,5th rd 2016,,75,225,R,R,Maryland,,5fWiIrMG60g,,,,,,,,,,,,,50.0,50.0,55.0,60.0,,,,,45.0,50.0,0,0,,0,,1,0.058,50.0,55.0,,
,MLB,sa918018,Daniel Johnson,Daniel Johnson,/players/daniel-johnson/19643/stats/batting,19643,OF,-1.0,,,,2020,40,185,"5' 10""",,,9,,New Mexico State,30 / 40,30 / 45,55 / 55,70 / 70,40 / 50,70 / 70,,,,,,,,2018,0,,17607,9,Daniel,Johnson,OF,22,WSN,2018,2018 Report,19643,0,,0,9,40,0,2020,5th rd 2016,,70,185,L,L,New Mexico State,,,30.0,40.0,30.0,45.0,55.0,55.0,70.0,70.0,40.0,50.0,70.0,70.0,,,,,,,,,,,0,0,,0,,0,1.025,,,,
,,,Eric Pardinho,Eric Pardinho,,,,,,,,2021,40,170,"5' 10""",,,9,,Brazil,,,,,,,50 / 55,,50 / 60,40 / 50,,,40 / 55,2018,0,,17356,9,Eric,Pardinho,RHP,17,TOR,2018,2018 Report,,0,,0,9,40,0,2021,J2 2017,,70,170,R,R,Brazil,,,,,,,,,,,,,,,50.0,55.0,,,50.0,60.0,,,40.0,55.0,0,0,,0,,,,40.0,50.0,,
,MLB,sa918271,Taylor Widener,Taylor Widener,/players/taylor-widener/19266/stats/pitching,19266,P,-1.0,,,,2019,40,195,"6' 0""",,,9,,South Carolina,,,,,,,60 / 60,55 / 60,,45 / 50,,,40 / 45,2018,0,,17378,9,Taylor,Widener,RHP,23,ARI,2018,2018 Report,19266,0,,0,9,40,0,2019,12th rd 2016,,72,195,R,R,South Carolina,,,,,,,,,,,,,,,60.0,60.0,55.0,60.0,,,,,40.0,45.0,0,0,,0,,2,2.042,45.0,50.0,,
,MLB,sa659207,Dawel Lugo,Dawel Lugo,/players/dawel-lugo/14713/stats/batting,14713,2B/3B,-1.0,,,,2019,45,190,"6' 0""",,,10,,Dominican Republic,45 / 55,40 / 45,60 / 60,40 / 40,45 / 50,,,,,,,,,2018,0,,17155,10,Dawel,Lugo,2B,23,DET,2018,2018 Report,14713,0,,0,10,45,0,2019,J2 2011,,72,190,R,R,Dominican Republic,,,45.0,55.0,40.0,45.0,60.0,60.0,40.0,40.0,45.0,50.0,,,,,,,,,,,,,0,0,,0,,0,1.044,,,,
MLB,MLB,sa873683,Bryan Reynolds,Bryan Reynolds,/players/bryan-reynolds/19326/stats/batting,19326,OF,27.0,,,,2020,45,205,"6' 3""",,,10,,Vanderbilt,40 / 45,40 / 50,50 / 50,50 / 50,40 / 45,40 / 40,,,,,,,,2018,0,,17670,10,Bryan,Reynolds,OF,22,PIT,2018,2018 Report,19326,0,,0,10,45,0,2020,2nd rd 2016,,75,205,S,R,Vanderbilt,,8Nr61qxya9M,40.0,45.0,40.0,50.0,50.0,50.0,50.0,50.0,40.0,45.0,40.0,40.0,,,,,,,,,,,0,0,,0,,n/a,6.163,,,,
MLB,MLB,sa874172,Ryan Helsley,Ryan Helsley,/players/ryan-helsley/18138/stats/pitching,18138,P,2.0,,,,2018,45,195,"6' 1""",,,10,,Northeastern State,,,,,,,60 / 60,,50 / 55,40 / 45,,45 / 50,40 / 50,2018,0,,17698,10,Ryan,Helsley,RHP,23,STL,2018,2018 Report,18138,0,,0,10,45,0,2018,5th rd 2015,,73,195,R,R,Northeastern State,,,,,,,,,,,,,,,60.0,60.0,,,50.0,55.0,,,40.0,50.0,0,0,,0,,n/a,6.105,40.0,45.0,45.0,50.0
MLB,MLB,sa874781,Tony Santillan,Tony Santillan,/players/tony-santillan/19926/stats/pitching,19926,P,18.0,,,,2020,45,240,"6' 3""",,,10,,Seguin HS (TX),,,,,,,70 / 70,55 / 60,,40 / 45,,,40 / 45,2018,0,,17456,10,Tony,Santillan,RHP,20,CIN,2018,2018 Report,19926,0,,0,10,45,0,2020,2nd rd 2015,,75,240,R,R,Seguin HS (TX),,JnLLIhP5nfU,,,,,,,,,,,,,70.0,70.0,55.0,60.0,,,,,40.0,45.0,0,0,,0,,0,3.099,40.0,45.0,,
MLB,MLB,sa3003172,Brent Rooker,Brent Rooker,/players/brent-rooker/19627/stats/batting,19627,DH/OF,10.0,,,,2020,45,215,"6' 3""",,,10,,Mississippi State,30 / 40,40 / 60,65 / 65,40 / 40,40 / 45,45 / 45,,,,,,,,2018,0,,17203,10,Brent,Rooker,1B,23,MIN,2018,2018 Report,19627,0,,0,10,45,0,2020,1st rd 2017,,75,215,R,R,Mississippi State,,,30.0,40.0,40.0,60.0,65.0,65.0,40.0,40.0,40.0,45.0,45.0,45.0,,,,,,,,,,,0,0,,0,,1,4.059,,,,
AAA,MLB,sa3004047,Gabriel Arias,Gabriel Arias,/players/gabriel-arias/22563/stats/batting,22563,SS,5.0,,,,2021,45,185,"6' 1""",,,10,,Venezuela,20 / 55,20 / 45,40 / 50,50 / 45,45 / 55,60 / 60,,,,,,,,2018,0,,17721,10,Gabriel,Arias,SS,18,SDP,2018,2018 Report,22563,0,,0,10,45,0,2021,J2 2016,,73,185,R,R,Venezuela,,QiH28DhFuPI,20.0,55.0,20.0,45.0,40.0,50.0,50.0,45.0,45.0,55.0,60.0,60.0,,,,,,,,,,,0,0,,0,,0,2.124,,,,
MLB,MLB,sa874771,Peter Lambert,Peter Lambert,/players/peter-lambert/17969/stats/pitching,17969,P,21.0,,,,2020,45,185,"6' 2""",,,10,,San Dimas HS (CA),,,,,,,50 / 50,45 / 50,50 / 55,55 / 60,,,45 / 55,2018,0,,17481,10,Peter,Lambert,RHP,20,COL,2018,2018 Report,17969,0,,0,10,45,0,2020,2nd rd 2015,,74,185,R,R,San Dimas HS (CA),,bglOnR4sPGk,,,,,,,,,,,,,50.0,50.0,45.0,50.0,50.0,55.0,,,45.0,55.0,0,0,,0,,0,4.077,55.0,60.0,,
AAA,MLB,sa739716,Domingo Acevedo,Domingo Acevedo,/players/domingo-acevedo/17092/stats/pitching,17092,P,19.0,,,,2018,45,242,"6' 7""",,,10,,Dominican Republic,,,,,,,55 / 60,45 / 50,,50 / 55,,,45 / 50,2018,0,,17233,10,Domingo,Acevedo,RHP,24,NYY,2018,2018 Report,17092,0,,0,10,45,0,2018,J2 2012,,79,242,R,R,Dominican Republic,,3yyTjdYwHiE,,,,,,,,,,,,,55.0,60.0,45.0,50.0,,,,,45.0,50.0,0,0,,0,,0,1.071,50.0,55.0,,
,MLB,sa874797,Nick Neidert,Nick Neidert,/players/nick-neidert/18699/stats/pitching,18699,P,-1.0,,,,2018,45,180,"6' 1""",,,10,,Peachtree Ridge HS (GA),,,,,,,40 / 40,,45 / 50,60 / 60,,,,2018,0,,17503,10,Nick,Neidert,RHP,21,MIA,2018,2018 Report,18699,0,,0,10,45,0,2018,2nd rd 2015,,73,180,R,R,Peachtree Ridge HS (GA),,Hi4TiR7zIIw,,,,,,,,,,,,,40.0,40.0,,,45.0,50.0,,,,,0,0,,0,,1,1.063,60.0,60.0,,
AAA,MLB,sa658943,James Kaprielian,James Kaprielian,/players/james-kaprielian/18331/stats/pitching,18331,P,,,,,2019,45,200,"6' 4""",,,10,,UCLA,,,,,,,60 / 60,55 / 60,45 / 50,55 / 60,,,45 / 50,2018,0,,17260,10,James,Kaprielian,RHP,23,OAK,2018,2018 Report,18331,0,,0,10,45,0,2019,1st rd 2015,,76,200,R,R,UCLA,,hFv_4TVJwyE,,,,,,,,,,,,,60.0,60.0,55.0,60.0,45.0,50.0,,,45.0,50.0,0,0,,0,,0,2.167,55.0,60.0,,
AAA,MLB,sa917926,Josh Lowe,Josh Lowe,/players/josh-lowe/19953/stats/batting,19953,OF,1.0,,,,2021,45,190,"6' 4""",,,10,,Pope HS (GA),25 / 50,20 / 45,60 / 60,60 / 60,45 / 55,60 / 60,,,,,,,,2018,0,,17296,10,Josh,Lowe,CF,20,TBR,2018,2018 Report,19953,0,,0,10,45,0,2021,1st rd 2016,,76,190,L,R,Pope HS (GA),,0xP4kchoVfA,25.0,50.0,20.0,45.0,60.0,60.0,60.0,60.0,45.0,55.0,60.0,60.0,,,,,,,,,,,0,0,,0,,1,3.093,,,,
,MLB,sa738245,Jordan Sheffield,Jordan Sheffield,/players/jordan-sheffield/19682/stats/pitching,19682,P,-1.0,,,,2019,45,190,"5' 10""",,,10,,Vanderbilt,,,,,,,60 / 60,50 / 50,55 / 60,45 / 50,,,35 / 40,2018,0,,17559,10,Jordan,Sheffield,RHP,22,LAD,2018,2018 Report,19682,0,,0,10,45,0,2019,1st rd 2016,,70,190,R,R,Vanderbilt,,,,,,,,,,,,,,,60.0,60.0,50.0,50.0,55.0,60.0,,,35.0,40.0,0,0,,0,,2,1.015,45.0,50.0,,
MLB,MLB,sa738378,Mauricio Dubón,Mauricio Dubon,/players/mauricio-dubon/16530/stats/batting,16530,2B/OF,16.0,,,,2018,45,160,"6' 0""",,,10,,Capital Christian HS (CA),50 / 55,30 / 30,40 / 40,55 / 55,45 / 50,55 / 55,,,,,,,,2018,0,,17582,10,Mauricio,Dubon,SS,23,MIL,2018,2018 Report,16530,0,,0,10,45,0,2018,26th rd 2013,,72,160,R,R,Capital Christian HS (CA),,MgNeizABbjY,50.0,55.0,30.0,30.0,40.0,40.0,55.0,55.0,45.0,50.0,55.0,55.0,,,,,,,,,,,0,0,,0,,n/a,5.162,,,,
MLB,MLB,sa915698,Jake Burger,Jake Burger,/players/jake-burger/22275/stats/batting,22275,1B/3B,13.0,,,,2020,45,210,"6' 2""",,,10,,Missouri State,35 / 50,45 / 55,65 / 65,45 / 30,40 / 45,60 / 60,,,,,,,,2018,0,,17108,10,Jake,Burger,3B,21,CHW,2018,2018 Report,22275,0,,0,10,45,0,2020,1st rd 2017,,74,210,R,R,Missouri State,,s3XP82oUmfQ,35.0,50.0,45.0,55.0,65.0,65.0,45.0,30.0,40.0,45.0,60.0,60.0,,,,,,,,,,,0,0,,0,,1,3.127,,,,
MLB,MLB,sa917955,JoJo Romero,JoJo Romero,/players/jojo-romero/19574/stats/pitching,19574,P,28.0,,,,2019,45,190,"5' 10""",,,10,,Yavapai JC (AZ),,,,,,,55 / 55,45 / 50,,55 / 60,,45 / 50,45 / 55,2018,0,,17644,10,JoJo,Romero,LHP,21,PHI,2018,2018 Report,19574,0,,0,10,45,0,2019,4th rd 2016,,70,190,L,L,Yavapai JC (AZ),,JN9zStdYzJU,,,,,,,,,,,,,55.0,55.0,45.0,50.0,,,,,45.0,55.0,0,0,,0,,n/a,5.045,55.0,60.0,45.0,50.0
MLB,MLB,sa830274,Willi Castro,Willi Castro,/players/willi-castro/17338/stats/batting,17338,2B/OF,19.0,,,,2020,45,165,"6' 1""",,,10,,Dominican Republic,40 / 55,20 / 45,45 / 45,55 / 55,55 / 60,50 / 50,,,,,,,,2018,0,,17133,10,Willi,Castro,SS,20,CLE,2018,2018 Report,17338,0,,0,10,45,0,2020,J2 2013,,73,165,S,R,Dominican Republic,,ZgzLpSZfVEw,40.0,55.0,20.0,45.0,45.0,45.0,55.0,55.0,55.0,60.0,50.0,50.0,,,,,,,,,,,0,0,,0,,n/a,6.017,,,,
,MLB,sa658528,Alec Mills,Alec Mills,/players/alec-mills/13834/stats/pitching,13834,P,-1.0,,,,2018,40,190,"6' 4""",,,10,,Tennessee-Martin,,,,,,,45 / 45,50 / 50,40 / 40,55 / 55,,,55 / 60,2018,0,,17434,10,Alec,Mills,RHP,25,CHC,2018,2018 Report,13834,0,,0,10,40,0,2018,22nd rd 2012,,76,190,R,R,Tennessee-Martin,,v5aJr-OOmpc,,,,,,,,,,,,,45.0,45.0,50.0,50.0,40.0,40.0,,,55.0,60.0,0,0,,0,,0,3.105,55.0,55.0,,
MLB,MLB,sa828674,Foster Griffin,Foster Griffin,/players/foster-griffin/16432/stats/pitching,16432,P,24.0,,,,2019,40,200,"6' 3""",,,10,,First Academy HS (FL),,,,,,,45 / 45,,55 / 60,50 / 55,,,50 / 55,2018,0,,17179,10,Foster,Griffin,LHP,22,KCR,2018,2018 Report,16432,0,,0,10,40,0,2019,1st rd 2014,,75,200,R,L,First Academy HS (FL),,,,,,,,,,,,,,,45.0,45.0,,,55.0,60.0,,,50.0,55.0,0,0,,0,,2,1.034,50.0,55.0,,
MLB,MLB,sa599195,Aramis Garcia,Aramis Garcia,/players/aramis-garcia/16925/stats/batting,16925,C,15.0,,,,2019,40,220,"6' 2""",,,10,,Florida International,40 / 45,30 / 45,55 / 55,30 / 30,40 / 45,45 / 45,,,,,,,,2018,0,,17764,10,Aramis,Garcia,C,25,SFG,2018,2018 Report,16925,0,,0,10,40,0,2019,2nd rd 2014,,74,220,R,R,Florida International,,QmGo_0jeFXg,40.0,45.0,30.0,45.0,55.0,55.0,30.0,30.0,40.0,45.0,45.0,45.0,,,,,,,,,,,0,0,,0,,0,3.060,,,,
AAA,MLB,sa914313,Gilberto Celestino,Gilberto Celestino,/players/gilberto-celestino/20233/stats/batting,20233,OF,13.0,,,,2020,40,170,"6' 0""",,,10,,Dominican Republic,30 / 55,20 / 40,30 / 40,60 / 60,45 / 60,55 / 55,,,,,,,,2018,0,,17532,10,Gilberto,Celestino,OF,19,HOU,2018,2018 Report,20233,0,,0,10,40,0,2020,J2 2015,,72,170,R,L,Dominican Republic,,QyYaz8gJrxc,30.0,55.0,20.0,40.0,30.0,40.0,60.0,60.0,45.0,60.0,55.0,55.0,,,,,,,,,,,0,0,,0,,0,1.057,,,,
AAA,MLB,sa918372,Wyatt Mills,Wyatt Mills,/players/wyatt-mills/20010/stats/pitching,20010,P,22.0,,,,2020,40,175,"6' 3""",,,10,,Gonzaga,,,,,,,60 / 60,60 / 60,,,,,50 / 55,2018,0,,17283,10,Wyatt,Mills,RHP,23,SEA,2018,2018 Report,20010,0,,0,10,40,0,2020,3rd rd 2017,,75,175,R,R,Gonzaga,,,,,,,,,,,,,,,60.0,60.0,60.0,60.0,,,,,50.0,55.0,0,0,,0,,1,1.134,,,,
AAA,MLB,sa738522,Matt Thaiss,Matt Thaiss,/players/matt-thaiss/19318/stats/batting,19318,C,3.0,,,,2018,40,197,"5' 11""",,,10,,Virginia,45 / 55,35 / 45,50 / 50,30 / 30,40 / 50,50 / 50,,,,,,,,2018,0,,17050,10,Matt,Thaiss,1B,21,LAA,2018,2018 Report,19318,0,,0,10,40,0,2018,1st rd 2016,,71,197,L,R,Virginia,,,45.0,55.0,35.0,45.0,50.0,50.0,30.0,30.0,40.0,50.0,50.0,50.0,,,,,,,,,,,0,0,,0,,0,3.169,,,,
CPX,MLB,sa915645,Zac Lowther,Zac Lowther,/players/zac-lowther/20243/stats/pitching,20243,P,,,,,2019,40,235,"6' 2""",,,10,,Xavier,,,,,,,50 / 55,,55 / 60,45 / 50,,,45 / 55,2018,0,,17069,10,Zac,Lowther,LHP,21,BAL,2018,2018 Report,20243,0,,0,10,40,0,2019,2nd rd 2017,,74,235,L,L,Xavier,,wVeEOHsnDns,,,,,,,,,,,,,50.0,55.0,,,55.0,60.0,,,45.0,55.0,0,0,,0,,1,0.044,45.0,50.0,,
,MLB,sa658940,Kyle Cody,Kyle Cody,/players/kyle-cody/19686/stats/pitching,19686,P,-1.0,,,,2019,40,245,"6' 7""",,,10,,Kentucky,,,,,,,60 / 70,60 / 60,,45 / 50,,,40 / 45,2018,0,,17330,10,Kyle,Cody,RHP,23,TEX,2018,2018 Report,19686,0,,0,10,40,0,2019,6th rd 2016,,79,245,R,R,Kentucky,,,,,,,,,,,,,,,60.0,70.0,60.0,60.0,,,,,40.0,45.0,0,0,,0,,2,1.108,45.0,50.0,,
,A+,sa3004616,Cole Brannen,Cole Brannen,/players/coleman-brannen/sa3004616/stats/batting,sa3004616,OF,-1.0,,,,2022,40,170,"6' 0""",,,10,,Westfield HS (GA),20 / 50,20 / 40,50 / 55,55 / 50,40 / 45,50 / 50,,,,,,,,2018,0,,17089,10,Cole,Brannen,OF,19,BOS,2018,2018 Report,sa3004616,0,,0,10,40,0,2022,2nd rd 2017,,72,170,L,R,Westfield HS (GA),,1Kk9ikfUHE0,20.0,50.0,20.0,40.0,50.0,55.0,55.0,50.0,40.0,45.0,50.0,50.0,,,,,,,,,,,0,0,,0,,R5,,,,,
,MLB,sa736855,Kelvin Gutiérrez,Kelvin Gutierrez,/players/kelvin-gutierrez/17468/stats/batting,17468,3B,-1.0,,,,2019,40,185,"6' 3""",,,10,,Dominican Republic,40 / 55,30 / 40,45 / 50,40 / 40,40 / 45,60 / 60,,,,,,,,2018,0,,17608,10,Kelvin,Gutierrez,3B,23,WSN,2018,2018 Report,17468,0,,0,10,40,0,2019,J2 2012,,75,185,R,R,Dominican Republic,,6mLb50yVjwM,40.0,55.0,30.0,40.0,45.0,50.0,40.0,40.0,40.0,45.0,60.0,60.0,,,,,,,,,,,0,0,,0,,0,1.157,,,,
AAA,MLB,sa737505,Reese McGuire,Reese McGuire,/players/reese-mcguire/15674/stats/batting,15674,C,4.0,,,,2018,40,195,"6' 1""",,,10,,Kentwood HS (WA),45 / 55,20 / 35,45 / 45,30 / 30,50 / 60,55 / 55,,,,,,,,2018,0,,17357,10,Reese,McGuire,C,22,TOR,2018,2018 Report,15674,0,,0,10,40,0,2018,1st rd 2013,,73,195,L,R,Kentwood HS (WA),,R-7ft9EA2ac,45.0,55.0,20.0,35.0,45.0,45.0,30.0,30.0,50.0,60.0,55.0,55.0,,,,,,,,,,,0,0,,0,,n/a,5.110,,,,
,MLB,sa875054,Thomas Szapucki,Thomas Szapucki,/players/thomas-szapucki/21065/stats/pitching,21065,P,-1.0,,,,2021,40,190,"6' 2""",,,10,,Dwyer HS (FL),,,,,,,60 / 60,,60 / 60,40 / 50,,,40 / 50,2018,0,,17626,10,Thomas,Szapucki,LHP,21,NYM,2018,2018 Report,21065,0,,0,10,40,0,2021,5th rd 2015,,74,190,R,L,Dwyer HS (FL),,aaIRseQiZNU,,,,,,,,,,,,,60.0,60.0,,,60.0,60.0,,,40.0,50.0,0,0,,0,,1,1.061,40.0,50.0,,
MLB,MLB,sa874810,Taylor Clarke,Taylor Clarke,/players/taylor-clarke/17611/stats/pitching,17611,P,15.0,,,,2018,40,200,"6' 4""",,,10,,Charleston,,,,,,,50 / 50,,55 / 55,45 / 50,,45 / 45,50 / 55,2018,0,,17379,10,Taylor,Clarke,RHP,24,ARI,2018,2018 Report,17611,0,,0,10,40,0,2018,3rd rd 2015,,76,200,R,R,Charleston,,,,,,,,,,,,,,,50.0,50.0,,,55.0,55.0,,,50.0,55.0,0,0,,0,,n/a,5.148,45.0,50.0,45.0,45.0
AAA,MLB,sa874245,Kolby Allard,Kolby Allard,/players/kolby-allard/18694/stats/pitching,18694,P,5.0,,,,2019,50,175,"6' 1""",,,11,,San Clemente HS (CA),,,,,,,45 / 50,,50 / 55,45 / 55,,,50 / 60,2018,0,,17403,11,Kolby,Allard,LHP,19,ATL,2018,2018 Report,18694,0,,0,11,50,0,2019,1st rd 2015,,73,175,L,L,San Clemente HS (CA),,6j3g65GKpzk,,,,,,,,,,,,,45.0,50.0,,,50.0,55.0,,,50.0,60.0,0,0,,0,,n/a,5.004,45.0,55.0,,
MLB,MLB,sa737262,Gregory Soto,Gregory Soto,/players/gregory-soto/19677/stats/pitching,19677,P,27.0,,,,2021,45,240,"6' 1""",,,11,,Dominican Republic,,,,,,,55 / 60,,60 / 70,40 / 45,,,40 / 45,2018,0,,17156,11,Gregory,Soto,LHP,23,DET,2018,2018 Report,19677,0,,0,11,45,0,2021,J2 2012,,73,240,L,L,Dominican Republic,,,,,,,,,,,,,,,55.0,60.0,,,60.0,70.0,,,40.0,45.0,0,0,,0,,n/a,6.102,40.0,45.0,,
AAA,MLB,sa827183,Kevin Newman,Kevin Newman,/players/kevin-newman/17696/stats/batting,17696,2B/SS,7.0,,,,2018,45,180,"6' 1""",,,11,,Arizona,50 / 60,20 / 30,40 / 40,55 / 55,40 / 45,50 / 50,,,,,,,,2018,0,,17671,11,Kevin,Newman,SS,24,PIT,2018,2018 Report,17696,0,,0,11,45,0,2018,1st rd 2015,,73,180,R,R,Arizona,,3UO8or3lTT8,50.0,60.0,20.0,30.0,40.0,40.0,55.0,55.0,40.0,45.0,50.0,50.0,,,,,,,,,,,0,0,,0,,n/a,7.003,,,,
MLB,MLB,sa875019,Jordan Hicks,Jordan Hicks,/players/jordan-hicks/19618/stats/pitching,19618,P,4.0,,,,2020,45,185,"6' 2""",,,11,,Cypress Creek HS (TX),,,,,,,60 / 70,45 / 50,,40 / 50,,,30 / 40,2018,0,,17699,11,Jordan,Hicks,RHP,21,STL,2018,2018 Report,19618,0,,0,11,45,0,2020,3rd rd 2015,,74,185,R,R,Cypress Creek HS (TX),,,,,,,,,,,,,,,60.0,70.0,45.0,50.0,,,,,30.0,40.0,0,0,,0,,n/a,8.000,40.0,50.0,,
MLB,MLB,sa874242,Tyler Stephenson,Tyler Stephenson,/players/tyler-stephenson/17988/stats/batting,17988,C,18.0,,,,2020,45,210,"6' 4""",,,11,,Kennesaw Mountain HS (GA),20 / 40,30 / 50,55 / 60,30 / 30,30 / 45,70 / 70,,,,,,,,2018,0,,17457,11,Tyler,Stephenson,C,21,CIN,2018,2018 Report,17988,0,,0,11,45,0,2020,1st rd 2015,,76,210,R,R,Kennesaw Mountain HS (GA),,jbQ74U8MGvM,20.0,40.0,30.0,50.0,55.0,60.0,30.0,30.0,30.0,45.0,70.0,70.0,,,,,,,,,,,0,0,,0,,n/a,5.056,,,,
MLB,MLB,sa856280,LaMonte Wade Jr.,LaMonte Wade Jr.,/players/lamonte-wade-jr/18126/stats/batting,18126,1B/OF,21.0,,,,2019,45,190,"6' 1""",,,11,,Maryland,40 / 50,30 / 40,45 / 45,50 / 50,50 / 55,40 / 40,,,,,,,,2018,0,,17204,11,Lamonte,Wade,LF,24,MIN,2018,2018 Report,18126,0,,0,11,45,0,2019,9th rd 2015,,73,190,L,L,Maryland,,,40.0,50.0,30.0,40.0,45.0,45.0,50.0,50.0,50.0,55.0,40.0,40.0,,,,,,,,,,,0,0,,0,,n/a,5.163,,,,
AA,MLB,sa3004048,Tirso Ornelas,Tirso Ornelas,/players/tirso-ornelas/22566/stats/batting,22566,OF,29.0,,,,2021,45,180,"6' 4""",,,11,,Mexico,25 / 55,20 / 55,55 / 60,50 / 45,40 / 50,50 / 50,,,,,,,,2018,0,,17722,11,Tirso,Ornelas,LF,18,SDP,2018,2018 Report,22566,0,,0,11,45,0,2021,J2 2016,,76,180,L,R,Mexico,,,25.0,55.0,20.0,55.0,55.0,60.0,50.0,45.0,40.0,50.0,50.0,50.0,,,,,,,,,,,0,0,,0,,1,0.014,,,,
AAA,MLB,sa828689,Ryan Castellani,Ryan Castellani,/players/ryan-castellani/16377/stats/pitching,16377,P,,,,,2019,45,193,"6' 4""",,,11,,Brophy Prep (AZ),,,,,,,50 / 50,50 / 55,,50 / 55,,,40 / 50,2018,0,,17482,11,Ryan,Castellani,RHP,22,COL,2018,2018 Report,16377,0,,0,11,45,0,2019,2nd rd 2014,,76,193,R,R,Brophy Prep (AZ),,,,,,,,,,,,,,,50.0,50.0,50.0,55.0,,,,,40.0,50.0,0,0,,0,,1,1.001,50.0,55.0,,
ST,MLB,sa739620,Thairo Estrada,Thairo Estrada,/players/thairo-estrada/16426/stats/batting,16426,2B,,,,,2019,45,185,"5' 10""",,,11,,Venezuela,45 / 55,30 / 40,45 / 45,60 / 55,45 / 50,55 / 55,,,,,,,,2018,0,,17234,11,Thairo,Estrada,SS,22,NYY,2018,2018 Report,16426,0,,0,11,45,0,2019,J2 2013,,70,185,R,R,Venezuela,,,45.0,55.0,30.0,40.0,45.0,45.0,60.0,55.0,45.0,50.0,55.0,55.0,,,,,,,,,,,0,0,,0,,n/a,5.153,,,,
,,,Trevor Rogers,Trevor Rogers,,,,,,,,2021,45,185,"6' 6""",,,11,,Carlsbad HS (NM),,,,,,,55 / 60,45 / 50,40 / 45,40 / 50,,,30 / 45,2018,0,,17504,11,Trevor,Rogers,LHP,20,MIA,2018,2018 Report,,0,,0,11,45,0,2021,1st rd 2017,,78,185,L,L,Carlsbad HS (NM),,EgPQVpXhSuU,,,,,,,,,,,,,55.0,60.0,45.0,50.0,40.0,45.0,,,30.0,45.0,0,0,,0,,,,40.0,50.0,,
MLB,MLB,sa3004723,Nick Allen,Nick Allen,/players/nick-allen/22277/stats/batting,22277,SS,21.0,,,,2021,45,155,"5' 9""",,,11,,Francis Parker HS (CA),25 / 50,20 / 30,20 / 30,50 / 50,45 / 60,60 / 60,,,,,,,,2018,0,,17261,11,Nick,Allen,SS,19,OAK,2018,2018 Report,22277,0,,0,11,45,0,2021,3rd rd 2017,,69,155,R,R,Francis Parker HS (CA),,LdNKp8Xs1s0,25.0,50.0,20.0,30.0,20.0,30.0,50.0,50.0,45.0,60.0,60.0,60.0,,,,,,,,,,,0,0,,0,,0,2.164,,,,
,MLB,sa858039,Joe McCarthy,Joe McCarthy,/players/joe-mccarthy/18399/stats/batting,18399,OF,-1.0,,,,2018,45,225,"6' 3""",,,11,,Virginia,50 / 55,40 / 50,55 / 55,40 / 40,50 / 50,50 / 50,,,,,,,,2018,0,,17297,11,Joe,McCarthy,OF,24,TBR,2018,2018 Report,18399,0,,0,11,45,0,2018,5th rd 2015,,75,225,L,L,Virginia,,,50.0,55.0,40.0,50.0,55.0,55.0,40.0,40.0,50.0,50.0,50.0,50.0,,,,,,,,,,,0,0,,0,,1,0.019,,,,
,MLB,sa912848,Yusniel Díaz,Yusniel Diaz,/players/yusniel-diaz/18905/stats/batting,18905,OF,-1.0,,,,2020,45,195,"6' 1""",,,11,,Cuba,35 / 50,35 / 45,50 / 50,50 / 50,50 / 55,55 / 55,,,,,,,,2018,0,,17560,11,Yusniel,Diaz,RF,21,LAD,2018,2018 Report,18905,0,,0,11,45,0,2020,J2 2015,,73,195,R,R,Cuba,,,35.0,50.0,35.0,45.0,50.0,50.0,50.0,50.0,50.0,55.0,55.0,55.0,,,,,,,,,,,0,0,,0,,1,0.003,,,,
,MLB,sa828590,Marcos Diplán,Marcos Diplan,/players/marcos-diplan/17583/stats/pitching,17583,P,-1.0,,,,2018,45,170,"6' 0""",,,11,,Dominican Republic,,,,,,,60 / 60,55 / 60,,40 / 50,,,40 / 50,2018,0,,17583,11,Marcos,Diplan,RHP,21,MIL,2018,2018 Report,17583,0,,0,11,45,0,2018,J2 2013,,72,170,R,R,Dominican Republic,,FoG4Cw6p5B0,,,,,,,,,,,,,60.0,60.0,55.0,60.0,,,,,40.0,50.0,0,0,,0,,0,0.078,40.0,50.0,,
MLB,MLB,sa917932,Blake Rutherford,Blake Rutherford,/players/blake-rutherford/19957/stats/batting,19957,OF,,,,,2020,45,195,"6' 3""",,,11,,Chaminade Prep HS (CA),30 / 55,30 / 50,50 / 50,50 / 45,40 / 50,45 / 45,,,,,,,,2018,0,,17109,11,Blake,Rutherford,LF,20,CHW,2018,2018 Report,19957,0,,0,11,45,0,2020,1st rd 2016,,75,195,L,R,Chaminade Prep HS (CA),,,30.0,55.0,30.0,50.0,50.0,50.0,50.0,45.0,40.0,50.0,45.0,45.0,,,,,,,,,,,0,0,,0,,0,0.037,,,,
MLB,MLB,sa657573,Seranthony Domínguez,Seranthony Dominguez,/players/seranthony-dominguez/19249/stats/pitching,19249,P,4.0,,,,2018,45,185,"6' 1""",,,11,,Dominican Republic,,,,,,,65 / 65,55 / 60,40 / 40,40 / 45,,,40 / 45,2018,0,,17645,11,Seranthony,Dominguez,RHP,23,PHI,2018,2018 Report,19249,0,,0,11,45,0,2018,J2 2011,,73,185,R,R,Dominican Republic,,,,,,,,,,,,,,,65.0,65.0,55.0,60.0,40.0,40.0,,,40.0,45.0,0,0,,0,,n/a,7.131,40.0,45.0,,
MLB,MLB,sa3005339,Jeremiah Estrada,Jeremiah Estrada,/players/jeremiah-estrada/22210/stats/pitching,22210,P,29.0,,,,2021,40,185,"6' 1""",,,11,,Palm Desert HS (CA),,,,,,,55 / 60,,45 / 50,50 / 60,,,30 / 45,2018,0,,17435,11,Jeremiah,Estrada,RHP,19,CHC,2018,2018 Report,22210,0,,0,11,40,0,2021,6th rd 2017,,73,185,S,R,Palm Desert HS (CA),,RYcLn14DQEo,,,,,,,,,,,,,55.0,60.0,,,45.0,50.0,,,30.0,45.0,0,0,,0,,1,2.069,50.0,60.0,,
MLB,MLB,sa875798,Emmanuel Rivera,Emmanuel Rivera,/players/emmanuel-rivera/19890/stats/batting,19890,3B,,,,,2021,40,195,"6' 2""",,,11,,Universidad Interamericana HS (PR),35 / 50,30 / 50,45 / 50,45 / 45,50 / 55,55 / 55,,,,,,,,2018,0,,17180,11,Emmanuel,Rivera,3B,21,KCR,2018,2018 Report,19890,0,,0,11,40,0,2021,19th rd 2015,,74,195,R,R,Universidad Interamericana HS (PR),,,35.0,50.0,30.0,50.0,45.0,50.0,45.0,45.0,50.0,55.0,55.0,55.0,,,,,,,,,,,0,0,,0,,0,3.102,,,,
,MLB,sa872803,Sandro Fabian,Sandro Fabian,/players/sandro-fabian/19910/stats/batting,19910,OF,-1.0,,,,2021,40,180,"6' 1""",,,11,,Dominican Republic,35 / 60,30 / 50,45 / 55,50 / 45,40 / 50,60 / 60,,,,,,,,2018,0,,17765,11,Sandro,Fabian,RF,20,SFG,2018,2018 Report,19910,0,,0,11,40,0,2021,J2 2014,,73,180,R,R,Dominican Republic,,P5N_yzeiS8c,35.0,60.0,30.0,50.0,45.0,55.0,50.0,45.0,40.0,50.0,60.0,60.0,,,,,,,,,,,0,0,,0,,3,0.026,,,,
,MLB,sa877310,Rogelio Armenteros,Rogelio Armenteros,/players/rogelio-armenteros/17679/stats/pitching,17679,P,-1.0,,,,2018,40,215,"6' 1""",,,11,,Cuba,,,,,,,50 / 50,45 / 50,,,,,,2018,0,,17533,11,Rogelio,Armenteros,RHP,23,HOU,2018,2018 Report,17679,0,,0,11,40,0,2018,J2 2014,,73,215,R,R,Cuba,,,,,,,,,,,,,,,50.0,50.0,45.0,50.0,,,,,,,0,0,,0,,1,1.018,,,,
AAA,MLB,sa737020,Luis Liberato,Luis Liberato,/players/luis-liberato/17307/stats/batting,17307,DH/OF,,,,,2020,40,175,"6' 1""",,,11,,Dominican Republic,20 / 30,20 / 40,45 / 50,70 / 70,50 / 55,60 / 60,,,,,,,,2018,0,,17284,11,Luis,Liberato,OF,22,SEA,2018,2018 Report,17307,0,,0,11,40,0,2020,J2 2013,,73,175,L,L,Dominican Republic,,,20.0,30.0,20.0,40.0,45.0,50.0,70.0,70.0,50.0,55.0,60.0,60.0,,,,,,,,,,,0,0,,0,,3,0.022,,,,
,MLB,sa738413,Michael Hermosillo,Michael Hermosillo,/players/michael-hermosillo/16285/stats/batting,16285,OF,-1.0,,,,2019,40,190,"5' 10""",,,11,,Ottawa HS (IL),40 / 50,20 / 30,50 / 50,55 / 55,45 / 50,50 / 50,,,,,,,,2018,0,,17051,11,Michael,Hermosillo,OF,22,LAA,2018,2018 Report,16285,0,,0,11,40,0,2019,28th rd 2013,,70,190,R,R,Ottawa HS (IL),,D0OSPvncrZs,40.0,50.0,20.0,30.0,50.0,50.0,55.0,55.0,45.0,50.0,50.0,50.0,,,,,,,,,,,0,0,,0,,0,2.064,,,,
MLB,MLB,sa917973,Brenan Hanifee,Brenan Hanifee,/players/brenan-hanifee/22304/stats/pitching,22304,P,6.0,,,,2021,40,180,"6' 5""",,,11,,Ashby HS (VA),,,,,,,55 / 60,50 / 60,,40 / 45,,,40 / 45,2018,0,,17070,11,Brenan,Hanifee,RHP,19,BAL,2018,2018 Report,22304,0,,0,11,40,0,2021,4th rd 2016,,77,180,R,R,Ashby HS (VA),,,,,,,,,,,,,,,55.0,60.0,50.0,60.0,,,,,40.0,45.0,0,0,,0,,2,1.069,40.0,45.0,,
,MLB,sa875089,Brendon Davis,Brendon Davis,/players/brendon-davis/18587/stats/batting,18587,3B/OF,-1.0,,,,2022,40,185,"6' 5""",,,11,,Lakewood HS (CA),30 / 40,30 / 50,45 / 55,50 / 40,40 / 55,55 / 60,,,,,,,,2018,0,,17331,11,Brendon,Davis,3B,20,TEX,2018,2018 Report,18587,0,,0,11,40,0,2022,5th rd 2015,,77,185,R,R,Lakewood HS (CA),,DQ8oLyvXUbE,30.0,40.0,30.0,50.0,45.0,55.0,50.0,40.0,40.0,55.0,55.0,60.0,,,,,,,,,,,0,0,,0,,2,0.006,,,,
,MLB,sa857701,Bobby Dalbec,Bobby Dalbec,/players/bobby-dalbec/19966/stats/batting,19966,1B,-1.0,,,,2021,40,225,"6' 4""",,,11,,Arizona,30 / 40,30 / 60,70 / 70,40 / 40,45 / 50,55 / 55,,,,,,,,2018,0,,17090,11,Bobby,Dalbec,3B,22,BOS,2018,2018 Report,19966,0,,0,11,40,0,2021,4th rd 2016,,76,225,R,R,Arizona,,,30.0,40.0,30.0,60.0,70.0,70.0,40.0,40.0,45.0,50.0,55.0,55.0,,,,,,,,,,,0,0,,0,,0,3.013,,,,
AAA,MLB,sa857750,Andrew Stevenson,Andrew Stevenson,/players/andrew-stevenson/17932/stats/batting,17932,OF,,,,,2018,40,185,"6' 0""",,,11,,LSU,40 / 50,20 / 30,50 / 50,70 / 70,55 / 60,30 / 30,,,,,,,,2018,0,,17609,11,Andrew,Stevenson,OF,23,WSN,2018,2018 Report,17932,0,,0,11,40,0,2018,2nd rd 2015,,72,185,L,L,LSU,,EUTPAt6ef7E,40.0,50.0,20.0,30.0,50.0,50.0,70.0,70.0,55.0,60.0,30.0,30.0,,,,,,,,,,,0,0,,0,,0,2.158,,,,
,MLB,sa828690,Sean Reid-Foley,Sean Reid-Foley,/players/sean-reid-foley/17034/stats/pitching,17034,P,-1.0,,,,2019,40,220,"6' 3""",,,11,,Sandalwood HS (FL),,,,,,,55 / 55,40 / 45,55 / 60,50 / 55,,,45 / 50,2018,0,,17358,11,Sean,Reid-Foley,RHP,22,TOR,2018,2018 Report,17034,0,,0,11,40,0,2019,2nd rd 2014,,75,220,R,R,Sandalwood HS (FL),,iVpbxreVa9Q,,,,,,,,,,,,,55.0,55.0,40.0,45.0,55.0,60.0,,,45.0,50.0,0,0,,0,,0,3.133,50.0,55.0,,
,MLB,sa658306,Chris Flexen,Chris Flexen,/players/chris-flexen/13896/stats/pitching,13896,P,-1.0,,,,2018,40,250,"6' 3""",,,11,,Memorial HS (CA),,,,,,,55 / 55,45 / 45,50 / 55,50 / 55,,,45 / 50,2018,0,,17627,11,Chris,Flexen,RHP,23,NYM,2018,2018 Report,13896,0,,0,11,40,0,2018,14th rd 2012,,75,250,R,R,Memorial HS (CA),,,,,,,,,,,,,,,55.0,55.0,45.0,45.0,50.0,55.0,,,45.0,50.0,0,0,,0,,n/a,5.023,50.0,55.0,,
,AA,sa917182,Eduardo Diaz,Eduardo Diaz,/players/eduardo-diaz/sa917182/stats/batting,sa917182,OF,-1.0,,,,2022,40,175,"6' 2""",,,11,,Dominican Republic,30 / 50,30 / 50,50 / 55,55 / 55,40 / 50,60 / 60,,,,,,,,2018,0,,17380,11,Eduardo,Diaz,CF,20,ARI,2018,2018 Report,sa917182,0,,0,11,40,0,2022,J2 2015,,74,175,R,R,Dominican Republic,,,30.0,50.0,30.0,50.0,50.0,55.0,55.0,55.0,40.0,50.0,60.0,60.0,,,,,,,,,,,0,0,,0,,R5,,,,,
AA,MLB,sa918012,Conner Capel,Conner Capel,/players/conner-capel/19983/stats/batting,19983,OF,19.0,,,,2021,40,185,"6' 1""",,,11,,Seven Lakes HS (TX),30 / 45,40 / 50,55 / 55,55 / 55,45 / 55,60 / 60,,,,,,,,2018,0,,17134,11,Connor,Capel,OF,20,CLE,2018,2018 Report,19983,0,,0,11,40,0,2021,5th rd 2016,,73,185,L,L,Seven Lakes HS (TX),,mWkRt0PHN0w,30.0,45.0,40.0,50.0,55.0,55.0,55.0,55.0,45.0,55.0,60.0,60.0,,,,,,,,,,,0,0,,0,,0,0.105,,,,
AAA,MLB,sa827397,Kyle Funkhouser,Kyle Funkhouser,/players/kyle-funkhouser/19456/stats/pitching,19456,P,13.0,,,,2019,45,220,"6' 2""",,,12,,Louisville,,,,,,,60 / 60,55 / 60,,50 / 55,,,40 / 50,2018,0,,17157,12,Kyle,Funkhouser,RHP,24,DET,2018,2018 Report,19456,0,,0,12,45,0,2019,4th rd 2016,,74,220,R,R,Louisville,,j-b1ZwTMYNY,,,,,,,,,,,,,60.0,60.0,55.0,60.0,,,,,40.0,50.0,0,0,,0,,1,2.133,50.0,55.0,,
,AAA,sa3004812,Steven Jennings,Steven Jennings,/players/steven-jennings/sa3004812/stats/pitching,sa3004812,P,-1.0,,,,2021,45,175,"6' 2""",,,12,,DeKalb HS (TN),,,,,,,55 / 60,50 / 60,40 / 50,30 / 50,,,30 / 50,2018,0,,17672,12,Steven,Jennings,RHP,19,PIT,2018,2018 Report,sa3004812,0,,0,12,45,0,2021,2nd rd 2017,,74,175,R,R,DeKalb HS (TN),,,,,,,,,,,,,,,55.0,60.0,50.0,60.0,40.0,50.0,,,30.0,50.0,0,0,,0,,R5,,30.0,50.0,,
MLB,MLB,sa736859,Edmundo Sosa,Edmundo Sosa,/players/edmundo-sosa/17022/stats/batting,17022,3B/SS,26.0,,,,2019,45,198,"6' 0""",,,12,,Panama,30 / 50,20 / 30,40 / 45,50 / 50,50 / 55,50 / 50,,,,,,,,2018,0,,17700,12,Edmundo,Sosa,SS,21,STL,2018,2018 Report,17022,0,,0,12,45,0,2019,J2 2012,,72,198,R,R,Panama,,,30.0,50.0,20.0,30.0,40.0,45.0,50.0,50.0,50.0,55.0,50.0,50.0,,,,,,,,,,,0,0,,0,,n/a,5.140,,,,
AAA,MLB,sa952977,Vladimir Gutierrez,Vladimir Gutierrez,/players/vladimir-gutierrez/19278/stats/pitching,19278,P,,,,,2019,45,190,"6' 0""",,,12,,Cuba,,,,,,,55 / 55,,50 / 55,40 / 45,,,50 / 55,2018,0,,17458,12,Vlad,Gutierrez,RHP,22,CIN,2018,2018 Report,19278,0,,0,12,45,0,2019,J2 2016,,72,190,R,R,Cuba,,,,,,,,,,,,,,,55.0,55.0,,,50.0,55.0,,,50.0,55.0,0,0,,0,,2,2.133,40.0,45.0,,
AAA,MLB,sa917953,Akil Baddoo,Akil Baddoo,/players/akil-baddoo/22168/stats/batting,22168,OF,23.0,,,,2021,45,195,"5' 11""",,,12,,Salem HS (GA),35 / 55,20 / 50,50 / 55,60 / 60,40 / 50,40 / 40,,,,,,,,2018,0,,17205,12,Akil,Baddoo,CF,19,MIN,2018,2018 Report,22168,0,,0,12,45,0,2021,2nd rd 2016,,71,195,L,L,Salem HS (GA),,,35.0,55.0,20.0,50.0,50.0,55.0,60.0,60.0,40.0,50.0,40.0,40.0,,,,,,,,,,,0,0,,0,,1,3.021,,,,
,AAA,sa917936,Hudson Potts,Hudson Potts,/players/hudson-potts/sa917936/stats/batting,sa917936,3B,-1.0,,,,2020,45,205,"6' 3""",,,12,,Southlake Carroll (TX),20 / 45,30 / 50,50 / 55,50 / 45,45 / 55,55 / 55,,,,,,,,2018,0,,17723,12,Hudson,Potts,3B,19,SDP,2018,2018 Report,sa917936,0,,0,12,45,0,2020,1st rd 2016,,75,205,R,R,Southlake Carroll (TX),,snj4NTnQVAc,20.0,45.0,30.0,50.0,50.0,55.0,50.0,45.0,45.0,55.0,55.0,55.0,,,,,,,,,,,0,0,,0,,2,0.000,,,,
MLB,MLB,sa737372,Jonathan Loáisiga,Jonathan Loaisiga,/players/jonathan-loaisiga/19753/stats/pitching,19753,P,15.0,,,,2020,45,165,"5' 11""",,,12,,Nicaragua,,,,,,,60 / 65,,55 / 60,45 / 50,,,40 / 50,2018,0,,17235,12,Jonathan,Loaisiga,RHP,23,NYY,2018,2018 Report,19753,0,,0,12,45,0,2020,J2 2012,,71,165,R,R,Nicaragua,,,,,,,,,,,,,,,60.0,65.0,,,55.0,60.0,,,40.0,50.0,0,0,,0,,n/a,7.022,45.0,50.0,,
MLB,MLB,sa920423,Edward Cabrera,Edward Cabrera,/players/edward-cabrera/21690/stats/pitching,21690,P,17.0,,,,2021,45,175,"6' 4""",,,12,,Dominican Republic,,,,,,,45 / 55,45 / 55,,30 / 45,,,40 / 50,2018,0,,17505,12,Edward,Cabrera,RHP,19,MIA,2018,2018 Report,21690,0,,0,12,45,0,2021,J2 2015,,76,175,R,R,Dominican Republic,,,,,,,,,,,,,,,45.0,55.0,45.0,55.0,,,,,40.0,50.0,0,0,,0,,0,3.147,30.0,45.0,,
AAA,MLB,sa738964,Daulton Jefferies,Daulton Jefferies,/players/daulton-jefferies/19345/stats/pitching,19345,P,27.0,,,,2020,45,180,"6' 0""",,,12,,Cal,,,,,,,55 / 55,,45 / 50,55 / 60,,,50 / 60,2018,0,,17262,12,Daulton,Jefferies,RHP,22,OAK,2018,2018 Report,19345,0,,0,12,45,0,2020,1st rd 2016,,72,180,L,R,Cal,,ij14-6H6bPU,,,,,,,,,,,,,55.0,55.0,,,45.0,50.0,,,50.0,60.0,0,0,,0,,0,1.164,55.0,60.0,,
MLB,MLB,sa872786,Vidal Bruján,Vidal Brujan,/players/vidal-brujan/20536/stats/batting,20536,2B/OF,25.0,,,,2021,45,155,"5' 9""",,,12,,Dominican Republic,30 / 55,20 / 40,40 / 50,60 / 60,45 / 55,50 / 50,,,,,,,,2018,0,,17298,12,Vidal,Brujan,2B,20,TBR,2018,2018 Report,20536,0,,0,12,45,0,2021,J2 2014,,69,155,S,R,Dominican Republic,,_I0xANEGwN8,30.0,55.0,20.0,40.0,40.0,50.0,60.0,60.0,45.0,55.0,50.0,50.0,,,,,,,,,,,0,0,,0,,0,3.014,,,,
,AA,sa829529,Jeren Kendall,Jeren Kendall,/players/jeren-kendall/sa829529/stats/batting,sa829529,OF,-2.0,,,,2021,45,190,"6' 0""",,,12,,Vanderbilt,30 / 40,30 / 50,55 / 55,70 / 70,50 / 60,50 / 50,,,,,,,,2018,0,,17561,12,Jeren,Kendall,CF,22,LAD,2018,2018 Report,sa829529,0,,0,12,45,0,2021,1st rd 2017,,72,190,L,R,Vanderbilt,,r2TAFjALtKw,30.0,40.0,30.0,50.0,55.0,55.0,70.0,70.0,50.0,60.0,50.0,50.0,,,,,,,,,,,0,0,,0,,R5,,,,,
,MLB,sa658005,Brett Phillips,Brett Phillips,/players/brett-phillips/14735/stats/batting,14735,OF,-1.0,,,,2018,45,185,"6' 0""",,,12,,Seminole HS (FL),40 / 40,45 / 50,55 / 55,55 / 55,50 / 55,70 / 70,,,,,,,,2018,0,,17584,12,Brett,Phillips,OF,22,MIL,2018,2018 Report,14735,0,,0,12,45,0,2018,6th rd 2012,,72,185,L,R,Seminole HS (FL),,1bhg4uirVYc,40.0,40.0,45.0,50.0,55.0,55.0,55.0,55.0,50.0,55.0,70.0,70.0,,,,,,,,,,,0,0,,0,,0,4.060,,,,
MLB,MLB,sa877528,Enyel De Los Santos,Enyel De Los Santos,/players/enyel-de-los-santos/18403/stats/pitching,18403,P,21.0,,,,2019,45,200,"6' 3""",,,12,,Dominican Republic,,,,,,,55 / 55,,50 / 55,55 / 60,,,45 / 50,2018,0,,17646,12,Enyel,De Los Santos,RHP,22,PHI,2018,2018 Report,18403,0,,0,12,45,0,2019,J2 2014,,75,200,R,R,Dominican Republic,,,,,,,,,,,,,,,55.0,55.0,,,50.0,55.0,,,45.0,50.0,0,0,,0,,n/a,5.015,55.0,60.0,,
,AAA,sa915611,Brett Cumberland,Brett Cumberland,/players/brett-cumberland/sa915611/stats/batting,sa915611,C,-1.0,,,,2019,45,188,"6' 0""",,,12,,Cal,30 / 50,30 / 55,55 / 55,40 / 35,40 / 50,45 / 45,,,,,,,,2018,0,,17404,12,Brett,Cumberland,C,21,ATL,2018,2018 Report,sa915611,0,,0,12,45,0,2019,2nd rd 2016,,72,188,S,R,Cal,,5G6gKGKiphs,30.0,50.0,30.0,55.0,55.0,55.0,40.0,35.0,40.0,50.0,45.0,45.0,,,,,,,,,,,0,0,,0,,R5,,,,,
,MLB,sa738514,Thomas Hatch,Thomas Hatch,/players/thomas-hatch/19264/stats/pitching,19264,P,-1.0,,,,2019,40,190,"6' 1""",,,12,,Oklahoma State,,,,,,,55 / 55,50 / 50,,50 / 55,,,40 / 45,2018,0,,17436,12,Thomas,Hatch,RHP,23,CHC,2018,2018 Report,19264,0,,0,12,40,0,2019,3rd rd 2016,,73,190,R,R,Oklahoma State,,,,,,,,,,,,,,,55.0,55.0,50.0,50.0,,,,,40.0,45.0,0,0,,0,,0,2.098,50.0,55.0,,
,MLB,sa857581,Josh Staumont,Josh Staumont,/players/josh-staumont/18335/stats/pitching,18335,P,-1.0,,,,2018,40,200,"6' 3""",,,12,,Azusa Pacific,,,,,,,65 / 65,,60 / 60,50 / 55,,,35 / 40,2018,0,,17181,12,Josh,Staumont,RHP,24,KCR,2018,2018 Report,18335,0,,0,12,40,0,2018,2nd rd 2015,,75,200,R,R,Azusa Pacific,,,,,,,,,,,,,,,65.0,65.0,,,60.0,60.0,,,35.0,40.0,0,0,,0,,1,5.028,50.0,55.0,,
,A+,sa828552,Breiling Eusebio,Breiling Eusebio,/players/breiling-eusebio/sa828552/stats/pitching,sa828552,P,-1.0,,,,2021,40,175,"6' 1""",,,12,,Dominican Republic,,,,,,,50 / 55,,50 / 55,45 / 55,,,40 / 50,2018,0,,17483,12,Breiling,Eusebio,LHP,21,COL,2018,2018 Report,sa828552,0,,0,12,40,0,2021,J2 2013,,73,175,L,L,Dominican Republic,,_6e6_k8YR2U,,,,,,,,,,,,,50.0,55.0,,,50.0,55.0,,,40.0,50.0,0,0,,0,,R5,,45.0,55.0,,
AAA,MLB,sa917162,Gregory Santos,Gregory Santos,/players/gregory-santos/21894/stats/pitching,21894,P,30.0,,,,2023,40,190,"6' 2""",,,12,,Dominican Republic,,,,,,,50 / 60,50 / 60,,40 / 50,,,30 / 50,2018,0,,17766,12,Gregory,Santos,RHP,18,SFG,2018,2018 Report,21894,0,,0,12,40,0,2023,J2 2015,,74,190,R,R,Dominican Republic,,,,,,,,,,,,,,,50.0,60.0,50.0,60.0,,,,,30.0,50.0,0,0,,0,,1,3.055,40.0,50.0,,
,AAA,sa3003037,Jairo Solis,Jairo Solis,/players/jairo-solis/sa3003037/stats/pitching,sa3003037,P,-1.0,,,,2021,40,160,"6' 2""",,,12,,Venezuela,,,,,,,55 / 60,45 / 50,,45 / 50,,,55 / 0,2018,0,,17534,12,Jairo,Solis,RHP,18,HOU,2018,2018 Report,sa3003037,0,,0,12,40,0,2021,J2 2016,,74,160,R,R,Venezuela,,,,,,,,,,,,,,,55.0,60.0,45.0,50.0,,,,,55.0,,0,0,,0,,2,0.000,45.0,50.0,,45.0
,MLB,sa597778,Daniel Vogelbach,Daniel Vogelbach,/players/daniel-vogelbach/14130/stats/batting,14130,1B/DH,-1.0,,,,2018,40,250,"6' 0""",,,12,,Bishop Verot HS (FL),50 / 55,45 / 50,60 / 60,20 / 20,30 / 30,40 / 40,,,,,,,,2018,0,,17285,12,Dan,Vogelbach,1B,25,SEA,2018,2018 Report,14130,0,,0,12,40,0,2018,2nd rd 2011,,72,250,L,R,Bishop Verot HS (FL),,WVUvxa6mRUs,50.0,55.0,45.0,50.0,60.0,60.0,20.0,20.0,30.0,30.0,40.0,40.0,,,,,,,,,,,0,0,,0,,n/a,6.049,,,,
AAA,MLB,sa872542,Leo Rivas,Leo Rivas,/players/leo-rivas/21009/stats/batting,21009,2B/SS,11.0,,,,2020,40,150,"5' 10""",,,12,,Venezuela,35 / 50,20 / 30,30 / 40,70 / 70,40 / 50,50 / 50,,,,,,,,2018,0,,17052,12,Leo,Rivas,INF,20,LAA,2018,2018 Report,21009,0,,0,12,40,0,2020,J2 2014,,70,150,S,R,Venezuela,,Tbf-2kCq_yI,35.0,50.0,20.0,30.0,30.0,40.0,70.0,70.0,40.0,50.0,50.0,50.0,,,,,,,,,,,0,0,,0,,1,1.008,,,,
MLB,MLB,sa659463,Anthony Santander,Anthony Santander,/players/anthony-santander/14551/stats/batting,14551,OF,14.0,,,,2018,40,205,"6' 2""",,,12,,Venezuela,30 / 50,30 / 50,55 / 60,40 / 30,40 / 45,50 / 50,,,,,,,,2018,0,,17071,12,Anthony,Santander,1B/OF,23,BAL,2018,2018 Report,14551,0,,0,12,40,0,2018,J2 2011,,74,205,S,R,Venezuela,,,30.0,50.0,30.0,50.0,55.0,60.0,40.0,30.0,40.0,45.0,50.0,50.0,,,,,,,,,,,0,0,,0,,n/a,7.162,,,,
A+,A+,sa827490,Mike Matuella,Mike Matuella,/players/michael-matuella/sa827490/stats/pitching,sa827490,P,13.0,,,,2019,40,220,"6' 6""",,,12,,Duke,,,,,,,60 / 60,,55 / 60,45 / 50,,,40 / 50,2018,0,,17332,12,Mike,Matuella,RHP,23,TEX,2018,2018 Report,sa827490,0,,0,12,40,0,2019,3rd rd 2015,,78,220,R,R,Duke,,KSBpY0Vwoy8,,,,,,,,,,,,,60.0,60.0,,,55.0,60.0,,,40.0,50.0,0,0,,0,,R5,,45.0,50.0,,
,AAA,sa829375,Josh Ockimey,Josh Ockimey,/players/joshua-ockimey/sa829375/stats/batting,sa829375,1B,-1.0,,,,2020,40,215,"6' 1""",,,12,,Neumann-Goretti HS (PA),30 / 40,40 / 55,60 / 60,30 / 30,40 / 45,40 / 40,,,,,,,,2018,0,,17091,12,Josh,Ockimey,1B,22,BOS,2018,2018 Report,sa829375,0,,0,12,40,0,2020,5th rd 2014,,73,215,L,R,Neumann-Goretti HS (PA),,cSQgarI_0lw,30.0,40.0,40.0,55.0,60.0,60.0,30.0,30.0,40.0,45.0,40.0,40.0,,,,,,,,,,,0,0,,0,,R5,,,,,
MLB,MLB,sa962605,Luis García Jr.,Luis Garcia Jr.,/players/luis-garcia-jr/20391/stats/batting,20391,2B,24.0,,,,2022,40,180,"6' 0""",,,12,,Dominican Republic,20 / 45,20 / 40,45 / 50,55 / 60,45 / 55,55 / 60,,,,,,,,2018,0,,17610,12,Luis,Garcia,SS,17,WSN,2018,2018 Report,20391,0,,0,12,40,0,2022,J2 2016,,72,180,L,R,Dominican Republic,,,20.0,45.0,20.0,40.0,45.0,50.0,55.0,60.0,45.0,55.0,55.0,60.0,,,,,,,,,,,0,0,,0,,0,4.142,,,,
AAA,MLB,sa658922,Thomas Pannone,Thomas Pannone,/players/thomas-pannone/17281/stats/pitching,17281,P,23.0,,,,2019,40,195,"6' 0""",,,12,,Southern Nevada JC,,,,,,,50 / 50,,50 / 55,45 / 50,,,50 / 60,2018,0,,17359,12,Thomas,Pannone,LHP,23,TOR,2018,2018 Report,17281,0,,0,12,40,0,2019,9th rd 2013,,72,195,L,L,Southern Nevada JC,,,,,,,,,,,,,,,50.0,50.0,,,50.0,55.0,,,50.0,60.0,0,0,,0,,0,1.010,45.0,50.0,,
,MLB,sa737938,Ryan Cordell,Ryan Cordell,/players/ryan-cordell/15181/stats/batting,15181,OF,-1.0,,,,2018,40,194,"6' 4""",,,12,,Liberty,40 / 45,45 / 50,55 / 55,60 / 60,50 / 50,55 / 55,,,,,,,,2018,0,,17110,12,Ryan,Cordell,RF,26,CHW,2018,2018 Report,15181,0,,0,12,40,0,2018,11th rd 2013,,76,194,R,R,Liberty,,,40.0,45.0,45.0,50.0,55.0,55.0,60.0,60.0,50.0,50.0,55.0,55.0,,,,,,,,,,,0,0,,0,,0,1.055,,,,
,AAA,sa657917,Marcos Molina,Marcos Molina,/players/marcos-molina/sa657917/stats/pitching,sa657917,P,-1.0,,,,2018,40,188,"6' 3""",,,12,,Dominican Republic,,,,,,,60 / 60,60 / 60,40 / 40,45 / 50,,45 / 50,40 / 45,2018,0,,17628,12,Marcos,Molina,RHP,23,NYM,2018,2018 Report,sa657917,0,,0,12,40,0,2018,J2 2012,,75,188,R,R,Dominican Republic,,6n8juJXi5Mw,,,,,,,,,,,,,60.0,60.0,60.0,60.0,40.0,40.0,,,40.0,45.0,0,0,,0,,2,0.000,45.0,50.0,45.0,50.0
AAA,MLB,sa736654,Domingo Leyba,Domingo Leyba,/players/domingo-leyba/16404/stats/batting,16404,2B/3B,,,,,2019,40,160,"5' 9""",,,12,,Dominican Republic,35 / 60,30 / 40,40 / 40,50 / 45,45 / 50,50 / 50,,,,,,,,2018,0,,17381,12,Domingo,Leyba,2B,22,ARI,2018,2018 Report,16404,0,,0,12,40,0,2019,J2 2012,,69,160,S,R,Dominican Republic,,OYwgNhVUC4w,35.0,60.0,30.0,40.0,40.0,40.0,50.0,45.0,45.0,50.0,50.0,50.0,,,,,,,,,,,0,0,,0,,0,0.100,,,,
AAA,MLB,sa915827,Eli Morgan,Eli Morgan,/players/eli-morgan/20203/stats/pitching,20203,P,7.0,,,,2020,40,190,"5' 10""",,,12,,Gonzaga,,,,,,,45 / 45,50 / 55,,60 / 70,,,45 / 55,2018,0,,17135,12,Elijah,Morgan,RHP,21,CLE,2018,2018 Report,20203,0,,0,12,40,0,2020,8th rd 2017,,70,190,R,R,Gonzaga,,,,,,,,,,,,,,,45.0,45.0,50.0,55.0,,,,,45.0,55.0,0,0,,0,,1,4.091,60.0,70.0,,
CPX,MLB,sa829855,Alex Faedo,Alex Faedo,/players/alex-faedo/19874/stats/pitching,19874,P,1.0,,,,2020,45,230,"6' 5""",,,13,,Florida,,,,,,,50 / 50,55 / 60,,40 / 45,,,45 / 50,2018,0,,17158,13,Alex,Faedo,RHP,22,DET,2018,2018 Report,19874,0,,0,13,45,0,2020,1st rd 2017,,77,230,R,R,Florida,,,,,,,,,,,,,,,50.0,50.0,55.0,60.0,,,,,45.0,50.0,0,0,,0,,0,2.169,40.0,45.0,,
,MLB,sa738673,Dakota Hudson,Dakota Hudson,/players/dakota-hudson/19206/stats/pitching,19206,P,-1.0,,,,2018,45,215,"6' 5""",,,13,,Mississippi State,,,,,,,55 / 55,,45 / 50,40 / 45,,45 / 50,40 / 45,2018,0,,17701,13,Dakota,Hudson,RHP,22,STL,2018,2018 Report,19206,0,,0,13,45,0,2018,1st rd 2016,,77,215,R,R,Mississippi State,,LUO8ShS6j1Y,,,,,,,,,,,,,55.0,55.0,,,45.0,50.0,,,40.0,45.0,0,0,,0,,n/a,5.141,40.0,45.0,45.0,50.0
,MLB,sa657486,Keury Mella,Keury Mella,/players/keury-mella/15964/stats/pitching,15964,P,-1.0,,,,2018,45,200,"6' 4""",,,13,,Dominican Republic,,,,,,,60 / 60,,55 / 55,45 / 50,,,40 / 45,2018,0,,17459,13,Keury,Mella,RHP,24,CIN,2018,2018 Report,15964,0,,0,13,45,0,2018,J2 2011,,76,200,R,R,Dominican Republic,,6cI67D4OryA,,,,,,,,,,,,,60.0,60.0,,,55.0,55.0,,,40.0,45.0,0,0,,0,,0,1.004,45.0,50.0,,
,MLB,sa917952,Jose Miranda,Jose Miranda,/players/jose-miranda/20538/stats/batting,20538,1B/3B,-1.0,,,,2022,45,180,"6' 2""",,,13,,Leadership Christian HS (PR),35 / 55,30 / 50,45 / 50,50 / 45,45 / 50,55 / 55,,,,,,,,2018,0,,17206,13,Jose,Miranda,2B,19,MIN,2018,2018 Report,20538,0,,0,13,45,0,2022,2nd rd 2016,,74,180,R,R,Leadership Christian HS (PR),,,35.0,55.0,30.0,50.0,45.0,50.0,50.0,45.0,45.0,50.0,55.0,55.0,,,,,,,,,,,0,0,,0,,0,2.135,,,,
MLB,MLB,sa875195,Chris Paddack,Chris Paddack,/players/chris-paddack/20099/stats/pitching,20099,P,18.0,,,,2020,45,195,"6' 4""",,,13,,Cedar Park HS (TX),,,,,,,50 / 55,,5 / 55,60 / 70,,,50 / 60,2018,0,,17724,13,Chris,Paddack,RHP,20,SDP,2018,2018 Report,20099,0,,0,13,45,0,2020,8th rd 2015,,76,195,R,R,Cedar Park HS (TX),,,,,,,,,,,,,,,50.0,55.0,,,5.0,55.0,,,50.0,60.0,0,0,,0,,n/a,7.000,60.0,70.0,,
,MLB,sa829053,Braxton Lee,Braxton Lee,/players/braxton-lee/16839/stats/batting,16839,OF,-1.0,,,,2018,45,185,"5' 10""",,,13,,Ole Miss,45 / 50,20 / 30,50 / 50,70 / 70,50 / 55,55 / 55,,,,,,,,2018,0,,17506,13,Braxton,Lee,OF,24,MIA,2018,2018 Report,16839,0,,0,13,45,0,2018,12th rd 2014,,70,185,L,R,Ole Miss,,cojxmsi0ffU,45.0,50.0,20.0,30.0,50.0,50.0,70.0,70.0,50.0,55.0,55.0,55.0,,,,,,,,,,,0,0,,0,,2,0.013,,,,
MLB,MLB,sa828669,Grant Holmes,Grant Holmes,/players/grant-holmes/16944/stats/pitching,16944,P,16.0,,,,2019,45,215,"6' 1""",,,13,,Conway HS (SC),,,,,,,50 / 50,,55 / 55,40 / 45,,,40 / 45,2018,0,,17263,13,Grant,Holmes,RHP,21,OAK,2018,2018 Report,16944,0,,0,13,45,0,2019,1st rd 2014,,73,215,R,R,Conway HS (SC),,MvTNMZd4LDA,,,,,,,,,,,,,50.0,50.0,,,55.0,55.0,,,40.0,45.0,0,0,,0,,0,1.106,40.0,45.0,,
,A+,sa873296,Resly Linares,Resly Linares,/players/resly-linares/sa873296/stats/pitching,sa873296,P,-1.0,,,,2020,45,170,"6' 2""",,,13,,Dominican Republic,,,,,,,50 / 55,,55 / 60,45 / 55,,,45 / 55,2018,0,,17299,13,Resly,Linares,LHP,20,TBR,2018,2018 Report,sa873296,0,,0,13,45,0,2020,J2 2014,,74,170,L,L,Dominican Republic,,,,,,,,,,,,,,,50.0,55.0,,,55.0,60.0,,,45.0,55.0,0,0,,0,,R5,,45.0,55.0,,
,A+,sa917328,Starling Heredia,Starling Heredia,/players/starling-heredia/sa917328/stats/batting,sa917328,OF,-1.0,,,,2022,45,200,"6' 2""",,,13,,Dominican Republic,20 / 45,30 / 55,60 / 60,60 / 60,40 / 55,50 / 50,,,,,,,,2018,0,,17562,13,Starling,Heredia,CF,19,LAD,2018,2018 Report,sa917328,0,,0,13,45,0,2022,J2 2015,,74,200,R,R,Dominican Republic,,pNLxwMrBLr4,20.0,45.0,30.0,55.0,60.0,60.0,60.0,60.0,40.0,55.0,50.0,50.0,,,,,,,,,,,0,0,,0,,R5,,,,,
MLB,MLB,sa856266,Cody Ponce,Cody Ponce,/players/cody-ponce/17920/stats/pitching,17920,P,14.0,,,,2018,45,265,"6' 6""",,,13,,Cal Poly Pomona,,,,,,,60 / 60,,50 / 50,40 / 45,,55 / 60,45 / 50,2018,0,,17585,13,Cody,Ponce,RHP,23,MIL,2018,2018 Report,17920,0,,0,13,45,0,2018,2nd rd 2015,,78,265,R,R,Cal Poly Pomona,,EVHsAoCDRas,,,,,,,,,,,,,60.0,60.0,,,50.0,50.0,,,45.0,50.0,0,0,,0,,1,0.126,40.0,45.0,55.0,60.0
AAA,MLB,sa917958,Bryse Wilson,Bryse Wilson,/players/bryse-wilson/19990/stats/pitching,19990,P,26.0,,,,2020,45,224,"6' 1""",,,13,,Orange HS (NC),,,,,,,55 / 60,45 / 50,,45 / 50,,,45 / 50,2018,0,,17405,13,Bryse,Wilson,RHP,19,ATL,2018,2018 Report,19990,0,,0,13,45,0,2020,4th rd 2016,,73,224,R,R,Orange HS (NC),,,,,,,,,,,,,,,55.0,60.0,45.0,50.0,,,,,45.0,50.0,0,0,,0,,0,4.123,45.0,50.0,,
AA,AA,sa874070,Stephen Alemais,Stephen Alemais,/players/stephen-alemais/sa874070/stats/batting,sa874070,2B/SS,,,,,2020,40,190,"6' 0""",,,13,,Tulane,20 / 40,20 / 20,30 / 30,60 / 60,55 / 70,60 / 60,,,,,,,,2018,0,,17673,13,Stephen,Alemais,SS,22,PIT,2018,2018 Report,sa874070,0,,0,13,40,0,2020,3rd rd 2016,,72,190,R,R,Tulane,,,20.0,40.0,20.0,20.0,30.0,30.0,60.0,60.0,55.0,70.0,60.0,60.0,,,,,,,,,,,0,0,,0,,R5,,,,,
MLB,MLB,sa3005129,Nelson Velázquez,Nelson Velazquez,/players/nelson-velazquez/23359/stats/batting,23359,DH/OF,28.0,,,,2021,40,190,"6' 0""",,,13,,P.J. Education HS (PR),20 / 40,20 / 50,55 / 60,55 / 40,30 / 45,50 / 50,,,,,,,,2018,0,,17437,13,Nelson,Velazquez,OF,18,CHC,2018,2018 Report,23359,0,,0,13,40,0,2021,5th rd 2017,,72,190,R,R,P.J. Education HS (PR),,SHA70C1S_Ag,20.0,40.0,20.0,50.0,55.0,60.0,55.0,40.0,30.0,45.0,50.0,50.0,,,,,,,,,,,0,0,,0,,0,1.101,,,,
AAA,MLB,sa828695,Scott Blewett,Scott Blewett,/players/scott-blewett/16427/stats/pitching,16427,P,28.0,,,,2020,40,210,"6' 6""",,,13,,Baker HS (NY),,,,,,,55 / 60,,50 / 55,40 / 45,,,40 / 50,2018,0,,17182,13,Scott,Blewett,RHP,21,KCR,2018,2018 Report,16427,0,,0,13,40,0,2020,2nd rd 2014,,78,210,R,R,Baker HS (NY),,,,,,,,,,,,,,,55.0,60.0,,,50.0,55.0,,,40.0,50.0,0,0,,0,,0,1.097,40.0,45.0,,
AAA,MLB,sa737813,Dom Nuñez,Dom Nunez,/players/dom-nunez/15055/stats/batting,15055,C,5.0,,,,2019,40,170,"6' 3""",,,13,,Elk Grove HS (CA),40 / 45,30 / 40,45 / 45,40 / 40,45 / 50,45 / 45,,,,,,,,2018,0,,17484,13,Dom,Nunez,C,23,COL,2018,2018 Report,15055,0,,0,13,40,0,2019,6th rd 2013,,75,170,L,R,Elk Grove HS (CA),,,40.0,45.0,30.0,40.0,45.0,45.0,40.0,40.0,45.0,50.0,45.0,45.0,,,,,,,,,,,0,0,,0,,0,1.104,,,,
AAA,MLB,sa548637,Domingo Germán,Domingo German,/players/domingo-german/17149/stats/pitching,17149,P,,,,,2018,40,175,"6' 2""",,,13,,Dominican Republic,,,,,,,55 / 60,,60 / 65,45 / 50,,,40 / 45,2018,0,,17236,13,Domingo,German,RHP,25,NYY,2018,2018 Report,17149,0,,0,13,40,0,2018,J2 2009,,74,175,R,R,Dominican Republic,,6E7zieBLfOs,,,,,,,,,,,,,55.0,60.0,,,60.0,65.0,,,40.0,45.0,0,0,,0,,n/a,5.047,45.0,50.0,,
AAA,MLB,sa602692,Austin Slater,Austin Slater,/players/austin-slater/16153/stats/batting,16153,OF,12.0,,,,2018,40,197,"6' 2""",,,13,,Stanford,50 / 55,30 / 40,50 / 50,50 / 50,45 / 45,45 / 45,,,,,,,,2018,0,,17767,13,Austin,Slater,LF,25,SFG,2018,2018 Report,16153,0,,0,13,40,0,2018,8th rd 2014,,74,197,R,R,Stanford,,,50.0,55.0,30.0,40.0,50.0,50.0,50.0,50.0,45.0,45.0,45.0,45.0,,,,,,,,,,,0,0,,0,,n/a,7.147,,,,
,MLB,sa501262,Max Stassi,Max Stassi,/players/max-stassi/10059/stats/batting,10059,C,-1.0,,,,2018,40,200,"5' 10""",,,13,,Yuba City HS (CA),45 / 45,45 / 45,50 / 50,30 / 30,50 / 50,45 / 45,,,,,,,,2018,0,,17535,13,Max,Stassi,C,26,HOU,2018,2018 Report,10059,0,,0,13,40,0,2018,4th rd 2009,,70,200,R,R,Yuba City HS (CA),,,45.0,45.0,45.0,45.0,50.0,50.0,30.0,30.0,50.0,50.0,45.0,45.0,,,,,,,,,,,0,0,,0,,n/a,8.033,,,,
,AAA,sa917934,Joe Rizzo,Joe Rizzo,/players/joseph-rizzo/sa917934/stats/batting,sa917934,3B,-1.0,,,,2020,40,200,"5' 9""",,,13,,Oakton HS (VA),35 / 60,20 / 40,45 / 45,30 / 30,30 / 40,50 / 50,,,,,,,,2018,0,,17286,13,Joe,Rizzo,3B,19,SEA,2018,2018 Report,sa917934,0,,0,13,40,0,2020,2nd rd 2016,,69,200,L,R,Oakton HS (VA),,VU5-CG99f8E,35.0,60.0,20.0,40.0,45.0,45.0,30.0,30.0,30.0,40.0,50.0,50.0,,,,,,,,,,,0,0,,0,,R5,,,,,
,,,Trent Deveaux,Trent Deveaux,,,,,,,,2023,40,160,"6' 2""",,,13,,Bahamas,20 / 45,20 / 45,30 / 50,70 / 70,40 / 55,45 / 55,,,,,,,,2018,0,,17053,13,Trent,Deveaux,OF,17,LAA,2018,2018 Report,,0,,0,13,40,0,2023,J2 2017,,74,160,R,R,Bahamas,,BIjXX56-6bw,20.0,45.0,20.0,45.0,30.0,50.0,70.0,70.0,40.0,55.0,45.0,55.0,,,,,,,,,,,0,0,,0,,,,,,,
,AAA,sa550044,Chris Lee,Chris Lee,/players/christopher-lee/sa550044/stats/pitching,sa550044,P,-1.0,,,,2018,40,180,"6' 3""",,,13,,Santa Fe JC (FL),,,,,,,60 / 60,45 / 45,,45 / 50,,,40 / 45,2018,0,,17072,13,Chris,Lee,LHP,25,BAL,2018,2018 Report,sa550044,0,,0,13,40,0,2018,4th rd 2011,,75,180,L,L,Santa Fe JC (FL),,,,,,,,,,,,,,,60.0,60.0,45.0,45.0,,,,,40.0,45.0,0,0,,0,,0,0.018,45.0,50.0,,
MLB,MLB,sa737855,Isiah Kiner-Falefa,Isiah Kiner-Falefa,/players/isiah-kiner-falefa/16512/stats/batting,16512,SS,3.0,,,,2019,40,176,"5' 10""",,,13,,Mid-Pacific Institute HS (HI),45 / 55,20 / 30,40 / 40,50 / 45,50 / 50,45 / 45,,,,,,,,2018,0,,17333,13,Isiah,Kiner-Falefa,UTIL,22,TEX,2018,2018 Report,16512,0,,0,13,40,0,2019,4th rd 2013,,70,176,R,R,Mid-Pacific Institute HS (HI),,,45.0,55.0,20.0,30.0,40.0,40.0,50.0,45.0,50.0,50.0,45.0,45.0,,,,,,,,,,,0,0,,0,,n/a,8.000,,,,
,AAA,sa873984,C.J. Chatham,C.J. Chatham,/players/connor-chatham/sa873984/stats/batting,sa873984,SS,-1.0,,,,2020,40,185,"6' 3""",,,13,,Florida Atlantic,35 / 45,30 / 40,45 / 45,50 / 50,50 / 55,60 / 60,,,,,,,,2018,0,,17092,13,C.J.,Chatham,SS,23,BOS,2018,2018 Report,sa873984,0,,0,13,40,0,2020,2nd rd 2016,,75,185,R,R,Florida Atlantic,,o51fk4q6VrI,35.0,45.0,30.0,40.0,45.0,45.0,50.0,50.0,50.0,55.0,60.0,60.0,,,,,,,,,,,0,0,,0,,2,0.000,,,,
,MLB,sa658119,Austin Adams,Austin Adams,/players/austin-adams/13801/stats/pitching,13801,P,-1.0,,,,2018,40,225,"6' 3""",,,13,,South Florida,,,,,,,60 / 60,70 / 70,,,,,35 / 40,2018,0,,17611,13,Austin,Adams,RHP,26,WSN,2018,2018 Report,13801,0,,0,13,40,0,2018,8th rd 2012,,75,225,R,R,South Florida,,,,,,,,,,,,,,,60.0,60.0,70.0,70.0,,,,,35.0,40.0,0,0,,0,,n/a,5.150,,,,
MLB,MLB,sa908697,Lourdes Gurriel Jr.,Lourdes Gurriel Jr.,/players/lourdes-gurriel-jr/19238/stats/batting,19238,OF,15.0,,,,2018,40,185,"6' 3""",,,13,,Cuba,40 / 50,40 / 45,50 / 55,50 / 50,45 / 50,60 / 60,,,,,,,,2018,0,,17360,13,Lourdes,Gurriel,UTIL,24,TOR,2018,2018 Report,19238,0,,0,13,40,0,2018,FA 2016,,75,185,R,R,Cuba,,,40.0,50.0,40.0,45.0,50.0,55.0,50.0,50.0,45.0,50.0,60.0,60.0,,,,,,,,,,,0,0,,0,,n/a,7.094,,,,
AAA,MLB,sa658272,Carson Fulmer,Carson Fulmer,/players/carson-fulmer/18311/stats/pitching,18311,P,27.0,,,,2018,40,195,"6' 0""",,,13,,Vanderbilt,,,,,,,50 / 50,,55 / 55,55 / 55,,60 / 60,40 / 45,2018,0,,17111,13,Carson,Fulmer,RHP,22,CHW,2018,2018 Report,18311,0,,0,13,40,0,2018,1st rd 2015,,72,195,R,R,Vanderbilt,,j1XFJHFKrFY,,,,,,,,,,,,,50.0,50.0,,,55.0,55.0,,,40.0,45.0,0,0,,0,,0,4.018,55.0,55.0,60.0,60.0
,AAA,sa3004657,Tony Dibrell,Tony Dibrell,/players/michael-dibrell/sa3004657/stats/pitching,sa3004657,P,-1.0,,,,2017,40,190,"6' 3""",,,13,,Kennesaw State,,,,,,,50 / 55,45 / 50,45 / 50,50 / 60,,,40 / 50,2018,0,,17629,13,Tony,Dibrell,RHP,22,NYM,2018,2018 Report,sa3004657,0,,0,13,40,0,2017,4th rd 2017,,75,190,R,R,Kennesaw State,,,,,,,,,,,,,,,50.0,55.0,45.0,50.0,45.0,50.0,,,40.0,50.0,0,0,,0,,R5,,50.0,60.0,,
AAA,MLB,sa862560,Yoan López,Yoan Lopez,/players/yoan-lopez/17181/stats/pitching,17181,P,,,,,2018,40,185,"6' 3""",,,13,,Cuba,,,,,,,70 / 70,55 / 55,,,,,40 / 45,2018,0,,17382,13,Yoan,Lopez,RHP,25,ARI,2018,2018 Report,17181,0,,0,13,40,0,2018,J2 2014,,75,185,R,R,Cuba,,,,,,,,,,,,,,,70.0,70.0,55.0,55.0,,,,,40.0,45.0,0,0,,0,,1,2.093,,,,
,AAA,sa872732,Daniel Brito,Daniel Brito,/players/daniel-brito/sa872732/stats/batting,sa872732,2B,-1.0,,,,2020,40,155,"6' 1""",,,13,,Venezuela,30 / 60,20 / 45,40 / 50,55 / 55,40 / 55,45 / 50,,,,,,,,2018,0,,17647,13,Daniel,Brito,2B,20,PHI,2018,2018 Report,sa872732,0,,0,13,40,0,2020,J2 2014,,73,155,L,R,Venezuela,,,30.0,60.0,20.0,45.0,40.0,50.0,55.0,55.0,40.0,55.0,45.0,50.0,,,,,,,,,,,0,0,,0,,R5,,,,,
,,,Aaron Bracho,Aaron Bracho,,,,,,,,2023,40,175,"5' 11""",,,13,,Venezuela,25 / 55,20 / 50,45 / 50,55 / 50,40 / 45,50 / 50,,,,,,,,2018,0,,17136,13,Aaron,Bracho,SS,16,CLE,2018,2018 Report,,0,,0,13,40,0,2023,J2 2017,,71,175,S,R,Venezuela,,,25.0,55.0,20.0,50.0,45.0,50.0,55.0,50.0,40.0,45.0,50.0,50.0,,,,,,,,,,,0,0,,0,,,,,,,
,MLB,sa873996,Bryan Garcia,Bryan Garcia,/players/bryan-garcia/19457/stats/pitching,19457,P,-1.0,,,,2020,45,203,"6' 1""",,,14,,Miami,,,,,,,60 / 60,55 / 60,,50 / 60,,,40 / 45,2018,0,,17159,14,Bryan,Garcia,RHP,22,DET,2018,2018 Report,19457,0,,0,14,45,0,2020,6th rd 2016,,73,203,R,R,Miami,,,,,,,,,,,,,,,60.0,60.0,55.0,60.0,,,,,40.0,45.0,0,0,,0,,1,1.155,50.0,60.0,,
AAA,MLB,sa831812,Junior Fernández,Junior Fernandez,/players/junior-fernandez/18496/stats/pitching,18496,P,23.0,,,,2019,45,180,"6' 1""",,,14,,Dominican Republic,,,,,,,55 / 60,40 / 45,,60 / 70,,,40 / 50,2018,0,,17702,14,Junior,Fernandez,RHP,20,STL,2018,2018 Report,18496,0,,0,14,45,0,2019,J2 2014,,73,180,R,R,Dominican Republic,,,,,,,,,,,,,,,55.0,60.0,40.0,45.0,,,,,40.0,50.0,0,0,,0,,0,1.163,60.0,70.0,,
,MLB,sa602521,Alex Blandino,Alex Blandino,/players/alex-blandino/16271/stats/batting,16271,2B/3B,-1.0,,,,2018,45,190,"6' 0""",,,14,,Stanford,45 / 50,40 / 45,45 / 45,40 / 40,40 / 40,50 / 50,,,,,,,,2018,0,,17460,14,Alex,Blandino,2B,25,CIN,2018,2018 Report,16271,0,,0,14,45,0,2018,1st rd 2014,,72,190,R,R,Stanford,,EZcGHogGxNk,45.0,50.0,40.0,45.0,45.0,45.0,40.0,40.0,40.0,40.0,50.0,50.0,,,,,,,,,,,0,0,,0,,0,2.069,,,,
AAA,AAA,sa3003185,Yunior Severino,Yunior Severino,/players/yunior-severino/sa3003185/stats/batting,sa3003185,2B/3B,,,,,2023,45,180,"6' 1""",,,14,,Dominican Republic,20 / 40,20 / 50,55 / 60,50 / 50,40 / 50,50 / 50,,,,,,,,2018,0,,17207,14,Yunior,Severino,2B,18,MIN,2018,2018 Report,sa3003185,0,,0,14,45,0,2023,J2 2016,,73,180,S,R,Dominican Republic,,loRx-qNixVg,20.0,40.0,20.0,50.0,55.0,60.0,50.0,50.0,40.0,50.0,50.0,50.0,,,,,,,,,,,0,0,,0,,3,0.000,,,,
MLB,MLB,sa874243,Josh Naylor,Josh Naylor,/players/josh-naylor/18839/stats/batting,18839,1B,11.0,,,,2020,45,250,"5' 11""",,,14,,St. Joan of Arc HS (CAN),35 / 55,30 / 40,70 / 70,20 / 20,30 / 40,55 / 55,,,,,,,,2018,0,,17725,14,Josh,Naylor,1B,20,SDP,2018,2018 Report,18839,0,,0,14,45,0,2020,1st rd 2015,,71,250,L,L,St. Joan of Arc HS (CAN),,N59Wtnb9Eyw,35.0,55.0,30.0,40.0,70.0,70.0,20.0,20.0,30.0,40.0,55.0,55.0,,,,,,,,,,,0,0,,0,,n/a,6.127,,,,
AAA,MLB,sa918088,Tobias Myers,Tobias Myers,/players/tobias-myers/22191/stats/pitching,22191,P,25.0,,,,2021,45,193,"6' 0""",,,14,,Winter Haven HS (FL),,,,,,,55 / 60,,55 / 60,45 / 55,,,40 / 50,2018,0,,17300,14,Tobias,Myers,RHP,19,TBR,2018,2018 Report,22191,0,,0,14,45,0,2021,6th rd 2016,,72,193,R,R,Winter Haven HS (FL),,,,,,,,,,,,,,,55.0,60.0,,,55.0,60.0,,,40.0,50.0,0,0,,0,,1,1.109,45.0,55.0,,
MLB,MLB,sa872847,William Contreras,William Contreras,/players/william-contreras/20503/stats/batting,20503,C,23.0,,,,2021,45,180,"6' 0""",,,14,,Venezuela,20 / 50,20 / 50,50 / 55,45 / 40,45 / 55,60 / 60,,,,,,,,2018,0,,17406,14,William,Contreras,C,20,ATL,2018,2018 Report,20503,0,,0,14,45,0,2021,J2 2014,,72,180,R,R,Venezuela,,,20.0,50.0,20.0,50.0,50.0,55.0,45.0,40.0,45.0,55.0,60.0,60.0,,,,,,,,,,,0,0,,0,,1,4.112,,,,
,MLB,sa599269,Kevin Kramer,Kevin Kramer,/players/kevin-kramer/17689/stats/batting,17689,2B/3B/OF,-1.0,,,,2019,40,190,"6' 1""",,,14,,UCLA,45 / 55,40 / 45,45 / 45,40 / 40,40 / 45,50 / 50,,,,,,,,2018,0,,17674,14,Kevin,Kramer,UTIL,24,PIT,2018,2018 Report,17689,0,,0,14,40,0,2019,2nd rd 2015,,73,190,L,R,UCLA,,mEWsCbw_yyo,45.0,55.0,40.0,45.0,45.0,45.0,40.0,40.0,40.0,45.0,50.0,50.0,,,,,,,,,,,0,0,,0,,2,1.060,,,,
,MLB,sa918004,Brailyn Marquez,Brailyn Marquez,/players/brailyn-marquez/21896/stats/pitching,21896,P,-1.0,,,,2021,40,185,"6' 4""",,,14,,Dominican Republic,,,,,,,50 / 55,,45 / 50,30 / 45,,,40 / 50,2018,0,,17438,14,Brailyn,Marquez,LHP,18,CHC,2018,2018 Report,21896,0,,0,14,40,0,2021,J2 2015,,76,185,L,L,Dominican Republic,,XeLTg0oFKog,,,,,,,,,,,,,50.0,55.0,,,45.0,50.0,,,40.0,50.0,0,0,,0,,1,0.003,30.0,45.0,,
AAA,MLB,sa830182,Meibrys Viloria,Meibrys Viloria,/players/meibrys-viloria/17109/stats/batting,17109,C,,,,,2021,40,200,"5' 11""",,,14,,Colombia,30 / 45,30 / 45,50 / 50,20 / 20,40 / 45,55 / 55,,,,,,,,2018,0,,17183,14,Meibrys,Viloria,C,21,KCR,2018,2018 Report,17109,0,,0,14,40,0,2021,J2 2013,,71,200,L,R,Colombia,,,30.0,45.0,30.0,45.0,50.0,50.0,20.0,20.0,40.0,45.0,55.0,55.0,,,,,,,,,,,0,0,,0,,0,1.136,,,,
,A+,sa738415,Robert Tyler,Robert Tyler,/players/robert-tyler/sa738415/stats/pitching,sa738415,P,-2.0,,,,2020,40,225,"6' 4""",,,14,,Georgia,,,,,,,60 / 60,,40 / 45,55 / 60,,,30 / 40,2018,0,,17486,14,Robert,Tyler,RHP,21,COL,2018,2018 Report,sa738415,0,,0,14,40,0,2020,1st rd 2016,,76,225,R,R,Georgia,,,,,,,,,,,,,,,60.0,60.0,,,40.0,45.0,,,30.0,40.0,0,0,,0,,R5,,55.0,60.0,,
MLB,MLB,sa3005271,Ezequiel Duran,Ezequiel Duran,/players/ezequiel-duran/23733/stats/batting,23733,3B,13.0,,,,2022,40,185,"5' 11""",,,14,,Dominican Republic,20 / 55,20 / 55,55 / 60,55 / 50,45 / 50,50 / 50,,,,,,,,2018,0,,17237,14,Ezequiel,Duran,2B,18,NYY,2018,2018 Report,23733,0,,0,14,40,0,2022,J2 2016,,71,185,R,R,Dominican Republic,,,20.0,55.0,20.0,55.0,55.0,60.0,55.0,50.0,45.0,50.0,50.0,50.0,,,,,,,,,,,0,0,,0,,1,3.053,,,,
,MLB,sa915826,Brian Miller,Brian Miller,/players/brian-miller/20047/stats/batting,20047,OF,-1.0,,,,2020,40,177,"6' 0""",,,14,,North Carolina,35 / 60,20 / 40,40 / 45,55 / 55,45 / 50,40 / 40,,,,,,,,2018,0,,17507,14,Brian,Miller,CF,22,MIA,2018,2018 Report,20047,0,,0,14,40,0,2020,1st rd 2017,,72,177,L,R,North Carolina,,-r9X5zhHbNQ,35.0,60.0,20.0,40.0,40.0,45.0,55.0,55.0,45.0,50.0,40.0,40.0,,,,,,,,,,,0,0,,0,,2,0.007,,,,
,AAA,sa829625,Tyler Herb,Tyler Herb,/players/tyler-herb/sa829625/stats/pitching,sa829625,P,-1.0,,,,2018,40,200,"6' 3""",,,14,,Coastal Carolina,,,,,,,55 / 55,,55 / 60,45 / 50,,45 / 50,45 / 50,2018,0,,17768,14,Tyler,Herb,RHP,25,SFG,2018,2018 Report,sa829625,0,,0,14,40,0,2018,29th rd 2014,,75,200,R,R,Coastal Carolina,,,,,,,,,,,,,,,55.0,55.0,,,55.0,60.0,,,45.0,50.0,0,0,,0,,2,0.000,45.0,50.0,45.0,50.0
,MLB,sa3004977,Greg Deichmann,Greg Deichmann,/players/greg-deichmann/19872/stats/batting,19872,OF,-1.0,,,,2020,40,190,"6' 2""",,,14,,LSU,30 / 50,30 / 55,60 / 60,50 / 45,40 / 45,55 / 55,,,,,,,,2018,0,,17264,14,Greg,Deichman,RF,22,OAK,2018,2018 Report,19872,0,,0,14,40,0,2020,2nd rd 2017,,74,190,L,R,LSU,,27ocOVLfiqE,30.0,50.0,30.0,55.0,60.0,60.0,50.0,45.0,40.0,45.0,55.0,55.0,,,,,,,,,,,0,0,,0,,2,0.019,,,,
AAA,MLB,sa873325,Jorge Alcala,Jorge Alcala,/players/jorge-alcala/19459/stats/pitching,19459,P,14.0,,,,2020,40,180,"6' 3""",,,14,,Dominican Republic,,,,,,,80 / 80,40 / 45,,40 / 45,,,40 / 45,2018,0,,17536,14,Jorge,Alcala,RHP,22,HOU,2018,2018 Report,19459,0,,0,14,40,0,2020,J2 2014,,75,180,R,R,Dominican Republic,,,,,,,,,,,,,,,80.0,80.0,40.0,45.0,,,,,40.0,45.0,0,0,,0,,n/a,5.165,40.0,45.0,,
,MLB,sa827170,Edwin Rios,Edwin Rios,/players/edwin-rios/18316/stats/batting,18316,1B/3B/DH,-1.0,,,,2019,40,220,"6' 3""",,,14,,Florida International,45 / 55,40 / 55,70 / 70,20 / 20,35 / 40,60 / 60,,,,,,,,2018,0,,17563,14,Edwin,Rios,1B,23,LAD,2018,2018 Report,18316,0,,0,14,40,0,2019,6th rd 2015,,75,220,L,R,Florida International,,,45.0,55.0,40.0,55.0,70.0,70.0,20.0,20.0,35.0,40.0,60.0,60.0,,,,,,,,,,,0,0,,0,,0,3.087,,,,
MLB,MLB,sa872545,José Suarez,Jose Suarez,/players/jose-suarez/19911/stats/pitching,19911,P,10.0,,,,2021,40,180,"5' 10""",,,14,,Venezuela,,,,,,,45 / 45,,45 / 50,50 / 60,,,45 / 55,2018,0,,17054,14,Jose,Suarez,LHP,20,LAA,2018,2018 Report,19911,0,,0,14,40,0,2021,J2 2014,,70,180,L,L,Venezuela,,ePgdXSuhTp4,,,,,,,,,,,,,45.0,45.0,,,45.0,50.0,,,45.0,55.0,0,0,,0,,0,4.064,50.0,60.0,,
,AAA,sa550522,Luis Gonzalez,Luis Gonzalez,/players/luis-gonzlez/sa550522/stats/pitching,sa550522,P,-1.0,,,,2018,40,170,"6' 2""",,,14,,Dominican Republic,,,,,,,55 / 55,55 / 55,,50 / 50,,,40 / 45,2018,0,,17073,14,Luis,Gonzalez,LHP,26,BAL,2018,2018 Report,sa550522,0,,0,14,40,0,2018,J2 2009,,74,170,L,L,Dominican Republic,,,,,,,,,,,,,,,55.0,55.0,55.0,55.0,,,,,40.0,45.0,0,0,,0,,3,0.000,50.0,50.0,,
AA,MLB,sa917954,Mario Feliciano,Mario Feliciano,/players/mario-feliciano/20263/stats/batting,20263,C,,,,,2021,40,200,"6' 1""",,,14,,Beltran Academy HS (PR),25 / 55,20 / 45,45 / 50,40 / 40,30 / 50,55 / 55,,,,,,,,2018,0,,17586,14,Mario,Feliciano,C,19,MIL,2018,2018 Report,20263,0,,0,14,40,0,2021,2nd rd 2016,,73,200,R,R,Beltran Academy HS (PR),,08yVCH4kuSg,25.0,55.0,20.0,45.0,45.0,50.0,40.0,40.0,30.0,50.0,55.0,55.0,,,,,,,,,,,0,0,,0,,1,0.018,,,,
,AAA,sa828797,Josh Morgan,Josh Morgan,/players/joshua-morgan/sa828797/stats/batting,sa828797,3B/SS,-1.0,,,,2020,40,200,"5' 11""",,,14,,Orange Lutheran HS (CA),45 / 55,30 / 40,45 / 45,40 / 40,45 / 50,55 / 55,,,,,,,,2018,0,,17334,14,Josh,Morgan,INF,22,TEX,2018,2018 Report,sa828797,0,,0,14,40,0,2020,3rd rd 2014,,71,200,R,R,Orange Lutheran HS (CA),,EJkG8sOnJtQ,45.0,55.0,30.0,40.0,45.0,45.0,40.0,40.0,45.0,50.0,55.0,55.0,,,,,,,,,,,0,0,,0,,R5,,,,,
,MLB,sa657997,Ty Buttrey,Ty Buttrey,/players/ty-buttrey/14719/stats/pitching,14719,P,-1.0,,,,2018,40,230,"6' 6""",,,14,,Providence HS (NC),,,,,,,70 / 70,40 / 45,,60 / 60,,,40 / 40,2018,0,,17093,14,Ty,Buttrey,RHP,25,BOS,2018,2018 Report,14719,0,,0,14,40,0,2018,4th rd 2012,,78,230,R,R,Providence HS (NC),,,,,,,,,,,,,,,70.0,70.0,40.0,45.0,,,,,40.0,40.0,0,0,,0,,2,2.046,60.0,60.0,,
,A,sa915793,Brigham Hill,Brigham Hill,/players/brigham-hill/sa915793/stats/pitching,sa915793,P,-2.0,,,,2020,40,185,"6' 0""",,,14,,Texas A&M,,,,,,,45 / 45,45 / 50,,55 / 60,,,45 / 50,2018,0,,17612,14,Brigham,Hill,RHP,22,WSN,2018,2018 Report,sa915793,0,,0,14,40,0,2020,5th rd 2017,,72,185,R,R,Texas A&M,,,,,,,,,,,,,,,45.0,45.0,45.0,50.0,,,,,45.0,50.0,0,0,,0,,R5,,55.0,60.0,,
AAA,MLB,sa738437,Rowdy Tellez,Rowdy Tellez,/players/rowdy-tellez/15679/stats/batting,15679,1B,16.0,,,,2019,40,220,"6' 4""",,,14,,Elk Grove HS (CA),40 / 50,50 / 55,60 / 60,40 / 30,40 / 45,30 / 30,,,,,,,,2018,0,,17361,14,Rowdy,Tellez,1B,23,TOR,2018,2018 Report,15679,0,,0,14,40,0,2019,30th rd 2013,,76,220,L,L,Elk Grove HS (CA),,jEnF7574CyA,40.0,50.0,50.0,55.0,60.0,60.0,40.0,30.0,40.0,45.0,30.0,30.0,,,,,,,,,,,0,0,,0,,n/a,6.169,,,,
MLB,MLB,sa829797,Gavin Sheets,Gavin Sheets,/players/gavin-sheets/19901/stats/batting,19901,DH/OF,29.0,,,,2020,40,230,"6' 4""",,,14,,Wake Forest,30 / 50,40 / 55,70 / 70,30 / 30,40 / 50,50 / 50,,,,,,,,2018,0,,17112,14,Gavin,Sheets,1B,21,CHW,2018,2018 Report,19901,0,,0,14,40,0,2020,2nd rd 2017,,76,230,L,L,Wake Forest,,,30.0,50.0,40.0,55.0,70.0,70.0,30.0,30.0,40.0,50.0,50.0,50.0,,,,,,,,,,,0,0,,0,,1,4.076,,,,
MLB,MLB,sa738470,Anthony Kay,Anthony Kay,/players/anthony-kay/20387/stats/pitching,20387,P,4.0,,,,2021,40,218,"6' 0""",,,14,,UConn,,,,,,,50 / 50,,45 / 50,55 / 60,,,45 / 50,2018,0,,17630,14,Anthony,Kay,LHP,23,NYM,2018,2018 Report,20387,0,,0,14,40,0,2021,1st rd 2016,,72,218,L,L,UConn,,,,,,,,,,,,,,,50.0,50.0,,,45.0,50.0,,,45.0,50.0,0,0,,0,,0,2.006,55.0,60.0,,
MLB,MLB,sa873347,Jhoan Duran,Jhoan Duran,/players/jhoan-duran/21029/stats/pitching,21029,P,26.0,,,,2022,40,175,"6' 5""",,,14,,Dominican Republic,,,,,,,55 / 60,45 / 50,,45 / 55,,,30 / 45,2018,0,,17383,14,Jhoan,Duran,RHP,20,ARI,2018,2018 Report,21029,0,,0,14,40,0,2022,J2 2014,,77,175,R,R,Dominican Republic,,,,,,,,,,,,,,,55.0,60.0,45.0,50.0,,,,,30.0,45.0,0,0,,0,,1,4.000,45.0,55.0,,
,AAA,sa877497,Arquimedes Gamboa,Arquimedes Gamboa,/players/arqumedes-gamboa/sa877497/stats/batting,sa877497,SS,-1.0,,,,2021,40,175,"6' 0""",,,14,,Venezuela,30 / 50,20 / 30,40 / 45,60 / 60,45 / 55,60 / 60,,,,,,,,2018,0,,17648,14,Arquimedes,Gamboa,SS,20,PHI,2018,2018 Report,sa877497,0,,0,14,40,0,2021,J2 2014,,72,175,S,R,Venezuela,,XMoiQQu_Els,30.0,50.0,20.0,30.0,40.0,45.0,60.0,60.0,45.0,55.0,60.0,60.0,,,,,,,,,,,0,0,,0,,2,0.000,,,,
MLB,MLB,sa874216,Aaron Civale,Aaron Civale,/players/aaron-civale/19479/stats/pitching,19479,P,10.0,,,,2020,40,215,"6' 2""",,,14,,Northeastern,,,,,,,45 / 50,55 / 60,40 / 45,45 / 50,,,50 / 60,2018,0,,17137,14,Aaron,Civale,RHP,22,CLE,2018,2018 Report,19479,0,,0,14,40,0,2020,3rd rd 2016,,74,215,R,R,Northeastern,,,,,,,,,,,,,,,45.0,50.0,55.0,60.0,40.0,45.0,,,50.0,60.0,0,0,,0,,n/a,6.058,45.0,50.0,,
AAA,MLB,sa943754,TJ Friedl,TJ Friedl,/players/tj-friedl/19522/stats/batting,19522,OF,18.0,,,,2019,45,170,"5' 10""",,,15,,Nevada,40 / 55,30 / 40,45 / 50,70 / 70,50 / 60,45 / 45,,,,,,,,2018,0,,17461,15,T.J.,Friedl,CF,22,CIN,2018,2018 Report,19522,0,,0,15,45,0,2019,Undrafted 2016,,70,170,L,L,Nevada,,P3qreU_0HUc,40.0,55.0,30.0,40.0,45.0,50.0,70.0,70.0,50.0,60.0,45.0,45.0,,,,,,,,,,,0,0,,0,,2,3.112,,,,
AAA,MLB,sa872768,Pedro Avila,Pedro Avila,/players/pedro-avila/18864/stats/pitching,18864,P,5.0,,,,2021,45,190,"5' 11""",,,15,,Venezuela,,,,,,,50 / 50,,55 / 60,55 / 60,,,45 / 55,2018,0,,17726,15,Pedro,Avila,RHP,21,SDP,2018,2018 Report,18864,0,,0,15,45,0,2021,J2 2014,,71,190,R,R,Venezuela,,,,,,,,,,,,,,,50.0,50.0,,,55.0,60.0,,,45.0,55.0,0,0,,0,,0,1.099,55.0,60.0,,
,MLB,sa914200,Lucius Fox,Lucius Fox,/players/lucius-fox/18899/stats/batting,18899,3B/SS,-1.0,,,,2021,45,175,"6' 1""",,,15,,Bahamas,30 / 50,20 / 30,30 / 40,70 / 70,40 / 50,55 / 55,,,,,,,,2018,0,,17301,15,Lucius,Fox,SS,20,TBR,2018,2018 Report,18899,0,,0,15,45,0,2021,J2 2015,,73,175,S,R,Bahamas,,sSetHzJyedI,30.0,50.0,20.0,30.0,30.0,40.0,70.0,70.0,40.0,50.0,55.0,55.0,,,,,,,,,,,0,0,,0,,0,0.034,,,,
MLB,MLB,sa828663,Alex Jackson,Alex Jackson,/players/alex-jackson/17276/stats/batting,17276,C,8.0,,,,2019,45,220,"6' 2""",,,15,,Rancho Bernardo HS (CA),30 / 40,40 / 60,65 / 65,30 / 30,40 / 50,60 / 60,,,,,,,,2018,0,,17407,15,Alex,Jackson,C,21,ATL,2018,2018 Report,17276,0,,0,15,45,0,2019,1st rd 2014,,74,220,R,R,Rancho Bernardo HS (CA),,LSnvdcH--dg,30.0,40.0,40.0,60.0,65.0,65.0,30.0,30.0,40.0,50.0,60.0,60.0,,,,,,,,,,,0,0,,0,,0,3.036,,,,
,MLB,sa656041,Anthony Castro,Anthony Castro,/players/anthony-castro/19789/stats/pitching,19789,P,-1.0,,,,2020,40,180,"6' 2""",,,15,,Venezuela,,,,,,,55 / 55,55 / 60,,50 / 55,,,45 / 50,2018,0,,17161,15,Anthony,Castro,RHP,22,DET,2018,2018 Report,19789,0,,0,15,40,0,2020,J2 2011,,74,180,R,R,Venezuela,,,,,,,,,,,,,,,55.0,55.0,55.0,60.0,,,,,45.0,50.0,0,0,,0,,0,1.065,50.0,55.0,,
MLB,MLB,sa917318,Oneil Cruz,Oneil Cruz,/players/oneil-cruz/21711/stats/batting,21711,SS/OF,27.0,,,,2021,40,175,"6' 7""",,,15,,Dominican Republic,20 / 40,30 / 60,60 / 70,55 / 40,30 / 45,70 / 80,,,,,,,,2018,0,,17675,15,Oneil,Cruz,INF,19,PIT,2018,2018 Report,21711,0,,0,15,40,0,2021,J2 2015,,79,175,L,R,Dominican Republic,,GzwLKufiG4A,20.0,40.0,30.0,60.0,60.0,70.0,55.0,40.0,30.0,45.0,70.0,80.0,,,,,,,,,,,0,0,,0,,0,3.110,,,,
,MLB,sa3005305,Cory Abbott,Cory Abbott,/players/cory-abbott/20277/stats/pitching,20277,P,-1.0,,,,2019,40,210,"6' 2""",,,15,,Loyola Marymount,,,,,,,45 / 45,50 / 55,45 / 45,40 / 45,,,45 / 55,2018,0,,17439,15,Cory,Abbott,RHP,22,CHC,2018,2018 Report,20277,0,,0,15,40,0,2019,2nd rd 2017,,74,210,R,R,Loyola Marymount,,,,,,,,,,,,,,,45.0,45.0,50.0,55.0,45.0,45.0,,,45.0,55.0,0,0,,0,,0,1.004,40.0,45.0,,
MLB,MLB,sa829141,Ryan O'Hearn,Ryan O'Hearn,/players/ryan-ohearn/16442/stats/batting,16442,1B,27.0,,,,2018,40,200,"6' 3""",,,15,,Sam Houston State,40 / 45,45 / 55,60 / 60,30 / 30,40 / 45,50 / 50,,,,,,,,2018,0,,17184,15,Ryan,O'Hearn,1B,24,KCR,2018,2018 Report,16442,0,,0,15,40,0,2018,8th rd 2014,,75,200,L,L,Sam Houston State,,,40.0,45.0,45.0,55.0,60.0,60.0,30.0,30.0,40.0,45.0,50.0,50.0,,,,,,,,,,,0,0,,0,,n/a,7.002,,,,
,MLB,sa658670,Max Schrock,Max Schrock,/players/max-schrock/17750/stats/batting,17750,OF,-1.0,,,,2019,40,165,"5' 8""",,,15,,South Carolina,50 / 55,20 / 30,40 / 40,50 / 50,50 / 50,40 / 40,,,,,,,,2018,0,,17703,15,Max,Schrock,2B,22,STL,2018,2018 Report,17750,0,,0,15,40,0,2019,13th rd 2015,,68,165,L,R,South Carolina,,nFXynNq4h0g,50.0,55.0,20.0,30.0,40.0,40.0,50.0,50.0,50.0,50.0,40.0,40.0,,,,,,,,,,,0,0,,0,,0,1.107,,,,
AA,AAA,sa3005117,Blayne Enlow,Blayne Enlow,/players/blayne-enlow/sa3005117/stats/pitching,sa3005117,P,16.0,,,,2022,40,170,"6' 3""",,,15,,St. Amat HS (LA),,,,,,,50 / 55,50 / 60,,40 / 50,,,40 / 50,2018,0,,17208,15,Blayne,Enlow,RHP,19,MIN,2018,2018 Report,sa3005117,0,,0,15,40,0,2022,3rd rd 2017,,75,170,R,R,St. Amat HS (LA),,aZJ78IL6QJ8,,,,,,,,,,,,,50.0,55.0,50.0,60.0,,,,,40.0,50.0,0,0,,0,,2,0.000,40.0,50.0,,
,AAA,sa829731,Will Gaddis,Will Gaddis,/players/william-gaddis/sa829731/stats/pitching,sa829731,P,-1.0,,,,2020,40,185,"6' 1""",,,15,,Furman,,,,,,,45 / 45,50 / 55,,45 / 50,,,50 / 60,2018,0,,17485,15,Will,Gaddis,RHP,22,COL,2018,2018 Report,sa829731,0,,0,15,40,0,2020,3rd rd 2017,,73,185,R,R,Furman,,xlc2by3lRD0,,,,,,,,,,,,,45.0,45.0,50.0,55.0,,,,,50.0,60.0,0,0,,0,,R5,,45.0,50.0,,
,MLB,sa3005118,Matt Sauer,Matt Sauer,/players/matt-sauer/22284/stats/pitching,22284,P,-1.0,,,,2021,40,195,"6' 4""",,,15,,Righetti HS (CA),,,,,,,55 / 65,,50 / 55,40 / 50,,,35 / 45,2018,0,,17238,15,Matt,Sauer,RHP,19,NYY,2018,2018 Report,22284,0,,0,15,40,0,2021,2nd rd 2017,,76,195,R,R,Righetti HS (CA),,,,,,,,,,,,,,,55.0,65.0,,,50.0,55.0,,,35.0,45.0,0,0,,0,,2,0.093,40.0,50.0,,
,A,sa872538,Chris Torres,Chris Torres,/players/christopher-torres/sa872538/stats/batting,sa872538,SS,-1.0,,,,2021,40,170,"5' 11""",,,15,,Dominican Republic,30 / 40,20 / 45,45 / 50,50 / 50,40 / 50,60 / 60,,,,,,,,2018,0,,17508,15,Chris,Torres,SS,20,MIA,2018,2018 Report,sa872538,0,,0,15,40,0,2021,J2 2014,,71,170,S,R,Dominican Republic,,FmEjQsxE-rc,30.0,40.0,20.0,45.0,45.0,50.0,50.0,50.0,40.0,50.0,60.0,60.0,,,,,,,,,,,0,0,,0,,R5,,,,,
MLB,MLB,sa739018,Shaun Anderson,Shaun Anderson,/players/shaun-anderson/19453/stats/pitching,19453,P,1.0,,,,2020,40,225,"6' 4""",,,15,,Florida,,,,,,,50 / 55,50 / 55,,45 / 50,,,45 / 55,2018,0,,17769,15,Shaun,Anderson,RHP,23,SFG,2018,2018 Report,19453,0,,0,15,40,0,2020,3rd rd 2016,,76,225,R,R,Florida,,,,,,,,,,,,,,,50.0,55.0,50.0,55.0,,,,,45.0,55.0,0,0,,0,,0,2.085,45.0,50.0,,
,A+,sa3002852,Alexander Campos,Alexander Campos,/players/alexander-campos/sa3002852/stats/batting,sa3002852,2B/3B/SS,-1.0,,,,2023,40,178,"6' 0""",,,15,,Venezuela,25 / 55,20 / 40,30 / 45,50 / 50,40 / 50,55 / 60,,,,,,,,2018,0,,17265,15,Alexander,Campos,SS,18,OAK,2018,2018 Report,sa3002852,0,,0,15,40,0,2023,J2 2016,,72,178,R,R,Venezuela,,,25.0,55.0,20.0,40.0,30.0,45.0,50.0,50.0,40.0,50.0,55.0,60.0,,,,,,,,,,,0,0,,0,,R5,,,,,
MLB,MLB,sa827172,Garrett Stubbs,Garrett Stubbs,/players/garrett-stubbs/18067/stats/batting,18067,C,26.0,,,,2018,40,185,"5' 10""",,,15,,USC,40 / 50,30 / 40,45 / 45,50 / 50,50 / 55,55 / 55,,,,,,,,2018,0,,17537,15,Garrett,Stubbs,C,24,HOU,2018,2018 Report,18067,0,,0,15,40,0,2018,8th rd 2015,,70,185,L,R,USC,,,40.0,50.0,30.0,40.0,45.0,45.0,50.0,50.0,50.0,55.0,55.0,55.0,,,,,,,,,,,0,0,,0,,0,4.148,,,,
A,A,sa392969,Cristian Santana,Cristian Santana,/players/cristian-santana/sa392969/stats/batting,sa392969,OF,13.0,,,,2021,40,175,"6' 2""",,,15,,Dominican Republic,30 / 45,20 / 50,55 / 60,40 / 40,45 / 50,60 / 60,,,,,,,,2018,0,,17564,15,Cristian,Santana,3B,21,LAD,2018,2018 Report,sa392969,0,,0,15,40,0,2021,J2 2013,,74,175,R,R,Dominican Republic,,KKe4Gt1QGRE,30.0,45.0,20.0,50.0,55.0,60.0,40.0,40.0,45.0,50.0,60.0,60.0,,,,,,,,,,,0,0,,0,,,,,,,
,AAA,sa837845,Luis Pena,Luis Pena,/players/luis-pena/sa837845/stats/pitching,sa837845,P,-1.0,,,,2019,40,190,"5' 11""",,,15,,Dominican Republic,,,,,,,55 / 60,55 / 60,,,,,40 / 45,2018,0,,17055,15,Luis,Pena,RHP,22,LAA,2018,2018 Report,sa837845,0,,0,15,40,0,2019,J2 2013,,71,190,R,R,Dominican Republic,,,,,,,,,,,,,,,55.0,60.0,55.0,60.0,,,,,40.0,45.0,0,0,,0,,R5,,,,,
,AA,sa3004932,Lamar Sparks,Lamar Sparks,/players/lamar-sparks/sa3004932/stats/batting,sa3004932,OF,-1.0,,,,2022,40,170,"6' 2""",,,15,,Seven Lakes HS (TX),25 / 55,20 / 45,30 / 45,60 / 60,40 / 55,60 / 60,,,,,,,,2018,0,,17074,15,Lamar,Sparks,CF,19,BAL,2018,2018 Report,sa3004932,0,,0,15,40,0,2022,5th rd 2017,,74,170,R,R,Seven Lakes HS (TX),,,25.0,55.0,20.0,45.0,30.0,45.0,60.0,60.0,40.0,55.0,60.0,60.0,,,,,,,,,,,0,0,,0,,R5,,,,,
,A+,sa3003340,Jean Carmona,Jean Carmona,/players/jean-carmona/sa3003340/stats/batting,sa3003340,2B/3B/SS,-1.0,,,,2022,40,183,"6' 1""",,,15,,Dominican Republic,20 / 40,20 / 45,45 / 55,55 / 50,40 / 55,60 / 60,,,,,,,,2018,0,,17587,15,Jean,Carmona,SS,18,MIL,2018,2018 Report,sa3003340,0,,0,15,40,0,2022,J2 2016,,73,183,S,R,Dominican Republic,,4i402sfEdFA,20.0,40.0,20.0,45.0,45.0,55.0,55.0,50.0,40.0,55.0,60.0,60.0,,,,,,,,,,,0,0,,0,,R5,,,,,
MLB,MLB,sa737482,Jonathan Hernández,Jonathan Hernandez,/players/jonathan-hernandez/17464/stats/pitching,17464,P,22.0,,,,2020,40,175,"6' 1""",,,15,,Dominican Republic,,,,,,,60 / 60,60 / 60,50 / 50,50 / 55,,,35 / 45,2018,0,,17335,15,Jonathan,Hernandez,RHP,21,TEX,2018,2018 Report,17464,0,,0,15,40,0,2020,J2 2012,,73,175,R,R,Dominican Republic,,vHUVcLLmftc,,,,,,,,,,,,,60.0,60.0,60.0,60.0,50.0,50.0,,,35.0,45.0,0,0,,0,,0,4.096,50.0,55.0,,
AAA,AAA,sa3005397,Alex Scherff,Alex Scherff,/players/alexander-scherff/sa3005397/stats/pitching,sa3005397,P,,,,,2022,40,205,"6' 3""",,,15,,Prestonwood Christian HS (TX),,,,,,,55 / 60,,45 / 50,40 / 50,,,30 / 40,2018,0,,17094,15,Alex,Scherff,RHP,20,BOS,2018,2018 Report,sa3005397,0,,0,15,40,0,2022,5th rd 2017,,75,205,S,R,Prestonwood Christian HS (TX),,gQo53t6hJMk,,,,,,,,,,,,,55.0,60.0,,,45.0,50.0,,,30.0,40.0,0,0,,0,,R5,,40.0,50.0,,
,A+,sa828322,Anderson Franco,Anderson Franco,/players/anderson-franco/sa828322/stats/batting,sa828322,3B,-2.0,,,,2020,40,190,"6' 3""",,,15,,Dominican Republic,25 / 45,30 / 50,55 / 55,40 / 30,40 / 50,55 / 55,,,,,,,,2018,0,,17613,15,Anderson,Franco,3B,20,WSN,2018,2018 Report,sa828322,0,,0,15,40,0,2020,J2 2013,,75,190,R,R,Dominican Republic,,0-RF8USinsU,25.0,45.0,30.0,50.0,55.0,55.0,40.0,30.0,40.0,50.0,55.0,55.0,,,,,,,,,,,0,0,,0,,R5,,,,,
,MLB,sa736829,Richard Urena,Richard Urena,/players/richard-urena/16411/stats/batting,16411,2B/SS,-1.0,,,,2019,40,170,"6' 1""",,,15,,Dominican Republic,40 / 55,30 / 40,45 / 50,55 / 50,40 / 50,60 / 60,,,,,,,,2018,0,,17362,15,Richard,Urena,SS,22,TOR,2018,2018 Report,16411,0,,0,15,40,0,2019,J2 2013,,73,170,S,R,Dominican Republic,,AH1j3wOpia4,40.0,55.0,30.0,40.0,45.0,50.0,55.0,50.0,40.0,50.0,60.0,60.0,,,,,,,,,,,0,0,,0,,0,0.156,,,,
,AAA,sa738686,A.J. Puckett,A.J. Puckett,/players/austin-puckett/sa738686/stats/pitching,sa738686,P,-1.0,,,,2019,40,200,"6' 4""",,,15,,Pepperdine,,,,,,,50 / 50,45 / 50,,55 / 60,,,45 / 55,2018,0,,17113,15,A.J.,Puckett,RHP,22,CHW,2018,2018 Report,sa738686,0,,0,15,40,0,2019,2nd rd 2016,,76,200,R,R,Pepperdine,,,,,,,,,,,,,,,50.0,50.0,45.0,50.0,,,,,45.0,55.0,0,0,,0,,R5,,55.0,60.0,,
AAA,MLB,sa732755,Gerson Bautista,Gerson Bautista,/players/gerson-bautista/19256/stats/pitching,19256,P,,,,,2019,40,170,"6' 2""",,,15,,Dominican Republic,,,,,,,70 / 70,45 / 50,,50 / 55,,,30 / 40,2018,0,,17631,15,Gerson,Bautista,RHP,22,NYM,2018,2018 Report,19256,0,,0,15,40,0,2019,J2 2012,,74,170,R,R,Dominican Republic,,I1w4-Q8fjiY,,,,,,,,,,,,,70.0,70.0,45.0,50.0,,,,,30.0,40.0,0,0,,0,,1,0.120,50.0,55.0,,
,A+,sa919532,Gabriel Maciel,Gabriel Maciel,/players/gabriel-maciel/sa919532/stats/batting,sa919532,OF,-1.0,,,,2022,40,170,"5' 10""",,,15,,Brazil,25 / 60,20 / 30,30 / 30,70 / 70,45 / 55,50 / 50,,,,,,,,2018,0,,17384,15,Gabriel,Maciel,CF,19,ARI,2018,2018 Report,sa919532,0,,0,15,40,0,2022,J2 2015,,70,170,S,R,Brazil,,,25.0,60.0,20.0,30.0,30.0,30.0,70.0,70.0,45.0,55.0,50.0,50.0,,,,,,,,,,,0,0,,0,,R5,,,,,
,,,Luis Garcia,Luis Garcia,,,,,,,,2023,40,170,"5' 11""",,,15,,Dominican Republic,25 / 50,20 / 40,40 / 50,55 / 50,40 / 55,55 / 60,,,,,,,,2018,0,,17649,15,Luis,Garcia,INF,17,PHI,2018,2018 Report,,0,,0,15,40,0,2023,J2 2017,,71,170,S,R,Dominican Republic,,,25.0,50.0,20.0,40.0,40.0,50.0,55.0,50.0,40.0,55.0,55.0,60.0,,,,,,,,,,,0,0,,0,,,,,,,
,,,George Valera,George Valera,,,,,,,,2023,40,190,"6' 0""",,,15,,Dominican Republic,25 / 60,20 / 45,45 / 55,50 / 45,40 / 50,40 / 45,,,,,,,,2018,0,,17138,15,George,Valera,LF,17,CLE,2018,2018 Report,,0,,0,15,40,0,2023,J2 2017,,72,190,L,L,Dominican Republic,,,25.0,60.0,20.0,45.0,45.0,55.0,50.0,45.0,40.0,50.0,40.0,45.0,,,,,,,,,,,0,0,,0,,,,,,,
MLB,MLB,sa659284,A.J. Minter,A.J. Minter,/players/aj-minter/18655/stats/pitching,18655,P,25.0,,,,2018,45,210,"6' 0""",,,16,,Texas A&M,,,,,,,60 / 65,60 / 65,,,,,45 / 50,2018,0,,17408,16,A.J.,Minter,LHP,23,ATL,2018,2018 Report,18655,0,,0,16,45,0,2018,2nd rd 2015,,72,210,L,L,Texas A&M,,nQNiOfc-2Ow,,,,,,,,,,,,,60.0,65.0,60.0,65.0,,,,,45.0,50.0,0,0,,0,,n/a,7.154,,,,
AAA,MLB,sa874808,Tanner Rainey,Tanner Rainey,/players/tanner-rainey/17610/stats/pitching,17610,P,6.0,,,,2018,45,235,"6' 2""",,,16,,West Alabama,,,,,,,60 / 70,,55 / 60,40 / 40,,,40 / 40,2018,0,,17462,16,Tanner,Rainey,RHP,25,CIN,2018,2018 Report,17610,0,,0,16,45,0,2018,2nd rd 2015,,74,235,R,R,West Alabama,,,,,,,,,,,,,,,60.0,70.0,,,55.0,60.0,,,40.0,40.0,0,0,,0,,n/a,5.168,40.0,40.0,,
AAA,MLB,sa828958,Jacob Nix,Jacob Nix,/players/jacob-nix/17775/stats/pitching,17775,P,,,,,2019,45,220,"6' 4""",,,16,,IMG Academy HS (FL),,,,,,,55 / 60,,50 / 60,50 / 55,,,45 / 50,2018,0,,17727,16,Jacob,Nix,RHP,22,SDP,2018,2018 Report,17775,0,,0,16,45,0,2019,3rd rd 2015,,76,220,R,R,IMG Academy HS (FL),,LM9yJp5lRaI,,,,,,,,,,,,,55.0,60.0,,,50.0,60.0,,,45.0,50.0,0,0,,0,,3,1.052,50.0,55.0,,
MLB,MLB,sa874181,Brandon Lowe,Brandon Lowe,/players/brandon-lowe/18882/stats/batting,18882,2B,27.0,,,,2019,45,185,"6' 0""",,,16,,Maryland,25 / 50,30 / 50,50 / 55,50 / 50,40 / 45,45 / 45,,,,,,,,2018,0,,17302,16,Brandon,Lowe,2B,23,TBR,2018,2018 Report,18882,0,,0,16,45,0,2019,3rd rd 2015,,72,185,L,R,Maryland,,,25.0,50.0,30.0,50.0,50.0,55.0,50.0,50.0,40.0,45.0,45.0,45.0,,,,,,,,,,,0,0,,0,,n/a,7.058,,,,
AAA,MLB,sa739641,Sergio Alcántara,Sergio Alcantara,/players/sergio-alcantara/16417/stats/batting,16417,2B/3B/SS,,,,,2019,40,170,"5' 9""",,,16,,Dominican Republic,35 / 55,20 / 30,30 / 30,50 / 50,50 / 60,70 / 70,,,,,,,,2018,0,,17160,16,Sergio,Alcantara,SS,21,DET,2018,2018 Report,16417,0,,0,16,40,0,2019,J2 2012,,69,170,S,R,Dominican Republic,,,35.0,55.0,20.0,30.0,30.0,30.0,50.0,50.0,50.0,60.0,70.0,70.0,,,,,,,,,,,0,0,,0,,0,2.016,,,,
,MLB,sa917364,Sherten Apostel,Sherten Apostel,/players/sherten-apostel/21794/stats/batting,21794,1B/3B,-1.0,,,,2022,40,213,"6' 4""",,,16,,Curacao,20 / 40,20 / 55,40 / 60,40 / 30,30 / 50,60 / 70,,,,,,,,2018,0,,17676,16,Sherten,Apostel,3B,18,PIT,2018,2018 Report,21794,0,,0,16,40,0,2022,J2 2015,,76,213,R,R,Curacao,,,20.0,40.0,20.0,55.0,40.0,60.0,40.0,30.0,30.0,50.0,60.0,70.0,,,,,,,,,,,0,0,,0,,1,0.044,,,,
,A+,sa826652,Wladimir Gallindo,Wladimir Gallindo,/players/wladimir-galindo/sa826652/stats/batting,sa826652,3B,-1.0,,,,2020,40,210,"6' 3""",,,16,,Venezuela,20 / 40,30 / 50,60 / 60,45 / 40,40 / 45,55 / 55,,,,,,,,2018,0,,17440,16,Wladimir,Gallindo,3B,21,CHC,2018,2018 Report,sa826652,0,,0,16,40,0,2020,J2 2013,,75,210,R,R,Venezuela,,,20.0,40.0,30.0,50.0,60.0,60.0,45.0,40.0,40.0,45.0,55.0,55.0,,,,,,,,,,,0,0,,0,,R5,,,,,
AAA,AAA,sa875231,Gabriel Cancel,Gabriel Cancel,/players/gabriel-cancel/sa875231/stats/batting,sa875231,2B,,,,,2021,40,185,"6' 1""",,,16,,Belen HS (PR),35 / 50,30 / 40,45 / 45,50 / 50,45 / 50,45 / 45,,,,,,,,2018,0,,17185,16,Gabriel,Cancel,2B,21,KCR,2018,2018 Report,sa875231,0,,0,16,40,0,2021,7th rd 2015,,73,185,R,R,Belen HS (PR),,,35.0,50.0,30.0,40.0,45.0,45.0,50.0,50.0,45.0,50.0,45.0,45.0,,,,,,,,,,,0,0,,0,,R5,,,,,
AAA,MLB,sa827376,Austin Gomber,Austin Gomber,/players/austin-gomber/16561/stats/pitching,16561,P,16.0,,,,2018,40,235,"6' 5""",,,16,,Florida Atlantic,,,,,,,45 / 45,,50 / 55,45 / 50,,,45 / 50,2018,0,,17704,16,Austin,Gomber,LHP,23,STL,2018,2018 Report,16561,0,,0,16,40,0,2018,4th rd 2014,,77,235,L,L,Florida Atlantic,,HSGVqNK8rZo,,,,,,,,,,,,,45.0,45.0,,,50.0,55.0,,,45.0,50.0,0,0,,0,,n/a,6.088,45.0,50.0,,
AAA,MLB,sa875397,Jaylin Davis,Jaylin Davis,/players/jaylin-davis/19552/stats/batting,19552,OF,-1.0,,,,2020,40,190,"6' 1""",,,16,,Appalachian State,35 / 45,40 / 50,60 / 60,50 / 50,45 / 50,50 / 50,,,,,,,,2018,0,,17209,16,Jaylin,Davis,RF,23,MIN,2018,2018 Report,19552,0,,0,16,40,0,2020,24th rd 2015,,73,190,R,R,Appalachian State,,TFPeuDvCl5o,35.0,45.0,40.0,50.0,60.0,60.0,50.0,50.0,45.0,50.0,50.0,50.0,,,,,,,,,,,0,0,,0,,1,1.013,,,,
,MLB,sa829542,Sam Hilliard,Sam Hilliard,/players/sam-hilliard/17954/stats/batting,17954,OF,-1.0,,,,2020,40,225,"6' 5""",,,16,,Wichita State,35 / 40,45 / 50,60 / 60,50 / 50,50 / 55,60 / 60,,,,,,,,2018,0,,17487,16,Sam,Hilliard,OF,24,COL,2018,2018 Report,17954,0,,0,16,40,0,2020,15th rd 2015,,77,225,L,L,Wichita State,,,35.0,40.0,45.0,50.0,60.0,60.0,50.0,50.0,50.0,55.0,60.0,60.0,,,,,,,,,,,0,0,,0,,0,4.064,,,,
,MLB,sa737528,Billy McKinney,Billy McKinney,/players/billy-mckinney/15654/stats/batting,15654,OF,-1.0,,,,2018,40,215,"6' 1""",,,16,,Plano West HS (TX),45 / 55,40 / 50,55 / 55,50 / 45,45 / 50,40 / 40,,,,,,,,2018,0,,17239,16,Billy,McKinney,OF,23,NYY,2018,2018 Report,15654,0,,0,16,40,0,2018,1st rd 2013,,73,215,L,L,Plano West HS (TX),,0qE5bDYlRrc,45.0,55.0,40.0,50.0,55.0,55.0,50.0,45.0,45.0,50.0,40.0,40.0,,,,,,,,,,,0,0,,0,,0,3.119,,,,
,MLB,sa3003295,José Devers,Jose Devers,/players/jose-devers/20540/stats/batting,20540,2B/SS,-1.0,,,,2022,40,155,"6' 0""",,,16,,Dominican Republic,25 / 55,20 / 50,30 / 50,50 / 55,40 / 55,55 / 60,,,,,,,,2018,0,,17509,16,Jose,Devers,SS,18,MIA,2018,2018 Report,20540,0,,0,16,40,0,2022,J2 2016,,72,155,L,R,Dominican Republic,,,25.0,55.0,20.0,50.0,30.0,50.0,50.0,55.0,40.0,55.0,55.0,60.0,,,,,,,,,,,0,0,,0,,1,1.040,,,,
AAA,AAA,sa658616,C.J. Hinojosa,C.J. Hinojosa,/players/christopher-hinojosa/sa658616/stats/batting,sa658616,2B/SS,,,,,2019,40,175,"5' 10""",,,16,,Texas,40 / 55,30 / 40,45 / 45,40 / 40,40 / 45,55 / 55,,,,,,,,2018,0,,17770,16,C.J.,Hinojosa,3B,23,SFG,2018,2018 Report,sa658616,0,,0,16,40,0,2019,11th rd 2015,,70,175,R,R,Texas,,,40.0,55.0,30.0,40.0,45.0,45.0,40.0,40.0,40.0,45.0,55.0,55.0,,,,,,,,,,,0,0,,0,,R5,,,,,
,AA,sa3003183,Marcos Brito,Marcos Brito,/players/marcos-brito/sa3003183/stats/batting,sa3003183,2B/SS,-1.0,,,,2022,40,160,"6' 0""",,,16,,Dominican Republic,25 / 60,20 / 30,30 / 40,60 / 60,40 / 55,55 / 55,,,,,,,,2018,0,,17266,16,Marcos,Brito,2B,18,OAK,2018,2018 Report,sa3003183,0,,0,16,40,0,2022,J2 2016,,72,160,S,R,Dominican Republic,,I8kqkK1HD_k,25.0,60.0,20.0,30.0,30.0,40.0,60.0,60.0,40.0,55.0,55.0,55.0,,,,,,,,,,,0,0,,0,,R5,,,,,
AAA,MLB,sa877498,Jonathan Araúz,Jonathan Arauz,/players/jonathan-arauz/20275/stats/batting,20275,2B/3B/SS,,,,,2021,40,150,"6' 0""",,,16,,Panama,25 / 55,20 / 30,30 / 40,45 / 45,45 / 50,50 / 50,,,,,,,,2018,0,,17538,16,Jonathan,Arauz,INF,19,HOU,2018,2018 Report,20275,0,,0,16,40,0,2021,J2 2014,,72,150,S,R,Panama,,,25.0,55.0,20.0,30.0,30.0,40.0,45.0,45.0,45.0,50.0,50.0,50.0,,,,,,,,,,,0,0,,0,,1,2.062,,,,
,MLB,sa602895,Matt Beaty,Matt Beaty,/players/matt-beaty/17710/stats/batting,17710,1B/OF,-1.0,,,,2019,40,210,"6' 0""",,,16,,Belmont,45 / 55,45 / 50,55 / 55,40 / 40,40 / 45,50 / 50,,,,,,,,2018,0,,17565,16,Matt,Beaty,3B,24,LAD,2018,2018 Report,17710,0,,0,16,40,0,2019,12th rd 2015,,72,210,L,R,Belmont,,,45.0,55.0,45.0,50.0,55.0,55.0,40.0,40.0,40.0,45.0,50.0,50.0,,,,,,,,,,,0,0,,0,,0,4.024,,,,
,AAA,sa657701,Jesus Castillo,Jesus Castillo,/players/jess-castillo/sa657701/stats/pitching,sa657701,P,-1.0,,,,2020,40,165,"6' 2""",,,16,,Venezuela,,,,,,,45 / 50,,50 / 55,40 / 50,,,45 / 55,2018,0,,17056,16,Jesus,Castillo,RHP,22,LAA,2018,2018 Report,sa657701,0,,0,16,40,0,2020,J2 2011,,74,165,R,R,Venezuela,,,,,,,,,,,,,,,45.0,50.0,,,50.0,55.0,,,45.0,55.0,0,0,,0,,2,0.000,40.0,50.0,,
,MLB,sa658672,DJ Stewart,D.J. Stewart,/players/dj-stewart/17766/stats/batting,17766,OF,-1.0,,,,2019,40,230,"6' 0""",,,16,,Florida State,35 / 40,40 / 55,60 / 60,40 / 40,40 / 45,40 / 40,,,,,,,,2018,0,,17075,16,D.J.,Stewart,LF,24,BAL,2018,2018 Report,17766,0,,0,16,40,0,2019,1st rd 2015,,72,230,L,L,Florida State,,-Ssq2Nfrjfk,35.0,40.0,40.0,55.0,60.0,60.0,40.0,40.0,40.0,45.0,40.0,40.0,,,,,,,,,,,0,0,,0,,0,3.144,,,,
,A,sa3005350,Caden Lemons,Caden Lemons,/players/caden-lemons/sa3005350/stats/pitching,sa3005350,P,-1.0,,,,2022,40,175,"6' 6""",,,16,,Vestivia Hills HS (AL),,,,,,,45 / 60,30 / 45,,30 / 45,,,30 / 50,2018,0,,17588,16,Caden,Lemons,RHP,19,MIL,2018,2018 Report,sa3005350,0,,0,16,40,0,2022,2nd rd 2017,,78,175,R,R,Vestivia Hills HS (AL),,Jq0GMisVu6E,,,,,,,,,,,,,45.0,60.0,30.0,45.0,,,,,30.0,50.0,0,0,,0,,R5,,30.0,45.0,,
ST,MLB,sa872474,Anderson Tejeda,Anderson Tejeda,/players/anderson-tejeda/19909/stats/batting,19909,SS,,,,,2021,40,160,"5' 11""",,,16,,Dominican Republic,20 / 40,20 / 50,55 / 60,55 / 55,30 / 40,60 / 60,,,,,,,,2018,0,,17336,16,Anderson,Tejeda,SS,19,TEX,2018,2018 Report,19909,0,,0,16,40,0,2021,J2 2014,,71,160,L,R,Dominican Republic,,TdHxjNuX4iQ,20.0,40.0,20.0,50.0,55.0,60.0,55.0,55.0,30.0,40.0,60.0,60.0,,,,,,,,,,,0,0,,0,,1,0.112,,,,
,MLB,sa660589,Tzu-Wei Lin,Tzu-Wei Lin,/players/tzu-wei-lin/14678/stats/batting,14678,2B/SS,-1.0,,,,2018,40,155,"5' 9""",,,16,,Taiwan,50 / 50,30 / 40,40 / 40,50 / 50,45 / 50,50 / 50,,,,,,,,2018,0,,17095,16,Tzu-Wei,Lin,UTIL,24,BOS,2018,2018 Report,14678,0,,0,16,40,0,2018,J2 2011,,69,155,L,R,Taiwan,,,50.0,50.0,30.0,40.0,40.0,40.0,50.0,50.0,45.0,50.0,50.0,50.0,,,,,,,,,,,0,0,,0,,0,2.051,,,,
,MLB,sa657400,Rafael Bautista,Rafael Bautista,/players/rafael-bautista/15769/stats/batting,15769,OF,-1.0,,,,2018,40,175,"6' 2""",,,16,,Dominican Republic,40 / 45,20 / 30,30 / 30,70 / 70,50 / 55,45 / 45,,,,,,,,2018,0,,17614,16,Rafael,Bautista,OF,25,WSN,2018,2018 Report,15769,0,,0,16,40,0,2018,J2 2011,,74,175,R,R,Dominican Republic,,,40.0,45.0,20.0,30.0,30.0,30.0,70.0,70.0,50.0,55.0,45.0,45.0,,,,,,,,,,,0,0,,0,,2,0.050,,,,
AAA,MLB,sa873331,Yennsy Díaz,Yennsy Diaz,/players/yennsy-diaz/20218/stats/pitching,20218,P,,,,,2020,40,160,"6' 1""",,,16,,Dominican Republic,,,,,,,60 / 60,55 / 60,,40 / 45,,,35 / 45,2018,0,,17363,16,Yennsy,Diaz,RHP,21,TOR,2018,2018 Report,20218,0,,0,16,40,0,2020,J2 2014,,73,160,R,R,Dominican Republic,,,,,,,,,,,,,,,60.0,60.0,55.0,60.0,,,,,35.0,45.0,0,0,,0,,1,1.084,40.0,45.0,,
AAA,MLB,sa3002721,Luis González,Luis Gonzalez,/players/luis-gonzalez/20332/stats/batting,20332,OF,,,,,2021,40,185,"6' 1""",,,16,,New Mexico,35 / 55,30 / 45,50 / 50,50 / 50,45 / 50,50 / 50,,,,,,,,2018,0,,17114,16,Luis,Gonzalez,RF,22,CHW,2018,2018 Report,20332,0,,0,16,40,0,2021,3rd rd 2017,,73,185,L,L,New Mexico,,,35.0,55.0,30.0,45.0,50.0,50.0,50.0,50.0,45.0,50.0,50.0,50.0,,,,,,,,,,,0,0,,0,,1,1.076,,,,
,,,Adrian Hernandez,Adrian Hernandez,,,,,,,,2022,40,210,"5' 9""",,,16,,Dominican Republic,20 / 45,20 / 50,50 / 55,55 / 50,40 / 50,50 / 50,,,,,,,,2018,0,,17632,16,Adrian,Hernandez,OF,17,NYM,2018,2018 Report,,0,,0,16,40,0,2022,J2 2017,,69,210,R,R,Dominican Republic,,,20.0,45.0,20.0,50.0,50.0,55.0,55.0,50.0,40.0,50.0,50.0,50.0,,,,,,,,,,,0,0,,0,,,,,,,
AAA,MLB,sa598762,Joey Krehbiel,Joey Krehbiel,/players/joey-krehbiel/13707/stats/pitching,13707,P,,,,,2018,40,185,"6' 2""",,,16,,Seminole HS (FL),,,,,,,55 / 55,50 / 50,,60 / 60,,,40 / 40,2018,0,,17385,16,Joey,Krehbiel,RHP,25,ARI,2018,2018 Report,13707,0,,0,16,40,0,2018,12th rd 2011,,74,185,R,R,Seminole HS (FL),,,,,,,,,,,,,,,55.0,55.0,50.0,50.0,,,,,40.0,40.0,0,0,,0,,1,1.062,60.0,60.0,,
AAA,MLB,sa597773,Roman Quinn,Roman Quinn,/players/roman-quinn/13546/stats/batting,13546,OF,19.0,,,,2018,40,170,"5' 10""",,,16,,Port St. Joe HS (FL),50 / 55,30 / 30,45 / 45,80 / 80,55 / 55,50 / 50,,,,,,,,2018,0,,17650,16,Roman,Quinn,CF,24,PHI,2018,2018 Report,13546,0,,0,16,40,0,2018,2nd rd 2011,,70,170,S,R,Port St. Joe HS (FL),,LXasZ4rclQQ,50.0,55.0,30.0,30.0,45.0,45.0,80.0,80.0,55.0,55.0,50.0,50.0,,,,,,,,,,,0,0,,0,,0,4.035,,,,
MLB,MLB,sa3004755,Tyler Freeman,Tyler Freeman,/players/tyler-freeman/22532/stats/batting,22532,OF,19.0,,,,2022,40,170,"6' 0""",,,16,,Etiwanda HS (CA),25 / 55,20 / 55,45 / 50,55 / 45,40 / 50,45 / 45,,,,,,,,2018,0,,17139,16,Tyler,Freeman,SS,18,CLE,2018,2018 Report,22532,0,,0,16,40,0,2022,2nd rd 2017,,72,170,R,R,Etiwanda HS (CA),,,25.0,55.0,20.0,55.0,45.0,50.0,55.0,45.0,40.0,50.0,45.0,45.0,,,,,,,,,,,0,0,,0,,1,3.046,,,,
AAA,MLB,sa3004378,Drew Waters,Drew Waters,/players/drew-waters/20505/stats/batting,20505,OF,7.0,,,,2021,45,183,"6' 2""",,,17,,Etowah HS (GA),20 / 50,20 / 55,55 / 60,60 / 55,45 / 50,60 / 60,,,,,,,,2018,0,,17409,17,Drew,Waters,CF,19,ATL,2018,2018 Report,20505,0,,0,17,45,0,2021,2nd rd 2017,,74,183,S,R,Etowah HS (GA),,7y7v6EA8ZI4,20.0,50.0,20.0,55.0,55.0,60.0,60.0,55.0,45.0,50.0,60.0,60.0,,,,,,,,,,,0,0,,0,,0,1.149,,,,
AAA,MLB,sa657481,Franchy Cordero,Franchy Cordero,/players/franchy-cordero/14567/stats/batting,14567,1B/OF,,,,,2018,45,175,"6' 3""",,,17,,Dominican Republic,35 / 40,45 / 50,70 / 70,70 / 70,40 / 45,60 / 60,,,,,,,,2018,0,,17728,17,Franchy,Cordero,CF,23,SDP,2018,2018 Report,14567,0,,0,17,45,0,2018,J2 2011,,75,175,L,R,Dominican Republic,,,35.0,40.0,45.0,50.0,70.0,70.0,70.0,70.0,40.0,45.0,60.0,60.0,,,,,,,,,,,0,0,,0,,0,4.160,,,,
AAA,MLB,sa737559,Justin Williams,Justin Williams,/players/justin-williams/15490/stats/batting,15490,OF,,,,,2018,45,220,"6' 2""",,,17,,Terrebonne HS (LA),40 / 50,50 / 55,60 / 60,40 / 40,45 / 50,50 / 50,,,,,,,,2018,0,,17303,17,Justin,Williams,OF,22,TBR,2018,2018 Report,15490,0,,0,17,45,0,2018,2nd rd 2013,,74,220,L,R,Terrebonne HS (LA),,qBdkDD7U1B4,40.0,50.0,50.0,55.0,60.0,60.0,40.0,40.0,45.0,50.0,50.0,50.0,,,,,,,,,,,0,0,,0,,0,0.137,,,,
,MLB,sa873437,Elvin Rodríguez,Elvin Rodriguez,/players/elvin-rodriguez/20962/stats/pitching,20962,P,-1.0,,,,2022,40,160,"6' 3""",,,17,,Dominican Republic,,,,,,,45 / 55,,50 / 55,45 / 55,,,40 / 55,2018,0,,17162,17,Elvin,Rodriguez,RHP,20,DET,2018,2018 Report,20962,0,,0,17,40,0,2022,J2 2014,,75,160,R,R,Dominican Republic,,,,,,,,,,,,,,,45.0,55.0,,,50.0,55.0,,,40.0,55.0,0,0,,0,,1,0.092,45.0,55.0,,
,MLB,sa737834,Jason Martin,Jason Martin,/players/jason-martin/16429/stats/batting,16429,OF,-1.0,,,,2019,40,190,"5' 11""",,,17,,Orange Lutheran HS (CA),40 / 50,40 / 45,50 / 50,50 / 50,45 / 50,50 / 50,,,,,,,,2018,0,,17677,17,Jason,Martin,OF,22,PIT,2018,2018 Report,16429,0,,0,17,40,0,2019,8th rd 2013,,71,190,L,R,Orange Lutheran HS (CA),,,40.0,50.0,40.0,45.0,50.0,50.0,50.0,50.0,45.0,50.0,50.0,50.0,,,,,,,,,,,0,0,,0,,0,1.059,,,,
,MLB,sa599130,Dillon Maples,Dillon Maples,/players/dillon-maples/14672/stats/pitching,14672,P,-1.0,,,,2018,40,225,"6' 2""",,,17,,Pinecrest HS (NC),,,,,,,70 / 70,60 / 60,,,,,30 / 30,2018,0,,17441,17,Dillon,Maples,RHP,25,CHC,2018,2018 Report,14672,0,,0,17,40,0,2018,14th rd 2011,,74,225,R,R,Pinecrest HS (NC),,,,,,,,,,,,,,,70.0,70.0,60.0,60.0,,,,,30.0,30.0,0,0,,0,,0,0.136,,,,
MLB,MLB,sa503824,Burch Smith,Burch Smith,/players/burch-smith/12784/stats/pitching,12784,P,6.0,,,,2018,40,210,"6' 4""",,,17,,Oklahoma,,,,,,,55 / 55,,55 / 55,55 / 60,,45 / 45,45 / 45,2018,0,,17186,17,Burch,Smith,RHP,27,KCR,2018,2018 Report,12784,0,,0,17,40,0,2018,14th rd 2011,,76,210,R,R,Oklahoma,,,,,,,,,,,,,,,55.0,55.0,,,55.0,55.0,,,45.0,45.0,0,0,,0,,n/a,5.086,55.0,60.0,45.0,45.0
AAA,MLB,sa737612,Óscar Mercado,Oscar Mercado,/players/oscar-mercado/16375/stats/batting,16375,OF,,,,,2019,40,175,"6' 2""",,,17,,Gaither HS (FL),40 / 45,30 / 40,45 / 45,60 / 60,50 / 55,50 / 50,,,,,,,,2018,0,,17705,17,Oscar,Mercado,OF,22,STL,2018,2018 Report,16375,0,,0,17,40,0,2019,2nd rd 2013,,74,175,R,R,Gaither HS (FL),,,40.0,45.0,30.0,40.0,45.0,45.0,60.0,60.0,50.0,55.0,50.0,50.0,,,,,,,,,,,0,0,,0,,0,3.031,,,,
MLB,MLB,sa829822,Stuart Fairchild,Stuart Fairchild,/players/stuart-fairchild/20321/stats/batting,20321,OF,5.0,,,,2020,40,190,"6' 0""",,,17,,Wake Forest,30 / 45,30 / 40,50 / 50,55 / 55,50 / 55,60 / 60,,,,,,,,2018,0,,17463,17,Stuart,Fairchild,OF,21,CIN,2018,2018 Report,20321,0,,0,17,40,0,2020,2nd rd 2017,,72,190,R,R,Wake Forest,,,30.0,45.0,30.0,40.0,50.0,50.0,55.0,55.0,50.0,55.0,60.0,60.0,,,,,,,,,,,0,0,,0,,0,3.114,,,,
ST,MLB,sa828420,Lewin Díaz,Lewin Diaz,/players/lewin-diaz/18365/stats/batting,18365,1B,,,,,2021,40,180,"6' 3""",,,17,,Dominican Republic,40 / 55,30 / 50,60 / 60,45 / 40,45 / 50,50 / 50,,,,,,,,2018,0,,17210,17,Lewin,Diaz,1B,21,MIN,2018,2018 Report,18365,0,,0,17,40,0,2021,J2 2013,,75,180,L,L,Dominican Republic,,b6BzJGKnQbI,40.0,55.0,30.0,50.0,60.0,60.0,45.0,40.0,45.0,50.0,50.0,50.0,,,,,,,,,,,0,0,,0,,0,1.010,,,,
,MLB,sa707751,Jordan Patterson,Jordan Patterson,/players/jordan-patterson/15119/stats/batting,15119,OF,-1.0,,,,2019,40,215,"6' 4""",,,17,,South Alabama,40 / 50,40 / 50,60 / 60,40 / 40,40 / 45,60 / 60,,,,,,,,2018,0,,17488,17,Jordan,Patterson,LF,26,COL,2018,2018 Report,15119,0,,0,17,40,0,2019,4th rd 2013,,76,215,L,L,South Alabama,,,40.0,50.0,40.0,50.0,60.0,60.0,40.0,40.0,40.0,45.0,60.0,60.0,,,,,,,,,,,0,0,,0,,1,0.032,,,,
,,,Clarke Schmidt,Clarke Schmidt,,,,,,,,2021,40,205,"6' 1""",,,17,,South Carolina,,,,,,,50 / 55,55 / 55,50 / 55,45 / 55,,,40 / 50,2018,0,,17240,17,Clarke,Schmidt,RHP,22,NYY,2018,2018 Report,,0,,0,17,40,0,2021,1st rd 2017,,73,205,R,R,South Carolina,,,,,,,,,,,,,,,50.0,55.0,55.0,55.0,50.0,55.0,,,40.0,50.0,0,0,,0,,,,45.0,55.0,,
,MLB,sa599187,Dillon Peters,Dillon Peters,/players/dillon-peters/18790/stats/pitching,18790,P,-1.0,,,,2018,40,205,"5' 9""",,,17,,Texas,,,,,,,50 / 50,,50 / 50,40 / 45,,,50 / 50,2018,0,,17510,17,Dillon,Peters,LHP,25,MIA,2018,2018 Report,18790,0,,0,17,40,0,2018,10th rd 2014,,69,205,L,L,Texas,,XO9M83bzf5Y,,,,,,,,,,,,,50.0,50.0,,,50.0,50.0,,,50.0,50.0,0,0,,0,,0,2.136,40.0,45.0,,
,MLB,sa597322,Reyes Moronta,Reyes Moronta,/players/reyes-moronta/14966/stats/pitching,14966,P,-1.0,,,,2018,40,241,"5' 11""",,,17,,Dominican Republic,,,,,,,70 / 70,55 / 55,,50 / 55,,,40 / 40,2018,0,,17771,17,Reyes,Moronta,RHP,25,SFG,2018,2018 Report,14966,0,,0,17,40,0,2018,J2 2010,,71,241,R,R,Dominican Republic,,,,,,,,,,,,,,,70.0,70.0,55.0,55.0,,,,,40.0,40.0,0,0,,0,,0,4.119,50.0,55.0,,
AAA,AAA,sa738442,Logan Shore,Logan Shore,/players/logan-shore/sa738442/stats/pitching,sa738442,P,30.0,,,,2019,40,215,"6' 2""",,,17,,Florida,,,,,,,40 / 45,40 / 45,,60 / 70,,,50 / 60,2018,0,,17267,17,Logan,Shore,RHP,23,OAK,2018,2018 Report,sa738442,0,,0,17,40,0,2019,2nd rd 2016,,74,215,R,R,Florida,,wKX7dii-6gw,,,,,,,,,,,,,40.0,45.0,40.0,45.0,,,,,50.0,60.0,0,0,,0,,R5,,60.0,70.0,,
,AAA,sa874967,Riley Ferrell,Riley Ferrell,/players/riley-ferrell/sa874967/stats/pitching,sa874967,P,-1.0,,,,2018,40,200,"6' 2""",,,17,,TCU,,,,,,,60 / 60,50 / 55,,,,,45 / 50,2018,0,,17539,17,Riley,Ferrell,RHP,24,HOU,2018,2018 Report,sa874967,0,,0,17,40,0,2018,3rd rd 2015,,74,200,R,R,TCU,,,,,,,,,,,,,,,60.0,60.0,50.0,55.0,,,,,45.0,50.0,0,0,,0,,3,0.088,,,,
MLB,MLB,sa873978,Connor Wong,Connor Wong,/players/connor-wong/19896/stats/batting,19896,C,3.0,,,,2020,40,180,"6' 1""",,,17,,Houston,35 / 55,30 / 50,50 / 50,55 / 55,40 / 50,50 / 50,,,,,,,,2018,0,,17566,17,Connor,Wong,C,21,LAD,2018,2018 Report,19896,0,,0,17,40,0,2020,3rd rd 2017,,73,180,R,R,Houston,,,35.0,55.0,30.0,50.0,50.0,50.0,55.0,55.0,40.0,50.0,50.0,50.0,,,,,,,,,,,0,0,,0,,1,3.079,,,,
AAA,MLB,sa657128,Eduardo Paredes,Eduardo Paredes,/players/eduardo-paredes/16344/stats/pitching,16344,P,,,,,2018,40,180,"6' 1""",,,17,,Venezuela,,,,,,,50 / 50,55 / 55,,45 / 50,,,45 / 50,2018,0,,17057,17,Eduardo,Paredes,RHP,22,LAA,2018,2018 Report,16344,0,,0,17,40,0,2018,J2 2011,,73,180,R,R,Venezuela,,,,,,,,,,,,,,,50.0,50.0,55.0,55.0,,,,,45.0,50.0,0,0,,0,,1,0.121,45.0,50.0,,
,AA,sa875233,Gray Fenter,Gray Fenter,/players/gray-fenter/sa875233/stats/pitching,sa875233,P,-1.0,,,,2021,40,200,"6' 0""",,,17,,West Memphis HS (TN),,,,,,,55 / 55,40 / 45,55 / 60,40 / 45,,,40 / 45,2018,0,,17076,17,Gray,Fenter,RHP,22,BAL,2018,2018 Report,sa875233,0,,0,17,40,0,2021,7th rd 2015,,72,200,R,R,West Memphis HS (TN),,,,,,,,,,,,,,,55.0,55.0,40.0,45.0,55.0,60.0,,,40.0,45.0,0,0,,0,,R5,,40.0,45.0,,
MLB,MLB,sa597779,Adrian Houser,Adrian Houser,/players/adrian-houser/12718/stats/pitching,12718,P,30.0,,,,2018,40,225,"6' 4""",,,17,,Locust Grove HS (OK),,,,,,,60 / 60,,60 / 60,40 / 45,,,45 / 50,2018,0,,17589,17,Adrian,Houser,RHP,24,MIL,2018,2018 Report,12718,0,,0,17,40,0,2018,2nd rd 2011,,76,225,R,R,Locust Grove HS (OK),,MMDEa5K4eX4,,,,,,,,,,,,,60.0,60.0,,,60.0,60.0,,,45.0,50.0,0,0,,0,,n/a,6.095,40.0,45.0,,
,MLB,sa828879,Brett Martin,Brett Martin,/players/brett-martin/17369/stats/pitching,17369,P,-1.0,,,,2020,40,190,"6' 4""",,,17,,Walters State JC (TN),,,,,,,50 / 55,,50 / 55,40 / 50,,40 / 45,40 / 50,2018,0,,17337,17,Brett,Martin,LHP,22,TEX,2018,2018 Report,17369,0,,0,17,40,0,2020,4th rd 2014,,76,190,L,L,Walters State JC (TN),,4ILlmvUzq_s,,,,,,,,,,,,,50.0,55.0,,,50.0,55.0,,,40.0,50.0,0,0,,0,,1,4.151,40.0,50.0,40.0,45.0
AA,AA,sa917483,Joan Martinez,Joan Martinez,/players/joan-martinez/sa917483/stats/pitching,sa917483,P,,,,,2021,40,195,"6' 3""",,,17,,Dominican Republic,,,,,,,60 / 60,50 / 60,,,,,30 / 40,2018,0,,17096,17,Joan,Martinez,RHP,21,BOS,2018,2018 Report,sa917483,0,,0,17,40,0,2021,J2 2015,,75,195,R,R,Dominican Republic,,,,,,,,,,,,,,,60.0,60.0,50.0,60.0,,,,,30.0,40.0,0,0,,0,,R5,,,,,
AAA,MLB,sa598311,José Marmolejos,Jose Marmolejos,/players/jose-marmolejos/15767/stats/batting,15767,1B/OF,,,,,2018,40,190,"6' 1""",,,17,,Dominican Republic,45 / 50,45 / 45,50 / 50,30 / 30,55 / 55,40 / 40,,,,,,,,2018,0,,17615,17,Jose,Marmolejos,1B,24,WSN,2018,2018 Report,15767,0,,0,17,40,0,2018,J2 2010,,73,190,L,L,Dominican Republic,,,45.0,50.0,45.0,45.0,50.0,50.0,30.0,30.0,55.0,55.0,40.0,40.0,,,,,,,,,,,0,0,,0,,0,1.089,,,,
MLB,MLB,sa918192,Samad Taylor,Samad Taylor,/players/samad-taylor/22274/stats/batting,22274,2B/OF,29.0,,,,2022,40,160,"5' 10""",,,17,,Corona HS (CA),20 / 50,20 / 40,40 / 45,60 / 60,40 / 55,45 / 45,,,,,,,,2018,0,,17364,17,Samad,Taylor,2B,19,TOR,2018,2018 Report,22274,0,,0,17,40,0,2022,10th rd 2016,,70,160,R,R,Corona HS (CA),,,20.0,50.0,20.0,40.0,40.0,45.0,60.0,60.0,40.0,55.0,45.0,45.0,,,,,,,,,,,0,0,,0,,0,0.078,,,,
,MLB,sa875572,Seby Zavala,Seby Zavala,/players/seby-zavala/18887/stats/batting,18887,C,-1.0,,,,2020,40,215,"6' 0""",,,17,,San Diego State,35 / 40,40 / 50,60 / 60,30 / 30,40 / 45,45 / 45,,,,,,,,2018,0,,17115,17,Seby,Zavala,C,24,CHW,2018,2018 Report,18887,0,,0,17,40,0,2020,12th rd 2015,,72,215,R,R,San Diego State,,,35.0,40.0,40.0,50.0,60.0,60.0,30.0,30.0,40.0,45.0,45.0,45.0,,,,,,,,,,,0,0,,0,,0,2.146,,,,
,MLB,sa657876,Gavin Cecchini,Gavin Cecchini,/players/gavin-cecchini/17005/stats/batting,17005,2B,-1.0,,,,2018,40,196,"6' 2""",,,17,,Barbe HS (LA),55 / 60,20 / 30,40 / 40,40 / 40,30 / 40,40 / 40,,,,,,,,2018,0,,17633,17,Gavin,Cecchini,2B,24,NYM,2018,2018 Report,17005,0,,0,17,40,0,2018,1st rd 2012,,74,196,R,R,Barbe HS (LA),,,55.0,60.0,20.0,30.0,40.0,40.0,40.0,40.0,30.0,40.0,40.0,40.0,,,,,,,,,,,0,0,,0,,1,0.082,,,,
,AAA,sa827467,Jared Miller,Jared Miller,/players/jared-miller/sa827467/stats/pitching,sa827467,P,-1.0,,,,2018,40,240,"6' 7""",,,17,,Vanderbilt,,,,,,,60 / 60,55 / 55,55 / 55,,,,45 / 45,2018,0,,17386,17,Jared,Miller,LHP,24,ARI,2018,2018 Report,sa827467,0,,0,17,40,0,2018,11th rd 2014,,79,240,L,L,Vanderbilt,,,,,,,,,,,,,,,60.0,60.0,55.0,55.0,55.0,55.0,,,45.0,45.0,0,0,,0,,2,0.000,,,,
AA,AAA,sa917928,Kevin Gowdy,Kevin Gowdy,/players/kevin-gowdy/sa917928/stats/pitching,sa917928,P,,,,,2020,40,170,"6' 4""",,,17,,Santa Barbara HS (CA),,,,,,,50 / 60,,50 / 60,40 / 50,,,45 / 55,2018,0,,17651,17,Kevin,Gowdy,RHP,20,PHI,2018,2018 Report,sa917928,0,,0,17,40,0,2020,2nd rd 2016,,76,170,R,R,Santa Barbara HS (CA),,Vr9lun60EAw,,,,,,,,,,,,,50.0,60.0,,,50.0,60.0,,,45.0,55.0,0,0,,0,,R5,,40.0,50.0,,
,MLB,sa917344,Luis Oviedo,Luis Oviedo,/players/luis-oviedo/21728/stats/pitching,21728,P,-1.0,,,,2022,40,200,"6' 4""",,,17,,Venezuela,,,,,,,55 / 60,45 / 55,45 / 50,45 / 55,,,30 / 45,2018,0,,17140,17,Luis,Oviedo,RHP,18,CLE,2018,2018 Report,21728,0,,0,17,40,0,2022,J2 2015,,76,200,R,R,Venezuela,,,,,,,,,,,,,,,55.0,60.0,45.0,55.0,45.0,50.0,,,30.0,45.0,0,0,,0,,2,1.011,45.0,55.0,,
AAA,MLB,sa918393,Tucker Davidson,Tucker Davidson,/players/tucker-davidson/19871/stats/pitching,19871,P,26.0,,,,2021,45,215,"6' 2""",,,18,,Midland JC (TX),,,,,,,50 / 55,40 / 45,50 / 55,45 / 50,,,40 / 50,2018,0,,17410,18,Tucker,Davidson,LHP,21,ATL,2018,2018 Report,19871,0,,0,18,45,0,2021,19th rd 2016,,74,215,L,L,Midland JC (TX),,,,,,,,,,,,,,,50.0,55.0,40.0,45.0,50.0,55.0,,,40.0,50.0,0,0,,0,,0,2.041,45.0,50.0,,
MLB,MLB,sa917030,Esteury Ruiz,Esteury Ruiz,/players/esteury-ruiz/21780/stats/batting,21780,OF,20.0,,,,2022,45,150,"6' 0""",,,18,,Dominican Republic,25 / 55,20 / 55,50 / 60,55 / 50,30 / 45,50 / 50,,,,,,,,2018,0,,17729,18,Esteury,Ruiz,2B,19,SDP,2018,2018 Report,21780,0,,0,18,45,0,2022,J2 2015,,72,150,R,R,Dominican Republic,,,25.0,55.0,20.0,55.0,50.0,60.0,55.0,50.0,30.0,45.0,50.0,50.0,,,,,,,,,,,0,0,,0,,1,2.064,,,,
,AAA,sa881850,Ronaldo Hernandez,Ronaldo Hernandez,/players/ronaldo-hernndez/sa881850/stats/batting,sa881850,C,-1.0,,,,2022,45,195,"6' 1""",,,18,,Colombia,25 / 50,30 / 50,50 / 55,30 / 20,40 / 50,60 / 60,,,,,,,,2018,0,,17304,18,Ronaldo,Hernandez,C,20,TBR,2018,2018 Report,sa881850,0,,0,18,45,0,2022,J2 2014,,73,195,R,R,Colombia,,,25.0,50.0,30.0,50.0,50.0,55.0,30.0,20.0,40.0,50.0,60.0,60.0,,,,,,,,,,,0,0,,0,,1,0.004,,,,
AAA,MLB,sa915677,Jason Foley,Jason Foley,/players/jason-foley/19531/stats/pitching,19531,P,30.0,,,,2021,40,215,"6' 4""",,,18,,Sacred Heart,,,,,,,70 / 70,,,55 / 60,,,40 / 50,2018,0,,17163,18,Jason,Foley,RHP,22,DET,2018,2018 Report,19531,0,,0,18,40,0,2021,Undrafted 2016,,76,215,R,R,Sacred Heart,,,,,,,,,,,,,,,70.0,70.0,,,,,,,40.0,50.0,0,0,,0,,1,3.150,55.0,60.0,,
,R,sa3004502,Conner Uselton,Conner Uselton,/players/conner-uselton/sa3004502/stats/batting,sa3004502,OF,-1.0,,,,2022,40,185,"6' 3""",,,18,,Southmoore HS (OK),20 / 40,20 / 55,55 / 70,50 / 40,40 / 50,60 / 60,,,,,,,,2018,0,,17678,18,Conner,Uselton,OF,19,PIT,2018,2018 Report,sa3004502,0,,0,18,40,0,2022,2nd rd 2017,,75,185,R,R,Southmoore HS (OK),,1Okr7H06QIQ,20.0,40.0,20.0,55.0,55.0,70.0,50.0,40.0,40.0,50.0,60.0,60.0,,,,,,,,,,,0,0,,0,,R5,,,,,
,A+,sa657308,Jose Paulino,Jose Paulino,/players/jose-paulino/sa657308/stats/pitching,sa657308,P,-1.0,,,,2019,40,180,"6' 2""",,,18,,Dominican Republic,,,,,,,45 / 45,45 / 50,,45 / 50,,40 / 45,50 / 60,2018,0,,17442,18,Jose,Paulino,LHP,21,CHC,2018,2018 Report,sa657308,0,,0,18,40,0,2019,J2 2011,,74,180,L,L,Dominican Republic,,,,,,,,,,,,,,,45.0,45.0,45.0,50.0,,,,,50.0,60.0,0,0,,0,,R5,,45.0,50.0,40.0,45.0
,AAA,sa3002971,Yefri Del Rosario,Yefri Del Rosario,/players/yefri-del-rosario/sa3002971/stats/pitching,sa3002971,P,-1.0,,,,2022,40,180,"6' 2""",,,18,,Dominican Republic,,,,,,,50 / 60,,50 / 55,40 / 50,,,30 / 50,2018,0,,17187,18,Yefri,Del Rosario,RHP,18,KCR,2018,2018 Report,sa3002971,0,,0,18,40,0,2022,J2 2016,,74,180,R,R,Dominican Republic,,,,,,,,,,,,,,,50.0,60.0,,,50.0,55.0,,,30.0,50.0,0,0,,0,,R5,,40.0,50.0,,
MLB,MLB,sa914549,Randy Arozarena,Randy Arozarena,/players/randy-arozarena/19290/stats/batting,19290,OF,11.0,,,,2019,40,195,"5' 11""",,,18,,Cuba,50 / 55,30 / 40,45 / 45,55 / 55,50 / 55,55 / 55,,,,,,,,2018,0,,17706,18,Randy,Arozarena,OF,22,STL,2018,2018 Report,19290,0,,0,18,40,0,2019,J2 2016,,71,195,R,R,Cuba,,,50.0,55.0,30.0,40.0,45.0,45.0,55.0,55.0,50.0,55.0,55.0,55.0,,,,,,,,,,,0,0,,0,,n/a,5.129,,,,
MLB,MLB,sa658965,Jimmy Herget,Jimmy Herget,/players/jimmy-herget/17556/stats/pitching,17556,P,19.0,,,,2018,40,180,"6' 3""",,,18,,South Florida,,,,,,,55 / 55,55 / 60,,45 / 50,,,50 / 55,2018,0,,17464,18,Jimmy,Herget,RHP,24,CIN,2018,2018 Report,17556,0,,0,18,40,0,2018,6th rd 2015,,75,180,R,R,South Florida,,,,,,,,,,,,,,,55.0,55.0,55.0,60.0,,,,,50.0,55.0,0,0,,0,,0,4.069,45.0,50.0,,
,MLB,sa599532,Jake Reed,Jake Reed,/players/jake-reed/16209/stats/pitching,16209,P,-1.0,,,,2018,40,190,"6' 2""",,,18,,Oregon,,,,,,,60 / 60,50 / 50,,55 / 60,,,40 / 45,2018,0,,17211,18,Jake,Reed,RHP,25,MIN,2018,2018 Report,16209,0,,0,18,40,0,2018,5th rd 2014,,74,190,R,R,Oregon,,5dI4HulcfuE,,,,,,,,,,,,,60.0,60.0,50.0,50.0,,,,,40.0,45.0,0,0,,0,,1,0.144,55.0,60.0,,
,AAA,sa873990,Vince Fernandez,Vince Fernandez,/players/vincent-fernandez/sa873990/stats/batting,sa873990,OF,-1.0,,,,2020,40,210,"6' 3""",,,18,,UC Riverside,35 / 45,30 / 50,60 / 60,45 / 45,45 / 50,50 / 50,,,,,,,,2018,0,,17489,18,Vince,Fernandez,OF,22,COL,2018,2018 Report,sa873990,0,,0,18,40,0,2020,10th rd 2016,,75,210,L,R,UC Riverside,,,35.0,45.0,30.0,50.0,60.0,60.0,45.0,45.0,45.0,50.0,50.0,50.0,,,,,,,,,,,0,0,,0,,R5,,,,,
,MLB,sa875338,Cody Carroll,Cody Carroll,/players/cody-carroll/17664/stats/pitching,17664,P,-1.0,,,,2019,40,210,"6' 5""",,,18,,Southern Mississippi,,,,,,,65 / 70,55 / 60,,40 / 45,,,40 / 45,2018,0,,17241,18,Cody,Carroll,RHP,25,NYY,2018,2018 Report,17664,0,,0,18,40,0,2019,22nd rd 2015,,77,210,R,R,Southern Mississippi,,,,,,,,,,,,,,,65.0,70.0,55.0,60.0,,,,,40.0,45.0,0,0,,0,,1,0.087,40.0,45.0,,
MLB,MLB,sa736473,Pablo López,Pablo Lopez,/players/pablo-lopez/17085/stats/pitching,17085,P,8.0,,,,2019,40,200,"6' 3""",,,18,,Venezuela,,,,,,,55 / 55,,50 / 50,50 / 55,,,50 / 55,2018,0,,17511,18,Pablo,Lopez,RHP,22,MIA,2018,2018 Report,17085,0,,0,18,40,0,2019,J2 2012,,75,200,R,R,Venezuela,,,,,,,,,,,,,,,55.0,55.0,,,50.0,50.0,,,50.0,55.0,0,0,,0,,n/a,7.093,50.0,55.0,,
,MLB,sa657484,Miguel Gómez,Miguel Gomez,/players/miguel-gomez/17075/stats/batting,17075,2B,-1.0,,,,2018,40,206,"5' 9""",,,18,,Dominican Republic,50 / 60,30 / 40,50 / 50,40 / 40,45 / 50,50 / 50,,,,,,,,2018,0,,17772,18,Miguel,Gomez,3B,25,SFG,2018,2018 Report,17075,0,,0,18,40,0,2018,J2 2011,,69,206,R,R,Dominican Republic,,,50.0,60.0,30.0,40.0,50.0,50.0,40.0,40.0,45.0,50.0,50.0,50.0,,,,,,,,,,,0,0,,0,,1,0.100,,,,
,AAA,sa915707,Kevin Merrell,Kevin Merrell,/players/kevin-merrell/sa915707/stats/batting,sa915707,SS,-1.0,,,,2021,40,180,"6' 1""",,,18,,South Florida,35 / 55,20 / 30,40 / 40,80 / 80,40 / 50,55 / 55,,,,,,,,2018,0,,17268,18,Kevin,Merrell,MIF/CF,22,OAK,2018,2018 Report,sa915707,0,,0,18,40,0,2021,1st rd 2017,,73,180,L,R,South Florida,,p8Lm9rfHBqg,35.0,55.0,20.0,30.0,40.0,40.0,80.0,80.0,40.0,50.0,55.0,55.0,,,,,,,,,,,0,0,,0,,R5,,,,,
AA,MLB,sa873692,Brandon Bailey,Brandon Bailey,/players/brandon-bailey/19582/stats/pitching,19582,P,4.0,,,,2019,40,175,"5' 10""",,,18,,Gonzaga,,,,,,,50 / 50,40 / 45,55 / 55,55 / 60,,,45 / 50,2018,0,,17540,18,Brandon,Bailey,RHP,23,HOU,2018,2018 Report,19582,0,,0,18,40,0,2019,6th rd 2016,,70,175,R,R,Gonzaga,,,,,,,,,,,,,,,50.0,50.0,40.0,45.0,55.0,55.0,,,45.0,50.0,0,0,,0,,2,1.064,55.0,60.0,,
MLB,MLB,sa917933,Gavin Lux,Gavin Lux,/players/gavin-lux/19955/stats/batting,19955,2B,12.0,,,,2021,40,190,"6' 2""",,,18,,Indian Trail Academy HS (WI),25 / 50,20 / 40,40 / 45,60 / 60,40 / 50,55 / 55,,,,,,,,2018,0,,17567,18,Gavin,Lux,SS,20,LAD,2018,2018 Report,19955,0,,0,18,40,0,2021,1st rd 2016,,74,190,L,R,Indian Trail Academy HS (WI),,UN_FiRAXe4Q,25.0,50.0,20.0,40.0,40.0,45.0,60.0,60.0,40.0,50.0,55.0,55.0,,,,,,,,,,,0,0,,0,,n/a,5.114,,,,
AAA,MLB,sa829312,Jake Jewell,Jake Jewell,/players/jake-jewell/16958/stats/pitching,16958,P,,,,,2018,40,200,"6' 3""",,,18,,Northeast Oklahoma JC,,,,,,,60 / 60,55 / 60,50 / 50,40 / 40,,,40 / 45,2018,0,,17058,18,Jake,Jewell,RHP,24,LAA,2018,2018 Report,16958,0,,0,18,40,0,2018,5th rd 2014,,75,200,R,R,Northeast Oklahoma JC,,iYmGPWVSi1c,,,,,,,,,,,,,60.0,60.0,55.0,60.0,50.0,50.0,,,40.0,45.0,0,0,,0,,0,1.025,40.0,40.0,,
AAA,MLB,sa829681,Mike Baumann,Mike Baumann,/players/mike-baumann/20206/stats/pitching,20206,P,25.0,,,,2021,40,225,"6' 4""",,,18,,Jacksonville,,,,,,,50 / 55,55 / 60,40 / 45,40 / 45,,,40 / 45,2018,0,,17077,18,Mike,Baumann,RHP,22,BAL,2018,2018 Report,20206,0,,0,18,40,0,2021,3rd rd 2017,,76,225,R,R,Jacksonville,,,,,,,,,,,,,,,50.0,55.0,55.0,60.0,40.0,45.0,,,40.0,45.0,0,0,,0,,0,2.072,40.0,45.0,,
,MLB,sa738453,Joe Palumbo,Joseph Palumbo,/players/joseph-palumbo/17035/stats/pitching,17035,P,-1.0,,,,2020,40,168,"6' 1""",,,18,,St. John The Baptist HS (NY),,,,,,,60 / 60,,55 / 60,40 / 45,,,40 / 45,2018,0,,17338,18,Joe,Palumbo,LHP,23,TEX,2018,2018 Report,17035,0,,0,18,40,0,2020,30th rd 2014,,73,168,L,L,St. John The Baptist HS (NY),,,,,,,,,,,,,,,60.0,60.0,,,55.0,60.0,,,40.0,45.0,0,0,,0,,1,1.130,40.0,45.0,,
,A+,sa872825,Roniel Raudes,Roniel Raudes,/players/roniel-raudes/sa872825/stats/pitching,sa872825,P,-1.0,,,,2020,40,160,"6' 1""",,,18,,Nicaragua,,,,,,,40 / 45,,45 / 50,55 / 60,,,45 / 60,2018,0,,17097,18,Roniel,Raudes,RHP,20,BOS,2018,2018 Report,sa872825,0,,0,18,40,0,2020,J2 2014,,73,160,R,R,Nicaragua,,,,,,,,,,,,,,,40.0,45.0,,,45.0,50.0,,,45.0,60.0,0,0,,0,,R5,,55.0,60.0,,
,AA,sa657398,Osvaldo Abreu,Osvaldo Abreu,/players/osvaldo-abreu/sa657398/stats/batting,sa657398,SS,-1.0,,,,2019,40,170,"6' 0""",,,18,,Dominican Republic,35 / 40,20 / 30,40 / 40,55 / 55,45 / 50,60 / 60,,,,,,,,2018,0,,17616,18,Osvaldo,Abreu,UTIL,23,WSN,2018,2018 Report,sa657398,0,,0,18,40,0,2019,J2 2011,,72,170,R,R,Dominican Republic,,,35.0,40.0,20.0,30.0,40.0,40.0,55.0,55.0,45.0,50.0,60.0,60.0,,,,,,,,,,,0,0,,0,,R5,,,,,
AAA,MLB,sa829749,Riley Adams,Riley Adams,/players/riley-adams/19864/stats/batting,19864,C,24.0,,,,2021,40,225,"6' 4""",,,18,,San Diego,30 / 40,30 / 50,60 / 60,30 / 30,30 / 45,45 / 55,,,,,,,,2018,0,,17365,18,Riley,Adams,C,21,TOR,2018,2018 Report,19864,0,,0,18,40,0,2021,3rd rd 2017,,76,225,R,R,San Diego,,vs1YnFvXjvA,30.0,40.0,30.0,50.0,60.0,60.0,30.0,30.0,30.0,45.0,45.0,55.0,,,,,,,,,,,0,0,,0,,0,3.171,,,,
,MLB,sa736915,Luis Alexander Basabe,Luis Alexander Basabe,/players/luis-alexander-basabe/17839/stats/batting,17839,OF,-1.0,,,,2020,40,170,"6' 0""",,,18,,Venezuela,25 / 40,30 / 50,45 / 50,60 / 60,40 / 50,60 / 60,,,,,,,,2018,0,,17116,18,Luis Alexander,Basabe,CF,20,CHW,2018,2018 Report,17839,0,,0,18,40,0,2020,J2 2012,,72,170,S,R,Venezuela,,,25.0,40.0,30.0,50.0,45.0,50.0,60.0,60.0,40.0,50.0,60.0,60.0,,,,,,,,,,,0,0,,0,,0,0.058,,,,
MLB,MLB,sa657965,Jamie Callahan,Jamie Callahan,/players/jamie-callahan/14711/stats/pitching,14711,P,30.0,,,,2018,40,230,"6' 2""",,,18,,Dillon HS (SC),,,,,,,60 / 60,55 / 55,,50 / 55,,,30 / 40,2018,0,,17634,18,Jamie,Callahan,RHP,23,NYM,2018,2018 Report,14711,0,,0,18,40,0,2018,2nd rd 2012,,74,230,R,R,Dillon HS (SC),,,,,,,,,,,,,,,60.0,60.0,55.0,55.0,,,,,30.0,40.0,0,0,,0,,2,0.030,50.0,55.0,,
AAA,MLB,sa872084,Wei-Chieh Huang,Wei-Chieh Huang,/players/wei-chieh-huang/17508/stats/pitching,17508,P,27.0,,,,2019,40,170,"6' 1""",,,18,,Taiwan,,,,,,,50 / 50,,40 / 45,60 / 60,,,40 / 45,2018,0,,17387,18,Wei-Chieh,Huang,RHP,24,ARI,2018,2018 Report,17508,0,,0,18,40,0,2019,J2 2014,,73,170,R,R,Taiwan,,,,,,,,,,,,,,,50.0,50.0,,,40.0,45.0,,,40.0,45.0,0,0,,0,,2,0.019,60.0,60.0,,
,MLB,sa3004923,Spencer Howard,Spencer Howard,/players/spencer-howard/23252/stats/pitching,23252,P,-1.0,,,,2020,40,205,"6' 3""",,,18,,Cal Poly,,,,,,,60 / 60,45 / 50,,45 / 50,,,40 / 50,2018,0,,17652,18,Spencer,Howard,RHP,21,PHI,2018,2018 Report,23252,0,,0,18,40,0,2020,2nd rd 2017,,75,205,R,R,Cal Poly,,,,,,,,,,,,,,,60.0,60.0,45.0,50.0,,,,,40.0,50.0,0,0,,0,,0,3.002,45.0,50.0,,
MLB,MLB,sa828881,Sam Hentges,Sam Hentges,/players/sam-hentges/18548/stats/pitching,18548,P,30.0,,,,2021,40,245,"6' 6""",,,18,,Mounds View HS (MN),,,,,,,55 / 60,,55 / 60,40 / 50,,,40 / 45,2018,0,,17141,18,Sam,Hentges,LHP,21,CLE,2018,2018 Report,18548,0,,0,18,40,0,2021,4th rd 2014,,78,245,L,L,Mounds View HS (MN),,,,,,,,,,,,,,,55.0,60.0,,,55.0,60.0,,,40.0,45.0,0,0,,0,,0,4.157,40.0,50.0,,
AAA,MLB,sa830302,Ricardo Sánchez,Ricardo Sanchez,/players/ricardo-sanchez/17581/stats/pitching,17581,P,,,,,2020,45,170,"5' 11""",,,19,,Venezuela,,,,,,,45 / 50,,50 / 55,50 / 55,,,40 / 45,2018,0,,17411,19,Ricardo,Sanchez,LHP,19,ATL,2018,2018 Report,17581,0,,0,19,45,0,2020,J2 2013,,71,170,L,L,Venezuela,,wzMiwKP5o3U,,,,,,,,,,,,,45.0,50.0,,,50.0,55.0,,,40.0,45.0,0,0,,0,,0,0.122,50.0,55.0,,
AAA,MLB,sa832015,Edward Olivares,Edward Olivares,/players/edward-olivares/19698/stats/batting,19698,OF,,,,,2021,45,186,"6' 2""",,,19,,Venezuela,30 / 45,20 / 50,55 / 60,55 / 55,45 / 50,60 / 60,,,,,,,,2018,0,,17730,19,Edward,Olivares,OF,22,SDP,2018,2018 Report,19698,0,,0,19,45,0,2021,J2 2014,,74,186,R,R,Venezuela,,,30.0,45.0,20.0,50.0,55.0,60.0,55.0,55.0,45.0,50.0,60.0,60.0,,,,,,,,,,,0,0,,0,,0,3.158,,,,
,AAA,sa874244,Garrett Whitley,Garrett Whitley,/players/garrett-whitley/sa874244/stats/batting,sa874244,OF,-1.0,,,,2021,45,200,"6' 0""",,,19,,Niskayuna HS (NY),20 / 40,20 / 50,55 / 60,60 / 60,40 / 50,55 / 55,,,,,,,,2018,0,,17305,19,Garrett,Whitley,OF,21,TBR,2018,2018 Report,sa874244,0,,0,19,45,0,2021,1st rd 2015,,72,200,R,R,Niskayuna HS (NY),,jqJa4iF01gE,20.0,40.0,20.0,50.0,55.0,60.0,60.0,60.0,40.0,50.0,55.0,55.0,,,,,,,,,,,0,0,,0,,R5,,,,,
CPX,AAA,sa736656,Gerson Moreno,Gerson Moreno,/players/gerson-moreno/sa736656/stats/pitching,sa736656,P,28.0,,,,2019,40,175,"6' 0""",,,19,,Dominican Republic,,,,,,,60 / 60,55 / 60,,45 / 55,,,30 / 40,2018,0,,17164,19,Gerson,Moreno,RHP,22,DET,2018,2018 Report,sa736656,0,,0,19,40,0,2019,J2 2012,,72,175,R,R,Dominican Republic,,,,,,,,,,,,,,,60.0,60.0,55.0,60.0,,,,,30.0,40.0,0,0,,0,,3,0.000,45.0,55.0,,
AA,MLB,sa3004258,Cal Mitchell,Calvin Mitchell,/players/calvin-mitchell/22169/stats/batting,22169,OF,,,,,2022,40,190,"6' 0""",,,19,,Rancho Bernardo HS (CA),20 / 50,20 / 45,50 / 55,40 / 40,40 / 50,40 / 40,,,,,,,,2018,0,,17679,19,Calvin,Mitchell,OF,18,PIT,2018,2018 Report,22169,0,,0,19,40,0,2022,2nd rd 2017,,72,190,L,L,Rancho Bernardo HS (CA),,yal8ZxNmuHI,20.0,50.0,20.0,45.0,50.0,55.0,40.0,40.0,40.0,50.0,40.0,40.0,,,,,,,,,,,0,0,,0,,1,0.100,,,,
,MLB,sa829190,Jason Vosler,Jason Vosler,/players/jason-vosler/16686/stats/batting,16686,1B/3B,-1.0,,,,2019,40,190,"6' 1""",,,19,,Northeastern,30 / 40,40 / 50,50 / 50,40 / 40,45 / 45,55 / 55,,,,,,,,2018,0,,17443,19,Jason,Vosler,3B,24,CHC,2018,2018 Report,16686,0,,0,19,40,0,2019,16th rd 2014,,73,190,L,R,Northeastern,,,30.0,40.0,40.0,50.0,50.0,50.0,40.0,40.0,45.0,45.0,55.0,55.0,,,,,,,,,,,0,0,,0,,0,0.156,,,,
,A+,sa828684,Chase Vallot,Chase Vallot,/players/chase-vallot/sa828684/stats/batting,sa828684,C,-1.0,,,,2021,40,230,"6' 0""",,,19,,St. Thomas Moore HS (LA),25 / 30,30 / 50,70 / 70,30 / 30,40 / 45,40 / 40,,,,,,,,2018,0,,17188,19,Chase,Vallot,1B,21,KCR,2018,2018 Report,sa828684,0,,0,19,40,0,2021,1st rd 2014,,72,230,R,R,St. Thomas Moore HS (LA),,,25.0,30.0,30.0,50.0,70.0,70.0,30.0,30.0,40.0,45.0,40.0,40.0,,,,,,,,,,,0,0,,0,,R5,,,,,
AAA,MLB,sa917940,Dylan Carlson,Dylan Carlson,/players/dylan-carlson/20126/stats/batting,20126,OF,26.0,,,,2020,40,215,"6' 3""",,,19,,Elk Grove HS (CA),20 / 40,20 / 50,50 / 60,45 / 40,40 / 50,50 / 55,,,,,,,,2018,0,,17707,19,Dylan,Carlson,OF,19,STL,2018,2018 Report,20126,0,,0,19,40,0,2020,1st rd 2016,,75,215,S,L,Elk Grove HS (CA),,,20.0,40.0,20.0,50.0,50.0,60.0,45.0,40.0,40.0,50.0,50.0,55.0,,,,,,,,,,,0,0,,0,,n/a,5.067,,,,
MLB,MLB,sa597058,Aristides Aquino,Aristides Aquino,/players/aristides-aquino/15482/stats/batting,15482,OF,,,,,2019,40,200,"6' 4""",,,19,,Dominican Republic,30 / 40,40 / 55,60 / 60,45 / 40,45 / 50,60 / 60,,,,,,,,2018,0,,17465,19,Aristides,Aquino,OF,23,CIN,2018,2018 Report,15482,0,,0,19,40,0,2019,J2 2010,,76,200,R,R,Dominican Republic,,alUGGntk5KI,30.0,40.0,40.0,55.0,60.0,60.0,45.0,40.0,45.0,50.0,60.0,60.0,,,,,,,,,,,0,0,,0,,0,3.003,,,,
,MLB,sa597983,Jake Cave,Jake Cave,/players/jake-cave/14477/stats/batting,14477,OF,-1.0,,,,2018,40,200,"6' 0""",,,19,,Kecoughtan HS (VA),40 / 45,45 / 50,55 / 55,55 / 55,45 / 45,50 / 50,,,,,,,,2018,0,,17212,19,Jake,Cave,CF,25,MIN,2018,2018 Report,14477,0,,0,19,40,0,2018,6th rd 2011,,72,200,L,L,Kecoughtan HS (VA),,,40.0,45.0,45.0,50.0,55.0,55.0,55.0,55.0,45.0,45.0,50.0,50.0,,,,,,,,,,,0,0,,0,,n/a,5.071,,,,
,,,Sam Howard,Sam Howard,,,,,,,,2018,40,170,"6' 3""",,,19,,Georgia Southern,,,,,,,40 / 40,45 / 50,,50 / 55,,,45 / 50,2018,0,,17490,19,Sam,Howard,LHP,25,COL,2018,2018 Report, sa602898,0,,0,19,40,0,2018,3rd rd 2014,,75,170,R,L,Georgia Southern,,,,,,,,,,,,,,,40.0,40.0,45.0,50.0,,,,,45.0,50.0,0,0,,0,,,,50.0,55.0,,
,MLB,sa881025,Dérmis Garcia,Dermis Garcia,/players/dermis-garcia/20926/stats/batting,20926,1B,-1.0,,,,2021,40,200,"6' 3""",,,19,,Dominican Republic,20 / 40,30 / 60,70 / 80,40 / 30,40 / 50,60 / 60,,,,,,,,2018,0,,17242,19,Dermis,Garcia,3B,20,NYY,2018,2018 Report,20926,0,,0,19,40,0,2021,J2 2014,,75,200,R,R,Dominican Republic,,d-BKTy1j3vI,20.0,40.0,30.0,60.0,70.0,80.0,40.0,30.0,40.0,50.0,60.0,60.0,,,,,,,,,,,0,0,,0,,2,0.069,,,,
MLB,MLB,sa857550,Zac Gallen,Zac Gallen,/players/zac-gallen/19291/stats/pitching,19291,P,15.0,,,,2019,40,185,"6' 1""",,,19,,North Carolina,,,,,,,50 / 50,,50 / 50,45 / 50,,45 / 50,50 / 55,2018,0,,17512,19,Zac,Gallen,RHP,22,MIA,2018,2018 Report,19291,0,,0,19,40,0,2019,3rd rd 2016,,73,185,R,R,North Carolina,,,,,,,,,,,,,,,50.0,50.0,,,50.0,50.0,,,50.0,55.0,0,0,,0,,n/a,6.100,45.0,50.0,45.0,50.0
A+,A+,sa827969,Kelvin Beltre,Kelvin Beltre,/players/kelvin-beltre/sa827969/stats/batting,sa827969,2B/3B,30.0,,,,2021,40,170,"5' 11""",,,19,,Dominican Republic,30 / 50,20 / 40,45 / 50,50 / 50,45 / 50,55 / 55,,,,,,,,2018,0,,17773,19,Kelvin,Beltre,3B,21,SFG,2018,2018 Report,sa827969,0,,0,19,40,0,2021,J2 2013,,71,170,R,R,Dominican Republic,,,30.0,50.0,20.0,40.0,45.0,50.0,50.0,50.0,45.0,50.0,55.0,55.0,,,,,,,,,,,0,0,,0,,R5,,,,,
,MLB,sa596834,Renato Núñez,Renato Nunez,/players/renato-nunez/14503/stats/batting,14503,3B/DH,-1.0,,,,2018,40,220,"6' 1""",,,19,,Venezuela,40 / 45,45 / 50,60 / 60,40 / 40,40 / 40,60 / 60,,,,,,,,2018,0,,17269,19,Renato,Nunez,4C,23,OAK,2018,2018 Report,14503,0,,0,19,40,0,2018,J2 2010,,73,220,R,R,Venezuela,,8T0YQVKLXDg,40.0,45.0,45.0,50.0,60.0,60.0,40.0,40.0,40.0,40.0,60.0,60.0,,,,,,,,,,,0,0,,0,,0,3.024,,,,
,,,Joe Perez,Joe Perez,,,,,,,,2021,40,215,"6' 2""",,,19,,Archbishop McCarthy HS (FL),20 / 45,30 / 55,60 / 60,30 / 20,40 / 45,60 / 60,,,,,,,,2018,0,,17541,19,Joe,Perez,3B,18,HOU,2018,2018 Report,,0,,0,19,40,0,2021,2nd rd 2017,,74,215,R,R,Archbishop McCarthy HS (FL),,,20.0,45.0,30.0,55.0,60.0,60.0,30.0,20.0,40.0,45.0,60.0,60.0,,,,,,,,,,,0,0,,0,,,,,,,
,MLB,sa659066,Drew Jackson,Drew Jackson,/players/drew-jackson/17807/stats/batting,17807,OF,-1.0,,,,2019,40,200,"6' 2""",,,19,,Stanford,35 / 40,30 / 40,50 / 50,60 / 60,45 / 50,70 / 70,,,,,,,,2018,0,,17568,19,Drew,Jackson,SS,24,LAD,2018,2018 Report,17807,0,,0,19,40,0,2019,5th rd 2015,,74,200,R,R,Stanford,,,35.0,40.0,30.0,40.0,50.0,50.0,60.0,60.0,45.0,50.0,70.0,70.0,,,,,,,,,,,0,0,,0,,3,0.033,,,,
MLB,MLB,sa858832,Taylor Ward,Taylor Ward,/players/taylor-ward/17548/stats/batting,17548,OF,2.0,,,,2019,40,185,"6' 1""",,,19,,Fresno State,35 / 40,20 / 20,40 / 40,30 / 30,45 / 50,55 / 55,,,,,,,,2018,0,,17059,19,Taylor,Ward,C,24,LAA,2018,2018 Report,17548,0,,0,19,40,0,2019,1st rd 2015,,73,185,R,R,Fresno State,,,35.0,40.0,20.0,20.0,40.0,40.0,30.0,30.0,45.0,50.0,55.0,55.0,,,,,,,,,,,0,0,,0,,n/a,5.164,,,,
MLB,MLB,sa873980,Keegan Akin,Keegan Akin,/players/keegan-akin/19362/stats/pitching,19362,P,2.0,,,,2020,40,225,"6' 0""",,,19,,Western Michigan,,,,,,,50 / 50,45 / 50,,55 / 60,,,45 / 50,2018,0,,17078,19,Keegan,Akin,LHP,22,BAL,2018,2018 Report,19362,0,,0,19,40,0,2020,2nd rd 2016,,72,225,L,L,Western Michigan,,RKnbSobB0dk,,,,,,,,,,,,,50.0,50.0,45.0,50.0,,,,,45.0,50.0,0,0,,0,,n/a,5.083,55.0,60.0,,
AAA,MLB,sa737785,Taylor Williams,Taylor Williams,/players/taylor-williams/14899/stats/pitching,14899,P,,,,,2018,40,195,"5' 11""",,,19,,Kent State,,,,,,,60 / 60,60 / 60,,40 / 40,,,40 / 40,2018,0,,17590,19,Taylor,Williams,RHP,26,MIL,2018,2018 Report,14899,0,,0,19,40,0,2018,4th rd 2013,,71,195,B,R,Kent State,,FkFGHvdYEkQ,,,,,,,,,,,,,60.0,60.0,60.0,60.0,,,,,40.0,40.0,0,0,,0,,0,3.034,40.0,40.0,,
,MLB,sa737441,Phil Bickford,Phil Bickford,/players/phil-bickford/18519/stats/pitching,18519,P,-1.0,,,,2019,40,205,"6' 5""",,,19,,Southern Nevada JC,,,,,,,50 / 55,50 / 55,,40 / 45,,,40 / 50,2018,0,,17591,19,Phil,Bickford,RHP,22,MIL,2018,2018 Report,18519,0,,0,19,40,0,2019,1st rd 2015,,77,205,R,R,Southern Nevada JC,,7N1cwVuih9A,,,,,,,,,,,,,50.0,55.0,50.0,55.0,,,,,40.0,50.0,0,0,,0,,0,2.162,40.0,45.0,,
,MLB,sa660101,Carlos Tocci,Carlos Tocci,/players/carlos-tocci/14558/stats/batting,14558,OF,-1.0,,,,2018,40,160,"6' 2""",,,19,,Venezuela,45 / 50,20 / 30,30 / 30,60 / 60,50 / 55,60 / 60,,,,,,,,2018,0,,17339,19,Carlos,Tocci,CF,22,TEX,2018,2018 Report,14558,0,,0,19,40,0,2018,J2 2011,,74,160,R,R,Venezuela,,SYKLgRE_w2M,45.0,50.0,20.0,30.0,30.0,30.0,60.0,60.0,50.0,55.0,60.0,60.0,,,,,,,,,,,0,0,,0,,2,1.000,,,,
,MLB,sa827470,Bobby Poyner,Bobby Poyner,/players/bobby-poyner/17987/stats/pitching,17987,P,-1.0,,,,2018,40,205,"6' 0""",,,19,,Florida,,,,,,,50 / 50,,,55 / 60,,45 / 50,55 / 55,2018,0,,17098,19,Bobby,Poyner,LHP,25,BOS,2018,2018 Report,17987,0,,0,19,40,0,2018,14th rd 2015,,72,205,L,L,Florida,,,,,,,,,,,,,,,50.0,50.0,,,,,,,55.0,55.0,0,0,,0,,1,0.109,55.0,60.0,45.0,50.0
AA,AA,sa875002,Justin Maese,Justin Maese,/players/justin-maese/sa875002/stats/pitching,sa875002,P,,,,,2020,40,190,"6' 3""",,,19,,Yselta HS (TX),,,,,,,55 / 60,50 / 60,,40 / 45,,,45 / 55,2018,0,,17366,19,Justin,Maese,RHP,21,TOR,2018,2018 Report,sa875002,0,,0,19,40,0,2020,3rd rd 2015,,75,190,R,R,Yselta HS (TX),,,,,,,,,,,,,,,55.0,60.0,50.0,60.0,,,,,45.0,55.0,0,0,,0,,R5,,40.0,45.0,,
,AAA,sa737534,Ian Clarkin,Ian Clarkin,/players/ian-clarkin/sa737534/stats/pitching,sa737534,P,-1.0,,,,2019,40,215,"6' 2""",,,19,,Madison HS (CA),,,,,,,45 / 45,,60 / 60,50 / 55,,,45 / 50,2018,0,,17117,19,Ian,Clarkin,LHP,23,CHW,2018,2018 Report,sa737534,0,,0,19,40,0,2019,1st rd 2013,,74,215,L,L,Madison HS (CA),,,,,,,,,,,,,,,45.0,45.0,,,60.0,60.0,,,45.0,50.0,0,0,,0,,2,0.000,50.0,55.0,,
AAA,MLB,sa556870,Sócrates Brito,Socrates Brito,/players/socrates-brito/12944/stats/batting,12944,OF,,,,,2018,40,205,"6' 2""",,,19,,Dominican Republic,30 / 40,30 / 40,50 / 50,60 / 60,50 / 50,60 / 60,,,,,,,,2018,0,,17388,19,Socrates,Brito,CF,25,ARI,2018,2018 Report,12944,0,,0,19,40,0,2018,J2 2010,,74,205,L,L,Dominican Republic,,,30.0,40.0,30.0,40.0,50.0,50.0,60.0,60.0,50.0,50.0,60.0,60.0,,,,,,,,,,,0,0,,0,,0,1.123,,,,
CPX,MLB,sa3004581,Francisco Morales,Francisco Morales,/players/francisco-morales/22913/stats/pitching,22913,P,,,,,2022,40,185,"6' 4""",,,19,,Venezuela,,,,,,,55 / 60,50 / 60,,30 / 45,,,30 / 45,2018,0,,17653,19,Francisco,Morales,RHP,18,PHI,2018,2018 Report,22913,0,,0,19,40,0,2022,J2 2016,,76,185,R,R,Venezuela,,,,,,,,,,,,,,,55.0,60.0,50.0,60.0,,,,,30.0,45.0,0,0,,0,,1,0.009,30.0,45.0,,
,AA,sa3004776,Quentin Holmes,Quentin Holmes,/players/quentin-holmes/sa3004776/stats/batting,sa3004776,OF,-1.0,,,,2023,40,175,"6' 3""",,,19,,McClancy HS (NY),20 / 40,30 / 40,45 / 50,70 / 70,40 / 55,40 / 40,,,,,,,,2018,0,,17142,19,Quentin,Holmes,CF,18,CLE,2018,2018 Report,sa3004776,0,,0,19,40,0,2023,2nd rd 2016,,75,175,R,R,McClancy HS (NY),,uMA6Z9tYqqI,20.0,40.0,30.0,40.0,45.0,50.0,70.0,70.0,40.0,55.0,40.0,40.0,,,,,,,,,,,0,0,,0,,R5,,,,,
,MLB,sa738334,José De León,Jose De Leon,/players/jose-de-leon/15463/stats/pitching,15463,P,-1.0,,,,2018,45,220,"6' 2""",,,20,,Southern,,,,,,,50 / 55,45 / 45,50 / 50,60 / 60,,,50 / 60,2018,0,,17306,20,Jose,DeLeon,RHP,25,TBR,2018,2018 Report,15463,0,,0,20,45,0,2018,24th rd 2013,,74,220,R,R,Southern,,a7XOAwjfRJQ,,,,,,,,,,,,,50.0,55.0,45.0,45.0,50.0,50.0,,,50.0,60.0,0,0,,0,,0,3.063,60.0,60.0,,
,MLB,sa917931,Kyle Muller,Kyle Muller,/players/kyle-muller/20167/stats/pitching,20167,P,-1.0,,,,2021,40,215,"6' 6""",,,20,,Jesuit Prep HS (TX),,,,,,,45 / 55,50 / 55,,45 / 50,,,40 / 50,2018,0,,17412,20,Kyle,Muller,LHP,19,ATL,2018,2018 Report,20167,0,,0,20,40,0,2021,2nd rd 2016,,78,215,R,L,Jesuit Prep HS (TX),,,,,,,,,,,,,,,45.0,55.0,50.0,55.0,,,,,40.0,50.0,0,0,,0,,0,1.136,45.0,50.0,,
,MLB,sa657236,Victor Reyes,Victor Reyes,/players/victor-reyes/15487/stats/batting,15487,OF,-1.0,,,,2018,40,170,"6' 3""",,,20,,Venezuela,50 / 55,30 / 35,50 / 50,60 / 60,55 / 55,50 / 50,,,,,,,,2018,0,,17165,20,Victor,Reyes,OF,23,DET,2018,2018 Report,15487,0,,0,20,40,0,2018,J2 2011,,75,170,S,R,Venezuela,,,50.0,55.0,30.0,35.0,50.0,50.0,60.0,60.0,55.0,55.0,50.0,50.0,,,,,,,,,,,0,0,,0,,1,4.075,,,,
,MLB,sa738696,Will Craig,Will Craig,/players/will-craig/19267/stats/batting,19267,1B,-1.0,,,,2019,40,235,"6' 3""",,,20,,Wake Forest,40 / 55,30 / 40,55 / 55,30 / 30,40 / 45,60 / 60,,,,,,,,2018,0,,17680,20,Will,Craig,DH,22,PIT,2018,2018 Report,19267,0,,0,20,40,0,2019,1st rd 2016,,75,235,R,R,Wake Forest,,,40.0,55.0,30.0,40.0,55.0,55.0,30.0,30.0,40.0,45.0,60.0,60.0,,,,,,,,,,,0,0,,0,,2,0.042,,,,
,MLB,sa827207,Mark Zagunis,Mark Zagunis,/players/mark-zagunis/16565/stats/batting,16565,OF,-1.0,,,,2018,40,215,"6' 0""",,,20,,Virginia Tech,50 / 55,30 / 40,50 / 50,50 / 45,40 / 40,50 / 50,,,,,,,,2018,0,,17444,20,Mark,Zagunis,OF,24,CHC,2018,2018 Report,16565,0,,0,20,40,0,2018,3rd rd 2014,,72,215,R,R,Virginia Tech,,,50.0,55.0,30.0,40.0,50.0,50.0,50.0,45.0,40.0,40.0,50.0,50.0,,,,,,,,,,,0,0,,0,,0,0.103,,,,
A,A,sa915636,Evan Steele,Evan Steele,/players/james-steele/sa915636/stats/pitching,sa915636,P,7.0,,,,2020,40,210,"6' 5""",,,20,,Chipola JC (FL),,,,,,,50 / 50,45 / 50,,45 / 50,,,40 / 50,2018,0,,17189,20,Evan,Steele,LHP,21,KCR,2018,2018 Report,sa915636,0,,0,20,40,0,2020,2nd rd 2017,,77,210,R,L,Chipola JC (FL),,,,,,,,,,,,,,,50.0,50.0,45.0,50.0,,,,,40.0,50.0,0,0,,0,,R5,,45.0,50.0,,
,A+,sa828382,Wadye Infante,Wadye Infante,/players/wadye-ynfante/sa828382/stats/batting,sa828382,OF,-1.0,,,,2021,40,160,"6' 0""",,,20,,Dominican Republic,20 / 40,20 / 45,50 / 55,60 / 60,40 / 50,40 / 40,,,,,,,,2018,0,,17708,20,Wadye,Infante,OF,20,STL,2018,2018 Report,sa828382,0,,0,20,40,0,2021,J2 2013,,72,160,R,R,Dominican Republic,,,20.0,40.0,20.0,45.0,50.0,55.0,60.0,60.0,40.0,50.0,40.0,40.0,,,,,,,,,,,0,0,,0,,R5,,,,,
,AAA,sa709715,Jose Lopez,Jose Lopez,/players/jos-lpz/sa709715/stats/pitching,sa709715,P,-1.0,,,,2018,40,185,"6' 1""",,,20,,Seton Hall,,,,,,,50 / 50,50 / 50,50 / 50,40 / 50,,,50 / 55,2018,0,,17466,20,Jose,Lopez,RHP,24,CIN,2018,2018 Report,sa709715,0,,0,20,40,0,2018,6th rd 2014,,73,185,R,R,Seton Hall,,,,,,,,,,,,,,,50.0,50.0,50.0,50.0,50.0,50.0,,,50.0,55.0,0,0,,0,,,,40.0,50.0,,
MLB,MLB,sa737929,Zack Littell,Zack Littell,/players/zack-littell/15823/stats/pitching,15823,P,24.0,,,,2019,40,220,"6' 4""",,,20,,Eastern Alamance HS (NC),,,,,,,45 / 50,40 / 45,50 / 55,45 / 50,,,45 / 50,2018,0,,17213,20,Zack,Littell,RHP,22,MIN,2018,2018 Report,15823,0,,0,20,40,0,2019,11th rd 2013,,76,220,R,R,Eastern Alamance HS (NC),,,,,,,,,,,,,,,45.0,50.0,40.0,45.0,50.0,55.0,,,45.0,50.0,0,0,,0,,n/a,6.043,45.0,50.0,,
AA,AA,sa3004146,Jeisson Rosario,Jeisson Rosario,/players/jeisson-rosario/sa3004146/stats/batting,sa3004146,OF,10.0,,,,2022,40,170,"5' 11""",,,20,,Dominican Republic,25 / 60,30 / 50,45 / 50,55 / 55,40 / 50,55 / 60,,,,,,,,2018,0,,17731,20,Jeisson,Rosario,CF,18,SDP,2018,2018 Report,sa3004146,0,,0,20,40,0,2022,J2 2016,,71,170,L,L,Dominican Republic,,tz3B5XbWgMc,25.0,60.0,30.0,50.0,45.0,50.0,55.0,55.0,40.0,50.0,55.0,60.0,,,,,,,,,,,0,0,,0,,2,0.000,,,,
,AAA,sa3004242,Chad Spanberger,Chad Spanberger,/players/chad-spanberger/sa3004242/stats/batting,sa3004242,1B/OF,-1.0,,,,2021,40,235,"6' 3""",,,20,,Arkansas,30 / 45,40 / 55,70 / 70,40 / 40,40 / 45,50 / 50,,,,,,,,2018,0,,17491,20,Chad,Spanberger,1B,22,COL,2018,2018 Report,sa3004242,0,,0,20,40,0,2021,6th rd 2017,,75,235,L,R,Arkansas,,,30.0,45.0,40.0,55.0,70.0,70.0,40.0,40.0,40.0,45.0,50.0,50.0,,,,,,,,,,,0,0,,0,,R5,,,,,
,MLB,sa916944,Deivi García,Deivi Garcia,/players/deivi-garcia/20276/stats/pitching,20276,P,-1.0,,,,2021,40,163,"5' 10""",,,20,,Dominican Republic,,,,,,,55 / 60,,55 / 60,40 / 45,,,40 / 45,2018,0,,17243,20,Deivi,Garcia,RHP,18,NYY,2018,2018 Report,20276,0,,0,20,40,0,2021,J2 2015,,70,163,R,R,Dominican Republic,,,,,,,,,,,,,,,55.0,60.0,,,55.0,60.0,,,40.0,45.0,0,0,,0,,0,0.120,40.0,45.0,,
AAA,MLB,sa658203,Elieser Hernández,Elieser Hernandez,/players/elieser-hernandez/16933/stats/pitching,16933,P,16.0,,,,2018,40,210,"6' 0""",,,20,,Venezuela,,,,,,,60 / 60,45 / 50,,40 / 50,,,45 / 55,2018,0,,17513,20,Elieser,Hernandez,RHP,22,MIA,2018,2018 Report,16933,0,,0,20,40,0,2018,J2 2011,,72,210,R,R,Venezuela,,,,,,,,,,,,,,,60.0,60.0,45.0,50.0,,,,,45.0,55.0,0,0,,0,,n/a,5.082,40.0,50.0,,
MLB,MLB,sa916835,Camilo Doval,Camilo Doval,/players/camilo-doval/21992/stats/pitching,21992,P,9.0,,,,2022,40,185,"6' 2""",,,20,,Dominican Republic,,,,,,,55 / 60,45 / 50,,,,60 / 70,20 / 40,2018,0,,17774,20,Camilo,Doval,RHP,20,SFG,2018,2018 Report,21992,0,,0,20,40,0,2022,J2 2015,,74,185,R,R,Dominican Republic,,N5S-D2ZA5lQ,,,,,,,,,,,,,55.0,60.0,45.0,50.0,,,,,20.0,40.0,0,0,,0,,2,4.071,,,60.0,70.0
,AAA,sa875849,Dalton Sawyer,Dalton Sawyer,/players/dalton-sawyer/sa875849/stats/pitching,sa875849,P,-1.0,,,,2019,40,210,"6' 5""",,,20,,Minnesota,,,,,,,45 / 45,,50 / 50,55 / 60,,,45 / 55,2018,0,,17270,20,Dalton,Sawyer,LHP,24,OAK,2018,2018 Report,sa875849,0,,0,20,40,0,2019,9th rd 2016,,77,210,L,L,Minnesota,,BjwR7ALUOBo,,,,,,,,,,,,,45.0,45.0,,,50.0,50.0,,,45.0,55.0,0,0,,0,,R5,,55.0,60.0,,
,MLB,sa548119,Reymin Guduan,Reymin Guduan,/players/reymin-guduan/13058/stats/pitching,13058,P,-1.0,,,,2018,40,205,"6' 4""",,,20,,Dominican Republic,,,,,,,60 / 60,55 / 55,,,,,40 / 40,2018,0,,17542,20,Reymin,Guduan,LHP,25,HOU,2018,2018 Report,13058,0,,0,20,40,0,2018,J2 2009,,76,205,L,L,Dominican Republic,,,,,,,,,,,,,,,60.0,60.0,55.0,55.0,,,,,40.0,40.0,0,0,,0,,0,0.104,,,,
AAA,AAA,sa3004006,Robinson Ortiz,Robinson Ortiz,/players/robinson-ortiz/sa3004006/stats/pitching,sa3004006,P,11.0,,,,2023,40,180,"6' 0""",,,20,,Dominican Republic,,,,,,,45 / 50,,45 / 55,40 / 55,,,40 / 55,2018,0,,17569,20,Robinson,Ortiz,LHP,18,LAD,2018,2018 Report,sa3004006,0,,0,20,40,0,2023,J2 2016,,72,180,L,L,Dominican Republic,,LVLtXxDsi9A,,,,,,,,,,,,,45.0,50.0,,,45.0,55.0,,,40.0,55.0,0,0,,0,,3,0.000,40.0,55.0,,
,AA,sa830204,Jomar Reyes,Jomar Reyes,/players/jomar-reyes/sa830204/stats/batting,sa830204,3B,-1.0,,,,2020,40,220,"6' 3""",,,20,,Dominican Republic,20 / 40,30 / 55,60 / 70,40 / 30,30 / 40,70 / 70,,,,,,,,2018,0,,17079,20,Jomar,Reyes,3B,21,BAL,2018,2018 Report,sa830204,0,,0,20,40,0,2020,J2 2013,,75,220,R,R,Dominican Republic,,,20.0,40.0,30.0,55.0,60.0,70.0,40.0,30.0,30.0,40.0,70.0,70.0,,,,,,,,,,,0,0,,0,,R5,,,,,
,AAA,sa828685,Jake Gatewood,Jake Gatewood,/players/henry-gatewood/sa828685/stats/batting,sa828685,1B/3B,-1.0,,,,2020,40,215,"6' 5""",,,20,,Clovis HS (CA),20 / 30,30 / 50,70 / 80,40 / 30,45 / 55,55 / 55,,,,,,,,2018,0,,17592,20,Jake,Gatewood,1B,22,MIL,2018,2018 Report,sa828685,0,,0,20,40,0,2020,1st rd 2014,,77,215,R,R,Clovis HS (CA),,BaX6P5itaxI,20.0,30.0,30.0,50.0,70.0,80.0,40.0,30.0,45.0,55.0,55.0,55.0,,,,,,,,,,,0,0,,0,,R5,,,,,
AAA,MLB,sa827368,Jose Trevino,Jose Trevino,/players/jose-trevino/16725/stats/batting,16725,C,18.0,,,,2018,40,195,"5' 10""",,,20,,Oral Roberts,40 / 50,20 / 30,45 / 45,30 / 30,50 / 55,55 / 55,,,,,,,,2018,0,,17340,20,Jose,Trevino,C,25,TEX,2018,2018 Report,16725,0,,0,20,40,0,2018,6th rd 2014,,70,195,R,R,Oral Roberts,,,40.0,50.0,20.0,30.0,45.0,45.0,30.0,30.0,50.0,55.0,55.0,55.0,,,,,,,,,,,0,0,,0,,n/a,6.063,,,,
AAA,MLB,sa3004501,Hagen Danner,Hagen Danner,/players/hagen-danner/22116/stats/pitching,22116,P,18.0,,,,2023,40,185,"6' 2""",,,20,,Huntington Beach HS (CA),20 / 40,30 / 50,55 / 60,50 / 40,40 / 50,60 / 60,,,,,,,,2018,0,,17367,20,Hagen,Danner,C,19,TOR,2018,2018 Report,22116,0,,0,20,40,0,2023,2nd rd 2017,,74,185,R,R,Huntington Beach HS (CA),,zOSvxofwJBY,20.0,40.0,30.0,50.0,55.0,60.0,50.0,40.0,40.0,50.0,60.0,60.0,,,,,,,,,,,0,0,,0,,0,0.052,,,,
,AAA,sa828687,Spencer Adams,Spencer Adams,/players/spencer-adams/sa828687/stats/pitching,sa828687,P,-1.0,,,,2019,40,170,"6' 3""",,,20,,White County HS (GA),,,,,,,50 / 50,50 / 55,,45 / 50,,,45 / 55,2018,0,,17118,20,Spencer,Adams,RHP,21,CHW,2018,2018 Report,sa828687,0,,0,20,40,0,2019,2nd rd 2014,,75,170,R,R,White County HS (GA),,SNXhcruPtfQ,,,,,,,,,,,,,50.0,50.0,50.0,55.0,,,,,45.0,55.0,0,0,,0,,R5,,45.0,50.0,,
,MLB,sa737897,James Sherfy,Jimmie Sherfy,/players/jimmie-sherfy/15118/stats/pitching,15118,P,-1.0,,,,2018,40,175,"6' 0""",,,20,,Oregon,,,,,,,55 / 55,55 / 55,,,,,40 / 40,2018,0,,17389,20,Jimmie,Sherfy,RHP,26,ARI,2018,2018 Report,15118,0,,0,20,40,0,2018,10th rd 2013,,72,175,R,R,Oregon,,,,,,,,,,,,,,,55.0,55.0,55.0,55.0,,,,,40.0,40.0,0,0,,0,,0,1.060,,,,
,AAA,sa828246,Jose Taveras,Jose Taveras,/players/jos-taveras/sa828246/stats/pitching,sa828246,P,-1.0,,,,2018,40,210,"6' 4""",,,20,,Dominican Republic,,,,,,,50 / 50,45 / 45,,55 / 60,,,50 / 55,2018,0,,17654,20,Jose,Taveras,RHP,24,PHI,2018,2018 Report,sa828246,0,,0,20,40,0,2018,J2 2013,,76,210,R,R,Dominican Republic,,,,,,,,,,,,,,,50.0,50.0,45.0,45.0,,,,,50.0,55.0,0,0,,0,,3,0.000,55.0,60.0,,
,AA,sa913305,Logan Ice,Logan Ice,/players/logan-ice/sa913305/stats/batting,sa913305,C,-2.0,,,,2021,40,195,"5' 10""",,,20,,Oregon State,35 / 55,30 / 45,50 / 50,30 / 30,45 / 50,50 / 50,,,,,,,,2018,0,,17143,20,Logan,Ice,C,22,CLE,2018,2018 Report,sa913305,0,,0,20,40,0,2021,2nd rd 2016,,70,195,S,R,Oregon State,,YB29dANPeAY,35.0,55.0,30.0,45.0,50.0,50.0,30.0,30.0,45.0,50.0,50.0,50.0,,,,,,,,,,,0,0,,0,,R5,,,,,
AAA,AAA,sa829268,Drew Lugbauer,Drew Lugbauer,/players/drew-lugbauer/sa829268/stats/batting,sa829268,1B,,,,,2020,40,220,"6' 3""",,,21,,Michigan,20 / 45,30 / 55,60 / 60,35 / 30,35 / 45,55 / 55,,,,,,,,2018,0,,17413,21,Drew,Lugbauer,C,21,ATL,2018,2018 Report,sa829268,0,,0,21,40,0,2020,11th rd 2017,,75,220,L,R,Michigan,,,20.0,45.0,30.0,55.0,60.0,60.0,35.0,30.0,35.0,45.0,55.0,55.0,,,,,,,,,,,0,0,,0,,R5,,,,,
,A+,sa918552,Reynaldo Rivera,Reynaldo Rivera,/players/reynaldo-rivera/sa918552/stats/batting,sa918552,1B,-1.0,,,,2022,40,250,"6' 6""",,,21,,Chipola JC (FL),20 / 40,30 / 55,70 / 70,40 / 30,40 / 45,50 / 50,,,,,,,,2018,0,,17166,21,Reynaldo,Rivera,1B,20,DET,2018,2018 Report,sa918552,0,,0,21,40,0,2022,2nd rd 2017,,78,250,L,R,Chipola JC (FL),,,20.0,40.0,30.0,55.0,70.0,70.0,40.0,30.0,40.0,45.0,50.0,50.0,,,,,,,,,,,0,0,,0,,R5,,,,,
AAA,AAA,sa917950,Travis MacGregor,Travis MacGregor,/players/travis-macgregor/sa917950/stats/pitching,sa917950,P,9.0,,,,2021,40,180,"6' 3""",,,21,,East Lake HS (FL),,,,,,,45 / 55,,40 / 45,45 / 55,,,40 / 50,2018,0,,17681,21,Travis,MacGregor,RHP,20,PIT,2018,2018 Report,sa917950,0,,0,21,40,0,2021,2nd rd 2016,,75,180,R,R,East Lake HS (FL),,,,,,,,,,,,,,,45.0,55.0,,,40.0,45.0,,,40.0,50.0,0,0,,0,,R5,,45.0,55.0,,
MLB,MLB,sa874984,Bryan Hudson,Bryan Hudson,/players/bryan-hudson/19924/stats/pitching,19924,P,4.0,,,,2022,40,220,"6' 8""",,,21,,Alton HS (IL),,,,,,,45 / 50,,45 / 55,40 / 45,,,30 / 45,2018,0,,17445,21,Bryan,Hudson,LHP,20,CHC,2018,2018 Report,19924,0,,0,21,40,0,2022,3rd rd 2015,,80,220,L,L,Alton HS (IL),,,,,,,,,,,,,,,45.0,50.0,,,45.0,55.0,,,30.0,45.0,0,0,,0,,0,1.070,40.0,45.0,,
,MLB,sa738396,Heath Fillmyer,Heath Fillmyer,/players/heath-fillmyer/17466/stats/pitching,17466,P,-1.0,,,,2019,40,180,"6' 1""",,,21,,Mercer County JC (NJ),,,,,,,50 / 50,50 / 55,55 / 60,45 / 50,,,40 / 45,2018,0,,17190,21,Heath,Fillmyer,RHP,23,KCR,2018,2018 Report,17466,0,,0,21,40,0,2019,5th rd 2014,,73,180,R,R,Mercer County JC (NJ),,,,,,,,,,,,,,,50.0,50.0,50.0,55.0,55.0,60.0,,,40.0,45.0,0,0,,0,,1,0.155,45.0,50.0,,
,AAA,sa917935,Delvin Perez,Delvin Perez,/players/delvin-prez/sa917935/stats/batting,sa917935,SS,-1.0,,,,2021,40,170,"6' 3""",,,21,,Int'l Baseball Academy HS (PR),20 / 40,20 / 30,30 / 40,60 / 60,40 / 55,60 / 60,,,,,,,,2018,0,,17709,21,Delvin,Perez,SS,18,STL,2018,2018 Report,sa917935,0,,0,21,40,0,2021,1st rd 2016,,75,170,R,R,Int'l Baseball Academy HS (PR),,zoyhWdJpeQU,20.0,40.0,20.0,30.0,30.0,40.0,60.0,60.0,40.0,55.0,60.0,60.0,,,,,,,,,,,0,0,,0,,R5,,,,,
,AAA,sa922180,Alfredo Rodriguez,Alfredo Rodriguez,/players/alfredo-rodriguez/sa922180/stats/batting,sa922180,SS,-1.0,,,,2019,40,190,"6' 0""",,,21,,Cuba,30 / 40,20 / 30,40 / 40,50 / 50,50 / 50,55 / 55,,,,,,,,2018,0,,17467,21,Alfredo,Rodriguez,SS,23,CIN,2018,2018 Report,sa922180,0,,0,21,40,0,2019,J2 2016,,72,190,R,R,Cuba,,VVWuMkvxwiA,30.0,40.0,20.0,30.0,40.0,40.0,50.0,50.0,50.0,50.0,55.0,55.0,,,,,,,,,,,0,0,,0,,R5,,,,,
,A+,sa3005243,Landon Leach,Landon Leach,/players/landon-leach/sa3005243/stats/pitching,sa3005243,P,-1.0,,,,2023,40,220,"6' 4""",,,21,,Pickering HS (CAN),,,,,,,50 / 60,40 / 50,,40 / 50,,,40 / 50,2018,0,,17214,21,Landon,Leach,RHP,18,MIN,2018,2018 Report,sa3005243,0,,0,21,40,0,2023,2nd rd 2017,,76,220,R,R,Pickering HS (CAN),,,,,,,,,,,,,,,50.0,60.0,40.0,50.0,,,,,40.0,50.0,0,0,,0,,R5,,40.0,50.0,,
MLB,MLB,sa657984,Walker Lockett,Walker Lockett,/players/walker-lockett/13804/stats/pitching,13804,P,,,,,2018,40,225,"6' 5""",,,21,,Providence HS (FL),,,,,,,60 / 60,,50 / 55,50 / 55,,,,2018,0,,17732,21,Walter,Lockett,RHP,23,SDP,2018,2018 Report,13804,0,,0,21,40,0,2018,4th rd 2012,,77,225,R,R,Providence HS (FL),,,,,,,,,,,,,,,60.0,60.0,,,50.0,55.0,,,,,0,0,,0,,0,1.066,50.0,55.0,,
,MLB,sa657946,Tom Murphy,Tom Murphy,/players/tom-murphy/13499/stats/batting,13499,C,-1.0,,,,2018,40,220,"6' 1""",,,21,,Buffalo,40 / 40,45 / 45,60 / 60,30 / 30,40 / 40,40 / 40,,,,,,,,2018,0,,17492,21,Tom,Murphy,1B,27,COL,2018,2018 Report,13499,0,,0,21,40,0,2018,3rd rd 2012,,73,220,R,R,Buffalo,,,40.0,40.0,45.0,45.0,60.0,60.0,30.0,30.0,40.0,40.0,40.0,40.0,,,,,,,,,,,0,0,,0,,n/a,8.092,,,,
,A,sa917988,Nolan Martinez,Nolan Martinez,/players/nolan-martinez/sa917988/stats/pitching,sa917988,P,-1.0,,,,2022,40,165,"6' 2""",,,21,,Culver City HS (CA),,,,,,,50 / 55,,50 / 55,40 / 50,,,40 / 50,2018,0,,17244,21,Nolan,Martinez,RHP,19,NYY,2018,2018 Report,sa917988,0,,0,21,40,0,2022,3rd rd 2016,,74,165,R,R,Culver City HS (CA),,,,,,,,,,,,,,,50.0,55.0,,,50.0,55.0,,,40.0,50.0,0,0,,0,,R5,,40.0,50.0,,
AAA,MLB,sa737833,Garrett Cooper,Garrett Cooper,/players/garrett-cooper/15279/stats/batting,15279,1B/DH,-1.0,,,,2018,40,230,"6' 6""",,,21,,Auburn,50 / 55,45 / 55,60 / 60,30 / 30,45 / 45,50 / 50,,,,,,,,2018,0,,17514,21,Garrett,Cooper,1B,27,MIA,2018,2018 Report,15279,0,,0,21,40,0,2018,6th rd 2013,,78,230,R,R,Auburn,,,50.0,55.0,45.0,55.0,60.0,60.0,30.0,30.0,45.0,45.0,50.0,50.0,,,,,,,,,,,0,0,,0,,n/a,6.131,,,,
,AAA,sa873314,Melvin Adon,Melvin Adon,/players/melvin-adn/sa873314/stats/pitching,sa873314,P,-1.0,,,,2020,40,235,"6' 3""",,,21,,Dominican Republic,,,,,,,70 / 70,45 / 50,,45 / 50,,,30 / 40,2018,0,,17775,21,Melvin,Adon,RHP,23,SFG,2018,2018 Report,sa873314,0,,0,21,40,0,2020,J2 2014,,75,235,R,R,Dominican Republic,,6ghLcOh-UlI,,,,,,,,,,,,,70.0,70.0,45.0,50.0,,,,,30.0,40.0,0,0,,0,,1,0.000,45.0,50.0,,
AAA,AAA,sa874212,Nolan Blackwood,Nolan Blackwood,/players/nolan-blackwood/sa874212/stats/pitching,sa874212,P,,,,,2019,40,185,"6' 5""",,,21,,Memphis,,,,,,,50 / 50,45 / 45,,50 / 55,,,45 / 50,2018,0,,17271,21,Nolan,Blackwood,RHP,22,OAK,2018,2018 Report,sa874212,0,,0,21,40,0,2019,14th rd 2016,,77,185,R,R,Memphis,,,,,,,,,,,,,,,50.0,50.0,45.0,45.0,,,,,45.0,50.0,0,0,,0,,R5,,50.0,55.0,,
,MLB,sa829001,Dean Deetz,Dean Deetz,/players/dean-deetz/16687/stats/pitching,16687,P,-1.0,,,,2018,40,195,"6' 1""",,,21,,NE Oklahoma A&M JC,,,,,,,60 / 60,,60 / 60,40 / 45,,,45 / 45,2018,0,,17543,21,Dean,Deetz,RHP,24,HOU,2018,2018 Report,16687,0,,0,21,40,0,2018,11th rd 2014,,73,195,R,R,NE Oklahoma A&M JC,,,,,,,,,,,,,,,60.0,60.0,,,60.0,60.0,,,45.0,45.0,0,0,,0,,1,0.027,40.0,45.0,,
AAA,MLB,sa872839,Diego Castillo,Diego Castillo,/players/diego-castillo/19906/stats/batting,19906,2B/SS,13.0,,,,2018,40,240,"6' 3""",,,21,,Dominican Republic,,,,,,,70 / 70,55 / 55,,40 / 45,,,40 / 45,2018,0,,17307,21,Diego,Castillo,RHP,24,TBR,2018,2018 Report,19906,0,,0,21,40,0,2018,J2 2013,,75,240,R,R,Dominican Republic,,,,,,,,,,,,,,,70.0,70.0,55.0,55.0,,,,,40.0,45.0,0,0,,0,,1,0.153,40.0,45.0,,
,MLB,sa546472,Breyvic Valera,Breyvic Valera,/players/breyvic-valera/12758/stats/batting,12758,2B/3B,-1.0,,,,2018,40,180,"5' 11""",,,21,,Venezuela,55 / 55,30 / 30,40 / 40,40 / 40,50 / 50,50 / 50,,,,,,,,2018,0,,17570,21,Breyvic,Valera,SS,26,LAD,2018,2018 Report,12758,0,,0,21,40,0,2018,J2 2009,,71,180,S,R,Venezuela,,,55.0,55.0,30.0,30.0,40.0,40.0,40.0,40.0,50.0,50.0,50.0,50.0,,,,,,,,,,,0,0,,0,,0,1.114,,,,
,AAA,sa828664,Kodi Medeiros,Kodi Medeiros,/players/kodi-medeiros/sa828664/stats/pitching,sa828664,P,-1.0,,,,2019,40,180,"6' 2""",,,21,,Waiakea HS (HI),,,,,,,50 / 55,55 / 60,,40 / 45,,,40 / 45,2018,0,,17593,21,Kodi,Medeiros,LHP,21,MIL,2018,2018 Report,sa828664,0,,0,21,40,0,2019,1st rd 2014,,74,180,L,L,Waiakea HS (HI),,hGafdvhuFRw,,,,,,,,,,,,,50.0,55.0,55.0,60.0,,,,,40.0,45.0,0,0,,0,,2,0.000,40.0,45.0,,
,AAA,sa915868,Matt Whatley,Matt Whatley,/players/matthew-whatley/sa915868/stats/batting,sa915868,C,-1.0,,,,2021,40,200,"5' 10""",,,21,,Oral Roberts,20 / 30,20 / 30,40 / 45,45 / 40,50 / 60,60 / 60,,,,,,,,2018,0,,17341,21,Matt,Whatley,C,22,TEX,2018,2018 Report,sa915868,0,,0,21,40,0,2021,3rd rd 2017,,70,200,R,R,Oral Roberts,,a_dkqhQUrqo,20.0,30.0,20.0,30.0,40.0,45.0,45.0,40.0,50.0,60.0,60.0,60.0,,,,,,,,,,,0,0,,0,,R5,,,,,
AAA,MLB,sa874174,Zach Jackson,Zach Jackson,/players/zach-jackson/19493/stats/pitching,19493,P,10.0,,,,2019,40,200,"6' 3""",,,21,,Arkansas,,,,,,,50 / 55,55 / 60,,45 / 50,,,30 / 40,2018,0,,17368,21,Zach,Jackson,RHP,23,TOR,2018,2018 Report,19493,0,,0,21,40,0,2019,3rd rd 2016,,75,200,R,R,Arkansas,,,,,,,,,,,,,,,50.0,55.0,55.0,60.0,,,,,30.0,40.0,0,0,,0,,3,2.000,45.0,50.0,,
AAA,MLB,sa737562,Tyler Danish,Tyler Danish,/players/tyler-danish/15126/stats/pitching,15126,P,,,,,2017,40,205,"6' 0""",,,21,,Durant HS (FL),,,,,,,45 / 45,50 / 55,,50 / 55,,,45 / 50,2018,0,,17119,21,Tyler,Danish,RHP,22,CHW,2018,2018 Report,15126,0,,0,21,40,0,2017,2nd rd 2013,,72,205,R,R,Durant HS (FL),,1o5ab2_lh88,,,,,,,,,,,,,45.0,45.0,50.0,55.0,,,,,45.0,50.0,0,0,,0,,0,1.037,50.0,55.0,,
MLB,MLB,sa503826,Christian Walker,Christian Walker,/players/christian-walker/13419/stats/batting,13419,1B,21.0,,,,2018,40,220,"6' 0""",,,21,,South Carolina,45 / 50,55 / 55,70 / 70,40 / 40,45 / 45,50 / 50,,,,,,,,2018,0,,17390,21,Christian,Walker,1B,27,ARI,2018,2018 Report,13419,0,,0,21,40,0,2018,4th rd 2012,,72,220,R,R,South Carolina,,,45.0,50.0,55.0,55.0,70.0,70.0,40.0,40.0,45.0,45.0,50.0,50.0,,,,,,,,,,,0,0,,0,,n/a,7.124,,,,
,MLB,sa874778,Thomas Eshelman,Thomas Eshelman,/players/thomas-eshelman/18361/stats/pitching,18361,P,-1.0,,,,2018,40,210,"6' 3""",,,21,,Cal State Fullerton,,,,,,,40 / 40,,40 / 40,45 / 50,,55 / 55,60 / 70,2018,0,,17655,21,Thomas,Eshelman,RHP,23,PHI,2018,2018 Report,18361,0,,0,21,40,0,2018,2nd rd 2015,,75,210,R,R,Cal State Fullerton,,D291QeiCx6U,,,,,,,,,,,,,40.0,40.0,,,40.0,40.0,,,60.0,70.0,0,0,,0,,2,1.086,45.0,50.0,55.0,55.0
,A,sa829838,Jesse Berardi,Jesse Berardi,/players/jesse-berardi/sa829838/stats/batting,sa829838,2B/3B/SS,-1.0,,,,2021,40,185,"5' 10""",,,21,,St. John's,35 / 50,20 / 40,40 / 40,45 / 45,45 / 50,55 / 55,,,,,,,,2018,0,,17144,21,Jesse,Berardi,SS,22,CLE,2018,2018 Report,sa829838,0,,0,21,40,0,2021,10th rd 2017,,70,185,L,R,St. John's,,dmzuUoLnOYI,35.0,50.0,20.0,40.0,40.0,40.0,45.0,45.0,45.0,50.0,55.0,55.0,,,,,,,,,,,0,0,,0,,,,,,,
,MLB,sa737533,Travis Demeritte,Travis Demeritte,/players/travis-demeritte/15958/stats/batting,15958,OF,-1.0,,,,2019,40,178,"6' 0""",,,22,,Winder Barrow HS (GA),20 / 30,45 / 55,60 / 60,45 / 45,50 / 55,50 / 50,,,,,,,,2018,0,,17414,22,Travis,Demeritte,2B,22,ATL,2018,2018 Report,15958,0,,0,22,40,0,2019,1st rd 2013,,72,178,R,R,Winder Barrow HS (GA),,YQjbmtOH1mU,20.0,30.0,45.0,55.0,60.0,60.0,45.0,45.0,50.0,55.0,50.0,50.0,,,,,,,,,,,0,0,,0,,1,1.018,,,,
,A,sa3004277,Sam McMillan,Sam McMillan,/players/samual-mcmillan/sa3004277/stats/batting,sa3004277,C,-2.0,,,,2023,40,195,"6' 1""",,,22,,Suwanee HS (FL),20 / 50,20 / 40,45 / 50,40 / 30,40 / 50,55 / 55,,,,,,,,2018,0,,17167,22,Sam,McMillan,C,19,DET,2018,2018 Report,sa3004277,0,,0,22,40,0,2023,5th rd 2017,,73,195,R,R,Suwanee HS (FL),,,20.0,50.0,20.0,40.0,45.0,50.0,40.0,30.0,40.0,50.0,55.0,55.0,,,,,,,,,,,0,0,,0,,R5,,,,,
,MLB,sa599297,Nick Burdi,Nick Burdi,/players/nick-burdi/16074/stats/pitching,16074,P,-2.0,,,,2018,40,220,"6' 5""",,,22,,Louisville,,,,,,,80 / 80,70 / 70,,,,,40 / 40,2018,0,,17682,22,Nick,Burdi,RHP,24,PIT,2018,2018 Report,16074,0,,0,22,40,0,2018,2nd rd 2014,,77,220,R,R,Louisville,,a4s7JnQDc9k,,,,,,,,,,,,,80.0,80.0,70.0,70.0,,,,,40.0,40.0,0,0,,0,,n/a,4.165,,,,
,AA,sa914203,Eddy Julio Martinez,Eddy Julio Martinez,/players/eddy-martinez/sa914203/stats/batting,sa914203,OF,-1.0,,,,2019,40,195,"6' 1""",,,22,,Cuba,30 / 45,30 / 40,50 / 50,50 / 50,45 / 50,60 / 60,,,,,,,,2018,0,,17446,22,Eddy Julio,Martinez,OF,22,CHC,2018,2018 Report,sa914203,0,,0,22,40,0,2019,J2 2015,,73,195,R,R,Cuba,,iYUBEpPUA-I,30.0,45.0,30.0,40.0,50.0,50.0,50.0,50.0,45.0,50.0,60.0,60.0,,,,,,,,,,,0,0,,0,,R5,,,,,
,MLB,sa597751,Bubba Starling,Bubba Starling,/players/bubba-starling/13356/stats/batting,13356,OF,-1.0,,,,2018,40,210,"6' 4""",,,22,,Garner-Edgerton HS (KS),35 / 35,40 / 40,55 / 55,60 / 60,55 / 55,60 / 60,,,,,,,,2018,0,,17191,22,Bubba,Starling,CF,25,KCR,2018,2018 Report,13356,0,,0,22,40,0,2018,1st rd 2011,,76,210,R,R,Garner-Edgerton HS (KS),,,35.0,35.0,40.0,40.0,55.0,55.0,60.0,60.0,55.0,55.0,60.0,60.0,,,,,,,,,,,0,0,,0,,0,1.147,,,,
-3,AAA,sa737568,Derian Gonzalez,Derian Gonzalez,/players/derian-gonzlez/sa737568/stats/pitching,sa737568,P,-3.0,,,,2019,40,190,"6' 3""",,,22,,Venezuela,,,,,,,50 / 55,45 / 50,,,45 / 50,,40 / 45,2018,0,,17710,22,Derian,Gonzalez,RHP,22,STL,2018,2018 Report,sa737568,0,,0,22,40,0,2019,J2 2012,,75,190,R,R,Venezuela,,,,,,,,,,,,,,,50.0,55.0,45.0,50.0,,,45.0,50.0,40.0,45.0,0,0,,0,,2,0.000,,,,
AA,AA,sa3004736,Jacob Heatherly,Jacob Heatherly,/players/jacob-heatherly/sa3004736/stats/pitching,sa3004736,P,4.0,,,,2021,40,208,"6' 2""",,,22,,Cullman HS (AL),,,,,,,45 / 45,,50 / 55,50 / 55,,,40 / 55,2018,0,,17468,22,Jacob,Heatherly,LHP,19,CIN,2018,2018 Report,sa3004736,0,,0,22,40,0,2021,3rd rd 2017,,74,208,L,L,Cullman HS (AL),,qx-Qznvt_5k,,,,,,,,,,,,,45.0,45.0,,,50.0,55.0,,,40.0,55.0,0,0,,0,,R5,,50.0,55.0,,
,MLB,sa599322,John Curtiss,John Curtiss,/players/john-curtiss/16128/stats/pitching,16128,P,-1.0,,,,2018,40,200,"6' 4""",,,22,,Texas,,,,,,,60 / 60,,55 / 60,,,,40 / 45,2018,0,,17215,22,John,Curtiss,RHP,25,MIN,2018,2018 Report,16128,0,,0,22,40,0,2018,6th rd 2014,,76,200,R,R,Texas,,,,,,,,,,,,,,,60.0,60.0,,,55.0,60.0,,,40.0,45.0,0,0,,0,,0,4.078,,,,
AAA,MLB,sa917969,Mason Thompson,Mason Thompson,/players/mason-thompson/21850/stats/pitching,21850,P,13.0,,,,2022,40,190,"6' 6""",,,22,,Round Rock HS (TX),,,,,,,50 / 60,,40 / 55,50 / 60,,,40 / 50,2018,0,,17733,22,Mason,Thompson,RHP,18,SDP,2018,2018 Report,21850,0,,0,22,40,0,2022,3rd rd 2016,,78,190,R,R,Round Rock HS (TX),,5vx6kj92i4I,,,,,,,,,,,,,50.0,60.0,,,40.0,55.0,,,40.0,50.0,0,0,,0,,0,4.022,50.0,60.0,,
,AAA,sa917068,Daniel Montano,Daniel Montano,/players/daniel-montano/sa917068/stats/batting,sa917068,OF,-1.0,,,,2022,40,175,"6' 1""",,,22,,Venezuela,20 / 50,20 / 45,40 / 55,50 / 55,40 / 50,40 / 45,,,,,,,,2018,0,,17493,22,Daniel,Montano,CF,19,COL,2018,2018 Report,sa917068,0,,0,22,40,0,2022,J2 2015,,73,175,L,R,Venezuela,,aUjJOahi6WI,20.0,50.0,20.0,45.0,40.0,55.0,50.0,55.0,40.0,50.0,40.0,45.0,,,,,,,,,,,0,0,,0,,R5,,,,,
MLB,MLB,sa454957,Kyle Higashioka,Kyle Higashioka,/players/kyle-higashioka/5517/stats/batting,5517,C,13.0,,,,2018,40,200,"6' 1""",,,22,,Edison HS (CA),45 / 50,45 / 50,55 / 55,30 / 30,45 / 50,40 / 40,,,,,,,,2018,0,,17245,22,Kyle,Higashioka,C,27,NYY,2018,2018 Report,5517,0,,0,22,40,0,2018,7th rd 2008,,73,200,R,R,Edison HS (CA),,r2_yT76PrOg,45.0,50.0,45.0,50.0,55.0,55.0,30.0,30.0,45.0,50.0,40.0,40.0,,,,,,,,,,,0,0,,0,,n/a,7.005,,,,
,MLB,sa829040,Jordan Yamamoto,Jordan Yamamoto,/players/jordan-yamamoto/17585/stats/pitching,17585,P,-1.0,,,,2020,40,185,"6' 0""",,,22,,St. Louis HS (HI),,,,,,,50 / 55,,55 / 60,40 / 45,,,40 / 45,2018,0,,17515,22,Jordan,Yamamoto,RHP,21,MIA,2018,2018 Report,17585,0,,0,22,40,0,2020,12th rd 2014,,72,185,R,R,St. Louis HS (HI),,,,,,,,,,,,,,,50.0,55.0,,,55.0,60.0,,,40.0,45.0,0,0,,0,,1,1.104,40.0,45.0,,
MLB,MLB,sa828873,Logan Webb,Logan Webb,/players/logan-webb/17995/stats/pitching,17995,P,30.0,,,,2020,40,220,"6' 2""",,,22,,Rocklin HS (CA),,,,,,,55 / 55,50 / 55,,45 / 50,,,30 / 40,2018,0,,17776,22,Logan,Webb,RHP,21,SFG,2018,2018 Report,17995,0,,0,22,40,0,2020,4th rd 2014,,74,220,R,R,Rocklin HS (CA),,,,,,,,,,,,,,,55.0,55.0,50.0,55.0,,,,,30.0,40.0,0,0,,0,,n/a,6.044,45.0,50.0,,
,AAA,sa3003109,Luis Miguel Romero,Luis Miguel Romero,/players/luis-romero/sa3003109/stats/pitching,sa3003109,P,-1.0,,,,2019,40,180,"6' 2""",,,22,,Cuba,,,,,,,55 / 55,55 / 60,,50 / 55,,,45 / 50,2018,0,,17272,22,Luis Miguel,Romero,RHP,23,OAK,2018,2018 Report,sa3003109,0,,0,22,40,0,2019,J2 2016,,74,180,R,R,Cuba,,hUWwQN8G2Js,,,,,,,,,,,,,55.0,55.0,55.0,60.0,,,,,45.0,50.0,0,0,,0,,2,0.013,50.0,55.0,,
AAA,MLB,sa918020,Abraham Toro,Abraham Toro,/players/abraham-toro/19844/stats/batting,19844,2B/3B,7.0,,,,2021,40,190,"6' 1""",,,22,,Seminole State JC (OK),30 / 45,30 / 50,50 / 50,50 / 40,45 / 50,70 / 70,,,,,,,,2018,0,,17544,22,Abraham,Toro-Hernandez,3B,21,HOU,2018,2018 Report,19844,0,,0,22,40,0,2021,5th rd 2016,,73,190,S,R,Seminole State JC (OK),,,30.0,45.0,30.0,50.0,50.0,50.0,50.0,40.0,45.0,50.0,70.0,70.0,,,,,,,,,,,0,0,,0,,0,4.106,,,,
,MLB,sa735855,Yonny Chirinos,Yonny Chirinos,/players/yonny-chirinos/16401/stats/pitching,16401,P,-1.0,,,,2018,40,210,"6' 2""",,,22,,Venezuela,,,,,,,50 / 50,55 / 55,,45 / 50,,,50 / 55,2018,0,,17308,22,Yonny,Chirinos,RHP,24,TBR,2018,2018 Report,16401,0,,0,22,40,0,2018,J2 2011,,74,210,R,R,Venezuela,,,,,,,,,,,,,,,50.0,50.0,55.0,55.0,,,,,50.0,55.0,0,0,,0,,n/a,5.151,45.0,50.0,,
AAA,MLB,sa829638,Devin Smeltzer,Devin Smeltzer,/players/devin-smeltzer/19487/stats/pitching,19487,P,,,,,2019,40,195,"6' 3""",,,22,,San Jacinto JC (TX),,,,,,,45 / 45,45 / 50,55 / 60,55 / 60,,,45 / 50,2018,0,,17571,22,Devin,Smezlter,LHP,22,LAD,2018,2018 Report,19487,0,,0,22,40,0,2019,5th rd 2016,,75,195,R,L,San Jacinto JC (TX),,sO68TM2v_iE,,,,,,,,,,,,,45.0,45.0,45.0,50.0,55.0,60.0,,,45.0,50.0,0,0,,0,,0,2.136,55.0,60.0,,
,AA,sa829382,K.J. Harrison,K.J. Harrison,/players/kainoa-harrison/sa829382/stats/batting,sa829382,1B,-1.0,,,,2020,40,208,"6' 0""",,,22,,Oregon State,25 / 40,30 / 50,55 / 60,30 / 30,30 / 45,45 / 50,,,,,,,,2018,0,,17594,22,K.J.,Harrison,C,21,MIL,2018,2018 Report,sa829382,0,,0,22,40,0,2020,3rd rd 2017,,72,208,R,R,Oregon State,,z-yadgX651I,25.0,40.0,30.0,50.0,55.0,60.0,30.0,30.0,30.0,45.0,45.0,50.0,,,,,,,,,,,0,0,,0,,R5,,,,,
AAA,MLB,sa550247,Connor Sadzeck,Connor Sadzeck,/players/connor-sadzeck/13483/stats/pitching,13483,P,,,,,2018,40,240,"6' 5""",,,22,,Howard JC (TX),,,,,,,60 / 60,55 / 55,50 / 50,40 / 45,,,40 / 45,2018,0,,17342,22,Connor,Sadzeck,RHP,26,TEX,2018,2018 Report,13483,0,,0,22,40,0,2018,11th rd 2011,,77,240,R,R,Howard JC (TX),,,,,,,,,,,,,,,60.0,60.0,55.0,55.0,50.0,50.0,,,40.0,45.0,0,0,,0,,0,1.031,40.0,45.0,,
,AAA,sa658929,Jon Harris,Jon Harris,/players/jonathan-harris/sa658929/stats/pitching,sa658929,P,-1.0,,,,2018,40,175,"6' 4""",,,22,,Missouri State,,,,,,,45 / 45,45 / 50,50 / 55,50 / 55,,,40 / 45,2018,0,,17369,22,Jon,Harris,RHP,24,TOR,2018,2018 Report,sa658929,0,,0,22,40,0,2018,1st rd 2015,,76,175,R,R,Missouri State,,hLuD_A3MpEk,,,,,,,,,,,,,45.0,45.0,45.0,50.0,50.0,55.0,,,40.0,45.0,0,0,,0,,R5,,50.0,55.0,,
,AAA,sa658576,Jameson Fisher,Jameson Fisher,/players/william-fisher/sa658576/stats/batting,sa658576,1B/OF,-1.0,,,,2019,40,200,"6' 2""",,,22,,Southeast Lousiana,40 / 55,30 / 45,45 / 45,45 / 40,40 / 50,40 / 40,,,,,,,,2018,0,,17120,22,Jameson,Fisher,LF,23,CHW,2018,2018 Report,sa658576,0,,0,22,40,0,2019,4th rd 2016,,74,200,L,R,Southeast Lousiana,,,40.0,55.0,30.0,45.0,45.0,45.0,45.0,40.0,40.0,50.0,40.0,40.0,,,,,,,,,,,0,0,,0,,R5,,,,,
AAA,AAA,sa917939,Andy Yerzy,Andy Yerzy,/players/andrew-yerzy/sa917939/stats/batting,sa917939,C/1B,28.0,,,,2022,40,215,"6' 3""",,,22,,York Mills Institute (Ontario),20 / 45,30 / 45,50 / 55,30 / 30,40 / 45,50 / 50,,,,,,,,2018,0,,17391,22,Andy,Yerzy,C,19,ARI,2018,2018 Report,sa917939,0,,0,22,40,0,2022,2nd rd 2016,,75,215,L,R,York Mills Institute (Ontario),,,20.0,45.0,30.0,45.0,50.0,55.0,30.0,30.0,40.0,45.0,50.0,50.0,,,,,,,,,,,0,0,,0,,R5,,,,,
MLB,MLB,sa659551,Ranger Suarez,Ranger Suarez,/players/ranger-suarez/17277/stats/pitching,17277,P,3.0,,,,2020,40,180,"6' 1""",,,22,,Venezuela,,,,,,,50 / 50,50 / 55,,40 / 50,,,45 / 55,2018,0,,17656,22,Ranger,Suarez,LHP,22,PHI,2018,2018 Report,17277,0,,0,22,40,0,2020,J2 2011,,73,180,L,L,Venezuela,,,,,,,,,,,,,,,50.0,50.0,50.0,55.0,,,,,45.0,55.0,0,0,,0,,n/a,6.112,40.0,50.0,,
,MLB,sa858804,Sam Haggerty,Sam Haggerty,/players/sam-haggerty/18054/stats/batting,18054,OF,-1.0,,,,2020,40,175,"5' 11""",,,22,,New Mexico,30 / 40,30 / 40,45 / 50,60 / 60,45 / 50,45 / 45,,,,,,,,2018,0,,17145,22,Sam,Haggerty,UTIL,23,CLE,2018,2018 Report,18054,0,,0,22,40,0,2020,24th rd 2015,,71,175,S,R,New Mexico,,,30.0,40.0,30.0,40.0,45.0,50.0,60.0,60.0,45.0,50.0,45.0,45.0,,,,,,,,,,,0,0,,0,,n/a,5.007,,,,
AA,MLB,sa737557,Dustin Peterson,Dustin Peterson,/players/dustin-peterson/15189/stats/batting,15189,OF,-1.0,,,,2018,40,185,"6' 2""",,,23,,Gilbert HS (AZ),45 / 50,45 / 50,55 / 55,50 / 45,45 / 50,40 / 40,,,,,,,,2018,0,,17415,23,Dustin,Peterson,LF,22,ATL,2018,2018 Report,15189,0,,0,23,40,0,2018,2nd rd 2013,,74,185,R,R,Gilbert HS (AZ),,3Adp3VBEEA8,45.0,50.0,45.0,50.0,55.0,55.0,50.0,45.0,45.0,50.0,40.0,40.0,,,,,,,,,,,0,0,,0,,1,0.035,,,,
AAA,MLB,sa827481,Spencer Turnbull,Spencer Turnbull,/players/spencer-turnbull/16207/stats/pitching,16207,P,,,,,2018,40,215,"6' 3""",,,23,,Alabama,,,,,,,60 / 60,55 / 55,45 / 45,50 / 50,,,40 / 40,2018,0,,17168,23,Spencer,Turnbull,RHP,25,DET,2018,2018 Report,16207,0,,0,23,40,0,2018,2nd rd 2014,,75,215,R,R,Alabama,,f_uHlgNXsp8,,,,,,,,,,,,,60.0,60.0,55.0,55.0,45.0,45.0,,,40.0,40.0,0,0,,0,,n/a,6.040,50.0,50.0,,
,MLB,sa549722,Dovydas Neverauskas,Dovydas Neverauskas,/players/dovydas-neverauskas/11604/stats/pitching,11604,P,-1.0,,,,2018,40,215,"6' 3""",,,23,,Lithuania,,,,,,,70 / 70,,50 / 55,,,45 / 45,45 / 45,2018,0,,17683,23,Dovydas,Neverauskas,RHP,24,PIT,2018,2018 Report,11604,0,,0,23,40,0,2018,J2 2009,,75,215,R,R,Lithuania,,,,,,,,,,,,,,,70.0,70.0,,,50.0,55.0,,,45.0,45.0,0,0,,0,,0,1.170,,,45.0,45.0
,AAA,sa876284,Daniel Tillo,Daniel Tillo,/players/daniel-tillo/sa876284/stats/pitching,sa876284,P,-1.0,,,,2021,40,215,"6' 5""",,,23,,Iowa Western JC,,,,,,,50 / 55,50 / 55,,40 / 50,,,40 / 50,2018,0,,17192,23,Daniel,Tillo,LHP,21,KCR,2018,2018 Report,sa876284,0,,0,23,40,0,2021,3rd rd 2017,,77,215,L,L,Iowa Western JC,,,,,,,,,,,,,,,50.0,55.0,50.0,55.0,,,,,40.0,50.0,0,0,,0,,2,0.099,40.0,50.0,,
,AAA,sa738697,Connor Jones,Connor Jones,/players/connor-jones/sa738697/stats/pitching,sa738697,P,-1.0,,,,2019,40,215,"6' 3""",,,23,,Virginia,,,,,,,50 / 50,45 / 45,,50 / 55,,,40 / 45,2018,0,,17711,23,Connor,Jones,RHP,23,STL,2018,2018 Report,sa738697,0,,0,23,40,0,2019,2nd rd 2016,,75,215,R,R,Virginia,,,,,,,,,,,,,,,50.0,50.0,45.0,45.0,,,,,40.0,45.0,0,0,,0,,R5,,50.0,55.0,,
,AAA,sa917055,Miguel Hernandez,Miguel Hernandez,/players/miguel-hernandez/sa917055/stats/batting,sa917055,SS,-1.0,,,,2023,40,170,"6' 0""",,,23,,Venezuela,20 / 50,20 / 30,20 / 40,55 / 60,40 / 55,60 / 60,,,,,,,,2018,0,,17469,23,Miguel,Hernandez,SS,18,CIN,2018,2018 Report,sa917055,0,,0,23,40,0,2023,J2 2015,,72,170,R,R,Venezuela,,n6Hc7GlV8mA,20.0,50.0,20.0,30.0,20.0,40.0,55.0,60.0,40.0,55.0,60.0,60.0,,,,,,,,,,,0,0,,0,,R5,,,,,
,MLB,sa658468,Gabriel Moya,Gabriel Moya,/players/gabriel-moya/16348/stats/pitching,16348,P,-1.0,,,,2018,40,175,"6' 0""",,,23,,Venezuela,,,,,,,50 / 50,30 / 30,50 / 50,60 / 60,,,50 / 50,2018,0,,17216,23,Gabriel,Moya,LHP,23,MIN,2018,2018 Report,16348,0,,0,23,40,0,2018,J2 2011,,72,175,L,L,Venezuela,,,,,,,,,,,,,,,50.0,50.0,30.0,30.0,50.0,50.0,,,50.0,50.0,0,0,,0,,1,0.139,60.0,60.0,,
AAA,AAA,sa3004153,Blake Hunt,Blake Hunt,/players/blake-hunt/sa3004153/stats/batting,sa3004153,C,29.0,,,,2022,40,185,"6' 3""",,,23,,Mater Dei HS (CA),20 / 50,20 / 45,55 / 60,40 / 30,40 / 55,55 / 55,,,,,,,,2018,0,,17734,23,Blake,Hunt,C,19,SDP,2018,2018 Report,sa3004153,0,,0,23,40,0,2022,2nd rd 2017,,75,185,R,R,Mater Dei HS (CA),,,20.0,50.0,20.0,45.0,55.0,60.0,40.0,30.0,40.0,55.0,55.0,55.0,,,,,,,,,,,0,0,,0,,1,0.002,,,,
,MLB,sa708447,Mike Ford,Mike Ford,/players/mike-ford/15585/stats/batting,15585,1B/DH,-1.0,,,,2019,40,225,"6' 0""",,,23,,Princeton,45 / 50,45 / 55,55 / 55,30 / 30,50 / 50,55 / 55,,,,,,,,2018,0,,17246,23,Mike,Ford,1B,25,NYY,2018,2018 Report,15585,0,,0,23,40,0,2019,Undrafted 2013,,72,225,L,R,Princeton,,,45.0,50.0,45.0,55.0,55.0,55.0,30.0,30.0,50.0,50.0,55.0,55.0,,,,,,,,,,,0,0,,0,,0,3.032,,,,
,AAA,sa915685,Colton Hock,Colton Hock,/players/colton-hock/sa915685/stats/pitching,sa915685,P,-1.0,,,,2020,40,220,"6' 4""",,,23,,Stanford,,,,,,,55 / 55,,55 / 60,40 / 45,,,40 / 45,2018,0,,17516,23,Colton,Hock,RHP,21,MIA,2018,2018 Report,sa915685,0,,0,23,40,0,2020,4th rd 2017,,76,220,R,R,Stanford,,KGJYwGxFMH4,,,,,,,,,,,,,55.0,55.0,,,55.0,60.0,,,40.0,45.0,0,0,,0,,R5,,40.0,45.0,,
MLB,MLB,sa708446,Kyle Finnegan,Kyle Finnegan,/players/kyle-finnegan/15009/stats/pitching,15009,P,6.0,,,,2018,40,175,"6' 2""",,,23,,Texas State,,,,,,,60 / 60,50 / 50,,50 / 55,,,40 / 40,2018,0,,17273,23,Kyle,Finnegan,RHP,26,OAK,2018,2018 Report,15009,0,,0,23,40,0,2018,6th rd 2013,,74,175,R,R,Texas State,,,,,,,,,,,,,,,60.0,60.0,50.0,50.0,,,,,40.0,40.0,0,0,,0,,n/a,6.000,50.0,55.0,,
AAA,MLB,sa873674,Ronnie Dawson,Ronnie Dawson,/players/ronnie-dawson/19710/stats/batting,19710,DH,,,,,2020,40,225,"6' 2""",,,23,,Ohio State,30 / 40,40 / 50,60 / 60,55 / 55,30 / 40,40 / 40,,,,,,,,2018,0,,17545,23,Ronnie,Dawson,OF,22,HOU,2018,2018 Report,19710,0,,0,23,40,0,2020,2nd rd 2016,,74,225,L,R,Ohio State,,,30.0,40.0,40.0,50.0,60.0,60.0,55.0,55.0,30.0,40.0,40.0,40.0,,,,,,,,,,,0,0,,0,,2,0.012,,,,
AAA,MLB,sa3005024,Michael Mercado,Michael Mercado,/players/michael-mercado/23223/stats/pitching,23223,P,26.0,,,,2022,40,160,"6' 4""",,,23,,Westview HS (CA),,,,,,,45 / 55,30 / 40,45 / 55,40 / 50,,,30 / 50,2018,0,,17309,23,Michael,Mercado,RHP,18,TBR,2018,2018 Report,23223,0,,0,23,40,0,2022,2nd rd 2017,,76,160,R,R,Westview HS (CA),,,,,,,,,,,,,,,45.0,55.0,30.0,40.0,45.0,55.0,,,30.0,50.0,0,0,,0,,1,0.043,40.0,50.0,,
,MLB,sa507017,Ariel Hernández,Ariel Hernandez,/players/ariel-hernandez/15603/stats/pitching,15603,P,-1.0,,,,2017,40,230,"6' 4""",,,23,,Dominican Republic,,,,,,,70 / 70,,65 / 70,45 / 55,,,30 / 35,2018,0,,17572,23,Ariel,Hernandez,RHP,25,LAD,2018,2018 Report,15603,0,,0,23,40,0,2017,J2 2008,,76,230,R,R,Dominican Republic,,utwnDASP7so,,,,,,,,,,,,,70.0,70.0,,,65.0,70.0,,,30.0,35.0,0,0,,0,,2,0.063,45.0,55.0,,
,MLB,sa597780,Jorge López,Jorge Lopez,/players/jorge-lopez/14527/stats/pitching,14527,P,-1.0,,,,2017,40,195,"6' 4""",,,23,,Caguas Military HS (PR),,,,,,,60 / 60,,55 / 55,50 / 50,,,35 / 40,2018,0,,17595,23,Jorge,Lopez,RHP,24,MIL,2018,2018 Report,14527,0,,0,23,40,0,2017,2nd rd 2011,,76,195,R,R,Caguas Military HS (PR),,yNFMO_99TMc,,,,,,,,,,,,,60.0,60.0,,,55.0,55.0,,,35.0,40.0,0,0,,0,,n/a,6.162,50.0,50.0,,
MLB,MLB,sa875646,Tyler Phillips,Tyler Phillips,/players/tyler-phillips/20629/stats/pitching,20629,P,20.0,,,,2022,40,200,"6' 5""",,,23,,Bishop Eustace HS (NJ),,,,,,,55 / 60,,50 / 55,50 / 60,,,30 / 45,2018,0,,17343,23,Tyler,Phillips,RHP,20,TEX,2018,2018 Report,20629,0,,0,23,40,0,2022,16th rd 2015,,77,200,R,R,Bishop Eustace HS (NJ),,,,,,,,,,,,,,,55.0,60.0,,,50.0,55.0,,,30.0,45.0,0,0,,0,,0,1.048,50.0,60.0,,
MLB,MLB,sa599349,Aaron Bummer,Aaron Bummer,/players/aaron-bummer/16258/stats/pitching,16258,P,17.0,,,,2018,40,200,"6' 3""",,,23,,Nebraska,,,,,,,60 / 60,50 / 50,,50 / 50,,,40 / 40,2018,0,,17121,23,Aaron,Bummer,LHP,24,CHW,2018,2018 Report,16258,0,,0,23,40,0,2018,19th rd 2014,,75,200,L,L,Nebraska,,,,,,,,,,,,,,,60.0,60.0,50.0,50.0,,,,,40.0,40.0,0,0,,0,,n/a,7.150,50.0,50.0,,
,MLB,sa597838,Michael Pérez,Michael Perez,/players/michael-perez/12977/stats/batting,12977,C,-1.0,,,,2019,40,180,"5' 11""",,,23,,Colegio Vocacional Para Adultos (PR),45 / 55,20 / 40,45 / 45,40 / 40,45 / 50,50 / 50,,,,,,,,2018,0,,17392,23,Michael,Perez,C,25,ARI,2018,2018 Report,12977,0,,0,23,40,0,2019,5th rd 2011,,71,180,R,R,Colegio Vocacional Para Adultos (PR),,,45.0,55.0,20.0,40.0,45.0,45.0,40.0,40.0,45.0,50.0,50.0,50.0,,,,,,,,,,,0,0,,0,,0,3.095,,,,
,MLB,sa657955,Dylan Cozens,Dylan Cozens,/players/dylan-cozens/15115/stats/batting,15115,OF,-1.0,,,,2018,40,235,"6' 6""",,,23,,Chaparral HS (AZ),30 / 40,50 / 60,70 / 70,40 / 30,40 / 45,45 / 45,,,,,,,,2018,0,,17657,23,Dylan,Cozens,OF,23,PHI,2018,2018 Report,15115,0,,0,23,40,0,2018,2nd rd 2012,,78,235,L,L,Chaparral HS (AZ),,5CGtPSHk7sY,30.0,40.0,50.0,60.0,70.0,70.0,40.0,30.0,40.0,45.0,45.0,45.0,,,,,,,,,,,0,0,,0,,1,0.082,,,,
,AA,sa658525,Josh Graham,Josh Graham,/players/joshua-graham/sa658525/stats/pitching,sa658525,P,-1.0,,,,2019,40,215,"6' 1""",,,24,,Oregon,,,,,,,50 / 55,50 / 60,,65 / 70,,,40 / 45,2018,0,,17416,24,Josh,Graham,RHP,24,ATL,2018,2018 Report,sa658525,0,,0,24,40,0,2019,4th rd 2015,,73,215,R,R,Oregon,,,,,,,,,,,,,,,50.0,55.0,50.0,60.0,,,,,40.0,45.0,0,0,,0,,R5,,65.0,70.0,,
,MLB,sa857601,Matt Hall,Matt Hall,/players/matt-hall/18076/stats/pitching,18076,P,-1.0,,,,2019,40,200,"6' 0""",,,24,,Missouri State,,,,,,,45 / 45,,,60 / 0,,,40 / 45,2018,0,,17169,24,Matt,Hall,LHP,24,DET,2018,2018 Report,18076,0,,0,24,40,0,2019,6th rd 2015,,72,200,L,L,Missouri State,,,,,,,,,,,,,,,45.0,45.0,,,,60.0,,,40.0,45.0,0,0,,0,,1,0.128,60.0,,,
MLB,MLB,sa830146,Edgar Santana,Edgar Santana,/players/edgar-santana/17355/stats/pitching,17355,P,,,,,2017,40,180,"6' 2""",,,24,,Dominican Republic,,,,,,,60 / 60,55 / 55,,,,,45 / 45,2018,0,,17684,24,Edgar,Santana,RHP,26,PIT,2018,2018 Report,17355,0,,0,24,40,0,2017,J2 2013,,74,180,R,R,Dominican Republic,,Uc7wqHibJLI,,,,,,,,,,,,,60.0,60.0,55.0,55.0,,,,,45.0,45.0,0,0,,0,,1,3.022,,,,
AAA,MLB,sa3004199,Carlos Hernández,Carlos Hernandez,/players/carlos-hernandez/22713/stats/pitching,22713,P,5.0,,,,2022,40,175,"6' 4""",,,24,,Venezuela,,,,,,,60 / 60,45 / 50,,50 / 55,,,40 / 45,2018,0,,17193,24,Carlos,Hernandez,RHP,21,KCR,2018,2018 Report,22713,0,,0,24,40,0,2022,J2 2016,,76,175,R,R,Venezuela,,,,,,,,,,,,,,,60.0,60.0,45.0,50.0,,,,,40.0,45.0,0,0,,0,,0,4.075,50.0,55.0,,
AAA,MLB,sa708965,Phillip Ervin,Phillip Ervin,/players/phillip-ervin/14738/stats/batting,14738,OF,,,,,2017,40,207,"5' 10""",,,24,,Samford,40 / 40,30 / 45,55 / 55,60 / 60,40 / 50,60 / 60,,,,,,,,2018,0,,17470,24,Phil,Ervin,OF,25,CIN,2018,2018 Report,14738,0,,0,24,40,0,2017,1st rd 2013,,70,207,R,R,Samford,,J78dtaU2134,40.0,40.0,30.0,45.0,55.0,55.0,60.0,60.0,40.0,50.0,60.0,60.0,,,,,,,,,,,0,0,,0,,0,2.118,,,,
AAA,AAA,sa829787,Andrew Bechtold,Andrew Bechtold,/players/andrew-bechtold/sa829787/stats/batting,sa829787,3B,26.0,,,,2022,40,185,"6' 1""",,,24,,Chipola JC (FL),35 / 50,30 / 45,50 / 50,45 / 40,45 / 50,55 / 55,,,,,,,,2018,0,,17217,24,Andrew,Bechtold,3B,21,MIN,2018,2018 Report,sa829787,0,,0,24,40,0,2022,5th rd 2017,,73,185,R,R,Chipola JC (FL),,,35.0,50.0,30.0,45.0,50.0,50.0,45.0,40.0,45.0,50.0,55.0,55.0,,,,,,,,,,,0,0,,0,,R5,,,,,
,AAA,sa3004148,Jordy Barley,Jordy Barley,/players/jordy-barley/sa3004148/stats/batting,sa3004148,SS,-1.0,,,,2023,40,160,"6' 0""",,,24,,Dominican Republic,20 / 40,20 / 50,50 / 55,60 / 55,40 / 45,55 / 55,,,,,,,,2018,0,,17735,24,Jordy,Barley,SS,18,SDP,2018,2018 Report,sa3004148,0,,0,24,40,0,2023,J2 2016,,72,160,R,R,Dominican Republic,,xHbnPwZEbjI,20.0,40.0,20.0,50.0,50.0,55.0,60.0,55.0,40.0,45.0,55.0,55.0,,,,,,,,,,,0,0,,0,,R5,,,,,
MLB,MLB,sa549178,Tyler Austin,Tyler Austin,/players/tyler-austin/11850/stats/batting,11850,1B,17.0,,,,2018,40,220,"6' 1""",,,24,,Heritage HS (GA),35 / 40,50 / 60,65 / 65,30 / 30,45 / 50,50 / 50,,,,,,,,2018,0,,17247,24,Tyler,Austin,OF,26,NYY,2018,2018 Report,11850,0,,0,24,40,0,2018,13th rd 2010,,73,220,R,R,Heritage HS (GA),,E1RunoMqdZs,35.0,40.0,50.0,60.0,65.0,65.0,30.0,30.0,45.0,50.0,50.0,50.0,,,,,,,,,,,0,0,,0,,0,2.151,,,,
,MLB,sa3005360,Joe Dunand,Joe Dunand,/players/joe-dunand/19727/stats/batting,19727,2B/3B,-1.0,,,,2021,40,205,"6' 2""",,,24,,North Carolina State,30 / 40,40 / 45,55 / 60,40 / 40,40 / 45,60 / 60,,,,,,,,2018,0,,17517,24,Joe,Dunand,3B,22,MIA,2018,2018 Report,19727,0,,0,24,40,0,2021,2nd rd 2017,,74,205,R,R,North Carolina State,,qgmZPFsFqyw,30.0,40.0,40.0,45.0,55.0,60.0,40.0,40.0,40.0,45.0,60.0,60.0,,,,,,,,,,,0,0,,0,,2,0.007,,,,
AAA,MLB,sa829488,J.J. Matijevic,J.J. Matijevic,/players/jj-matijevic/20165/stats/batting,20165,1B/DH,,,,,2021,40,206,"6' 0""",,,24,,Arizona,30 / 40,40 / 50,55 / 55,50 / 50,30 / 40,50 / 50,,,,,,,,2018,0,,17546,24,J.J.,Matijevic,1B/LF,22,HOU,2018,2018 Report,20165,0,,0,24,40,0,2021,2nd rd 2017,,72,206,L,R,Arizona,,,30.0,40.0,40.0,50.0,55.0,55.0,50.0,50.0,30.0,40.0,50.0,50.0,,,,,,,,,,,0,0,,0,,2,0.102,,,,
,A,sa917977,Austin Franklin,Austin Franklin,/players/austin-franklin/sa917977/stats/pitching,sa917977,P,-2.0,,,,2021,40,215,"6' 3""",,,24,,Paxton HS (FL),,,,,,,50 / 55,,50 / 55,40 / 50,,,40 / 50,2018,0,,17310,24,Austin,Franklin,RHP,20,TBR,2018,2018 Report,sa917977,0,,0,24,40,0,2021,3rd rd 2016,,75,215,R,R,Paxton HS (FL),,,,,,,,,,,,,,,50.0,55.0,,,50.0,55.0,,,40.0,50.0,0,0,,0,,R5,,40.0,50.0,,
,MLB,sa828871,Troy Stokes Jr.,Troy Stokes Jr.,/players/troy-stokes-jr/17478/stats/batting,17478,OF,-1.0,,,,2019,40,182,"5' 8""",,,24,,Calvert Hall HS (MD),30 / 45,40 / 45,55 / 55,55 / 55,45 / 50,40 / 40,,,,,,,,2018,0,,17596,24,Troy,Stokes,OF,21,MIL,2018,2018 Report,17478,0,,0,24,40,0,2019,4th rd 2014,,68,182,R,R,Calvert Hall HS (MD),,DX1Bu8kW3W8,30.0,45.0,40.0,45.0,55.0,55.0,55.0,55.0,45.0,50.0,40.0,40.0,,,,,,,,,,,0,0,,0,,2,0.144,,,,
,A+,sa918959,Jean Casanova,Jean Casanova,/players/jean-casanova/sa918959/stats/pitching,sa918959,P,-1.0,,,,2021,40,155,"6' 3""",,,24,,Waukegan HS (IL),,,,,,,50 / 55,,45 / 50,45 / 50,,,45 / 60,2018,0,,17344,24,Jean,Casanova,RHP,20,TEX,2018,2018 Report,sa918959,0,,0,24,40,0,2021,35th rd 2016,,75,155,R,R,Waukegan HS (IL),,CQ94KnqUGTY,,,,,,,,,,,,,50.0,55.0,,,45.0,50.0,,,45.0,60.0,0,0,,0,,,,45.0,50.0,,
AAA,AAA,sa875031,Jordan Stephens,Jordan Stephens,/players/jordan-stephens/sa875031/stats/pitching,sa875031,P,,,,,2019,40,185,"6' 1""",,,24,,Rice,,,,,,,55 / 55,50 / 50,55 / 60,40 / 45,,,45 / 50,2018,0,,17122,24,Jordan,Stephens,RHP,24,CHW,2018,2018 Report,sa875031,0,,0,24,40,0,2019,5th rd 2015,,73,185,R,R,Rice,,,,,,,,,,,,,,,55.0,55.0,50.0,50.0,55.0,60.0,,,45.0,50.0,0,0,,0,,3,0.000,40.0,45.0,,
AAA,MLB,sa658684,Cole Irvin,Cole Irvin,/players/cole-irvin/19244/stats/pitching,19244,P,22.0,,,,2019,40,180,"6' 4""",,,24,,Oregon,,,,,,,40 / 40,45 / 50,50 / 50,40 / 45,,,45 / 55,2018,0,,17658,24,Cole,Irvin,LHP,24,PHI,2018,2018 Report,19244,0,,0,24,40,0,2019,5th rd 2016,,76,180,L,L,Oregon,,Fgw5VhHvMyY,,,,,,,,,,,,,40.0,40.0,45.0,50.0,50.0,50.0,,,45.0,55.0,0,0,,0,,0,4.078,40.0,45.0,,
,MLB,sa598758,Jacob Lindgren,Jacob Lindgren,/players/jacob-lindgren/16215/stats/pitching,16215,P,-1.0,,,,2018,40,210,"5' 11""",,,25,,Mississippi State,,,,,,,55 / 60,60 / 65,,40 / 45,,,40 / 50,2018,0,,17417,25,Jacob,Lindgren,LHP,24,ATL,2018,2018 Report,16215,0,,0,25,40,0,2018,2nd rd 2014,,71,210,L,L,Mississippi State,,0pxjqMUQT2Y,,,,,,,,,,,,,55.0,60.0,60.0,65.0,,,,,40.0,50.0,0,0,,0,,1,2.134,40.0,45.0,,
,AAA,sa917989,Braeden Ogle,Braeden Ogle,/players/braeden-ogle/sa917989/stats/pitching,sa917989,P,-1.0,,,,2022,40,170,"6' 2""",,,25,,Jensen Beach HS (FL),,,,,,,55 / 60,,45 / 50,40 / 50,,,30 / 45,2018,0,,17685,25,Braeden,Ogle,LHP,20,PIT,2018,2018 Report,sa917989,0,,0,25,40,0,2022,4th rd 2016,,74,170,L,L,Jensen Beach HS (FL),,,,,,,,,,,,,,,55.0,60.0,,,45.0,50.0,,,30.0,45.0,0,0,,0,,R5,,40.0,50.0,,
,MLB,sa738505,Chris Okey,Chris Okey,/players/chris-okey/19245/stats/batting,19245,C,-1.0,,,,2019,40,200,"5' 11""",,,25,,Clemson,30 / 40,30 / 45,50 / 50,40 / 40,45 / 50,50 / 50,,,,,,,,2018,0,,17471,25,Chris,Okey,C,23,CIN,2018,2018 Report,19245,0,,0,25,40,0,2019,2nd rd 2016,,71,200,R,R,Clemson,,0OchJQB5jr4,30.0,40.0,30.0,45.0,50.0,50.0,40.0,40.0,45.0,50.0,50.0,50.0,,,,,,,,,,,0,0,,0,,2,0.033,,,,
,A+,sa3005099,Ryley Widell,Ryley Widell,/players/ryley-widell/sa3005099/stats/pitching,sa3005099,P,-1.0,,,,2022,40,180,"6' 3""",,,25,,Central Arizona JC,,,,,,,45 / 50,,50 / 55,50 / 55,,,40 / 50,2018,0,,17218,25,Ryley,Widell,LHP,20,MIN,2018,2018 Report,sa3005099,0,,0,25,40,0,2022,7th rd 2017,,75,180,L,L,Central Arizona JC,,,,,,,,,,,,,,,45.0,50.0,,,50.0,55.0,,,40.0,50.0,0,0,,0,,R5,,50.0,55.0,,
MLB,MLB,sa3004041,Luis Campusano,Luis Campusano,/players/luis-campusano/22217/stats/batting,22217,C,29.0,,,,2023,40,195,"6' 0""",,,25,,Cross Creek HS (GA),20 / 45,20 / 50,55 / 60,50 / 40,30 / 45,60 / 60,,,,,,,,2018,0,,17736,25,Luis,Campusano,C,19,SDP,2018,2018 Report,22217,0,,0,25,40,0,2023,1st rd 2017,,72,195,R,R,Cross Creek HS (GA),,,20.0,45.0,20.0,50.0,55.0,60.0,50.0,40.0,30.0,45.0,60.0,60.0,,,,,,,,,,,0,0,,0,,0,3.003,,,,
,MLB,sa738257,Ben Heller,Ben Heller,/players/ben-heller/15100/stats/pitching,15100,P,-1.0,,,,2018,40,205,"6' 3""",,,25,,Olivet Nazarene,,,,,,,60 / 60,50 / 55,,50 / 55,,,40 / 50,2018,0,,17248,25,Ben,Heller,RHP,26,NYY,2018,2018 Report,15100,0,,0,25,40,0,2018,22nd rd 2013,,75,205,R,R,Olivet Nazarene,,5wjaOjUsOY4,,,,,,,,,,,,,60.0,60.0,50.0,55.0,,,,,40.0,50.0,0,0,,0,,0,3.165,50.0,55.0,,
,AA,sa917968,Thomas Jones,Thomas Jones,/players/thomas-jones/sa917968/stats/batting,sa917968,OF,-1.0,,,,2022,40,195,"6' 4""",,,25,,Laurens HS (SC),30 / 40,20 / 50,45 / 60,60 / 60,40 / 50,40 / 40,,,,,,,,2018,0,,17518,25,Thomas,Jones,OF,20,MIA,2018,2018 Report,sa917968,0,,0,25,40,0,2022,3rd rd 2016,,76,195,R,R,Laurens HS (SC),,,30.0,40.0,20.0,50.0,45.0,60.0,60.0,60.0,40.0,50.0,40.0,40.0,,,,,,,,,,,0,0,,0,,R5,,,,,
MLB,MLB,sa873146,Framber Valdez,Framber Valdez,/players/framber-valdez/17295/stats/pitching,17295,P,6.0,,,,2017,40,180,"5' 11""",,,25,,Dominican Republic,,,,,,,55 / 55,,60 / 60,,,,40 / 45,2018,0,,17547,25,Framber,Valdez,LHP,24,HOU,2018,2018 Report,17295,0,,0,25,40,0,2017,J2 2014,,71,180,L,L,Dominican Republic,,,,,,,,,,,,,,,55.0,55.0,,,60.0,60.0,,,40.0,45.0,0,0,,0,,n/a,6.163,,,,
,MLB,sa737509,Nick Ciuffo,Nick Ciuffo,/players/nick-ciuffo/16291/stats/batting,16291,C,-1.0,,,,2019,40,205,"6' 1""",,,25,,Lexington HS (SC),45 / 50,40 / 45,55 / 55,20 / 20,50 / 50,55 / 55,,,,,,,,2018,0,,17311,25,Nick,Ciuffo,C,23,TBR,2018,2018 Report,16291,0,,0,25,40,0,2019,1st rd 2013,,73,205,R,R,Lexington HS (SC),,-KELTvpMYp4,45.0,50.0,40.0,45.0,55.0,55.0,20.0,20.0,50.0,50.0,55.0,55.0,,,,,,,,,,,0,0,,0,,3,0.044,,,,
,,,Carlos Rodriguez,Carlos Rodriguez,,,,,,,,2022,40,150,"5' 10""",,,25,,Venezuela,20 / 50,20 / 30,20 / 40,60 / 60,45 / 60,50 / 50,,,,,,,,2018,0,,17597,25,Carlos,Rodriguez,OF,16,MIL,2018,2018 Report,,0,,0,25,40,0,2022,J2 2017,,70,150,L,L,Venezuela,,,20.0,50.0,20.0,30.0,20.0,40.0,60.0,60.0,45.0,60.0,50.0,50.0,,,,,,,,,,,0,0,,0,,,,,,,
AAA,MLB,sa917945,Alex Speas,Alex Speas,/players/alex-speas/21859/stats/pitching,21859,P,,,,,2022,40,180,"6' 4""",,,25,,McEachern HS (GA),,,,,,,60 / 70,,50 / 60,40 / 45,,,30 / 45,2018,0,,17345,25,Alex,Speas,RHP,20,TEX,2018,2018 Report,21859,0,,0,25,40,0,2022,2nd rd 2016,,76,180,R,R,McEachern HS (GA),,ja_dnjJCRDU,,,,,,,,,,,,,60.0,70.0,,,50.0,60.0,,,30.0,45.0,0,0,,0,,1,0.012,40.0,45.0,,
,MLB,sa875320,Danny Mendick,Danny Mendick,/players/danny-mendick/18889/stats/batting,18889,2B/SS,-1.0,,,,2019,40,190,"5' 10""",,,25,,UMass Lowell,45 / 55,20 / 30,40 / 40,45 / 45,45 / 50,50 / 50,,,,,,,,2018,0,,17123,25,Danny,Mendick,SS,24,CHW,2018,2018 Report,18889,0,,0,25,40,0,2019,22nd rd 2015,,70,190,R,R,UMass Lowell,,,45.0,55.0,20.0,30.0,40.0,40.0,45.0,45.0,45.0,50.0,50.0,50.0,,,,,,,,,,,0,0,,0,,1,3.147,,,,
A-,A,sa3004815,Jake Holmes,Jake Holmes,/players/jacob-holmes/sa3004815/stats/batting,sa3004815,3B,26.0,,,,2022,40,185,"6' 3""",,,25,,Pinnacle HS (AZ),20 / 50,20 / 50,50 / 55,60 / 55,40 / 45,55 / 55,,,,,,,,2018,0,,17659,25,Jake,Holmes,SS,19,PHI,2018,2018 Report,sa3004815,0,,0,25,40,0,2022,11th rd 2017,,75,185,R,R,Pinnacle HS (AZ),,IRTWnecqxDo,20.0,50.0,20.0,50.0,50.0,55.0,60.0,55.0,40.0,45.0,55.0,55.0,,,,,,,,,,,0,0,,0,,R5,,,,,
AAA,MLB,sa829466,Patrick Weigel,Patrick Weigel,/players/patrick-weigel/17792/stats/pitching,17792,P,19.0,,,,2018,40,230,"6' 6""",,,26,,Houston,,,,,,,60 / 65,55 / 55,45 / 50,45 / 50,,,40 / 50,2018,0,,17418,26,Patrick,Weigel,RHP,22,ATL,2018,2018 Report,17792,0,,0,26,40,0,2018,7th rd 2015,,78,230,R,R,Houston,,,,,,,,,,,,,,,60.0,65.0,55.0,55.0,45.0,50.0,,,40.0,50.0,0,0,,0,,0,0.031,45.0,50.0,,
MLB,MLB,sa875176,JT Brubaker,JT Brubaker,/players/jt-brubaker/17578/stats/pitching,17578,P,30.0,,,,2018,40,175,"6' 4""",,,26,,Akron,,,,,,,60 / 60,45 / 50,,40 / 45,,,40 / 45,2018,0,,17686,26,J.T.,Brubaker,RHP,24,PIT,2018,2018 Report,17578,0,,0,26,40,0,2018,6th rd 2015,,76,175,R,R,Akron,,,,,,,,,,,,,,,60.0,60.0,45.0,50.0,,,,,40.0,45.0,0,0,,0,,n/a,5.162,40.0,45.0,,
,MLB,sa738899,Zack Granite,Zack Granite,/players/zack-granite/15343/stats/batting,15343,OF,-2.0,,,,2018,40,175,"6' 1""",,,26,,Seton Hall,50 / 55,20 / 20,40 / 40,70 / 70,50 / 55,40 / 40,,,,,,,,2018,0,,17219,26,Zack,Granite,CF,25,MIN,2018,2018 Report,15343,0,,0,26,40,0,2018,14th rd 2013,,73,175,L,L,Seton Hall,,,50.0,55.0,20.0,20.0,40.0,40.0,70.0,70.0,50.0,55.0,40.0,40.0,,,,,,,,,,,0,0,,0,,0,0.070,,,,
MLB,MLB,sa738156,Eric Lauer,Eric Lauer,/players/eric-lauer/19316/stats/pitching,19316,P,22.0,,,,2019,40,210,"6' 3""",,,26,,Kent State,,,,,,,50 / 50,55 / 55,40 / 45,45 / 50,,,45 / 50,2018,0,,17737,26,Eric,Lauer,LHP,22,SDP,2018,2018 Report,19316,0,,0,26,40,0,2019,1st rd 2016,,75,210,R,L,Kent State,,,,,,,,,,,,,,,50.0,50.0,55.0,55.0,40.0,45.0,,,45.0,50.0,0,0,,0,,n/a,5.091,45.0,50.0,,
AAA,MLB,sa916954,Oswaldo Cabrera,Oswaldo Cabrera,/players/oswaldo-cabrera/21707/stats/batting,21707,3B/OF,9.0,,,,2021,40,145,"5' 10""",,,26,,Venezuela,20 / 55,20 / 40,40 / 45,50 / 50,45 / 50,50 / 50,,,,,,,,2018,0,,17249,26,Oswaldo,Cabrera,2B,19,NYY,2018,2018 Report,21707,0,,0,26,40,0,2021,J2 2015,,70,145,S,R,Venezuela,,,20.0,55.0,20.0,40.0,40.0,45.0,50.0,50.0,45.0,50.0,50.0,50.0,,,,,,,,,,,0,0,,0,,2,3.050,,,,
AAA,MLB,sa918433,Robert Dugger,Robert Dugger,/players/robert-dugger/19191/stats/pitching,19191,P,,,,,2020,40,180,"6' 2""",,,26,,Texas Tech,,,,,,,55 / 55,55 / 60,40 / 45,45 / 50,,,40 / 45,2018,0,,17519,26,Robert,Dugger,RHP,22,MIA,2018,2018 Report,19191,0,,0,26,40,0,2020,18th rd 2016,,74,180,R,R,Texas Tech,,,,,,,,,,,,,,,55.0,55.0,55.0,60.0,40.0,45.0,,,40.0,45.0,0,0,,0,,0,1.116,45.0,50.0,,
,MLB,sa550624,Jandel Gustave,Jandel Gustave,/players/jandel-gustave/14665/stats/pitching,14665,P,-1.0,,,,2018,40,210,"6' 2""",,,26,,Dominican Republic,,,,,,,70 / 70,55 / 55,,,,,40 / 40,2018,0,,17548,26,Jandel,Gustave,RHP,25,HOU,2018,2018 Report,14665,0,,0,26,40,0,2018,J2 2010,,74,210,R,R,Dominican Republic,,,,,,,,,,,,,,,70.0,70.0,55.0,55.0,,,,,40.0,40.0,0,0,,0,,1,4.027,,,,
MLB,MLB,sa548245,Ryne Stanek,Ryne Stanek,/players/ryne-stanek/15947/stats/pitching,15947,P,28.0,,,,2018,40,215,"6' 4""",,,26,,Arkansas,,,,,,,60 / 60,50 / 50,,55 / 55,,,45 / 45,2018,0,,17312,26,Ryne,Stanek,RHP,25,TBR,2018,2018 Report,15947,0,,0,26,40,0,2018,1st rd 2013,,76,215,R,R,Arkansas,,,,,,,,,,,,,,,60.0,60.0,50.0,50.0,,,,,45.0,45.0,0,0,,0,,n/a,8.038,55.0,55.0,,
AAA,MLB,sa737809,Jacob Nottingham,Jacob Nottingham,/players/jacob-nottingham/16448/stats/batting,16448,C,11.0,,,,2018,40,220,"6' 3""",,,26,,Redlands HS (CA),20 / 30,30 / 40,60 / 60,30 / 30,30 / 40,60 / 60,,,,,,,,2018,0,,17598,26,Jacob,Nottingham,C,21,MIL,2018,2018 Report,16448,0,,0,26,40,0,2018,6th rd 2013,,75,220,R,R,Redlands HS (CA),,a8PZOBviMVk,20.0,30.0,30.0,40.0,60.0,60.0,30.0,30.0,30.0,40.0,60.0,60.0,,,,,,,,,,,0,0,,0,,0,1.098,,,,
,MLB,sa919115,A.J. Alexy,A.J. Alexy,/players/aj-alexy/22343/stats/pitching,22343,P,-1.0,,,,2022,40,195,"6' 4""",,,26,,Twin Valley HS (PA),,,,,,,50 / 55,,55 / 60,40 / 45,,,30 / 40,2018,0,,17346,26,A.J.,Alexy,RHP,19,TEX,2018,2018 Report,22343,0,,0,26,40,0,2022,11th rd 2016,,76,195,R,R,Twin Valley HS (PA),,N5cPI1HSCZM,,,,,,,,,,,,,50.0,55.0,,,55.0,60.0,,,30.0,40.0,0,0,,0,,0,0.055,40.0,45.0,,
,AAA,sa828331,Jose Gomez,Jose Gomez,/players/jose-gomez/sa828331/stats/batting,sa828331,2B/3B/SS,-1.0,,,,2020,40,175,"5' 11""",,,26,,Venezuela,30 / 55,20 / 30,40 / 45,50 / 50,40 / 45,50 / 50,,,,,,,,2018,0,,17660,26,Jose,Gomez,UTIL,21,PHI,2018,2018 Report,sa828331,0,,0,26,40,0,2020,J2 2013,,71,175,R,R,Venezuela,,ruujCc6loYI,30.0,55.0,20.0,30.0,40.0,45.0,50.0,50.0,40.0,45.0,50.0,50.0,,,,,,,,,,,0,0,,0,,R5,,,,,
AAA,MLB,sa873433,Huascar Ynoa,Huascar Ynoa,/players/huascar-ynoa/20468/stats/pitching,20468,P,1.0,,,,2021,40,175,"6' 3""",,,27,,Dominican Republic,,,,,,,55 / 60,,50 / 55,45 / 55,,,40 / 50,2018,0,,17419,27,Huascar,Ynoa,RHP,19,ATL,2018,2018 Report,20468,0,,0,27,40,0,2021,J2 2014,,75,175,R,R,Dominican Republic,,6QvHekmFzts,,,,,,,,,,,,,55.0,60.0,,,50.0,55.0,,,40.0,50.0,0,0,,0,,0,3.117,45.0,55.0,,
MLB,MLB,sa598167,Clay Holmes,Clay Holmes,/players/clay-holmes/13649/stats/pitching,13649,P,25.0,,,,2018,40,230,"6' 5""",,,27,,Slocomb HS (AL),,,,,,,60 / 70,40 / 45,50 / 50,40 / 40,,,40 / 40,2018,0,,17687,27,Clay,Holmes,RHP,24,PIT,2018,2018 Report,13649,0,,0,27,40,0,2018,9th rd 2011,,77,230,R,R,Slocomb HS (AL),,mAZ3PKMP6mU,,,,,,,,,,,,,60.0,70.0,40.0,45.0,50.0,50.0,,,40.0,40.0,0,0,,0,,n/a,7.031,40.0,40.0,,
AAA,MLB,sa857588,Tyler Jay,Tyler Jay,/players/tyler-jay/17952/stats/pitching,17952,P,23.0,,,,2019,40,185,"6' 1""",,,27,,Illinois,,,,,,,50 / 55,45 / 45,55 / 60,40 / 45,,,45 / 50,2018,0,,17220,27,Tyler,Jay,LHP,23,MIN,2018,2018 Report,17952,0,,0,27,40,0,2019,1st rd 2015,,73,185,L,L,Illinois,,,,,,,,,,,,,,,50.0,55.0,45.0,45.0,55.0,60.0,,,45.0,50.0,0,0,,0,,2,0.011,40.0,45.0,,
,MLB,sa657490,Franmil Reyes,Franmil Reyes,/players/franmil-reyes/14566/stats/batting,14566,DH/OF,-1.0,,,,2019,40,240,"6' 5""",,,27,,Dominican Republic,35 / 45,45 / 55,70 / 70,45 / 40,40 / 45,50 / 50,,,,,,,,2018,0,,17738,27,Franmil,Reyes,OF,22,SDP,2018,2018 Report,14566,0,,0,27,40,0,2019,J2 2011,,77,240,R,R,Dominican Republic,,qSQdCd2aRFE,35.0,45.0,45.0,55.0,70.0,70.0,45.0,40.0,40.0,45.0,50.0,50.0,,,,,,,,,,,0,0,,0,,2,4.155,,,,
CPX,MLB,sa918441,Trevor Stephan,Trevor Stephan,/players/trevor-stephan/19932/stats/pitching,19932,P,5.0,,,,2020,40,210,"6' 4""",,,27,,Arkansas,,,,,,,55 / 60,45 / 50,,40 / 45,,,40 / 50,2018,0,,17250,27,Trevor,Stephan,RHP,22,NYY,2018,2018 Report,19932,0,,0,27,40,0,2020,3rd rd 2017,,76,210,R,R,Arkansas,,hdrgIwlwXuE,,,,,,,,,,,,,55.0,60.0,45.0,50.0,,,,,40.0,50.0,0,0,,0,,3,4.141,40.0,45.0,,
,AAA,sa876536,Brayan Hernandez,Brayan Hernandez,/players/brayan-hernandez/sa876536/stats/batting,sa876536,OF,-1.0,,,,2021,40,175,"6' 2""",,,27,,Dominican Republic,25 / 50,20 / 30,35 / 40,50 / 50,40 / 50,60 / 60,,,,,,,,2018,0,,17520,27,Brayan,Hernandez,CF,20,MIA,2018,2018 Report,sa876536,0,,0,27,40,0,2021,J2 2014,,74,175,R,R,Dominican Republic,,ndl-wG3DJac,25.0,50.0,20.0,30.0,35.0,40.0,50.0,50.0,40.0,50.0,60.0,60.0,,,,,,,,,,,0,0,,0,,R5,,,,,
AAA,MLB,sa3004574,Tyler Ivey,Tyler Ivey,/players/tyler-ivey/20237/stats/pitching,20237,P,,,,,2020,40,195,"6' 4""",,,27,,Grayson County JC (TX),,,,,,,55 / 60,40 / 45,60 / 60,45 / 50,,,40 / 45,2018,0,,17549,27,Tyler,Ivey,RHP,21,HOU,2018,2018 Report,20237,0,,0,27,40,0,2020,3rd rd 2017,,76,195,R,R,Grayson County JC (TX),,,,,,,,,,,,,,,55.0,60.0,40.0,45.0,60.0,60.0,,,40.0,45.0,0,0,,0,,2,0.064,45.0,50.0,,
AAA,MLB,sa828534,Génesis Cabrera,Genesis Cabrera,/players/genesis-cabrera/17490/stats/pitching,17490,P,7.0,,,,2019,40,170,"6' 1""",,,27,,Dominican Republic,,,,,,,55 / 55,40 / 45,,45 / 55,,,30 / 40,2018,0,,17313,27,Genesis,Cabrera,LHP,21,TBR,2018,2018 Report,17490,0,,0,27,40,0,2019,J2 2013,,73,170,L,L,Dominican Republic,,sKhWIR1ZYYA,,,,,,,,,,,,,55.0,55.0,40.0,45.0,,,,,30.0,40.0,0,0,,0,,n/a,5.149,45.0,55.0,,
,AA,sa917275,Miguel Aparicio,Miguel Aparicio,/players/miguel-aparicio/sa917275/stats/batting,sa917275,OF,-1.0,,,,2020,40,165,"6' 0""",,,27,,Venezuela,20 / 55,20 / 30,30 / 40,55 / 55,45 / 60,40 / 45,,,,,,,,2018,0,,17347,27,Miguel,Aparicio,CF,18,TEX,2018,2018 Report,sa917275,0,,0,27,40,0,2020,J2 2015,,72,165,L,L,Venezuela,,3GM5aizrKXc,20.0,55.0,20.0,30.0,30.0,40.0,55.0,55.0,45.0,60.0,40.0,45.0,,,,,,,,,,,0,0,,0,,R5,,,,,
,MLB,sa599173,Adam McCreery,Adam McCreery,/players/adam-mccreery/19550/stats/pitching,19550,P,-1.0,,,,2019,40,195,"6' 8""",,,28,,Azusa Pacific,,,,,,,55 / 60,50 / 60,,,,,40 / 45,2018,0,,17420,28,Adam,McCreery,LHP,25,ATL,2018,2018 Report,19550,0,,0,28,40,0,2019,22nd rd 2014,,80,195,L,L,Azusa Pacific,,vCcEV1ZOxew,,,,,,,,,,,,,55.0,60.0,50.0,60.0,,,,,40.0,45.0,0,0,,0,,2,0.008,,,,
,AAA,sa872824,Pedro Vasquez,Pedro Vasquez,/players/pedro-vasquez/sa872824/stats/pitching,sa872824,P,-1.0,,,,2020,40,210,"6' 4""",,,28,,Dominican Republic,,,,,,,50 / 55,45 / 50,,45 / 50,,,45 / 55,2018,0,,17688,28,Pedro,Vasquez,RHP,22,PIT,2018,2018 Report,sa872824,0,,0,28,40,0,2020,J2 2014,,76,210,R,R,Dominican Republic,,J6s15U0Ijnk,,,,,,,,,,,,,50.0,55.0,45.0,50.0,,,,,45.0,55.0,0,0,,0,,R5,,45.0,50.0,,
,MLB,sa739599,Lewis Thorpe,Lewis Thorpe,/players/lewis-thorpe/15906/stats/pitching,15906,P,-1.0,,,,2019,40,160,"6' 1""",,,28,,Australia,,,,,,,50 / 50,50 / 55,40 / 45,45 / 50,,,45 / 50,2018,0,,17221,28,Lewis,Thorpe,LHP,22,MIN,2018,2018 Report,15906,0,,0,28,40,0,2019,J2 2012,,73,160,R,L,Australia,,,,,,,,,,,,,,,50.0,50.0,50.0,55.0,40.0,45.0,,,45.0,50.0,0,0,,0,,0,1.017,45.0,50.0,,
,AA,sa875647,Brad Zunica,Brad Zunica,/players/bradley-zunica/sa875647/stats/batting,sa875647,1B,-1.0,,,,2022,40,254,"6' 6""",,,28,,State College JC (FL),,,,,,,,,,,,,,2018,0,,17739,28,Brad,Zunica,1B,22,SDP,2018,2018 Report,sa875647,0,,0,28,40,0,2022,16th rd 2015,,78,254,L,R,State College JC (FL),,Jre9wi8Hbwo,,,,,,,,,,,,,,,,,,,,,,,0,0,,0,,R5,,,,,
,MLB,sa829245,Jordan Holloway,Jordan Holloway,/players/jordan-holloway/20631/stats/pitching,20631,P,-1.0,,,,2020,40,190,"6' 4""",,,28,,Ralston Valley HS (CO),,,,,,,60 / 60,,50 / 55,40 / 45,,,30 / 40,2018,0,,17521,28,Jordan,Holloway,RHP,21,MIA,2018,2018 Report,20631,0,,0,28,40,0,2020,20th rd 2014,,76,190,R,R,Ralston Valley HS (CO),,,,,,,,,,,,,,,60.0,60.0,,,50.0,55.0,,,30.0,40.0,0,0,,0,,0,1.163,40.0,45.0,,
AAA,MLB,sa828886,Jermaine Palacios,Jermaine Palacios,/players/jermaine-palacios/18371/stats/batting,18371,2B/SS,,,,,2020,40,145,"6' 0""",,,28,,Venezuela,30 / 50,30 / 40,45 / 50,50 / 50,45 / 50,55 / 55,,,,,,,,2018,0,,17314,28,Jermaine,Palacios,SS,21,TBR,2018,2018 Report,18371,0,,0,28,40,0,2020,J2 2013,,72,145,R,R,Venezuela,,,30.0,50.0,30.0,40.0,45.0,50.0,50.0,50.0,45.0,50.0,55.0,55.0,,,,,,,,,,,0,0,,0,,3,0.042,,,,
,A+,sa916719,Derian Cruz,Derian Cruz,/players/derian-cruz/sa916719/stats/batting,sa916719,2B/SS,-2.0,,,,2021,40,177,"6' 1""",,,29,,Dominican Republic,20 / 45,20 / 40,40 / 45,70 / 70,45 / 55,50 / 50,,,,,,,,2018,0,,17421,29,Derian,Cruz,2B,18,ATL,2018,2018 Report,sa916719,0,,0,29,40,0,2021,J2 2015,,73,177,S,R,Dominican Republic,,XrcKSetbgCE,20.0,45.0,20.0,40.0,40.0,45.0,70.0,70.0,45.0,55.0,50.0,50.0,,,,,,,,,,,0,0,,0,,R5,,,,,
,A+,sa827436,Alex Robinson,Alex Robinson,/players/alexander-robinson/sa827436/stats/pitching,sa827436,P,-1.0,,,,2019,40,217,"6' 3""",,,29,,Maryland,,,,,,,60 / 65,55 / 55,,,,,40 / 50,2018,0,,17222,29,Alex,Robinson,LHP,23,MIN,2018,2018 Report,sa827436,0,,0,29,40,0,2019,5th rd 2015,,75,217,L,L,Maryland,,,,,,,,,,,,,,,60.0,65.0,55.0,55.0,,,,,40.0,50.0,0,0,,0,,R5,,,,,
AAA,MLB,sa500827,Robert Stock,Robert Stock,/players/robert-stock/6576/stats/pitching,6576,P,25.0,,,,2018,40,214,"6' 1""",,,29,,Southern California,,,,,,,60 / 60,50 / 50,,55 / 55,,,40 / 40,2018,0,,17740,29,Robert,Stock,RHP,28,SDP,2018,2018 Report,6576,0,,0,29,40,0,2018,2nd rd 2009,,73,214,R,R,Southern California,,,,,,,,,,,,,,,60.0,60.0,50.0,50.0,,,,,40.0,40.0,0,0,,0,,0,2.039,55.0,55.0,,
,A,sa828660,Tyler Kolek,Tyler Kolek,/players/tyler-kolek/sa828660/stats/pitching,sa828660,P,-1.0,,,,2022,40,260,"6' 5""",,,29,,Shepherd HS (TX),,,,,,,60 / 60,,,,,,30 / 40,2018,0,,17522,29,Tyler,Kolek,RHP,22,MIA,2018,2018 Report,sa828660,0,,0,29,40,0,2022,1st rd 2014,,77,260,R,R,Shepherd HS (TX),,JOySfg7GTf4,,,,,,,,,,,,,60.0,60.0,,,,,,,30.0,40.0,0,0,,0,,R5,,,,,
,MLB,sa739600,Chih-Wei Hu,Chih-Wei Hu,/players/chih-wei-hu/16419/stats/pitching,16419,P,-1.0,,,,2018,40,230,"6' 0""",,,29,,Taiwan,,,,,,,50 / 50,,45 / 45,60 / 60,45 / 45,50 / 55,45 / 50,2018,0,,17315,29,Chih-Wei,Hu,RHP,23,TBR,2018,2018 Report,16419,0,,0,29,40,0,2018,J2 2011,,72,230,R,R,Taiwan,,CnQuWadDzvs,,,,,,,,,,,,,50.0,50.0,,,45.0,45.0,45.0,45.0,45.0,50.0,0,0,,0,,1,0.052,60.0,60.0,50.0,55.0
,MLB,sa3005175,Freddy Tarnok,Freddy Tarnok,/players/freddy-tarnok/23324/stats/pitching,23324,P,-1.0,,,,2022,40,185,"6' 3""",,,30,,Riverview HS (FL),,,,,,,50 / 60,,45 / 55,40 / 50,,,40 / 50,2018,0,,17422,30,Freddy,Tarnok,RHP,19,ATL,2018,2018 Report,23324,0,,0,30,40,0,2022,3rd rd 2017,,75,185,R,R,Riverview HS (FL),,,,,,,,,,,,,,,50.0,60.0,,,45.0,55.0,,,40.0,50.0,0,0,,0,,0,1.104,40.0,50.0,,
,MLB,sa501941,Luke Bard,Luke Bard,/players/luke-bard/14288/stats/pitching,14288,P,-1.0,,,,2018,40,202,"6' 3""",,,30,,Georgia Tech,,,,,,,60 / 60,55 / 55,,,,,45 / 45,2018,0,,17223,30,Luke,Bard,RHP,27,MIN,2018,2018 Report,14288,0,,0,30,40,0,2018,1st rd 2012,,75,202,R,R,Georgia Tech,,,,,,,,,,,,,,,60.0,60.0,55.0,55.0,,,,,45.0,45.0,0,0,,0,,0,2.068,,,,
,MLB,sa3002792,Luis Patiño,Luis Patino,/players/luis-patino/22815/stats/pitching,22815,P,-1.0,,,,2023,40,150,"6' 0""",,,30,,Colombia,,,,,,,55 / 60,50 / 60,,40 / 50,,,40 / 50,2018,0,,17741,30,Luis,Patino,RHP,18,SDP,2018,2018 Report,22815,0,,0,30,40,0,2023,J2 2016,,72,150,R,R,Colombia,,,,,,,,,,,,,,,55.0,60.0,50.0,60.0,,,,,40.0,50.0,0,0,,0,,0,3.061,40.0,50.0,,
,AAA,sa917970,Curtis Taylor,Curtis Taylor,/players/curtis-taylor/sa917970/stats/pitching,sa917970,P,-1.0,,,,2021,40,215,"6' 6""",,,30,,University of British Columbia,,,,,,,55 / 55,55 / 60,,,,,40 / 45,2018,0,,17316,30,Curtis,Taylor,RHP,22,TBR,2018,2018 Report,sa917970,0,,0,30,40,0,2021,4th rd 2016,,78,215,R,R,University of British Columbia,,,,,,,,,,,,,,,55.0,55.0,55.0,60.0,,,,,40.0,45.0,0,0,,0,,R5,,,,,
,AAA,sa736824,Ray-Patrick Didder,Ray-Patrick Didder,/players/ray-patrick-didder/sa736824/stats/batting,sa736824,SS/OF,-1.0,,,,2020,40,170,"6' 0""",,,31,,Aruba,20 / 45,20 / 40,45 / 45,65 / 65,45 / 50,70 / 70,,,,,,,,2018,0,,17423,31,Ray-Patrick,Didder,SS,23,ATL,2018,2018 Report,sa736824,0,,0,31,40,0,2020,J2 2012,,72,170,R,R,Aruba,,,20.0,45.0,20.0,40.0,45.0,45.0,65.0,65.0,45.0,50.0,70.0,70.0,,,,,,,,,,,0,0,,0,,R5,,,,,
,MLB,sa3002595,Ronald Bolaños,Ronald Bolanos,/players/ronald-bolanos/20041/stats/pitching,20041,P,-1.0,,,,2021,40,200,"6' 3""",,,31,,Cuba,,,,,,,55 / 55,50 / 50,55 / 55,50 / 55,,,45 / 50,2018,0,,17742,31,Ronald,Bolanos,RHP,21,SDP,2018,2018 Report,20041,0,,0,31,40,0,2021,J2 2016,,75,200,R,R,Cuba,,ejuBKCIlM9I,,,,,,,,,,,,,55.0,55.0,50.0,50.0,55.0,55.0,,,45.0,50.0,0,0,,0,,0,1.052,50.0,55.0,,
,A+,sa827251,Orlando Romero,Orlando Romero,/players/orlando-romero/sa827251/stats/pitching,sa827251,P,-1.0,,,,2022,40,211,"6' 0""",,,31,,Venezuela,,,,,,,60 / 60,,55 / 60,40 / 45,,,30 / 40,2018,0,,17317,31,Orlando,Romero,RHP,21,TBR,2018,2018 Report,sa827251,0,,0,31,40,0,2022,J2 2013,,72,211,R,R,Venezuela,,,,,,,,,,,,,,,60.0,60.0,,,55.0,60.0,,,30.0,40.0,0,0,,0,,R5,,40.0,45.0,,
AAA,AAA,sa921562,Jean Carlos Encarnacion,Jean Carlos Encarnacion,/players/jean-encarnacion/sa921562/stats/batting,sa921562,3B,,,,,2021,40,195,"6' 3""",,,32,,Dominican Republic,20 / 50,20 / 45,50 / 55,50 / 50,45 / 50,55 / 55,,,,,,,,2018,0,,17424,32,Jean Carlos,Encarnacion,3B,20,ATL,2018,2018 Report,sa921562,0,,0,32,40,0,2021,J2 2015,,75,195,R,R,Dominican Republic,,,20.0,50.0,20.0,45.0,50.0,55.0,50.0,50.0,45.0,50.0,55.0,55.0,,,,,,,,,,,0,0,,0,,R5,,,,,
,AAA,sa738683,Buddy Reed,Buddy Reed,/players/michael-reed/sa738683/stats/batting,sa738683,OF,-1.0,,,,2019,40,210,"6' 4""",,,32,,Florida,30 / 40,30 / 45,50 / 50,70 / 70,50 / 60,60 / 60,,,,,,,,2018,0,,17743,32,Buddy,Reed,CF,22,SDP,2018,2018 Report,sa738683,0,,0,32,40,0,2019,2nd rd 2016,,76,210,S,R,Florida,,SKkOwJl5w0s,30.0,40.0,30.0,45.0,50.0,50.0,70.0,70.0,50.0,60.0,60.0,60.0,,,,,,,,,,,0,0,,0,,R5,,,,,
,MLB,sa708975,Jaime Schultz,Jaime Schultz,/players/jaime-schultz/15066/stats/pitching,15066,P,-1.0,,,,2018,40,200,"5' 10""",,,32,,High Point,,,,,,,55 / 55,,60 / 60,,,,40 / 40,2018,0,,17318,32,Jamie,Schultz,RHP,26,TBR,2018,2018 Report,15066,0,,0,32,40,0,2018,14th rd 2013,,70,200,R,R,High Point,,,,,,,,,,,,,,,55.0,55.0,,,60.0,60.0,,,40.0,40.0,0,0,,0,,0,0.076,,,,
MLB,MLB,sa919548,Andrés Muñoz,Andres Munoz,/players/andres-munoz/20373/stats/pitching,20373,P,11.0,,,,2020,40,190,"6' 2""",,,33,,Mexico,,,,,,,70 / 80,55 / 60,,,,,40 / 50,2018,0,,17744,33,Andres,Munoz,RHP,19,SDP,2018,2018 Report,20373,0,,0,33,40,0,2020,J2 2015,,74,190,R,R,Mexico,,-KTSw4drGvw,,,,,,,,,,,,,70.0,80.0,55.0,60.0,,,,,40.0,50.0,0,0,,0,,n/a,6.080,,,,
,A+,sa737357,Deivy Mendez,Deivy Mendez,/players/deivy-mendez/sa737357/stats/pitching,sa737357,P,-1.0,,,,2021,40,190,"6' 2""",,,33,,Dominican Republic,,,,,,,60 / 60,40 / 45,55 / 60,50 / 55,,,30 / 40,2018,0,,17319,33,Deivy,Mendez,RHP,22,TBR,2018,2018 Report,sa737357,0,,0,33,40,0,2021,J2 2012,,74,190,R,R,Dominican Republic,,trJW6ujWolU,,,,,,,,,,,,,60.0,60.0,40.0,45.0,55.0,60.0,,,30.0,40.0,0,0,,0,,,,50.0,55.0,,
,MLB,sa974072,Jorge Ona,Jorge Ona,/players/jorge-ona/20040/stats/batting,20040,DH,-1.0,,,,2019,40,220,"6' 1""",,,34,,Cuba,30 / 50,40 / 55,55 / 60,50 / 45,45 / 50,50 / 50,,,,,,,,2018,0,,17745,34,Jorge,Ona,OF,21,SDP,2018,2018 Report,20040,0,,0,34,40,0,2019,J2 2016,,73,220,R,R,Cuba,,rpk7Y12Fru0,30.0,50.0,40.0,55.0,55.0,60.0,50.0,45.0,45.0,50.0,50.0,50.0,,,,,,,,,,,0,0,,0,,2,1.033,,,,
,MLB,sa857671,Ian Gibaut,Ian Gibaut,/players/ian-gibaut/17871/stats/pitching,17871,P,-1.0,,,,2019,40,250,"6' 3""",,,34,,Tulane,,,,,,,55 / 55,50 / 50,,70 / 70,,,40 / 40,2018,0,,17320,34,Ian,Gibaut,RHP,24,TBR,2018,2018 Report,17871,0,,0,34,40,0,2019,11th rd 2015,,75,250,R,R,Tulane,,,,,,,,,,,,,,,55.0,55.0,50.0,50.0,,,,,40.0,40.0,0,0,,0,,0,4.077,70.0,70.0,,
,A-,sa3004278,Mason House,Mason House,/players/mason-house/sa3004278/stats/batting,sa3004278,OF,-1.0,,,,2023,40,190,"6' 3""",,,35,,Whitehouse HS (TX),20 / 50,20 / 50,45 / 55,55 / 50,40 / 50,50 / 50,,,,,,,,2018,0,,17746,35,Mason,House,OF,19,SDP,2018,2018 Report,sa3004278,0,,0,35,40,0,2023,3rd rd 2017,,75,190,S,L,Whitehouse HS (TX),,,20.0,50.0,20.0,50.0,45.0,55.0,55.0,50.0,40.0,50.0,50.0,50.0,,,,,,,,,,,0,0,,0,,R5,,,,,
,A+,sa970515,Luis Almanzar,Luis Almanzar,/players/luis-almanzar/sa970515/stats/batting,sa970515,1B/3B,-2.0,,,,2021,40,180,"6' 0""",,,36,,Dominican Republic,20 / 50,20 / 50,45 / 55,50 / 40,40 / 50,60 / 60,,,,,,,,2018,0,,17747,36,Luis,Almanzar,SS,18,SDP,2018,2018 Report,sa970515,0,,0,36,40,0,2021,J2 2016,,72,180,R,R,Dominican Republic,,JW-H57bqE2c,20.0,50.0,20.0,50.0,45.0,55.0,50.0,40.0,40.0,50.0,60.0,60.0,,,,,,,,,,,0,0,,0,,R5,,,,,
,AA,sa917951,Reggie Lawson,Reggie Lawson,/players/reginald-lawson/sa917951/stats/pitching,sa917951,P,-1.0,,,,2021,40,205,"6' 4""",,,37,,Victor Valley HS (CA),,,,,,,50 / 55,,55 / 60,40 / 50,,,35 / 45,2018,0,,17748,37,Reggie,Lawson,RHP,19,SDP,2018,2018 Report,sa917951,0,,0,37,40,0,2021,2nd rd 2016,,76,205,R,R,Victor Valley HS (CA),,GHRuOX42jYQ,,,,,,,,,,,,,50.0,55.0,,,55.0,60.0,,,35.0,45.0,0,0,,0,,2,0.000,40.0,50.0,,
AA,AAA,sa828277,Diomar Lopez,Diomar Lopez,/players/diomar-lopez/sa828277/stats/pitching,sa828277,P,18.0,,,,2022,40,165,"6' 0""",,,38,,Nicaragua,,,,,,,50 / 55,,50 / 55,40 / 50,,,35 / 50,2018,0,,17749,38,Diomar,Lopez,RHP,21,SDP,2018,2018 Report,sa828277,0,,0,38,40,0,2022,J2 2013,,72,165,R,R,Nicaragua,,,,,,,,,,,,,,,50.0,55.0,,,50.0,55.0,,,35.0,50.0,0,0,,0,,R5,,40.0,50.0,,
,MLB,sa659030,Trey Wingenter,Trey Wingenter,/players/trey-wingenter/17793/stats/pitching,17793,P,-1.0,,,,2018,40,230,"6' 7""",,,39,,Auburn,,,,,,,70 / 70,55 / 55,,50 / 55,,,40 / 40,2018,0,,17750,39,Trey,Wingenter,RHP,24,SDP,2018,2018 Report,17793,0,,0,39,40,0,2018,17th rd 2015,,79,230,R,R,Auburn,,,,,,,,,,,,,,,70.0,70.0,55.0,55.0,,,,,40.0,40.0,0,0,,0,,0,4.049,50.0,55.0,,
MLB,MLB,sa915715,David Bednar,David Bednar,/players/david-bednar/19569/stats/pitching,19569,P,9.0,,,,2019,40,220,"6' 1""",,,40,,Lafayette,,,,,,,60 / 60,60 / 60,,50 / 55,,,30 / 40,2018,0,,17751,40,David,Bednar,RHP,23,SDP,2018,2018 Report,19569,0,,0,40,40,0,2019,35th rd 2016,,73,220,R,R,Lafayette,,,,,,,,,,,,,,,60.0,60.0,60.0,60.0,,,,,30.0,40.0,0,0,,0,,n/a,5.076,50.0,55.0,,
,MLB,sa659424,Brad Wieck,Brad Wieck,/players/brad-wieck/16390/stats/pitching,16390,P,-1.0,,,,2018,40,260,"6' 9""",,,41,,Oklahoma City,,,,,,,65 / 65,40 / 40,60 / 60,,,,40 / 40,2018,0,,17752,41,Brad,Wieck,LHP,26,SDP,2018,2018 Report,16390,0,,0,41,40,0,2018,7th rd 2014,,81,260,L,L,Oklahoma City,,,,,,,,,,,,,,,65.0,65.0,40.0,40.0,60.0,60.0,,,40.0,40.0,0,0,,0,,1,3.085,,,,
AA,MLB,sa917140,Eguy Rosario,Eguy Rosario,/players/eguy-rosario/19964/stats/batting,19964,3B,,,,,2022,40,170,"5' 9""",,,42,,Dominican Republic,25 / 55,20 / 45,45 / 50,50 / 40,45 / 50,50 / 50,,,,,,,,2018,0,,17753,42,Eguy,Rosario,2B,18,SDP,2018,2018 Report,19964,0,,0,42,40,0,2022,J2 2015,,69,170,R,R,Dominican Republic,,,25.0,55.0,20.0,45.0,45.0,50.0,50.0,40.0,45.0,50.0,50.0,50.0,,,,,,,,,,,0,0,,0,,0,1.080,,,,
,AA,sa3005188,Michell Miliano,Michell Miliano,/players/michell-miliano/sa3005188/stats/pitching,sa3005188,P,-1.0,,,,2023,40,180,"6' 3""",,,43,,Dominican Republic,,,,,,,45 / 55,,50 / 60,40 / 50,,,30 / 50,2018,0,,17754,43,Michell,Miliano,RHP,18,SDP,2018,2018 Report,sa3005188,0,,0,43,40,0,2023,J2 2016,,75,180,R,R,Dominican Republic,,S-hbniFCk5Y,,,,,,,,,,,,,45.0,55.0,,,50.0,60.0,,,30.0,50.0,0,0,,0,,R5,,40.0,50.0,,
