{
  "model": "C:\\Users\\arisp\\Documents\\Research\\Surviving_the_show\\models\\joint_xgb_v2.0b_v3_oof.pkl",
  "val_long": "C:\\Users\\arisp\\Documents\\Research\\Surviving_the_show\\results\\training\\v2.0b_v3_oof_val_long.csv",
  "eval_horizon": 6,
  "weighted_ap": 0.49392593261002515,
  "per_event": [
    {
      "event": "TOP_100_PROSPECT",
      "ap": 0.5600283515584081,
      "auc": 0.9881112661661229,
      "ap_lift": 74.76086811871646
    },
    {
      "event": "MLB_DEBUT",
      "ap": 0.6588605605696563,
      "auc": 0.9536501214413778,
      "ap_lift": 11.256006956019263
    },
    {
      "event": "ESTABLISHED_MLB",
      "ap": 0.42789062530763294,
      "auc": 0.9730586327968289,
      "ap_lift": 25.275900690368964
    },
    {
      "event": "STAR_PLUS_ELITE",
      "ap": 0.16398956504477208,
      "auc": 0.9790879582028168,
      "ap_lift": 54.27213630853522
    }
  ]
}