PlayerId,player_id,mlbam_id,method,confidence,fg_name,repo_name
10059,draft_2009_max_stassi_r4p123,545358,A_chadwick,exact,Max Stassi,Max Stassi
10285,draft_2007_josh_smoker_r1p31,519294,A_chadwick,exact,Josh Smoker,Josh Smoker
11440,draft_2010_johnny_barbato_r6p184,592127,A_chadwick,exact,Johnny Barbato,Johnny Barbato
11467,draft_2010_aj_cole_r4p116,595918,A_chadwick,exact,A.J. Cole,A.J. Cole
11472,ifa_553988,553988,A_chadwick,exact,Dixon Machado,Dixon Machado
11604,ifa_596720,596720,A_chadwick,exact,Dovydas Neverauskas,Dovydas Neverauskas
11680,ifa_553869,553869,A_chadwick,exact,Elias Diaz,Elias Díaz
11681,ifa_469745,553883,A_chadwick,exact,Vicente Campos,Jose Campos
11694,draft_2010_nick_kingham_r4p117,592468,A_chadwick,exact,Nick Kingham,Nick Kingham
11761,draft_2010_drew_robinson_r4p136,592685,A_chadwick,exact,Drew Robinson,Drew Robinson
11850,draft_2010_tyler_austin_r13p415,592122,A_chadwick,exact,Tyler Austin,Tyler Austin
12090,ifa_570639,570639,A_chadwick,exact,Yefri Perez,Yefri Pérez
12158,draft_2011_austin_barnes_r9p283,605131,A_chadwick,exact,Austin Barnes,Austin Barnes
12160,draft_2010_ben_gamel_r10p325,592325,A_chadwick,exact,Ben Gamel,Ben Gamel
12174,ifa_593528,593528,A_chadwick,exact,Jorge Bonifacio,Jorge Bonifacio
12180,ifa_595751,595751,A_chadwick,exact,Jorge Alfaro,Jorge Alfaro
12718,draft_2011_adrian_houser_r2p69,605288,A_chadwick,exact,Adrian Houser,Adrian Houser
12758,ifa_591971,591971,A_chadwick,exact,Breyvic Valera,Breyvic Valera
12784,draft_2011_burch_smith_r14p443,572143,A_chadwick,exact,Burch Smith,Burch Smith
12833,draft_2011_alex_meyer_r1p23,543542,A_chadwick,exact,Alex Meyer,Alex Meyer
12857,draft_2011_shawn_armstrong_r18p548,542888,A_chadwick,exact,Shawn Armstrong,Shawn Armstrong
12858,draft_2011_brian_goodwin_r1p34,571718,A_chadwick,exact,Brian Goodwin,Brian Goodwin
12926,ifa_593700,593700,A_chadwick,exact,Alen Hanson,Alen Hanson
12927,draft_2011_brandon_nimmo_r1p13,607043,A_chadwick,exact,Brandon Nimmo,Brandon Nimmo
12938,ifa_593679,593679,A_chadwick,exact,Gabriel Ynoa,Gabriel Ynoa
12944,ifa_593647,593647,A_chadwick,exact,Socrates Brito,Sócrates Brito
12975,ifa_606291,606291,A_chadwick,exact,Mauricio Cabrera,Mauricio Cabrera
12977,draft_2011_michael_perez_r5p154,605421,A_chadwick,exact,Michael Perez,Michael Perez
12983,draft_2011_charlie_tilson_r2p79,605508,A_chadwick,exact,Charlie Tilson,Charlie Tilson
13058,ifa_594056,594056,A_chadwick,exact,Reymin Guduan,Reymin Guduan
13066,ifa_606192,606192,A_chadwick,exact,Teoscar Hernandez,Teoscar Hernández
13145,draft_2011_josh_bell_r2p61,605137,A_chadwick,exact,Josh Bell,Josh Bell
13188,ifa_606167,606167,A_chadwick,exact,Adalberto Mejia,Adalberto Mejía
13356,draft_2011_bubba_starling_r1p5,605490,A_chadwick,exact,Bubba Starling,Bubba Starling
13369,ifa_570481,570481,A_chadwick,exact,Erik Gonzalez,Erik González
13395,draft_2012_damien_magnifico_r5p185,571911,A_chadwick,exact,Damien Magnifico,Damien Magnifico
13403,ifa_570240,570240,A_chadwick,exact,Felix Pena,Félix Peña
13414,draft_2012_andrew_toles_r3p119,592808,A_chadwick,exact,Andrew Toles,Andrew Toles
13418,draft_2012_chris_beck_r2p76,571476,A_chadwick,exact,Chris Beck,Chris Beck
13419,draft_2012_christian_walker_r4p132,572233,A_chadwick,exact,Christian Walker,Christian Walker
13420,draft_2012_matt_koch_r3p107,571863,A_chadwick,exact,Matt Koch,Matt Koch
13483,draft_2011_connor_sadzeck_r11p354,592712,A_chadwick,exact,Connor Sadzeck,Connor Sadzeck
13499,draft_2012_tom_murphy_r3p105,608596,A_chadwick,exact,Tom Murphy,Tom Murphy
13546,draft_2011_roman_quinn_r2p66,596451,A_chadwick,exact,Roman Quinn,Roman Quinn
13580,draft_2012_steven_okert_r4p148,595345,A_chadwick,exact,Steven Okert,Steven Okert
13590,draft_2012_jesse_winker_r1p49,608385,A_chadwick,exact,Jesse Winker,Jesse Winker
13594,draft_2011_robert_stephenson_r1p27,596112,A_chadwick,exact,Robert Stephenson,Robert Stephenson
13616,draft_2011_taylor_guerrieri_r1p24,605260,A_chadwick,exact,Taylor Guerrieri,Taylor Guerrieri
13619,draft_2011_jake_junis_r29p876,596001,A_chadwick,exact,Jake Junis,Jake Junis
13620,draft_2012_carson_kelly_r2p86,608348,A_chadwick,exact,Carson Kelly,Carson Kelly
13621,ifa_600869,600869,A_chadwick,exact,Jeimer Candelario,Jeimer Candelario
13649,draft_2011_clay_holmes_r9p272,605280,A_chadwick,exact,Clay Holmes,Clay Holmes
13654,draft_2012_jharel_cotton_r20p626,605194,A_chadwick,exact,Jharel Cotton,Jharel Cotton
13675,draft_2012_tyrone_taylor_r2p92,621438,A_chadwick,exact,Tyrone Taylor,Tyrone Taylor
13684,draft_2011_john_gant_r21p642,607231,A_chadwick,exact,John Gant,John Gant
13690,draft_2011_sal_romano_r23p715,607219,A_chadwick,exact,Sal Romano,Sal Romano
13696,draft_2011_robert_gsellman_r13p402,607229,A_chadwick,exact,Robert Gsellman,Robert Gsellman
13699,draft_2011_jacob_faria_r10p330,607188,A_chadwick,exact,Jacob Faria,Jacob Faria
13707,draft_2011_joey_krehbiel_r12p375,607216,A_chadwick,exact,Joey Krehbiel,Joey Krehbiel
13743,draft_2012_max_fried_r1p7,608331,A_chadwick,exact,Max Fried,Max Fried
13755,draft_2012_tomas_nido_r8p260,621512,A_chadwick,exact,Tomas Nido,Tomas Nido
13761,draft_2012_chris_stratton_r1p20,608717,A_chadwick,exact,Chris Stratton,Chris Stratton
13767,draft_2012_jt_chargois_r2p72,608638,A_chadwick,exact,J.T. Chargois,J.T. Chargois
13799,draft_2012_matthew_strahm_r21p643,621381,A_chadwick,exact,Matt Strahm,Matthew Strahm
13801,draft_2012_austin_adams_r8p267,613534,A_chadwick,exact,Austin Adams,Austin Adams
13804,draft_2012_andrew_lockett_r4p135,621141,A_chadwick,exact,Walker Lockett,Andrew Lockett
13834,draft_2012_alec_mills_r22p673,621219,A_chadwick,exact,Alec Mills,Alec Mills
13866,draft_2012_bruce_maxwell_r2p62,622194,A_chadwick,exact,Bruce Maxwell,Bruce Maxwell
13892,draft_2012_paul_sewald_r10p320,623149,A_chadwick,exact,Paul Sewald,Paul Sewald
13896,draft_2012_chris_flexen_r14p440,623167,A_chadwick,exact,Chris Flexen,Chris Flexen
14093,ifa_573589,573589,A_chadwick,exact,Michael Ynoa,Michael Ynoa
14101,draft_2012_branden_kline_r2p65,571858,A_chadwick,exact,Branden Kline,Branden Kline
14103,draft_2012_rio_ruiz_r4p129,547004,A_chadwick,exact,Rio Ruiz,Rio Ruiz
14109,draft_2012_albert_almora_r1p6,546991,A_chadwick,exact,Albert Almora,Albert Almora
14111,draft_2011_eric_haase_r7p218,606992,A_chadwick,exact,Eric Haase,Eric Haase
14130,draft_2011_daniel_vogelbach_r2p68,596129,A_chadwick,exact,Dan Vogelbach,Daniel Vogelbach
14139,ifa_602083,602083,A_chadwick,exact,Miguel Almonte,Miguel Almonte
14140,ifa_602922,602922,A_chadwick,exact,Jose Rondon,José Rondon
14145,draft_2012_daniel_robertson_r1p34,621002,A_chadwick,exact,Daniel Robertson,Daniel Robertson
14169,draft_2012_kyle_zimmer_r1p5,622092,A_chadwick,exact,Kyle Zimmer,Kyle Zimmer
14212,draft_2012_josh_hader_r19p582,623352,A_chadwick,exact,Josh Hader,Josh Hader
14244,draft_2011_ray_black_r7p237,605143,A_chadwick,exact,Ray Black,Ray Black
14272,draft_2012_brian_johnson_r1p31,598271,A_chadwick,exact,Brian Johnson,Brian Johnson
14274,draft_2012_mitch_haniger_r1p38,571745,A_chadwick,exact,Mitch Haniger,Mitch Haniger
14288,draft_2012_luke_bard_r1p42,572703,A_chadwick,exact,Luke Bard,Luke Bard
14309,ifa_593423,593423,A_chadwick,exact,Frankie Montas,Frankie Montas
14329,draft_2012_anthony_alford_r3p112,546990,A_chadwick,exact,Anthony Alford,Anthony Alford
14350,ifa_606132,606132,A_chadwick,exact,Raimel Tapia,Raimel Tapia
14352,draft_2012_lewis_brinson_r1p29,621446,A_chadwick,exact,Lewis Brinson,Lewis Brinson
14361,draft_2012_ty_blach_r5p178,621389,A_chadwick,exact,Ty Blach,Ty Blach
14374,draft_2011_tyler_glasnow_r5p152,607192,A_chadwick,exact,Tyler Glasnow,Tyler Glasnow
14375,draft_2011_amir_garrett_r22p685,607237,A_chadwick,exact,Amir Garrett,Amir Garrett
14387,ifa_593979,623912,A_chadwick,exact,Harold Ramirez,Harold Ramirez
14388,ifa_608597,608597,A_chadwick,exact,Ronald Guzman,Ronald Guzmán
14391,ifa_622795,622795,A_chadwick,exact,Yohander Mendez,Yohander Méndez
14477,draft_2011_jake_cave_r6p209,595909,A_chadwick,exact,Jake Cave,Jake Cave
14503,ifa_600524,600524,A_chadwick,exact,Renato Nunez,Renato Núñez
14510,ifa_600986,600986,A_chadwick,exact,Thyago Viera,Thyago Vieira
14523,ifa_600474,600474,A_chadwick,exact,Pedro Severino,Pedro Severino
14524,ifa_600917,600917,A_chadwick,exact,Jose Leclerc,José Leclerc
14527,draft_2011_jorge_lopez_r2p70,605347,A_chadwick,exact,Jorge Lopez,Jorge Lopez
14532,ifa_602928,602928,A_chadwick,exact,Felix Jorge,Felix Jorge
14551,ifa_623993,623993,A_chadwick,exact,Anthony Santander,Anthony Santander
14558,ifa_624636,624636,A_chadwick,exact,Carlos Tocci,Carlos Tocci
14566,ifa_614177,614177,A_chadwick,exact,Franmil Reyes,Franmil Reyes
14567,ifa_614173,614173,A_chadwick,exact,Franchy Cordero,Franchy Cordero
14665,ifa_594311,594311,A_chadwick,exact,Jandel Gustave,Jandel Gustave
14672,draft_2011_dillon_maples_r14p429,596027,A_chadwick,exact,Dillon Maples,Dillon Maples
14677,draft_2012_duane_underwood_jr_r2p67,621249,A_chadwick,exact,Duane Underwood,Duane Underwood Jr.
14678,ifa_624407,624407,A_chadwick,exact,Tzu-Wei Lin,Tzu-Wei Lin
14706,draft_2012_anthony_banda_r10p335,607455,A_chadwick,exact,Anthony Banda,Anthony Banda
14711,draft_2012_jamie_callahan_r2p87,621094,A_chadwick,exact,Jamie Callahan,Jamie Callahan
14712,ifa_622534,622534,A_chadwick,exact,Manny Margot,Manuel Margot
14713,ifa_608475,608475,A_chadwick,exact,Dawel Lugo,Dawel Lugo
14719,draft_2012_ty_buttrey_r4p151,621142,A_chadwick,exact,Ty Buttrey,Ty Buttrey
14735,draft_2012_brett_phillips_r6p189,621433,A_chadwick,exact,Brett Phillips,Brett Phillips
14738,draft_2013_phillip_ervin_r1p27,640447,A_chadwick,exact,Phil Ervin,Phillip Ervin
14773,ifa_644374,644374,A_chadwick,exact,Yu-Cheng Chang,Yu Chang
14818,draft_2013_jacoby_jones_r3p87,592444,A_chadwick,exact,Jacoby Jones,Jacoby Jones
14823,draft_2013_mark_appel_r1p1,571446,A_chadwick,exact,Mark Appel,Mark Appel
14832,draft_2013_bobby_wahl_r5p161,592833,A_chadwick,exact,Bobby Wahl,Bobby Wahl
14867,draft_2013_nick_rumbelow_r7p224,592705,A_chadwick,exact,Nick Rumbelow,Nick Rumbelow
14876,draft_2013_jacob_may_r3p91,594576,A_chadwick,exact,Jacob May,Jacob May
14897,draft_2013_daniel_palka_r3p88,594953,A_chadwick,exact,Daniel Palka,Daniel Palka
14899,draft_2013_taylor_williams_r4p122,592865,A_chadwick,exact,Taylor Williams,Taylor Williams
14936,draft_2013_jaycob_brugman_r17p521,595144,A_chadwick,exact,Jaycob Brugman,Jaycob Brugman
14942,draft_2013_andrew_knapp_r2p53,595284,A_chadwick,exact,Andrew Knapp,Andrew Knapp
14962,draft_2011_rookie_davis_r14p449,606959,A_chadwick,exact,Rookie Davis,Rookie Davis
14966,ifa_606625,606625,A_chadwick,exact,Reyes Moronta,Reyes Moronta
14968,draft_2013_victor_caratini_r2p65,605170,A_chadwick,exact,Victor Caratini,Victor Caratini
14986,ifa_606149,606149,A_chadwick,exact,Gio Gallegos,Giovanny Gallegos
14996,ifa_607951,607951,A_chadwick,exact,Jairo Labourt,Jairo Labourt
15009,draft_2013_kyle_finnegan_r6p191,640448,A_chadwick,exact,Kyle Finnegan,Kyle Finnegan
15015,ifa_621052,621052,A_chadwick,exact,Alex Reyes,Alex Reyes
15038,ifa_608566,608566,A_chadwick,exact,German Marquez,Germán Márquez
15047,draft_2013_austin_voth_r5p166,608723,A_chadwick,exact,Austin Voth,Austin Voth
15055,draft_2013_dom_nunez_r6p169,624513,A_chadwick,exact,Dom Nunez,Dom Nunez
15066,draft_2013_jaime_schultz_r14p428,621289,A_chadwick,exact,Jamie Schultz,Jaime Schultz
15068,draft_2012_yency_almonte_r17p537,622075,A_chadwick,exact,Yency Almonte,Yency Almonte
15082,draft_2013_adam_engel_r19p573,641553,A_chadwick,exact,Adam Engel,Adam Engel
15091,draft_2013_hunter_wood_r29p878,621056,A_chadwick,exact,Hunter Wood,Hunter Wood
15100,draft_2013_ben_heller_r22p651,621294,A_chadwick,exact,Ben Heller,Ben Heller
15112,draft_2013_ryan_mcmahon_r2p42,641857,A_chadwick,exact,Ryan McMahon,Ryan McMahon
15115,draft_2012_dylan_cozens_r2p77,622226,A_chadwick,exact,Dylan Cozens,Dylan Cozens
15117,draft_2013_hunter_dozier_r1p8,641531,A_chadwick,exact,Hunter Dozier,Hunter Dozier
15118,draft_2013_jimmie_sherfy_r10p300,642073,A_chadwick,exact,Jimmie Sherfy,Jimmie Sherfy
15119,draft_2013_jordan_patterson_r4p109,641958,A_chadwick,exact,Jordan Patterson,Jordan Patterson
15126,draft_2013_tyler_danish_r2p55,641501,A_chadwick,exact,Tyler Danish,Tyler Danish
15130,draft_2012_drew_anderson_r21p668,623454,A_chadwick,exact,Drew Anderson,Drew Anderson
15139,draft_2012_ashton_goudeau_r27p823,623485,A_chadwick,exact,Ashton Goudeau,Ashton Goudeau
15145,draft_2013_justin_topa_r17p509,623437,A_chadwick,exact,Justin Topa,Justin Topa
15149,draft_2013_trey_mancini_r8p249,641820,A_chadwick,exact,Trey Mancini,Trey Mancini
15161,draft_2013_mitch_garver_r9p260,641598,A_chadwick,exact,Mitch Garver,Mitch Garver
15166,ifa_627894,627894,A_chadwick,exact,Luiz Gohara,Luiz Gohara
15170,draft_2013_josh_vanmeter_r5p148,642165,A_chadwick,exact,Josh VanMeter,Josh VanMeter
15181,draft_2013_ryan_cordell_r11p340,641477,A_chadwick,exact,Ryan Cordell,Ryan Cordell
15189,draft_2013_dustin_peterson_r2p50,640460,A_chadwick,exact,Dustin Peterson,Dustin Peterson
15191,draft_2013_chad_pinder_r2p71,640461,A_chadwick,exact,Chad Pinder,Chad Pinder
15194,draft_2013_jake_bauers_r7p208,641343,A_chadwick,exact,Jake Bauers,Jake Bauers
15197,draft_2013_carlos_asuaje_r11p323,641319,A_chadwick,exact,Carlos Asuaje,Carlos Asuaje
15264,draft_2013_keynan_middleton_r3p95,641871,A_chadwick,exact,Keynan Middleton,Keynan Middleton
15279,draft_2013_garrett_cooper_r6p182,643265,A_chadwick,exact,Garrett Cooper,Garrett Cooper
15291,draft_2013_steven_brault_r11p339,643230,A_chadwick,exact,Steven Brault,Steven Brault
15343,draft_2013_zack_granite_r14p410,643335,A_chadwick,exact,Zack Granite,Zack Granite
15454,draft_2013_nicholas_pivetta_r4p136,601713,A_chadwick,exact,Nick Pivetta,Nicholas Pivetta
15463,draft_2013_jose_de_leon_r24p724,592254,A_chadwick,exact,José De León,Jose De Leon
15464,draft_2013_hunter_renfroe_r1p13,592669,A_chadwick,exact,Hunter Renfroe,Hunter Renfroe
15467,draft_2013_marco_gonzales_r1p19,594835,A_chadwick,exact,Marcos Gonzalez,Marco Gonzales
15474,draft_2012_lucas_giolito_r1p16,608337,A_chadwick,exact,Lucas Giolito,Lucas Giolito
15482,ifa_606157,606157,A_chadwick,exact,Aristides Aquino,Aristides Aquino
15487,ifa_622682,622682,A_chadwick,exact,Victor Reyes,Victor Reyes
15491,draft_2013_jp_crawford_r1p16,641487,A_chadwick,exact,J.P. Crawford,J.P. Crawford
15492,draft_2013_stephen_gonsalves_r4p110,624427,A_chadwick,exact,Stephen Gonsalves,Stephen Gonsalves
15496,ifa_623214,623214,A_chadwick,exact,Abiatal Avelino,Abiatal Avelino
15502,draft_2013_kohl_stewart_r1p4,640464,A_chadwick,exact,Kohl Stewart,Kohl Stewart
15507,draft_2013_hunter_harvey_r1p22,640451,A_chadwick,exact,Hunter Harvey,Hunter Harvey
15518,ifa_642708,642708,A_chadwick,exact,Amed Rosario,Amed Rosario
15519,ifa_620439,620439,A_chadwick,exact,Franklin Barreto,Franklin Barreto
15552,draft_2013_chad_green_r11p336,643338,A_chadwick,exact,Chad Green,Chad Green
15585,ifa_645801,645801,A_chadwick,exact,Mike Ford,Mike Ford
15603,ifa_554374,554374,A_chadwick,exact,Ariel Hernandez,Ariel Hernández
15608,ifa_553902,553902,A_chadwick,exact,Willians Astudillo,Willians Astudillo
15639,draft_2013_daniel_slania_r5p162,592753,A_chadwick,exact,Dan Slania,Daniel Slania
15640,draft_2013_aaron_judge_r1p32,592450,A_chadwick,exact,Aaron Judge,Aaron Judge
15653,draft_2013_dominic_smith_r1p11,642086,A_chadwick,exact,Dom Smith,Dominic Smith
15654,draft_2013_billy_mckinney_r1p24,641856,A_chadwick,exact,Billy McKinney,Billy McKinney
15672,draft_2013_austin_meadows_r1p9,640457,A_chadwick,exact,Austin Meadows,Austin Meadows
15674,draft_2013_reese_mcguire_r1p14,624512,A_chadwick,exact,Reese McGuire,Reese McGuire
15679,draft_2013_rowdy_tellez_r30p895,642133,A_chadwick,exact,Rowdy Tellez,Rowdy Tellez
15684,ifa_612434,612434,A_chadwick,exact,Miguel Castro,Miguel Castro
15688,ifa_622703,622703,A_chadwick,exact,Ronald Herrera,Ronald Herrera
15694,draft_2013_chance_sisco_r2p61,642082,A_chadwick,exact,Chance Sisco,Chance Sisco
15711,draft_2013_tyler_oneill_r3p85,641933,A_chadwick,exact,Tyler O'Neill,Tyler O'Neill
15730,draft_2013_tyler_wade_r4p134,642180,A_chadwick,exact,Tyler Wade,Tyler Wade
15761,ifa_641729,641729,A_chadwick,exact,Joe Jimenez,Joe Jiménez
15766,ifa_600466,600466,A_chadwick,exact,Raudy Read,Raudy Read
15767,ifa_592530,592530,A_chadwick,exact,Jose Marmolejos,José Marmolejos
15769,ifa_622441,622441,A_chadwick,exact,Rafael Bautista,Rafael Bautista
15792,draft_2013_rob_kaminsky_r1p28,641739,A_chadwick,exact,Rob Kaminsky,Rob Kaminsky
15816,draft_2013_devin_williams_r2p54,642207,A_chadwick,exact,Devin Williams,Devin Williams
15817,ifa_625510,625510,A_chadwick,exact,Erick Mejia,Erick Mejia
15823,draft_2013_zack_littell_r11p327,641793,A_chadwick,exact,Zack Littell,Zack Littell
15878,ifa_609280,609280,A_chadwick,exact,Miguel Andujar,Miguel Andujar
15885,ifa_622864,622864,A_chadwick,exact,Fernando Romero,Fernando Romero
15906,ifa_626929,626929,A_chadwick,exact,Lewis Thorpe,Lewis Thorpe
15915,ifa_644364,644364,A_chadwick,exact,Victor Arano,Víctor Arano
15947,draft_2013_ryne_stanek_r1p29,592773,A_chadwick,exact,Ryne Stanek,Ryne Stanek
15949,draft_2013_dj_snelten_r9p282,592769,A_chadwick,exact,D.J. Snelten,D.J. Snelten
15958,draft_2013_travis_demeritte_r1p30,641513,A_chadwick,exact,Travis Demeritte,Travis Demeritte
15964,ifa_622492,622492,A_chadwick,exact,Keury Mella,Keury Mella
15971,ifa_622668,622668,A_chadwick,exact,Ivan Castillo,Ivan Castillo
15983,draft_2013_clint_frazier_r1p5,640449,A_chadwick,exact,Clint Frazier,Clint Frazier
15986,ifa_642715,642715,A_chadwick,exact,Willy Adames,Willy Adames
15994,draft_2013_kean_wong_r4p128,642221,A_chadwick,exact,Kean Wong,Kean Wong
15998,draft_2013_cody_bellinger_r4p124,641355,A_chadwick,exact,Cody Bellinger,Cody Bellinger
16074,draft_2014_nick_burdi_r2p46,595897,A_chadwick,exact,Nick Burdi,Nick Burdi
16094,draft_2014_zach_thompson_r5p138,605507,A_chadwick,exact,Zach Thompson,Zach Thompson
16110,draft_2014_daniel_ponce_de_leon_r9p285,594965,A_chadwick,exact,Daniel Poncedeleon,Daniel Ponce de Leon
16115,draft_2014_mike_gerber_r15p460,595222,A_chadwick,exact,Mike Gerber,Mike Gerber
16128,draft_2014_john_curtiss_r6p170,595928,A_chadwick,exact,John Curtiss,John Curtiss
16153,draft_2014_austin_slater_r8p238,596103,A_chadwick,exact,Austin Slater,Austin Slater
16155,draft_2014_eric_skoglund_r3p92,607215,A_chadwick,exact,Eric Skoglund,Eric Skoglund
16162,draft_2014_brandon_woodruff_r11p326,605540,A_chadwick,exact,Brandon Woodruff,Brandon Woodruff
16164,draft_2014_daniel_gossett_r2p65,605254,A_chadwick,exact,Daniel Gossett,Daniel Gossett
16165,draft_2014_max_povse_r3p102,605428,A_chadwick,exact,Max Povse,Max Povse
16192,draft_2014_derek_fisher_r1p37,605233,A_chadwick,exact,Derek Fisher,Derek Fisher
16207,draft_2014_spencer_turnbull_r2p63,605513,A_chadwick,exact,Spencer Turnbull,Spencer Turnbull
16209,draft_2014_jake_reed_r5p140,596082,A_chadwick,exact,Jake Reed,Jake Reed
16215,draft_2014_jacob_lindgren_r2p55,605338,A_chadwick,exact,Jacob Lindgren,Jacob Lindgren
16219,draft_2014_jd_davis_r3p75,605204,A_chadwick,exact,J.D. Davis,J.D. Davis
16221,draft_2014_bradley_zimmer_r1p21,605548,A_chadwick,exact,Brad Zimmer,Bradley Zimmer
16233,draft_2014_tejay_antone_r5p155,622088,A_chadwick,exact,Tejay Antone,Tejay Antone
16256,draft_2014_kyle_freeland_r1p8,607536,A_chadwick,exact,Kyle Freeland,Kyle Freeland
16258,draft_2014_aaron_bummer_r19p558,607481,A_chadwick,exact,Aaron Bummer,Aaron Bummer
16263,draft_2014_sam_travis_r2p67,607752,A_chadwick,exact,Sam Travis,Sam Travis
16265,draft_2014_sam_howard_r3p82,607572,A_chadwick,exact,Sam Howard,Sam Howard
16271,draft_2014_alex_blandino_r1p29,607468,A_chadwick,exact,Alex Blandino,Alex Blandino
16285,draft_2013_miguel_hermosillo_r28p847,641684,A_chadwick,exact,Michael Hermosillo,Miguel Hermosillo
16291,draft_2013_nick_ciuffo_r1p21,624419,A_chadwick,exact,Nick Ciuffo,Nick Ciuffo
16300,ifa_622786,622786,A_chadwick,exact,Jesus Tinoco,Jesus Tinoco
16306,ifa_622103,622103,A_chadwick,exact,Gerardo Reyes,Gerardo Reyes
16313,ifa_622168,622168,A_chadwick,exact,Yairo Munoz,Yairo Muñoz
16318,ifa_620982,620982,A_chadwick,exact,Ricardo Pinto,Ricardo Pinto
16337,draft_2014_nick_gordon_r1p5,624503,A_chadwick,exact,Nick Gordon,Nick Gordon
16344,ifa_622161,622161,A_chadwick,exact,Eduardo Paredes,Eduardo Paredes
16348,ifa_622382,622382,A_chadwick,exact,Gabriel Moya,Gabriel Moya
16350,draft_2012_ryan_borucki_r15p475,621366,A_chadwick,exact,Ryan Borucki,Ryan Borucki
16357,ifa_622569,622569,A_chadwick,exact,Pablo Reyes,Pablo Reyes
16358,draft_2013_tyler_mahle_r7p225,641816,A_chadwick,exact,Tyler Mahle,Tyler Mahle
16375,draft_2013_oscar_mercado_r2p57,640458,A_chadwick,exact,Oscar Mercado,Oscar Mercado
16377,draft_2014_ryan_castellani_r2p48,624418,A_chadwick,exact,Ryan Castellani,Ryan Castellani
16390,draft_2014_brad_wieck_r7p205,623364,A_chadwick,exact,Brad Wieck,Brad Wieck
16400,ifa_625643,625643,A_chadwick,exact,Reynaldo Lopez,Reynaldo López
16401,ifa_630023,630023,A_chadwick,exact,Yonny Chirinos,Yonny Chirinos
16403,ifa_473255,642336,A_chadwick,exact,Francisco Mejia,Francisco Mejia
16404,ifa_642736,642736,A_chadwick,exact,Domingo Leyba,Domingo Leyba
16408,ifa_665666,624647,A_chadwick,exact,Victor Gonzalez,Victor Gonzalez
16411,ifa_620446,620446,A_chadwick,exact,Richard Urena,Richard Urena
16417,ifa_642727,642727,A_chadwick,exact,Sergio Alcantara,Sergio Alcántara
16418,draft_2013_blake_taylor_r2p51,642130,A_chadwick,exact,Blake Taylor,Blake Taylor
16419,ifa_629496,629496,A_chadwick,exact,Chih-Wei Hu,Chih-Wei Hu
16426,ifa_642731,642731,A_chadwick,exact,Thairo Estrada,Thairo Estrada
16427,draft_2014_scott_blewett_r2p56,656240,A_chadwick,exact,Scott Blewett,Scott Blewett
16429,draft_2013_jason_martin_r8p227,641829,A_chadwick,exact,Jason Martin,Jason Martin
16432,draft_2014_foster_griffin_r1p28,656492,A_chadwick,exact,Foster Griffin,Foster Griffin
16434,draft_2013_christian_arroyo_r1p25,624414,A_chadwick,exact,Christian Arroyo,Christian Arroyo
16442,draft_2014_ryan_ohearn_r8p243,656811,A_chadwick,exact,Ryan O'Hearn,Ryan O'Hearn
16448,draft_2013_jacob_nottingham_r6p167,641924,A_chadwick,exact,Jacob Nottingham,Jacob Nottingham
16451,draft_2013_luis_guillorme_r10p296,641645,A_chadwick,exact,Luis Guillorme,Luis Guillorme
16455,draft_2013_conner_greene_r7p205,641632,A_chadwick,exact,Conner Greene,Conner Greene
16466,draft_2014_brent_honeywell_jr_r2p72,641703,A_chadwick,exact,Brent Honeywell,Brent Honeywell Jr.
16470,draft_2013_roel_ramirez_r8p248,641995,A_chadwick,exact,Roel Ramirez,Roel Ramirez
16472,draft_2014_rhys_hoskins_r5p142,656555,A_chadwick,exact,Rhys Hoskins,Rhys Hoskins
16496,draft_2014_forrest_wall_r1p35,657088,A_chadwick,exact,Forrest Wall,Forrest Wall
16505,draft_2014_matt_chapman_r1p25,656305,A_chadwick,exact,Matt Chapman,Matt Chapman
16507,draft_2014_dan_altavilla_r5p141,656186,A_chadwick,exact,Dan Altavilla,Dan Altavilla
16511,draft_2014_jordan_montgomery_r4p122,656756,A_chadwick,exact,Jordan Montgomery,Jordan Montgomery
16512,draft_2013_isaiah_kiner-falefa_r4p130,643396,A_chadwick,exact,Isiah Kiner-Falefa,Isaiah Kiner-Falefa
16524,draft_2014_ryan_mcbroom_r15p444,643436,A_chadwick,exact,Ryan McBroom,Ryan Mcbroom
16530,draft_2013_mauricio_dubon_r26p773,643289,A_chadwick,exact,Mauricio Dubon,Mauricio Dubon
16535,draft_2013_danny_jansen_r16p475,643376,A_chadwick,exact,Danny Jansen,Danny Jansen
16542,draft_2013_shed_long_jr_r12p375,643418,A_chadwick,exact,Shed Long,Shed Long Jr.
16556,ifa_645277,645277,A_chadwick,exact,Ozzie Albies,Ozzie Albies
16561,draft_2014_austin_gomber_r4p135,596295,A_chadwick,exact,Austin Gomber,Austin Gomber
16565,draft_2014_mark_zagunis_r3p78,657145,A_chadwick,exact,Mark Zagunis,Mark Zagunis
16578,ifa_650490,650490,A_chadwick,exact,Yandy Diaz,Yandy Díaz
16587,draft_2014_erik_swanson_r8p246,657024,A_chadwick,exact,Erik Swanson,Erik Swanson
16588,draft_2014_jonathan_holder_r6p182,656547,A_chadwick,exact,Jonathan Holder,Jonathan Holder
16593,draft_2014_kevin_padlo_r5p143,656821,A_chadwick,exact,Kevin Padlo,Kevin Padlo
16609,ifa_650556,650556,A_chadwick,exact,Bryan Abreu,Bryan Abreu
16622,ifa_649966,649966,A_chadwick,exact,Luis Urias,Luis Urías
16623,draft_2014_greg_allen_r6p188,656185,A_chadwick,exact,Greg Allen,Greg Allen
16634,ifa_656004,656004,A_chadwick,exact,Carlos Sanabria,Carlos Sanabria
16668,draft_2014_james_bourque_r14p424,630263,A_chadwick,exact,James Bourque,James Bourque
16686,draft_2014_jason_vosler_r16p469,613564,A_chadwick,exact,Jason Vosler,Jason Vosler
16687,draft_2014_dean_deetz_r11p316,657209,A_chadwick,exact,Dean Deetz,Dean Deetz
16703,draft_2014_julian_merryweather_r5p158,657240,A_chadwick,exact,Julian Merryweather,Julian Merryweather
16725,draft_2014_jose_trevino_r6p186,624431,A_chadwick,exact,Jose Trevino,Jose Trevino
16727,draft_2014_brock_stewart_r6p189,592779,A_chadwick,exact,Brock Stewart,Brock Stewart
16729,draft_2014_brian_ogrady_r8p245,657434,A_chadwick,exact,Brian O'Grady,Brian O'Grady
16794,draft_2014_josh_james_r34p1006,657624,A_chadwick,exact,Josh James,Josh James
16839,draft_2014_braxton_lee_r12p367,657658,A_chadwick,exact,Braxton Lee,Braxton Lee
16840,draft_2014_cam_hill_r17p518,657611,A_chadwick,exact,Cam Hill,Cam Hill
16866,draft_2014_reed_garrett_r16p486,657585,A_chadwick,exact,Reed Garrett,Reed Garrett
16885,ifa_658069,658069,A_chadwick,exact,Josh Fuentes,Joshua Fuentes
16909,draft_2013_colin_moran_r1p6,592567,A_chadwick,exact,Colin Moran,Colin Moran
16918,draft_2014_luke_weaver_r1p27,596133,A_chadwick,exact,Luke Weaver,Luke Weaver
16925,draft_2014_aramis_garcia_r2p52,605244,A_chadwick,exact,Aramis Garcia,Aramis Garcia
16929,draft_2014_touki_toussaint_r1p16,657053,A_chadwick,exact,Touki Toussaint,Touki Toussaint
16930,draft_2013_jonah_heim_r4p129,641680,A_chadwick,exact,Jonah Heim,Jonah Heim
16933,ifa_622694,622694,A_chadwick,exact,Elieser Hernandez,Elieser Hernández
16939,draft_2014_lane_thomas_r5p144,657041,A_chadwick,exact,Lane Thomas,Lane Thomas
16942,draft_2014_luis_ortiz_r1p30,656814,A_chadwick,exact,Luis Ortiz,Luis Ortiz
16943,draft_2014_sean_newcomb_r1p15,656794,A_chadwick,exact,Sean Newcomb,Sean Newcomb
16944,draft_2014_grant_holmes_r1p22,656550,A_chadwick,exact,Grant Holmes,Grant Holmes
16947,draft_2014_derek_hill_r1p23,656537,A_chadwick,exact,Derek Hill,Derek Hill
16958,draft_2014_jake_jewell_r5p149,657228,A_chadwick,exact,Jake Jewell,Jake Jewell
16977,draft_2013_trevor_williams_r2p44,592866,A_chadwick,exact,Trevor Williams,Trevor Williams
16981,draft_2014_tyler_beede_r1p14,595881,A_chadwick,exact,Tyler Beede,Tyler Beede
16997,ifa_650402,650402,A_chadwick,exact,Gleyber Torres,Gleyber Torres
17002,draft_2014_trevor_hildenberger_r22p650,657610,A_chadwick,exact,Trevor Hildenberger,Trevor Hildenberger
17005,draft_2012_gavin_cecchini_r1p12,608325,A_chadwick,exact,Gavin Cecchini,Gavin Cecchini
17022,ifa_624641,624641,A_chadwick,exact,Edmundo Sosa,Edmundo Sosa
17023,ifa_642423,642423,A_chadwick,exact,Magneuris Sierra,Magneuris Sierra
17027,draft_2014_alex_verdugo_r2p62,657077,A_chadwick,exact,Alex Verdugo,Alex Verdugo
17030,ifa_642558,642558,A_chadwick,exact,Ariel Jurado,Ariel Jurado
17034,draft_2014_sean_reid-foley_r2p49,656887,A_chadwick,exact,Sean Reid-Foley,Sean Reid-Foley
17035,draft_2013_joe_palumbo_r30p910,643478,A_chadwick,exact,Joe Palumbo,Joe Palumbo
17040,ifa_696096,645444,A_chadwick,exact,Jose Herrera,Jose Herrera
17075,ifa_685777,622497,A_chadwick,exact,Miguel Gomez,Miguel Gomez
17085,ifa_641154,641154,A_chadwick,exact,Pablo Lopez,Pablo López
17092,ifa_642758,642758,A_chadwick,exact,Domingo Acevedo,Domingo Acevedo
17098,draft_2013_dustin_fowler_r18p554,641583,A_chadwick,exact,Dustin Fowler,Dustin Fowler
17109,ifa_650619,650619,A_chadwick,exact,Meibrys Viloria,Meibrys Viloria
17128,draft_2014_ramon_laureano_r16p466,657656,A_chadwick,exact,Ramon Laureano,Ramon Laureano
17149,ifa_593334,593334,A_chadwick,exact,Domingo German,Domingo Germán
17181,ifa_661255,661255,A_chadwick,exact,Yoan Lopez,Yoan López
17186,ifa_659275,659275,A_chadwick,exact,Dinelson Lamet,Dinelson Lamet
17192,draft_2014_jalen_beeks_r12p374,656222,A_chadwick,exact,Jalen Beeks,Jalen Beeks
17216,draft_2014_monte_harrison_r2p50,656509,A_chadwick,exact,Monte Harrison,Monte Harrison
17232,ifa_660162,660162,A_chadwick,exact,Yoan Moncada,Yoán Moncada
17237,draft_2010_austin_brice_r9p287,592169,A_chadwick,exact,Austin Brice,Austin Brice
17264,draft_2014_sam_coonrod_r5p148,656322,A_chadwick,exact,Sam Coonrod,Sam Coonrod
17273,ifa_622761,622761,A_chadwick,exact,Jorge Mateo,Jorge Mateo
17276,draft_2014_alex_jackson_r1p6,656577,A_chadwick,exact,Alex Jackson,Alex Jackson
17277,ifa_624133,624133,A_chadwick,exact,Ranger Suarez,Ranger Suarez
17278,draft_2014_bobby_bradley_r3p97,656252,A_chadwick,exact,Bobby Bradley,Bobby Bradley
17281,draft_2013_thomas_pannone_r9p261,623381,A_chadwick,exact,Thomas Pannone,Thomas Pannone
17282,draft_2014_michael_kopech_r1p33,656629,A_chadwick,exact,Michael Kopech,Michael Kopech
17285,draft_2014_justus_sheffield_r1p31,656954,A_chadwick,exact,Justus Sheffield,Justus Sheffield
17292,ifa_642770,642770,A_chadwick,exact,Javy Guerra,Javy Guerra
17295,ifa_664285,664285,A_chadwick,exact,Framber Valdez,Framber Valdez
17303,ifa_642564,642564,A_chadwick,exact,Francis Martes,Francis Martes
17304,ifa_471697,642629,A_chadwick,exact,Emmanuel Ramirez,Emmanuel Ramirez
17307,ifa_642451,642451,A_chadwick,exact,Luis Liberato,Luis Liberato
17312,draft_2014_justin_steele_r5p139,657006,A_chadwick,exact,Justin Steele,Justin Steele
17313,ifa_642571,642571,A_chadwick,exact,Merandy Gonzalez,Merandy Gonzalez
17321,draft_2014_michael_chavis_r1p26,656308,A_chadwick,exact,Michael Chavis,Michael Chavis
17326,draft_2014_cole_tucker_r1p24,657061,A_chadwick,exact,Cole Tucker,Cole Tucker
17338,ifa_650489,650489,A_chadwick,exact,Willi Castro,Willi Castro
17345,ifa_650813,650813,A_chadwick,exact,Luis Escobar,Luis Escobar
17350,ifa_646240,646240,A_chadwick,exact,Rafael Devers,Rafael Devers
17355,ifa_650828,650828,A_chadwick,exact,Edgar Santana,Edgar Santana
17369,draft_2014_brett_martin_r4p126,656685,A_chadwick,exact,Brett Martin,Brett Martin
17418,ifa_600944,600944,A_chadwick,exact,David Paulino,David Paulino
17423,ifa_606213,606213,A_chadwick,exact,Yermín Mercedes,Yermín Mercedes
17425,draft_2014_erick_fedde_r1p18,607200,A_chadwick,exact,Erick Fedde,Erick Fedde
17432,draft_2014_jeff_hoffman_r1p9,656546,A_chadwick,exact,Jeff Hoffman,Jeff Hoffman
17452,ifa_642350,642350,A_chadwick,exact,Jose Siri,Jose Siri
17464,ifa_642546,642546,A_chadwick,exact,Jonathan Hernandez,Jonathan Hernández
17466,draft_2014_heath_fillmyer_r5p162,641571,A_chadwick,exact,Heath Fillmyer,Heath Fillmyer
17468,ifa_642721,642721,A_chadwick,exact,Kelvin Gutierrez,Kelvin Gutiérrez
17470,draft_2014_chad_sobotka_r4p133,656977,A_chadwick,exact,Chad Sobotka,Chad Sobotka
17478,draft_2014_troy_stokes_jr_r4p116,657011,A_chadwick,exact,Troy Stokes,Troy Stokes Jr.
17479,draft_2014_jack_flaherty_r1p34,656427,A_chadwick,exact,Jack Flaherty,Jack Flaherty
17480,ifa_650960,650960,A_chadwick,exact,Daniel Duarte,Daniel Duarte
17484,ifa_650391,650391,A_chadwick,exact,Eloy Jimenez,Eloy Jiménez
17485,ifa_656061,656061,A_chadwick,exact,Albert Abreu,Albert Abreu
17490,ifa_650893,650893,A_chadwick,exact,Genesis Cabrera,Génesis Cabrera
17505,ifa_541582,660422,A_chadwick,exact,Jorge Guzman,Jorge Guzman
17508,ifa_658791,658791,A_chadwick,exact,Wei-Chieh Huang,Wei-Chieh Huang
17536,draft_2015_ryan_burr_r5p136,621114,A_chadwick,exact,Ryan Burr,Ryan Burr
17548,draft_2015_taylor_ward_r1p26,621493,A_chadwick,exact,Taylor Ward,Taylor Ward
17556,draft_2015_jimmy_herget_r6p175,623474,A_chadwick,exact,Jimmy Herget,Jimmy Herget
17578,draft_2015_jt_brubaker_r6p187,664141,A_chadwick,exact,J.T. Brubaker,JT Brubaker
17583,ifa_650959,650959,A_chadwick,exact,Marcos Diplan,Marcos Diplán
17585,draft_2014_jordan_yamamoto_r12p356,657141,A_chadwick,exact,Jordan Yamamoto,Jordan Yamamoto
17586,draft_2014_tanner_scott_r6p181,656945,A_chadwick,exact,Tanner Scott,Tanner Scott
17588,draft_2015_blake_trahan_r3p84,664167,A_chadwick,exact,Blake Trahan,Blake Trahan
17594,draft_2014_mitch_keller_r2p64,656605,A_chadwick,exact,Mitch Keller,Mitch Keller
17606,ifa_664299,664299,A_chadwick,exact,Cristian Javier,Cristian Javier
17610,draft_2015_tanner_rainey_r2p71,663432,A_chadwick,exact,Tanner Rainey,Tanner Rainey
17611,draft_2015_taylor_clarke_r3p76,664199,A_chadwick,exact,Taylor Clarke,Taylor Clarke
17620,draft_2015_myles_straw_r12p349,664702,A_chadwick,exact,Myles Straw,Myles Straw
17639,draft_2015_justin_lawrence_r12p347,664875,A_chadwick,exact,Justin Lawrence,Justin Lawrence
17642,draft_2013_jt_riddle_r13p382,595375,A_chadwick,exact,J.T. Riddle,J.T. Riddle
17664,draft_2015_cody_carroll_r22p663,606944,A_chadwick,exact,Cody Carroll,Cody Carroll
17677,draft_2015_jeffrey_springs_r30p888,605488,A_chadwick,exact,Jeffrey Springs,Jeffrey Springs
17679,ifa_660494,660494,A_chadwick,exact,Rogelio Armenteros,Rogelio Armenteros
17684,draft_2015_vimael_machin_r10p293,605353,A_chadwick,exact,Vimael Machin,Vimael Machin
17689,draft_2015_kevin_kramer_r2p62,596012,A_chadwick,exact,Kevin Kramer,Kevin Kramer
17695,draft_2015_koda_glover_r8p254,606983,A_chadwick,exact,Koda Glover,Koda Glover
17696,draft_2015_kevin_newman_r1p19,621028,A_chadwick,exact,Kevin Newman,Kevin Newman
17710,draft_2015_matt_beaty_r12p372,607461,A_chadwick,exact,Matt Beaty,Matt Beaty
17714,draft_2015_christin_stewart_r1p34,621514,A_chadwick,exact,Christin Stewart,Christin Stewart
17719,draft_2015_steven_duggar_r6p186,621453,A_chadwick,exact,Stephen Duggar,Steven Duggar
17723,draft_2015_skye_bolt_r4p128,621450,A_chadwick,exact,Skye Bolt,Skye Bolt
17732,ifa_622503,622503,A_chadwick,exact,Nabil Crismatt,Nabil Crismatt
17734,draft_2015_evan_phillips_r17p510,623465,A_chadwick,exact,Evan Phillips,Evan Phillips
17735,draft_2015_tyler_alexander_r2p65,641302,A_chadwick,exact,Tyler Alexander,Tyler Alexander
17736,draft_2015_richie_martin_r1p20,621006,A_chadwick,exact,Richie Martin,Richie Martin
17750,draft_2015_max_schrock_r13p404,621011,A_chadwick,exact,Max Schrock,Max Schrock
17754,ifa_622783,622783,A_chadwick,exact,Sandy Baez,Sandy Báez
17759,ifa_622780,622780,A_chadwick,exact,Angel Perdomo,Angel Perdomo
17766,draft_2015_dj_stewart_r1p25,621466,A_chadwick,exact,D.J. Stewart,DJ Stewart
17775,draft_2015_jacob_nix_r3p86,656798,A_chadwick,exact,Jacob Nix,Jacob Nix
17780,ifa_621237,621237,A_chadwick,exact,Jose Alvarado,José Alvarado
17783,draft_2013_jake_brentz_r11p325,641394,A_chadwick,exact,Jake Brentz,Jake Brentz
17792,draft_2015_patrick_weigel_r7p210,622256,A_chadwick,exact,Patrick Weigel,Patrick Weigel
17793,draft_2015_trey_wingenter_r17p507,622259,A_chadwick,exact,Trey Wingenter,Trey Wingenter
17796,draft_2015_dillon_tate_r1p4,622253,A_chadwick,exact,Dillon Tate,Dillon Tate
17806,draft_2015_braden_bishop_r3p94,623323,A_chadwick,exact,Braden Bishop,Braden Bishop
17838,draft_2015_willie_calhoun_r4p132,641432,A_chadwick,exact,Willie Calhoun,Willie Calhoun
17839,ifa_642772,642772,A_chadwick,exact,Luis Alexander Basabe,Luis Alexander Basabe
17859,ifa_640470,640470,A_chadwick,exact,Adbert Alzolay,Adbert Alzolay
17861,ifa_642584,642584,A_chadwick,exact,Franklyn Kilome,Franklyn Kilome
17871,draft_2015_ian_gibaut_r11p328,664139,A_chadwick,exact,Ian Gibaut,Ian Gibaut
17878,ifa_642701,642701,A_chadwick,exact,Dennis Santana,Dennis Santana
17893,draft_2015_tyler_nevin_r1p38,663527,A_chadwick,exact,Tyler Nevin,Tyler Nevin
17897,draft_2015_garrett_cleavinger_r3p102,664076,A_chadwick,exact,Garrett Cleavinger,Garrett Cleavinger
17901,draft_2015_andrew_benintendi_r1p7,643217,A_chadwick,exact,Andrew Benintendi,Andrew Benintendi
17907,draft_2015_brendan_rodgers_r1p3,663898,A_chadwick,exact,Brendan Rodgers,Brendan Rodgers
17910,draft_2014_marcus_wilson_r2p69,657129,A_chadwick,exact,Marcus Wilson,Marcus Wilson
17919,draft_2015_ian_happ_r1p9,664023,A_chadwick,exact,Ian Happ,Ian Happ
17920,draft_2015_cody_ponce_r2p55,664074,A_chadwick,exact,Cody Ponce,Cody Ponce
17922,draft_2014_isan_diaz_r2p70,656371,A_chadwick,exact,Isan Diaz,Isan Diaz
17929,draft_2015_cedric_mullins_r13p403,656775,A_chadwick,exact,Cedric Mullins,Cedric Mullins
17932,draft_2015_andrew_stevenson_r2p58,664057,A_chadwick,exact,Andrew Stevenson,Andrew Stevenson
17948,draft_2015_trent_thornton_r5p139,663423,A_chadwick,exact,Trent Thornton,Trent Thornton
17952,draft_2015_tyler_jay_r1p6,664079,A_chadwick,exact,Tyler Jay,Tyler Jay
17954,draft_2015_sam_hilliard_r15p437,656541,A_chadwick,exact,Sam Hilliard,Sam Hilliard
17968,draft_2014_brock_burke_r3p96,656271,A_chadwick,exact,Brock Burke,Brock Burke
17969,draft_2015_peter_lambert_r2p44,663567,A_chadwick,exact,Peter Lambert,Peter Lambert
17975,draft_2015_scott_kingery_r2p48,664068,A_chadwick,exact,Scott Kingery,Scott Kingery
17982,draft_2015_ty_france_r34p1017,664034,A_chadwick,exact,Ty France,Ty France
17987,draft_2015_bobby_poyner_r14p411,596074,A_chadwick,exact,Bobby Poyner,Bobby Poyner
17988,draft_2015_tyler_stephenson_r1p11,663886,A_chadwick,exact,Tyler Stephenson,Tyler Stephenson
17992,draft_2015_david_fletcher_r6p195,664058,A_chadwick,exact,David Fletcher,David Fletcher
17995,draft_2014_logan_webb_r4p118,657277,A_chadwick,exact,Logan Webb,Logan Webb
17998,draft_2015_peter_fairbanks_r9p258,664126,A_chadwick,exact,Peter Fairbanks,Peter Fairbanks
18000,draft_2015_triston_mckenzie_r1p42,663474,A_chadwick,exact,Triston McKenzie,Triston McKenzie
18015,draft_2015_paul_dejong_r4p131,657557,A_chadwick,exact,Paul DeJong,Paul DeJong
18030,draft_2015_harrison_bader_r3p100,664056,A_chadwick,exact,Harrison Bader,Harrison Bader
18032,draft_2015_mark_mathias_r3p93,664029,A_chadwick,exact,Mark Mathias,Mark Mathias
18036,draft_2015_jake_cronenworth_r7p208,630105,A_chadwick,exact,Jake Cronenworth,Jake Cronenworth
18042,draft_2015_dylan_moore_r7p198,664238,A_chadwick,exact,Dylan Moore,Dylan Moore
18054,draft_2015_sam_haggerty_r24p724,664059,A_chadwick,exact,Sam Haggarty,Sam Haggerty
18064,draft_2015_phil_maton_r20p597,664208,A_chadwick,exact,Phil Maton,Phil Maton
18067,draft_2015_garrett_stubbs_r8p229,596117,A_chadwick,exact,Garrett Stubbs,Garrett Stubbs
18076,draft_2015_matt_hall_r6p190,664180,A_chadwick,exact,Matt Hall,Matt Hall
18083,draft_2015_austin_allen_r4p117,664119,A_chadwick,exact,Austin Allen,Austin Allen
18088,draft_2015_cody_stashak_r13p380,664054,A_chadwick,exact,Cody Stashak,Cody Stashak
18114,draft_2015_ben_taylor_r7p201,664701,A_chadwick,exact,Ben Taylor,Ben Taylor
18123,draft_2015_nathan_lukes_r7p214,664770,A_chadwick,exact,Nathan Lukes,Nathan Lukes
18126,draft_2015_lamonte_wade_r9p260,664774,A_chadwick,exact,"Lamonte, Jr. Wade",LaMonte Wade
18135,draft_2015_chance_adams_r5p153,664856,A_chadwick,exact,Chance Adams,Chance Adams
18138,draft_2015_ryan_helsley_r5p161,664854,A_chadwick,exact,Ryan Helsley,Ryan Helsley
18152,draft_2015_anthony_misiewicz_r18p545,664948,A_chadwick,exact,Anthony Misiewicz,Anthony Misiewicz
18217,draft_2015_brett_sullivan_r17p508,664954,A_chadwick,exact,Brett Sullivan,Brett Sullivan
18251,draft_2015_art_warren_r23p695,605521,A_chadwick,exact,Art Warren,Art Warren
18282,ifa_606424,606424,A_chadwick,exact,Jarlin Garcia,Jarlín García
18300,draft_2015_andrew_suárez_r2p61,605498,A_chadwick,exact,Andrew Suarez,Andrew Suárez
18306,draft_2015_taylor_guilbeau_r10p314,607555,A_chadwick,exact,Taylor Guilbeau,Taylor Guilbeau
18311,draft_2015_carson_fulmer_r1p8,608334,A_chadwick,exact,Carson Fulmer,Carson Fulmer
18314,draft_2015_dansby_swanson_r1p1,621020,A_chadwick,exact,Dansby Swanson,Dansby Swanson
18316,draft_2015_edwin_rios_r6p192,621458,A_chadwick,exact,Edwin Rios,Edwin Rios
18323,draft_2015_josh_sborz_r2p74,622250,A_chadwick,exact,Josh Sborz,Josh Sborz
18325,draft_2015_taylor_hearn_r5p164,621368,A_chadwick,exact,Taylor Hearn,Taylor Hearn
18331,draft_2015_james_kaprielian_r1p16,621076,A_chadwick,exact,James Kaprielian,James Kaprielian
18333,draft_2015_alex_young_r2p43,622065,A_chadwick,exact,Alex Young,Alex Young
18335,draft_2015_josh_staumont_r2p64,622251,A_chadwick,exact,Josh Staumont,Josh Staumont
18341,ifa_642759,642759,A_chadwick,exact,Julian Fernández,Julian Fernández
18345,draft_2015_kyle_tucker_r1p5,663656,A_chadwick,exact,Kyle Tucker,Kyle Tucker
18353,draft_2015_daz_cameron_r1p37,663662,A_chadwick,exact,Daz Cameron,Daz Cameron
18356,ifa_642545,642545,A_chadwick,exact,Jaime Barria,Jaime Barria
18360,draft_2015_austin_riley_r1p41,663586,A_chadwick,exact,Austin Riley,Austin Riley
18361,draft_2015_tom_eshelman_r2p46,664045,A_chadwick,exact,Thomas Eshelman,Tom Eshelman
18363,ifa_645302,645302,A_chadwick,exact,Victor Robles,Victor Robles
18365,ifa_650331,650331,A_chadwick,exact,Lewin Díaz,Lewin Díaz
18371,ifa_650339,650339,A_chadwick,exact,Jermaine Palacios,Jermaine Palacios
18373,draft_2015_ryan_mountcastle_r1p36,663624,A_chadwick,exact,Ryan Mountcastle,Ryan Mountcastle
18383,draft_2015_mike_soroka_r1p28,647336,A_chadwick,exact,Mike Soroka,Mike Soroka
18395,draft_2015_travis_blankenhorn_r3p80,663905,A_chadwick,exact,Travis Blankenhorn,Travis Blankenhorn
18399,draft_2015_joe_mccarthy_r5p148,663411,A_chadwick,exact,Joe McCarthy,Joe McCarthy
18400,ifa_660766,660766,A_chadwick,exact,Juan Yepez,Juan Yepez
18401,ifa_660670,660670,A_chadwick,exact,Ronald Acuna,Ronald Acuña Jr.
18403,ifa_660853,660853,A_chadwick,exact,Enyel De Los Santos,Enyel De Los Santos
18413,ifa_664353,664353,A_chadwick,exact,Jose Urquidy,José Urquidy
18482,draft_2014_chris_gittens_r12p362,656467,A_chadwick,exact,Chris Gittens,Chris Gittens
18496,ifa_658551,658551,A_chadwick,exact,Junior Fernández,Junior Fernández
18519,draft_2015_phil_bickford_r1p18,641360,A_chadwick,exact,Phil Bickford,Phil Bickford
18525,draft_2014_dylan_cease_r6p169,656302,A_chadwick,exact,Dylan Cease,Dylan Cease
18548,draft_2014_sam_hentges_r4p128,656529,A_chadwick,exact,Sam Hentges,Sam Hentges
18551,ifa_645305,645305,A_chadwick,exact,Ali Sánchez,Ali Sánchez
18564,draft_2015_trent_grisham_r1p15,663757,A_chadwick,exact,Trent Grisham,Trent Grisham
18568,ifa_650333,650333,A_chadwick,exact,Luis Arraez,Luis Arraez
18577,draft_2015_kebryan_hayes_r1p32,663647,A_chadwick,exact,Ke'Bryan Hayes,Ke'Bryan Hayes
18581,draft_2015_travis_bergen_r7p212,664157,A_chadwick,exact,Travis Bergen,Travis Bergen
18587,draft_2015_brendon_davis_r5p162,663478,A_chadwick,exact,Brendon Davis,Brendon Davis
18592,ifa_660431,660431,A_chadwick,exact,Hector Perez,Hector Perez
18593,ifa_659262,659262,A_chadwick,exact,Anderson Espinoza,Anderson Espinoza
18600,draft_2015_travis_lakins_r6p171,664042,A_chadwick,exact,Travis Lakins,Travis Lakins
18603,draft_2015_donny_sands_r8p243,664848,A_chadwick,exact,Donny Sands,Donny Sands
18607,draft_2015_jared_walsh_r39p1185,665120,A_chadwick,exact,Jared Walsh,Jared Walsh
18615,draft_2015_hobie_harris_r31p933,665048,A_chadwick,exact,Hobie Harris,Hobie Harris
18655,draft_2015_aj_minter_r2p75,621345,A_chadwick,exact,A.J. Minter,A.J. Minter
18674,draft_2015_jake_woodford_r1p39,663765,A_chadwick,exact,Jake Woodford,Jake Woodford
18679,ifa_642547,642547,A_chadwick,exact,Freddy Peralta,Freddy Peralta
18684,ifa_645261,645261,A_chadwick,exact,Sandy Alcantara,Sandy Alcantara
18690,draft_2015_nick_plummer_r1p23,663911,A_chadwick,exact,Nick Plummer,Nick Plummer
18694,draft_2015_kolby_allard_r1p14,663465,A_chadwick,exact,Kolby Allard,Kolby Allard
18699,draft_2015_nick_neidert_r2p60,663734,A_chadwick,exact,Nick Neidert,Nick Neidert
18721,ifa_628338,628338,A_chadwick,exact,Guillermo Heredia,Guillermo Heredia
18769,draft_2015_cody_poteet_r4p116,547001,A_chadwick,exact,Cody Poteet,Cody Poteet
18790,draft_2014_dillon_peters_r10p287,596071,A_chadwick,exact,Dillon Peters,Dillon Peters
18795,ifa_602104,602104,A_chadwick,exact,Ramón Urías,Ramón Urías
18806,draft_2012_drew_steckenrider_r8p257,608716,A_chadwick,exact,Drew Steckenrider,Drew Steckenrider
18819,ifa_628451,628451,A_chadwick,exact,Andy Ibanez,Andy Ibáñez
18821,ifa_640492,640492,A_chadwick,exact,Jose Azocar,José Azocar
18839,draft_2015_josh_naylor_r1p12,647304,A_chadwick,exact,Josh Naylor,Josh Naylor
18848,ifa_650968,650968,A_chadwick,exact,Yohel Pozo,Yohel Pozo
18864,ifa_658648,658648,A_chadwick,exact,Pedro Avila,Pedro Avila
18872,draft_2015_jahmai_jones_r2p70,663330,A_chadwick,exact,Jahmai Jones,Jahmai Jones
18873,draft_2015_beau_burrows_r1p22,663366,A_chadwick,exact,Beau Burrows,Beau Burrows
18881,draft_2015_curtis_terry_r13p378,663799,A_chadwick,exact,Curtis Terry,Curtis Terry
18882,draft_2015_brandon_lowe_r3p87,664040,A_chadwick,exact,Brandon Lowe,Brandon Lowe
18887,draft_2015_seby_zavala_r12p352,664874,A_chadwick,exact,Seby Zavala,Seby Zavala
18889,draft_2015_danny_mendick_r22p652,664901,A_chadwick,exact,Danny Mendick,Danny Mendick
18899,ifa_665650,665650,A_chadwick,exact,Lucius Fox,Lucius Fox
18900,ifa_665750,665750,A_chadwick,exact,Leody Taveras,Leody Taveras
18905,ifa_666783,666783,A_chadwick,exact,Yusniel Diaz,Yusniel Díaz
19151,ifa_664314,664314,A_chadwick,exact,Estevan Florial,Estevan Florial
19159,draft_2016_zack_burdi_r1p26,641420,A_chadwick,exact,Zack Burdi,Zack Burdi
19178,ifa_667297,667297,A_chadwick,exact,Tommy Nance,Tommy Nance
19179,draft_2016_kirby_snead_r10p312,669912,A_chadwick,exact,Kirby Snead,Kirby Snead
19181,draft_2016_zack_collins_r1p10,641470,A_chadwick,exact,Zack Collins,Zack Collins
19191,draft_2016_robert_dugger_r18p537,667498,A_chadwick,exact,Robert Dugger,Robert Dugger
19197,draft_2016_will_smith_r1p32,669257,A_chadwick,exact,Will Smith,Will Smith
19200,ifa_650671,650671,A_chadwick,exact,Jose Quijada,José Quijada
19206,draft_2016_dakota_hudson_r1p34,641712,A_chadwick,exact,Dakota Hudson,Dakota Hudson
19225,draft_2016_mitch_white_r2p65,669952,A_chadwick,exact,Mitch White,Mitch White
19238,ifa_666971,666971,A_chadwick,exact,Lourdes Gurriel,Lourdes Gurriel Jr.
19244,draft_2016_cole_irvin_r5p137,608344,A_chadwick,exact,Cole Irvin,Cole Irvin
19245,draft_2016_chris_okey_r2p43,608360,A_chadwick,exact,Chris Okey,Chris Okey
19249,ifa_622554,622554,A_chadwick,exact,Seranthony Dominguez,Seranthony Domínguez
19250,draft_2016_trent_giambrone_r25p764,623508,A_chadwick,exact,Trent Giambrone,Trent Giambrone
19251,draft_2016_pete_alonso_r2p64,624413,A_chadwick,exact,Peter Alonso,Pete Alonso
19252,draft_2016_cavan_biggio_r5p162,624415,A_chadwick,exact,Cavan Biggio,Cavan Biggio
19256,ifa_639373,639373,A_chadwick,exact,Gerson Bautista,Gerson Bautista
19260,draft_2016_jake_fraley_r2p77,641584,A_chadwick,exact,Jake Fraley,Jake Fraley
19261,draft_2016_ian_hamilton_r11p326,641656,A_chadwick,exact,Ian Hamilton,Ian Hamilton
19262,draft_2016_garrett_hampson_r3p81,641658,A_chadwick,exact,Garrett Hampson,Garrett Hampson
19264,draft_2016_tom_hatch_r3p104,641672,A_chadwick,exact,Thomas Hatch,Tom Hatch
19266,draft_2016_taylor_widener_r12p368,642203,A_chadwick,exact,Taylor Widener,Taylor Widener
19267,draft_2016_will_craig_r1p22,643269,A_chadwick,exact,Will Craig,Will Craig
19268,draft_2016_justin_dunn_r1p19,643290,A_chadwick,exact,Justin Dunn,Justin Dunn
19269,draft_2016_tj_zeuch_r1p21,643615,A_chadwick,exact,T.J. Zeuch,T.J. Zeuch
19273,draft_2014_stone_garrett_r8p227,656448,A_chadwick,exact,Stone Garrett,Stone Garrett
19276,ifa_468539,658305,A_chadwick,exact,Edgar Garcia,Edgar Alberto Garcia
19278,ifa_661269,661269,A_chadwick,exact,Vladimir Gutierrez,Vladimir Gutierrez
19290,ifa_668227,668227,A_chadwick,exact,Randy Arozarena,Randy Arozarena
19291,draft_2016_zac_gallen_r3p106,668678,A_chadwick,exact,Zac Gallen,Zac Gallen
19293,draft_2016_nick_senzel_r1p2,669222,A_chadwick,exact,Nick Senzel,Nick Senzel
19294,draft_2016_nick_solak_r2p62,669256,A_chadwick,exact,Nick Solak,Nick Solak
19296,draft_2016_alex_call_r3p86,669743,A_chadwick,exact,Alex Call,Alex Call
19312,draft_2016_cal_quantrill_r1p8,615698,A_chadwick,exact,Cal Quantrill,Cal Quantrill
19315,draft_2016_matt_krook_r4p125,640454,A_chadwick,exact,Matt Krook,Matt Krook
19316,draft_2016_eric_lauer_r1p25,641778,A_chadwick,exact,Eric Lauer,Eric Lauer
19318,draft_2016_matt_thaiss_r1p16,642136,A_chadwick,exact,Matt Thaiss,Matt Thaiss
19320,draft_2016_joey_lucchesi_r4p114,664192,A_chadwick,exact,Joey Lucchesi,Joey Lucchesi
19326,draft_2016_bryan_reynolds_r2p59,668804,A_chadwick,exact,Bryan Reynolds,Bryan Reynolds
19330,draft_2016_matt_festa_r7p207,670036,A_chadwick,exact,Matt Festa,Matt Festa
19337,draft_2016_richard_lovelady_r10p313,663992,A_chadwick,exact,Richard Lovelady,Richard Lovelady
19339,draft_2016_nicky_lopez_r5p163,670032,A_chadwick,exact,Nicky Lopez,Nicky Lopez
19343,draft_2016_aj_puk_r1p6,640462,A_chadwick,exact,A.J. Puk,A.J. Puk
19345,draft_2016_daulton_jefferies_r1p37,641726,A_chadwick,exact,Daulton Jefferies,Daulton Jefferies
19346,draft_2016_eli_white_r11p322,642201,A_chadwick,exact,Eli White,Eli White
19348,draft_2016_dj_peters_r4p131,656847,A_chadwick,exact,D.J. Peters,DJ Peters
19350,draft_2016_dean_kremer_r14p431,665152,A_chadwick,exact,Dean Kremer,Dean Kremer
19354,draft_2016_luke_raley_r7p221,670042,A_chadwick,exact,Luke Raley,Luke Raley
19357,draft_2016_cody_sedlock_r1p27,642060,A_chadwick,exact,Cody Sedlock,Cody Sedlock
19360,draft_2016_lucas_erceg_r2p46,668674,A_chadwick,exact,Lucas Erceg,Lucas Erceg
19361,draft_2016_corbin_burnes_r4p111,669203,A_chadwick,exact,Corbin Burnes,Corbin Burnes
19362,draft_2016_keegan_akin_r2p54,669211,A_chadwick,exact,Keegan Akin,Keegan Akin
19363,draft_2016_austin_hays_r3p91,669720,A_chadwick,exact,Austin Hays,Austin Hays
19374,draft_2015_walker_buehler_r1p24,621111,A_chadwick,exact,Walker Buehler,Walker Buehler
19388,draft_2016_tony_gonsolin_r9p281,664062,A_chadwick,exact,Tony Gonsolin,Tony Gonsolin
19392,draft_2016_zach_mckinstry_r33p1001,656716,A_chadwick,exact,Zach McKinstry,Zach McKinstry
19403,draft_2016_colin_poche_r14p419,621363,A_chadwick,exact,Colin Poche,Colin Poche
19407,ifa_669854,669854,A_chadwick,exact,Ronel Blanco,Ronel Blanco
19409,draft_2016_dane_dunning_r1p29,641540,A_chadwick,exact,Dane Dunning,Dane Dunning
19422,draft_2016_brian_serven_r5p140,661531,A_chadwick,exact,Brian Serven,Brian Serven
19427,draft_2016_shane_bieber_r4p122,669456,A_chadwick,exact,Shane Bieber,Shane Bieber
19432,ifa_660634,660634,A_chadwick,exact,Yonny Hernandez,Yonny Hernández
19444,ifa_670990,670990,A_chadwick,exact,Yohan Ramirez,Yohan Ramírez
19447,draft_2015_patrick_sandoval_r11p319,663776,A_chadwick,exact,Patrick Sandoval,Patrick Sandoval
19452,draft_2016_jake_rogers_r3p97,668670,A_chadwick,exact,Jake Rogers,Jake Rogers
19453,draft_2016_shaun_anderson_r3p88,641312,A_chadwick,exact,Shaun Anderson,Shaun Anderson
19454,draft_2016_michael_rucker_r11p344,621074,A_chadwick,exact,Michael Rucker,Michael Rucker
19456,draft_2015_kyle_funkhouser_r1p35,608335,A_chadwick,exact,Kyle Funkhouser,Kyle Funkhouser
19457,draft_2016_bryan_garcia_r6p175,650530,A_chadwick,exact,Bryan Garcia,Bryan Garcia
19458,draft_2016_cooper_hummel_r18p531,669450,A_chadwick,exact,Cooper Hummel,Cooper Hummel
19459,ifa_660896,660896,A_chadwick,exact,Jorge Alcala,Jorge Alcala
19470,draft_2016_tommy_edman_r6p196,669242,A_chadwick,exact,Tommy Edman,Tommy Edman
19479,draft_2016_aaron_civale_r3p92,650644,A_chadwick,exact,Aaron Civale,Aaron Civale
19487,draft_2016_devin_smeltzer_r5p161,656970,A_chadwick,exact,Devin Smeltzer,Devin Smeltzer
19493,draft_2016_zach_jackson_r3p102,667427,A_chadwick,exact,Zach Jackson,Zach Jackson
19495,draft_2016_mike_shawaryn_r5p148,642067,A_chadwick,exact,Mike Shawaryn,Mike Shawaryn
19508,draft_2016_kyle_lewis_r1p11,641786,A_chadwick,exact,Kyle Lewis,Kyle Lewis
19514,draft_2016_andrew_knizner_r7p226,668800,A_chadwick,exact,Andrew Knizner,Andrew Knizner
19521,draft_2016_andy_young_r37p1126,670370,A_chadwick,exact,Andy Young,Andy Young
19522,ifa_670770,670770,A_chadwick,exact,TJ Friedl,TJ Friedl
19524,ifa_660604,660604,A_chadwick,exact,Alan Rangel,Alan Rangel
19531,ifa_671345,671345,A_chadwick,exact,Jason Foley,Jason Foley
19535,draft_2016_ryan_hendrix_r5p138,641682,A_chadwick,exact,Ryan Hendrix,Ryan Hendrix
19541,draft_2016_jimmy_lambert_r5p146,669424,A_chadwick,exact,Jimmy Lambert,Jimmy Lambert
19546,draft_2016_jon_duplantier_r3p89,641541,A_chadwick,exact,Jon Duplantier,Jon Duplantier
19550,draft_2014_adam_mccreery_r22p659,607030,A_chadwick,exact,Adam McCreery,Adam McCreery
19552,draft_2015_jaylin_davis_r24p710,664041,A_chadwick,exact,Jaylin Davis,Jaylin Davis
19553,ifa_665922,665922,A_chadwick,exact,Símon Muzziotti,Símon Muzziotti
19556,ifa_670541,670541,A_chadwick,exact,Yordan Alvarez,Yordan Alvarez
19558,draft_2016_geoff_hartlieb_r29p885,664129,A_chadwick,exact,Geoff Hartlieb,Geoff Hartlieb
19561,draft_2016_bernardo_flores_jr_r7p206,641576,A_chadwick,exact,Bernardo Flores,Bernardo Flores Jr.
19562,draft_2016_zack_short_r17p524,670097,A_chadwick,exact,Zack Short,Zack Short
19566,draft_2016_nate_lowe_r13p390,663993,A_chadwick,exact,Nate Lowe,Nate Lowe
19569,draft_2016_david_bednar_r35p1044,670280,A_chadwick,exact,David Bednar,David Bednar
19574,draft_2016_jojo_romero_r4p107,668941,A_chadwick,exact,JoJo Romero,JoJo Romero
19580,ifa_650204,650204,A_chadwick,exact,Norge Ruiz,Norge Ruiz
19582,draft_2016_brandon_bailey_r6p172,669064,A_chadwick,exact,Brandon Bailey,Brandon Bailey
19586,draft_2016_forrest_whitley_r1p17,666215,A_chadwick,exact,Forrest Whitley,Forrest Whitley
19588,ifa_670871,670871,A_chadwick,exact,Guillermo Zuñiga,Guillo Zuñiga
19599,draft_2017_chas_mccormick_r21p631,676801,A_chadwick,exact,Chas McCormick,Chas McCormick
19600,ifa_650559,650559,A_chadwick,exact,Bryan De La Cruz,Bryan De La Cruz
19608,ifa_672640,672640,A_chadwick,exact,Otto Lopez,Otto Lopez
19610,ifa_660688,660688,A_chadwick,exact,Keibert Ruiz,Keibert Ruiz
19611,ifa_665489,665489,A_chadwick,exact,"Vladimir Guerrero, Jr.",Vladimir Guerrero Jr.
19612,draft_2016_bo_bichette_r2p66,666182,A_chadwick,exact,Bo Bichette,Bo Bichette
19614,ifa_672335,672335,A_chadwick,exact,Cionel Perez,Cionel Pérez
19615,ifa_642456,642456,A_chadwick,exact,Luis Barrera,Luis Barrera
19618,draft_2015_jordan_hicks_r3p105,663855,A_chadwick,exact,Jordan Hicks,Jordan Hicks
19627,draft_2017_brent_rooker_r1p35,667670,A_chadwick,exact,Brent Rooker,Brent Rooker
19634,draft_2016_jack_kruger_r20p606,667674,A_chadwick,exact,Jack Kruger,Jack Kruger
19635,draft_2016_sheldon_neuse_r2p58,641914,A_chadwick,exact,Sheldon Neuse,Sheldon Neuse
19643,draft_2016_daniel_johnson_r5p154,669288,A_chadwick,exact,Daniel Johnson,Daniel Johnson
19665,draft_2017_kyle_wright_r1p5,657140,A_chadwick,exact,Kyle Wright,Kyle Wright
19667,draft_2017_zach_reks_r10p310,676646,A_chadwick,exact,Zack Reks,Zach Reks
19671,draft_2016_sterling_sharp_r22p664,643532,A_chadwick,exact,Sterling Sharp,Sterling Sharp
19677,ifa_642397,642397,A_chadwick,exact,Gregory Soto,Gregory Soto
19680,ifa_664350,664350,A_chadwick,exact,Sixto Sánchez,Sixto Sánchez
19682,draft_2016_jordan_sheffield_r1p36,642068,A_chadwick,exact,Jordan Sheffield,Jordan Sheffield
19686,draft_2016_kyle_cody_r6p189,621129,A_chadwick,exact,Kyle Cody,Kyle Cody
19695,draft_2017_connor_seabold_r3p83,657756,A_chadwick,exact,Connor Seabold,Connor Seabold
19698,ifa_658668,658668,A_chadwick,exact,Edward Olivares,Edward Olivares
19709,ifa_123107,665487,A_chadwick,exact,"Fernando Tatis, Jr.",Fernando Tatis
19710,draft_2016_ronnie_dawson_r2p61,669008,A_chadwick,exact,Ronnie Dawson,Ronnie Dawson
19712,draft_2013_patrick_murphy_r3p83,641907,A_chadwick,exact,Patrick Murphy,Patrick Murphy
19716,draft_2016_dustin_may_r3p101,669160,A_chadwick,exact,Dustin May,Dustin May
19722,ifa_665966,665966,A_chadwick,exact,Carlos Narváez,Carlos Narváez
19727,draft_2017_joe_dunand_r2p51,656388,A_chadwick,exact,Joe Dunand,Joe Dunand
19731,draft_2017_kodi_whitley_r27p814,676831,A_chadwick,exact,Kodi Whitley,Kodi Whitley
19742,draft_2016_anthony_bender_r20p613,669622,A_chadwick,exact,Anthony Bender,Anthony Bender
19753,ifa_642528,642528,A_chadwick,exact,Jonathan Loaisiga,Jonathan Loáisiga
19754,ifa_665665,665665,A_chadwick,exact,Reiver Sanmartin,Reiver Sanmartin
19766,draft_2017_seth_elledge_r4p123,676220,A_chadwick,exact,Seth Elledge,Seth Elledge
19768,draft_2017_rylan_bannon_r8p250,676625,A_chadwick,exact,Rylan Bannon,Rylan Bannon
19769,draft_2017_will_vest_r12p365,676684,A_chadwick,exact,Will Vest,Will Vest
19780,ifa_606019,606019,A_chadwick,exact,Esteban Quiroz,Esteban Quiroz
19789,ifa_621593,621593,A_chadwick,exact,Anthony Castro,Anthony Castro
19795,draft_2017_keegan_thompson_r3p105,624522,A_chadwick,exact,Keegan Thompson,Keegan Thompson
19800,draft_2017_wil_crowe_r2p65,640444,A_chadwick,exact,Wil Crowe,Wil Crowe
19804,draft_2016_bryan_baker_r11p320,641329,A_chadwick,exact,Bryan Baker,Bryan Baker
19818,draft_2016_josh_palacios_r4p132,641943,A_chadwick,exact,Josh Palacios,Josh Palacios
19820,draft_2015_cd_pelham_r33p978,641962,A_chadwick,exact,C.D. Pelham,C.D. Pelham
19828,draft_2016_cody_thomas_r13p401,642137,A_chadwick,exact,Cody Thomas,Cody Thomas
19835,ifa_642520,642520,A_chadwick,exact,Gerson Garabito,Gerson Garabito
19842,draft_2016_caleb_hamilton_r23p693,643348,A_chadwick,exact,Caleb Hamilton,Caleb Hamilton
19844,draft_2016_abraham_toro_r5p157,647351,A_chadwick,exact,Abraham Toro,Abraham Toro
19845,ifa_649144,649144,A_chadwick,exact,Alexander Wells,Alex Wells
19848,ifa_650382,650382,A_chadwick,exact,Darwinzon Hernandez,Darwinzon Hernández
19853,draft_2016_michael_king_r12p353,650633,A_chadwick,exact,Michael King,Michael King
19858,ifa_650859,650859,A_chadwick,exact,Luis Rengifo,Luis Rengifo
19859,ifa_650907,650907,A_chadwick,exact,René Pinto,René Pinto
19864,draft_2017_riley_adams_r3p99,656180,A_chadwick,exact,Riley Adams,Riley Adams
19866,draft_2017_brandon_bielak_r11p331,656232,A_chadwick,exact,Brandon Bielak,Brandon Bielak
19867,draft_2017_griffin_canning_r2p47,656288,A_chadwick,exact,Griffin Canning,Griffin Canning
19871,draft_2016_tucker_davidson_r19p559,656353,A_chadwick,exact,Tucker Davidson,Tucker Davidson
19872,draft_2017_greg_deichmann_r2p43,656364,A_chadwick,exact,Greg Deichmann,Greg Deichmann
19873,draft_2017_drew_ellis_r2p44,656403,A_chadwick,exact,Drew Ellis,Drew Ellis
19874,draft_2017_alex_faedo_r1p18,656412,A_chadwick,exact,Alex Faedo,Alex Faedo
19876,draft_2016_kevin_ginkel_r22p659,656464,A_chadwick,exact,Kevin Ginkel,Kevin Ginkel
19877,draft_2017_tristan_gray_r13p388,656484,A_chadwick,exact,Tristan Gray,Tristan Gray
19878,draft_2017_adam_haseley_r1p8,656514,A_chadwick,exact,Adam Haseley,Adam Haseley
19879,draft_2017_tanner_houck_r1p24,656557,A_chadwick,exact,Tanner Houck,Tanner Houck
19883,draft_2017_alex_lange_r1p30,656638,A_chadwick,exact,Alex Lange,Alex Lange
19884,draft_2017_corbin_martin_r2p56,656686,A_chadwick,exact,Corbin Martin,Corbin Martin
19890,draft_2015_emmanuel_rivera_r19p579,656896,A_chadwick,exact,Emmanuel Rivera,Emmanuel Rivera
19891,draft_2016_ryder_ryan_r30p902,656924,A_chadwick,exact,Ryder Ryan,Ryder Ryan
19892,draft_2017_pavin_smith_r1p7,656976,A_chadwick,exact,Pavin Smith,Pavin Smith
19896,draft_2017_connor_wong_r3p100,657136,A_chadwick,exact,Connor Wong,Connor Wong
19899,draft_2017_clarke_schmidt_r1p16,657376,A_chadwick,exact,Clarke Schmidt,Clarke Schmidt
19901,draft_2017_gavin_sheets_r2p49,657757,A_chadwick,exact,Gavin Sheets,Gavin Sheets
19903,ifa_658431,658431,A_chadwick,exact,Adonis Medina,Adonis Medina
19906,ifa_650895,660636,A_chadwick,exact,Diego Castillo,Diego Castillo
19909,ifa_660731,660731,A_chadwick,exact,Anderson Tejeda,Anderson Tejeda
19910,ifa_660758,660758,A_chadwick,exact,Sandro Fabian,Sandro Fabian
19911,ifa_660761,660761,A_chadwick,exact,Jose Suarez,José Suarez
19918,draft_2017_daulton_varsho_r2p68,662139,A_chadwick,exact,Daulton Varsho,Daulton Varsho
19921,draft_2015_blake_perkins_r2p69,663368,A_chadwick,exact,Blake Perkins,Blake Perkins
19924,draft_2015_bryan_hudson_r3p82,663542,A_chadwick,exact,Bryan Hudson,Bryan Hudson
19926,draft_2015_tony_santillan_r2p49,663574,A_chadwick,exact,Tony Santillan,Tony Santillan
19928,draft_2015_ryan_mckenna_r4p133,663630,A_chadwick,exact,Ryan McKenna,Ryan McKenna
19932,draft_2017_trevor_stephan_r3p92,663986,A_chadwick,exact,Trevor Stephan,Trevor Stephan
19942,draft_2015_ljay_newsome_r26p785,664714,A_chadwick,exact,Ljay Newsome,Ljay Newsome
19948,ifa_665506,665506,A_chadwick,exact,Cristian Pache,Cristian Pache
19950,ifa_665926,665926,A_chadwick,exact,Andrés Gimenez,Andrés Giménez
19951,draft_2016_ian_anderson_r1p3,666120,A_chadwick,exact,Ian Anderson,Ian Anderson
19952,draft_2016_khalil_lee_r3p103,666137,A_chadwick,exact,Khalil Lee,Khalil Lee
19953,draft_2016_josh_lowe_r1p13,666139,A_chadwick,exact,Josh Lowe,Josh Lowe
19955,draft_2016_gavin_lux_r1p20,666158,A_chadwick,exact,Gavin Lux,Gavin Lux
19956,draft_2016_mickey_moniak_r1p1,666160,A_chadwick,exact,Mickey Moniak,Mickey Moniak
19957,draft_2016_blake_rutherford_r1p18,666164,A_chadwick,exact,Blake Rutherford,Blake Rutherford
19958,draft_2016_carter_kieboom_r1p28,666198,A_chadwick,exact,Carter Kieboom,Carter Kieboom
19959,draft_2016_jesus_luzardo_r3p94,666200,A_chadwick,exact,Jesus Luzardo,Jesus Luzardo
19960,draft_2016_taylor_trammell_r1p35,666211,A_chadwick,exact,Taylor Trammell,Taylor Trammell
19961,draft_2016_colton_welker_r4p110,666213,A_chadwick,exact,Colton Welker,Colton Welker
19962,draft_2016_joey_wentz_r1p40,666214,A_chadwick,exact,Joey Wentz,Joey Wentz
19964,ifa_666703,666703,A_chadwick,exact,Eguy Rosario,Eguy Rosario
19966,draft_2016_bobby_dalbec_r4p118,666915,A_chadwick,exact,Bobby Dalbec,Bobby Dalbec
19968,draft_2017_jared_oliva_r7p208,666931,A_chadwick,exact,Jared Oliva,Jared Oliva
19976,draft_2016_tyson_miller_r4p134,668338,A_chadwick,exact,Tyson Miller,Tyson Miller
19977,draft_2016_tres_barrera_r6p184,668663,A_chadwick,exact,Tres Barrera,Tres Barrera
19981,draft_2016_jeremy_walker_r5p139,668683,A_chadwick,exact,Jeremy Walker,Jeremy Walker
19983,draft_2016_conner_capel_r5p152,668843,A_chadwick,exact,Conner Capel,Conner Capel
19990,draft_2016_bryse_wilson_r4p109,669060,A_chadwick,exact,Bryse Wilson,Bryse Wilson
19995,draft_2016_joel_kuhnel_r11p318,669270,A_chadwick,exact,Joel Kuhnel,Joel Kuhnel
20000,draft_2016_tyler_wells_r15p453,669330,A_chadwick,exact,Tyler Wells,Tyler Wells
20002,draft_2017_bryce_johnson_r6p186,669369,A_chadwick,exact,Bryce Johnson,Bryce Johnson
20003,draft_2017_keston_hiura_r1p9,669374,A_chadwick,exact,Keston Hiura,Keston Hiura
20010,draft_2017_wyatt_mills_r3p93,670090,A_chadwick,exact,Wyatt Mills,Wyatt Mills
20017,draft_2016_miles_mastrobuoni_r14p420,670156,A_chadwick,exact,Miles Mastrobuoni,Miles Mastrobuoni
20018,draft_2017_parker_dunshee_r7p201,670161,A_chadwick,exact,Parker Dunshee,Parker Dunshee
20036,ifa_670623,670623,A_chadwick,exact,Isaac Paredes,Isaac Paredes
20038,draft_2017_darren_mccaughan_r12p363,670766,A_chadwick,exact,Darren McCaughan,Darren McCaughan
20039,ifa_670970,670970,A_chadwick,exact,Adrian Morejon,Adrian Morejon
20040,ifa_671250,671250,A_chadwick,exact,Jorge Oña,Jorge Ona
20041,ifa_671790,671790,A_chadwick,exact,Ronald Bolaños,Ronald Bolaños
20042,ifa_672911,672911,A_chadwick,exact,Jesus Cruz,Jesus Cruz
20043,ifa_673357,673357,A_chadwick,exact,Luis Robert,Luis Robert Jr.
20070,draft_2015_bailey_falter_r5p144,663559,A_chadwick,exact,Bailey Falter,Bailey Falter
20078,draft_2017_evan_white_r1p17,657108,A_chadwick,exact,Evan White,Evan White
20080,ifa_661440,661440,A_chadwick,exact,Mauricio Llovera,Mauricio Llovera
20084,draft_2017_jc_escarra_r15p458,641555,A_chadwick,exact,J.C. Escarra,J.C. Escarra
20099,draft_2015_chris_paddack_r8p236,663978,A_chadwick,exact,Chris Paddack,Chris Paddack
20100,ifa_673258,673258,A_chadwick,exact,Michel Baez,Michel Baez
20116,draft_2017_calvin_faucher_r10p286,676534,A_chadwick,exact,Calvin Faucher,Calvin Faucher
20123,ifa_542304,665742,A_chadwick,exact,Juan Soto,Juan Soto
20126,draft_2016_dylan_carlson_r1p33,666185,A_chadwick,exact,Dylan Carlson,Dylan Carlson
20132,draft_2016_adam_oller_r20p615,670124,A_chadwick,exact,Adam Oller,Adam Oller
20151,draft_2017_james_karinchak_r9p282,675916,A_chadwick,exact,James Karinchak,James Karinchak
20153,draft_2016_nick_nelson_r4p128,656793,A_chadwick,exact,Nick Nelson,Nick Nelson
20160,draft_2017_nate_pearson_r1p28,663878,A_chadwick,exact,Nate Pearson,Nate Pearson
20165,draft_2017_jj_matijevic_r2p75,656695,A_chadwick,exact,J.J. Matijevic,J.J. Matijevic
20167,draft_2016_kyle_muller_r2p44,666205,A_chadwick,exact,Kyle Muller,Kyle Muller
20175,draft_2016_ben_braymer_r18p544,664069,A_chadwick,exact,Ben Braymer,Ben Braymer
20178,ifa_656079,678246,A_chadwick,exact,Miguel Vargas,Miguel Vargas
20185,draft_2017_zach_pop_r7p220,647315,A_chadwick,exact,Zach Pop,Zach Pop
20186,draft_2017_brendan_mckay_r1p4,656713,A_chadwick,exact,Brendan McKay,Brendan McKay
20191,draft_2017_garrett_whitlock_r18p542,676477,A_chadwick,exact,Garrett Whitlock,Garrett Whitlock
20198,draft_2016_ben_bowden_r2p45,641386,A_chadwick,exact,Ben Bowden,Ben Bowden
20202,draft_2016_brandon_marsh_r2p60,669016,A_chadwick,exact,Brandon Marsh,Brandon Marsh
20203,draft_2017_eli_morgan_r8p252,669212,A_chadwick,exact,Eli Morgan,Eli Morgan
20206,draft_2017_mike_baumann_r3p98,657508,A_chadwick,exact,Mike Baumann,Mike Baumann
20218,ifa_660546,660546,A_chadwick,exact,Yennsy Diaz,Yennsy Díaz
20220,draft_2017_jo_adell_r1p10,666176,A_chadwick,exact,Jo Adell,Jo Adell
20227,draft_2017_jake_walsh_r16p484,673904,A_chadwick,exact,Jake Walsh,Jake Walsh
20231,draft_2017_zach_logue_r9p279,656657,A_chadwick,exact,Zach Logue,Zach Logue
20233,ifa_665482,665482,A_chadwick,exact,Gilberto Celestino,Gilberto Celestino
20237,draft_2017_tyler_ivey_r3p91,663959,A_chadwick,exact,Tyler Ivey,Tyler Ivey
20243,draft_2017_zac_lowther_r2p74,675912,A_chadwick,exact,Zac Lowther,Zac Lowther
20253,draft_2016_griffin_jax_r3p93,643377,A_chadwick,exact,Griffin Jax,Griffin Jax
20263,draft_2016_mario_feliciano_r2p75,666128,A_chadwick,exact,Mario Feliciano,Mario Feliciano
20271,ifa_678226,678226,A_chadwick,exact,Daysbel Hernández,Daysbel Hernández
20275,ifa_660620,660620,A_chadwick,exact,Jonathan Arauz,Jonathan Araúz
20276,ifa_665620,665620,A_chadwick,exact,Deivi García,Deivi García
20277,draft_2017_cory_abbott_r2p67,676265,A_chadwick,exact,Cory Abbott,Cory Abbott
20287,draft_2016_ben_rortvedt_r2p56,666163,A_chadwick,exact,Ben Rortvedt,Ben Rortvedt
20298,ifa_646242,646242,A_chadwick,exact,Jhonathan Diaz,Jhonathan Díaz
20302,draft_2017_david_peterson_r1p20,656849,A_chadwick,exact,David Peterson,David Peterson
20311,draft_2017_corey_julks_r8p241,667452,A_chadwick,exact,Corey Julks,Corey Julks
20312,draft_2017_alec_bettinger_r10p294,676424,A_chadwick,exact,Alec Bettinger,Alec Bettinger
20321,draft_2017_stuart_fairchild_r2p38,656413,A_chadwick,exact,Stuart Fairchild,Stuart Fairchild
20325,draft_2016_alex_kirilloff_r1p15,666135,A_chadwick,exact,Alex Kirilloff,Alex Kirilloff
20334,draft_2017_kyle_dohy_r16p473,675971,A_chadwick,exact,Kyle Dohy,Kyle Dohy
20339,draft_2017_matt_peacock_r23p682,676840,A_chadwick,exact,Matt Peacock,Matt Peacock
20344,draft_2016_blake_cederlind_r5p165,664977,A_chadwick,exact,Blake Cederlind,Blake Cederlind
20348,draft_2017_riley_obrien_r8p229,676617,A_chadwick,exact,Riley O'Brien,Riley O'Brien
20349,ifa_677161,677161,A_chadwick,exact,Zack Kelly,Zack Kelly
20352,draft_2017_ernie_clement_r4p132,676391,A_chadwick,exact,Ernie Clement,Ernie Clement
20353,draft_2018_steven_wilson_r8p231,621051,A_chadwick,exact,Steven Wilson,Steven Wilson
20367,ifa_660813,660813,A_chadwick,exact,Brusdar Graterol,Brusdar Graterol
20368,ifa_665759,665759,A_chadwick,exact,Ramón Rosso,Ramón Rosso
20369,draft_2016_matt_manning_r1p9,666159,A_chadwick,exact,Matt Manning,Matt Manning
20370,draft_2017_bruce_zimmermann_r5p140,669145,A_chadwick,exact,Bruce Zimmermann,Bruce Zimmermann
20373,ifa_662253,662253,A_chadwick,exact,Andres Muñoz,Andrés Muñoz
20375,draft_2016_greg_weissert_r18p548,669711,A_chadwick,exact,Greg Weissert,Greg Weissert
20379,draft_2017_tyler_zuber_r6p180,676604,A_chadwick,exact,Tyler Zuber,Tyler Zuber
20383,ifa_665733,665733,A_chadwick,exact,Antonio Santos,Antonio Santos
20385,draft_2017_isaac_mattson_r19p565,676755,A_chadwick,exact,Isaac Mattson,Isaac Mattson
20387,draft_2016_anthony_kay_r1p31,641743,A_chadwick,exact,Anthony Kay,Anthony Kay
20395,draft_2017_nick_margevicius_r7p198,676606,A_chadwick,exact,Nick Margevicius,Nick Margevicius
20399,ifa_650347,650347,A_chadwick,exact,Luis Madero,Luís Madero
20418,draft_2017_josh_fleming_r5p139,676596,A_chadwick,exact,Josh Fleming,Josh Fleming
20422,draft_2015_jovani_moran_r7p200,663558,A_chadwick,exact,Jovani Moran,Jovani Moran
20423,draft_2018_ryan_walker_r31p916,676254,A_chadwick,exact,Ryan Walker,Ryan Walker
20430,ifa_665621,665621,A_chadwick,exact,Rony Garcia,Rony García
20437,draft_2017_royce_lewis_r1p1,668904,A_chadwick,exact,Royce Lewis,Royce Lewis
20447,ifa_660600,660600,A_chadwick,exact,Enoli Paredes,Enoli Paredes
20450,draft_2017_brewer_hicklen_r7p210,676551,A_chadwick,exact,Brewer Hicklen,Brewer Hicklen
20454,ifa_665862,665862,A_chadwick,exact,Jazz Chisholm,Jazz Chisholm Jr.
20468,ifa_660623,660623,A_chadwick,exact,Huascar Ynoa,Huascar Ynoa
20476,draft_2017_peter_solomon_r4p121,656981,A_chadwick,exact,Peter Solomon,Peter Solomon
20491,draft_2017_jb_bukauskas_r1p15,656266,A_chadwick,exact,J.B. Bukauskas,J.B. Bukauskas
20492,draft_2018_casey_mize_r1p1,663554,A_chadwick,exact,Casey Mize,Casey Mize
20493,draft_2018_seth_beer_r1p28,666179,A_chadwick,exact,Seth Beer,Seth Beer
20503,ifa_661388,661388,A_chadwick,exact,William Contreras,William Contreras
20505,draft_2017_drew_waters_r2p41,671221,A_chadwick,exact,Drew Waters,Drew Waters
20515,draft_2017_kyle_nelson_r15p462,669459,A_chadwick,exact,Kyle Nelson,Kyle Nelson
20517,draft_2018_nick_sandlin_r2p67,680704,A_chadwick,exact,Nick Sandlin,Nick Sandlin
20521,draft_2018_nick_madrigal_r1p4,663611,A_chadwick,exact,Nick Madrigal,Nick Madrigal
20526,ifa_660593,660593,A_chadwick,exact,Denyi Reyes,Denyi Reyes
20529,draft_2016_nolan_jones_r2p55,666134,A_chadwick,exact,Nolan Jones,Nolan Jones
20531,draft_2017_kutter_crawford_r16p491,676710,A_chadwick,exact,Kutter Crawford,Kutter Crawford
20536,ifa_660644,660644,A_chadwick,exact,Vidal Bruján,Vidal Bruján
20538,draft_2016_jose_miranda_r2p73,669304,A_chadwick,exact,Jose Miranda,Jose Miranda
20539,ifa_670955,670955,A_chadwick,exact,Edwin Uceta,Edwin Uceta
20540,ifa_691410,672701,A_chadwick,exact,José  Devers,Jose Devers
20543,ifa_660707,660707,A_chadwick,exact,Elehueris Montero,Elehuris Montero
20546,draft_2018_grant_anderson_r21p628,681982,A_chadwick,exact,Grant Anderson,Grant Anderson
20548,draft_2017_bowden_francis_r7p204,670102,A_chadwick,exact,Bowden Francis,Bowden Francis
20557,draft_2018_cj_alexander_r20p592,680769,A_chadwick,exact,CJ Alexander,CJ Alexander
20572,draft_2018_kody_clemens_r3p79,665019,A_chadwick,exact,Kody Clemens,Kody Clemens
20589,ifa_666674,666674,A_chadwick,exact,Edwar Colina,Edwar Colina
20599,ifa_671056,671056,A_chadwick,exact,Iván Herrera,Iván Herrera
20617,ifa_650496,650496,A_chadwick,exact,Jean Carlos Mejia,J.C. Mejía
20629,draft_2015_tyler_phillips_r16p468,663969,A_chadwick,exact,Tyler Phillips,Tyler Phillips
20631,draft_2014_jordan_holloway_r20p587,656548,A_chadwick,exact,Jordan Holloway,Jordan Holloway
20632,ifa_672773,672773,A_chadwick,exact,Elvis Luciano,Elvis Luciano
20633,ifa_579328,579328,A_chadwick,exact,Yusei Kikuchi,Yusei Kikuchi
20643,ifa_629498,629498,A_chadwick,exact,Johan Quezada,Johan Quezada
20666,ifa_444496,642585,A_chadwick,exact,Felix Bautista,Felix Bautista
20739,ifa_650668,650668,A_chadwick,exact,Humberto Mejia,Humberto Mejía
20778,ifa_650911,650911,A_chadwick,exact,Cristopher Sánchez,Cristopher Sánchez
20794,ifa_473061,655889,A_chadwick,exact,Manuel Rodriguez,Manuel Rodriguez
20802,ifa_656008,656008,A_chadwick,exact,Aneurys Zabala,Aneurys Zabala
20926,ifa_660650,660650,A_chadwick,exact,Dermis Garcia,Dérmis Garcia
20962,ifa_660730,660730,A_chadwick,exact,Elvin Rodriguez,Elvin Rodríguez
20997,ifa_660825,660825,A_chadwick,exact,Eduard Bazardo,Eduard Bazardo
21009,ifa_660844,660844,A_chadwick,exact,Leonardo Rivas,Leo Rivas
21018,ifa_660906,660906,A_chadwick,exact,Francisco Perez,Francisco Pérez
21025,ifa_661383,661383,A_chadwick,exact,Oliver Ortega,Oliver Ortega
21029,ifa_661395,661395,A_chadwick,exact,Jhoan Duran,Jhoan Duran
21032,ifa_661403,661403,A_chadwick,exact,Emmanuel Clase,Emmanuel Clase
21045,draft_2016_seth_martinez_r17p502,661527,A_chadwick,exact,Seth Martinez,Seth Martinez
21052,ifa_661563,661563,A_chadwick,exact,Luis Gil,Luis Gil
21065,draft_2015_thomas_szapucki_r5p149,663378,A_chadwick,exact,Thomas Szapucki,Thomas Szapucki
21087,draft_2015_demarcus_evans_r25p738,663770,A_chadwick,exact,Demarcus Evans,Demarcus Evans
21101,ifa_664294,664294,A_chadwick,exact,Dauri Moreta,Dauri Moreta
21111,ifa_664337,664337,A_chadwick,exact,Miguel  Yajure,Miguel Yajure
21127,draft_2015_alejo_lopez_r27p805,664670,A_chadwick,exact,Alejo Lopez,Alejo Lopez
21131,draft_2015_jose_espada_r5p152,664744,A_chadwick,exact,Jose Espada,Jose Espada
21132,draft_2015_alexis_diaz_r12p355,664747,A_chadwick,exact,Alexis Diaz,Alexis Diaz
21163,ifa_665734,665734,A_chadwick,exact,Angel Felipe,Angel Felipe
21170,ifa_666204,666204,A_chadwick,exact,Dany Jiménez,Dany Jiménez
21189,draft_2016_brooks_kriske_r6p188,621139,A_chadwick,exact,Brooks Kriske,Brooks Kriske
21205,draft_2017_connor_brogdon_r10p293,641401,A_chadwick,exact,Connor Brogdon,Connor Brogdon
21212,draft_2018_jp_france_r14p432,641585,A_chadwick,exact,J.P. France,J.P. France
21224,draft_2017_bailey_ober_r12p346,641927,A_chadwick,exact,Bailey Ober,Bailey Ober
21229,draft_2017_daniel_robert_r21p644,642016,A_chadwick,exact,Daniel Robert,Daniel Robert
21238,draft_2018_allan_winans_r17p500,642216,A_chadwick,exact,Alan Winans,Allan Winans
21267,draft_2018_jake_bird_r5p156,656234,A_chadwick,exact,Jake Bird,Jake Bird
21281,draft_2017_tommy_doyle_r2p70,656382,A_chadwick,exact,Tommy Doyle,Tommy Doyle
21290,draft_2017_lucas_gilbreath_r7p206,656458,A_chadwick,exact,Lucas Gilbreath,Lucas Gilbreath
21298,draft_2017_andre_jackson_r12p370,656578,A_chadwick,exact,Andre Jackson,Andre Jackson
21304,draft_2017_mark_kolozsvary_r7p197,656627,A_chadwick,exact,Mark Kolozsvary,Mark Kolozsvary
21306,draft_2017_jake_latz_r5p164,656641,A_chadwick,exact,Jacob Latz,Jake Latz
21318,draft_2018_tylor_megill_r8p230,656731,A_chadwick,exact,Tylor Megill,Tylor Megill
21319,draft_2018_bryce_montes_de_oca_r9p260,656755,A_chadwick,exact,Bryce Montes de Oca,Bryce Montes de Oca
21324,draft_2017_parker_mushinski_r7p211,656786,A_chadwick,exact,Parker Mushinski,Parker Mushinski
21333,draft_2017_seth_romero_r1p25,656913,A_chadwick,exact,Seth Romero,Seth Romero
21366,draft_2017_glenn_otto_r5p152,657248,A_chadwick,exact,Glenn Otto,Glenn Otto
21390,draft_2018_joe_ryan_r7p210,657746,A_chadwick,exact,Joe Ryan,Joe Ryan
21420,ifa_660787,660787,A_chadwick,exact,Yerry De Los Santos,Yerry De los Santos
21446,draft_2018_ryan_feltner_r4p126,663372,A_chadwick,exact,Ryan Feltner,Ryan Feltner
21448,draft_2018_davis_martin_r14p408,663436,A_chadwick,exact,Davis Martin,Davis Martin
21453,draft_2018_konnor_pilkington_r3p81,663455,A_chadwick,exact,Konnor Pilkington,Konnor Pilkington
21455,draft_2018_kris_bubic_r1p40,663460,A_chadwick,exact,Kris Bubic,Kris Bubic
21461,draft_2018_cole_sands_r5p154,663485,A_chadwick,exact,Cole Sands,Cole Sands
21479,draft_2018_nico_hoerner_r1p24,663538,A_chadwick,exact,Nico Hoerner,Nico Hoerner
21481,draft_2018_sean_hjelle_r2p45,663546,A_chadwick,exact,Sean Hjelle,Sean Hjelle
21483,draft_2018_shane_mcclanahan_r1p31,663556,A_chadwick,exact,Shane McClanahan,Shane McClanahan
21487,draft_2018_stephen_kolek_r11p344,663568,A_chadwick,exact,Stephen Kolek,Stephen Kolek
21496,draft_2018_brandon_lockridge_r5p157,663604,A_chadwick,exact,Brandon Lockridge,Brandon Lockridge
21497,draft_2018_luken_baker_r2p75,663609,A_chadwick,exact,Luken Baker,Luken Baker
21501,draft_2018_trevor_larnach_r1p20,663616,A_chadwick,exact,Trevor Larnach,Trevor Larnach
21504,draft_2018_jake_irvin_r4p131,663623,A_chadwick,exact,Jake Irvin,Jake Irvin
21513,draft_2018_thaddeus_ward_r5p160,663658,A_chadwick,exact,Thaddeus Ward,Thaddeus Ward
21523,draft_2018_jonathan_india_r1p5,663697,A_chadwick,exact,Jonathan India,Jonathan India
21524,draft_2018_joey_bart_r1p2,663698,A_chadwick,exact,Joey Bart,Joey Bart
21527,draft_2018_james_mcarthur_r12p347,663704,A_chadwick,exact,James McArthur,James McArthur
21534,draft_2018_cal_raleigh_r3p90,663728,A_chadwick,exact,Cal Raleigh,Cal Raleigh
21537,draft_2018_daniel_lynch_r1p34,663738,A_chadwick,exact,Daniel Lynch,Daniel Lynch
21538,draft_2018_nick_fortes_r4p117,663743,A_chadwick,exact,Nick Fortes,Nick Fortes
21541,draft_2018_reiss_knehr_r20p591,663753,A_chadwick,exact,Reiss Knehr,Reiss Knehr
21546,draft_2018_justin_hagenman_r23p704,663795,A_chadwick,exact,Justin Hagenman,Justin Hagenman
21549,draft_2018_jackson_kowar_r1p33,663804,A_chadwick,exact,Jackson Kowar,Jackson Kowar
21558,draft_2018_matt_vierling_r5p137,663837,A_chadwick,exact,Matt Vierling,Matt Vierling
21560,draft_2018_alfonso_rivas_r4p113,663845,A_chadwick,exact,Alfonso Rivas,Alfonso Rivas
21562,draft_2018_romy_gonzalez_r18p528,663853,A_chadwick,exact,Romy Gonzalez,Romy Gonzalez
21574,draft_2017_brendon_little_r1p27,663893,A_chadwick,exact,Brendon Little,Brendon Little
21584,draft_2018_tristan_beck_r4p112,663941,A_chadwick,exact,Tristan Beck,Tristan Beck
21587,draft_2018_cesar_salazar_r7p222,663967,A_chadwick,exact,César Salazar,Cesar Salazar
21614,draft_2018_kyle_isbel_r3p94,664728,A_chadwick,exact,Kyle Isbel,Kyle Isbel
21618,draft_2018_alec_bohm_r1p3,664761,A_chadwick,exact,Alec Bohm,Alec Bohm
21622,draft_2018_jake_mccarthy_r1p39,664983,A_chadwick,exact,Jake McCarthy,Jake McCarthy
21626,draft_2018_griffin_conine_r2p52,665052,A_chadwick,exact,Griffin Conine,Griffin Conine
21634,draft_2018_ford_proctor_r3p92,665154,A_chadwick,exact,Ford Proctor,Ford Proctor
21635,draft_2017_nick_maton_r7p203,665155,A_chadwick,exact,Nick Maton,Nick Maton
21636,draft_2018_jeremy_pena_r3p102,665161,A_chadwick,exact,Jeremy Peña,Jeremy Pena
21646,ifa_665561,665561,A_chadwick,exact,Rafael Marchan,Rafael Marchán
21652,ifa_665625,665625,A_chadwick,exact,Elvis Peguero,Elvis Peguero
21656,ifa_665645,665645,A_chadwick,exact,Kervin Castro,Kervin Castro
21662,ifa_665660,665660,A_chadwick,exact,Elvis Alvarado,Elvis Alvarado
21690,ifa_665795,665795,A_chadwick,exact,Edward Cabrera,Edward Cabrera
21693,ifa_665804,665804,A_chadwick,exact,Miguel Amaya,Miguel Amaya
21707,ifa_665828,665828,A_chadwick,exact,Oswaldo Cabrera,Oswaldo Cabrera
21711,ifa_665833,665833,A_chadwick,exact,Oneil Cruz,Oneil Cruz
21716,ifa_665839,665839,A_chadwick,exact,Enmanuel Valdez,Enmanuel Valdez
21728,ifa_665854,665854,A_chadwick,exact,Luis Oviedo,Luis Oviedo
21730,ifa_665856,665856,A_chadwick,exact,Jair Camargo,Jair Camargo
21741,ifa_665871,665871,A_chadwick,exact,Javier Assad,Javier Assad
21761,ifa_457484,665896,A_chadwick,exact,Jose Marte,Jose Marte
21780,ifa_665923,665923,A_chadwick,exact,Esteury Ruiz,Esteury Ruiz
21794,ifa_665947,665947,A_chadwick,exact,Sherten Apostel,Sherten Apostel
21797,ifa_665953,665953,A_chadwick,exact,Andres Chaparro,Andrés Chaparro
21837,ifa_666018,666018,A_chadwick,exact,Jonathan Aranda,Jonathan Aranda
21840,ifa_666023,666023,A_chadwick,exact,Freddy Fermin,Freddy Fermin
21842,draft_2018_carlos_cortes_r3p83,666126,A_chadwick,exact,Carlos Cortes,Carlos Cortes
21844,draft_2016_braxton_garrett_r1p7,666129,A_chadwick,exact,Braxton Garrett,Braxton Garrett
21846,draft_2016_cole_ragans_r1p30,666142,A_chadwick,exact,Cole Ragans,Cole Ragans
21850,draft_2016_mason_thompson_r3p85,666168,A_chadwick,exact,Mason Thompson,Mason Thompson
21853,draft_2016_will_benson_r1p14,666181,A_chadwick,exact,Will Benson,Will Benson
21858,draft_2016_riley_pint_r1p4,666207,A_chadwick,exact,Riley Pint,Riley Pint
21859,draft_2016_alex_speas_r2p63,666208,A_chadwick,exact,Alex Speas,Alex Speas
21863,ifa_666277,666277,A_chadwick,exact,George Soriano,George Soriano
21865,draft_2018_bo_naylor_r1p29,666310,A_chadwick,exact,Bo Naylor,Bo Naylor
21866,draft_2016_jordan_balazovic_r5p153,666364,A_chadwick,exact,Jordan Balazovic,Jordan Balazovic
21871,ifa_666464,666464,A_chadwick,exact,Jerar Encarnacion,Jerar Encarnacion
21894,ifa_666619,666619,A_chadwick,exact,Gregory Santos,Gregory Santos
21896,ifa_666622,666622,A_chadwick,exact,Brailyn Márquez,Brailyn Marquez
21897,ifa_666624,666624,A_chadwick,exact,Christopher Morel,Christopher Morel
21922,ifa_666659,666659,A_chadwick,exact,Sauryn Lao,Sauryn Lao
21951,ifa_666711,666711,A_chadwick,exact,Joel Peguero,Joel Peguero
21955,ifa_666720,666720,A_chadwick,exact,Yerry Rodríguez,Yerry Rodríguez
21987,ifa_666801,666801,A_chadwick,exact,Rodolfo Castro,Rodolfo Castro
21992,ifa_666808,666808,A_chadwick,exact,Camilo Doval,Camilo Doval
21997,ifa_666818,666818,A_chadwick,exact,Luis Frías,Luis Frías
22045,draft_2018_grant_koch_r5p144,667428,A_chadwick,exact,Grant Koch,Grant Koch
22052,draft_2018_aaron_fletcher_r14p431,667465,A_chadwick,exact,Aaron Fletcher,Aaron Fletcher
22092,draft_2018_kyle_tyler_r20p601,667725,A_chadwick,exact,Kyle Tyler,Kyle Tyler
22093,draft_2018_steele_walker_r2p46,667727,A_chadwick,exact,Steele Walker,Steele Walker
22100,ifa_667755,667755,A_chadwick,exact,José Soriano,José Soriano
22113,draft_2018_cole_winn_r1p15,668390,A_chadwick,exact,Cole Winn,Cole Winn
22116,draft_2017_hagen_danner_r2p61,668470,A_chadwick,exact,Hagen Danner,Hagen Danner
22117,draft_2017_nick_pratto_r1p14,668472,A_chadwick,exact,Nick Pratto,Nick Pratto
22164,draft_2016_payton_henry_r6p171,668721,A_chadwick,exact,Payton Henry,Payton Henry
22165,draft_2017_ryan_vilade_r2p48,668723,A_chadwick,exact,Ryan Vilade,Ryan Vilade
22168,draft_2016_akil_baddoo_r2p74,668731,A_chadwick,exact,Akil Baddoo,Akil Baddoo
22169,draft_2017_cal_mitchell_r2p50,668751,A_chadwick,exact,Calvin Mitchell,Cal Mitchell
22175,draft_2016_max_kranick_r11p345,668820,A_chadwick,exact,Max Kranick,Max Kranick
22182,draft_2017_hunter_greene_r1p2,668881,A_chadwick,exact,Hunter Greene,Hunter Greene
22184,draft_2017_mark_vientos_r2p59,668901,A_chadwick,exact,Mark Vientos,Mark Vientos
22186,draft_2018_brice_turang_r1p21,668930,A_chadwick,exact,Brice Turang,Brice Turang
22191,draft_2016_tobias_myers_r6p181,668964,A_chadwick,exact,Tobias Myers,Tobias Myers
22192,draft_2017_hans_crouse_r2p66,668968,A_chadwick,exact,Hans Crouse,Hans Crouse
22197,draft_2017_mj_melendez_r2p52,669004,A_chadwick,exact,MJ Melendez,MJ Melendez
22200,draft_2018_ryan_rolison_r1p22,669020,A_chadwick,exact,Ryan Rolison,Ryan Rolison
22201,draft_2017_mackenzie_gore_r1p3,669022,A_chadwick,exact,MacKenzie Gore,MacKenzie Gore
22202,draft_2017_jeter_downs_r1p32,669023,A_chadwick,exact,Jeter Downs,Jeter Downs
22207,draft_2017_dl_hall_r1p21,669084,A_chadwick,exact,DL Hall,DL Hall
22209,draft_2016_sam_huff_r7p219,669087,A_chadwick,exact,Sam Huff,Sam Huff
22210,draft_2017_jeremiah_estrada_r6p195,669093,A_chadwick,exact,Jeremiah Estrada,Jeremiah Estrada
22217,draft_2017_luis_campusano_r2p39,669134,A_chadwick,exact,Luis Campusano,Luis Campusano
22224,draft_2018_jon_heasley_r13p392,669169,A_chadwick,exact,Jonathan Heasley,Jon Heasley
22239,draft_2018_jeremiah_jackson_r2p57,669236,A_chadwick,exact,Jeremiah Jackson,Jeremiah Jackson
22244,draft_2016_jack_suwinski_r15p444,669261,A_chadwick,exact,Jack Suwinski,Jack Suwinski
22248,draft_2017_paul_campbell_r21p619,669294,A_chadwick,exact,Paul Campbell,Paul Campbell
22250,draft_2018_logan_gilbert_r1p14,669302,A_chadwick,exact,Logan Gilbert,Logan Gilbert
22253,draft_2016_sean_reynolds_r4p113,669308,A_chadwick,exact,Sean Reynolds,Sean Reynolds
22254,draft_2017_joe_perez_r2p53,669309,A_chadwick,exact,Joe Perez,Joe Perez
22261,draft_2017_bubba_thompson_r1p26,669352,A_chadwick,exact,Bubba Thompson,Bubba Thompson
22263,draft_2018_nolan_gorman_r1p19,669357,A_chadwick,exact,Nolan Gorman,Nolan Gorman
22264,draft_2017_shane_baz_r1p12,669358,A_chadwick,exact,Shane Baz,Shane Baz
22266,draft_2018_xavier_edwards_r1p38,669364,A_chadwick,exact,Xavier Edwards,Xavier Edwards
22267,draft_2018_tarik_skubal_r9p255,669373,A_chadwick,exact,Tarik Skubal,Tarik Skubal
22273,draft_2018_owen_white_r2p55,669391,A_chadwick,exact,Owen White,Owen White
22274,draft_2016_samad_taylor_r10p302,669392,A_chadwick,exact,Samad  Taylor,Samad Taylor
22275,draft_2017_jake_burger_r1p11,669394,A_chadwick,exact,Jake Burger,Jake Burger
22276,draft_2018_dylan_coleman_r4p111,669395,A_chadwick,exact,Dylan Coleman,Dylan Coleman
22277,draft_2017_nick_allen_r3p81,669397,A_chadwick,exact,Nick Allen,Nick Allen
22284,draft_2017_matt_sauer_r2p54,669422,A_chadwick,exact,Matt Sauer,Matt Sauer
22286,draft_2017_trevor_rogers_r1p13,669432,A_chadwick,exact,Trevor Rogers,Trevor Rogers
22288,draft_2018_mason_englert_r4p119,669438,A_chadwick,exact,Mason Englert,Mason Englert
22294,draft_2018_matthew_liberatore_r1p16,669461,A_chadwick,exact,Matthew Liberatore,Matthew Liberatore
22296,draft_2016_joe_barlow_r11p339,669618,A_chadwick,exact,Joe Barlow,Joe Barlow
22304,draft_2016_brenan_hanifee_r4p121,669724,A_chadwick,exact,Brenan Hanifee,Brenan Hanifee
22310,draft_2016_chris_rodriguez_r4p126,669735,A_chadwick,exact,Chris Rodriguez,Chris Rodriguez
22323,ifa_669804,669804,A_chadwick,exact,Angel De Jesus,Angel De Jesus
22343,draft_2016_aj_alexy_r11p341,669935,A_chadwick,exact,A.J. Alexy,A.J. Alexy
22358,draft_2016_stephen_ridings_r8p254,670050,A_chadwick,exact,Stephen Ridings,Stephen Ridings
22361,draft_2016_colin_holderman_r9p280,670059,A_chadwick,exact,Colin Holderman,Colin Holderman
22370,draft_2016_raymond_burgos_r18p542,670103,A_chadwick,exact,Raymond Burgos,Raymond Burgos
22387,draft_2016_josh_winckowski_r15p462,670174,A_chadwick,exact,Josh Winckowski,Josh Winckowski
22411,draft_2018_cal_stevenson_r10p296,670276,A_chadwick,exact,Cal Stevenson,Cal Stevenson
22449,ifa_670550,670550,A_chadwick,exact,Nivaldo Rodriguez,Nivaldo Rodriguez
22458,draft_2017_taylor_walls_r3p79,670764,A_chadwick,exact,Taylor Walls,Taylor Walls
22461,ifa_670810,670810,A_chadwick,exact,Logan Gillaspie,Logan Gillaspie
22471,ifa_670869,670869,A_chadwick,exact,Livan Soto,Livan Soto
22487,ifa_670912,670912,A_chadwick,exact,Johan Oviedo,Johan Oviedo
22505,draft_2017_buddy_kennedy_r5p142,671083,A_chadwick,exact,Buddy Kennedy,Buddy Kennedy
22514,draft_2018_triston_casas_r1p26,671213,A_chadwick,exact,Triston Casas,Triston Casas
22515,draft_2017_heliot_ramos_r1p19,671218,A_chadwick,exact,Heliot Ramos,Heliot Ramos
22530,draft_2017_jonathan_rodriguez_r3p102,671286,A_chadwick,exact,Johnathan Rodríguez,Jonathan Rodriguez
22532,draft_2017_tyler_freeman_r2p71,671289,A_chadwick,exact,Tyler Freeman,Tyler Freeman
22533,ifa_671305,671305,A_chadwick,exact,Michel Otanez,Michel Otañez
22541,ifa_671655,671655,A_chadwick,exact,George Valera,George Valera
22542,draft_2018_lawrence_butler_r6p173,671732,A_chadwick,exact,Lawrence Butler,Lawrence Butler
22543,draft_2018_taj_bradley_r5p150,671737,A_chadwick,exact,Taj Bradley,Taj Bradley
22557,draft_2018_mike_siani_r4p109,672279,A_chadwick,exact,Michael Siani,Mike Siani
22558,draft_2018_jarred_kelenic_r1p6,672284,A_chadwick,exact,Jarred Kelenic,Jarred Kelenic
22563,ifa_525734,672356,A_chadwick,exact,Gabriel Arias,Gabriel Arias
22566,ifa_672359,672359,A_chadwick,exact,Tirso Ornelas,Tirso Ornelas
22581,ifa_672386,672386,A_chadwick,exact,Alejandro Kirk,Alejandro Kirk
22630,ifa_672456,672456,A_chadwick,exact,Keider Montero,Keider Montero
22650,ifa_672478,672478,A_chadwick,exact,Jordan Diaz,Jordan Diaz
22664,ifa_672515,672515,A_chadwick,exact,Gabriel Moreno,Gabriel Moreno
22715,ifa_672580,672580,A_chadwick,exact,Maikel Garcia,Maikel Garcia
22717,ifa_672582,672582,A_chadwick,exact,Angel Zerpa,Angel Zerpa
22799,ifa_672695,672695,A_chadwick,exact,Geraldo Perdomo,Geraldo Perdomo
22810,ifa_672710,672710,A_chadwick,exact,Roansy Contreras,Roansy Contreras
22815,ifa_672715,672715,A_chadwick,exact,Luis Patiño,Luis Patiño
22823,ifa_672724,672724,A_chadwick,exact,Oswald Peraza,Oswald Peraza
22828,ifa_672730,672730,A_chadwick,exact,Juan Then,Juan Then
22842,ifa_672744,672744,A_chadwick,exact,Alexander Canario,Alexander Canario
22857,ifa_672761,672761,A_chadwick,exact,Wenceel Perez,Wenceel Pérez
22871,ifa_672779,672779,A_chadwick,exact,Tucupita Marcano,Tucupita Marcano
22872,ifa_672782,672782,A_chadwick,exact,Yoendrys Gómez,Yoendrys Gómez
22896,ifa_672820,672820,A_chadwick,exact,Lenyn Sosa,Lenyn Sosa
22906,ifa_672832,672832,A_chadwick,exact,Israel Pineda,Israel Pineda
22913,ifa_672839,672839,A_chadwick,exact,Francisco Morales,Francisco Morales
22915,ifa_501508,672841,A_chadwick,exact,Carlos Vargas,Carlos Vargas
22925,ifa_672851,672851,A_chadwick,exact,Joan Adon,Joan Adon
22932,ifa_672860,672860,A_chadwick,exact,Prelander Berroa,Prelander Berroa
23003,ifa_673237,673237,A_chadwick,exact,Yainer Diaz,Yainer Diaz
23055,ifa_673380,673380,A_chadwick,exact,Dedniel Núñez,Dedniel Núñez
23091,ifa_673820,673820,A_chadwick,exact,Robinson Pina,Robinson Piña
23095,draft_2018_jake_wong_r3p80,673858,A_chadwick,exact,Jake Wong,Jake Wong
23135,ifa_674285,674285,A_chadwick,exact,Eduardo Salazar,Eduardo Salazar
23162,ifa_674384,674384,A_chadwick,exact,Eduarniel Núñez,Eduarniel Núñez
23165,ifa_650485,674444,A_chadwick,exact,Steven Cruz,Steven De La Cruz
23191,draft_2018_michael_plassmeyer_r4p118,674681,A_chadwick,exact,Michael Plassmeyer,Michael Plassmeyer
23221,draft_2018_michael_grove_r2p68,675627,A_chadwick,exact,Michael Grove,Michael Grove
23223,draft_2017_michael_mercado_r2p40,675650,A_chadwick,exact,Michael Mercado,Michael Mercado
23237,ifa_675848,675848,A_chadwick,exact,Juan Mejia,Juan Mejia
23252,draft_2017_spencer_howard_r2p45,675921,A_chadwick,exact,Spencer Howard,Spencer Howard
23264,draft_2017_canaan_smith-njigba_r4p122,675986,A_chadwick,exact,Canaan Smith-Njigba,Canaan Smith-Njigba
23265,draft_2017_cody_bolton_r6p178,675989,A_chadwick,exact,Cody Bolton,Cody Bolton
23292,draft_2017_packy_naughton_r9p257,676050,A_chadwick,exact,Packy Naughton,Packy Naughton
23293,draft_2018_codi_heuer_r6p168,676051,A_chadwick,exact,Codi Heuer,Codi Heuer
23296,draft_2017_jacob_amaya_r11p340,676070,A_chadwick,exact,Jacob Amaya,Jacob Amaya
23301,draft_2017_janson_junk_r22p662,676083,A_chadwick,exact,Janson Junk,Janson Junk
23307,draft_2017_collin_snider_r12p360,676092,A_chadwick,exact,Collin Snider,Collin Snider
23310,draft_2017_damon_jones_r18p533,676103,A_chadwick,exact,Damon Jones,Damon Jones
23312,draft_2017_ryan_noda_r15p459,676116,A_chadwick,exact,Ryan  Noda,Ryan Noda
23313,ifa_676130,676130,A_chadwick,exact,José Buttó,José Buttó
23324,draft_2017_freddy_tarnok_r3p80,676206,A_chadwick,exact,Freddy Tarnok,Freddy Tarnok
23335,draft_2017_joey_cantillo_r16p468,676282,A_chadwick,exact,Joey Cantillo,Joey Cantillo
23359,draft_2017_nelson_velazquez_r5p165,676369,A_chadwick,exact,Nelson Velazquez,Nelson Velazquez
23372,draft_2018_hunter_feduccia_r12p374,676439,A_chadwick,exact,Hunter Feduccia,Hunter Feduccia
23378,ifa_676480,676480,A_chadwick,exact,Jose Barrero,José Barrero
23381,draft_2018_nolan_hoffman_r5p148,676510,A_chadwick,exact,Nolan Hoffmann,Nolan Hoffman
23391,draft_2017_ricky_vanasco_r15p464,676568,A_chadwick,exact,Ricky Vanasco,Ricky Vanasco
23394,draft_2018_pj_poulin_r11p336,676571,A_chadwick,exact,PJ Poulin,PJ Poulin
23401,draft_2017_jose_caballero_r7p202,676609,A_chadwick,exact,José Caballero,Jose Caballero
23425,draft_2017_jared_solomon_r11p317,676660,A_chadwick,exact,Jared Solomon,Jared Solomon
23426,draft_2017_max_lazar_r11p324,676661,A_chadwick,exact,Max Lazar,Max Lazar
23429,draft_2017_jp_sears_r11p333,676664,A_chadwick,exact,JP Sears,JP Sears
23442,draft_2017_luis_vazquez_r14p435,676679,A_chadwick,exact,Luis  Vazquez,Luis Vazquez
23443,draft_2017_tom_cosgrove_r12p348,676680,A_chadwick,exact,Tom Cosgrove,Tom Cosgrove
23449,draft_2017_ricky_karcher_r13p377,676689,A_chadwick,exact,Ricky Karcher,Ricky Karcher
23455,draft_2017_hunter_stratton_r16p478,676702,A_chadwick,exact,Hunter Stratton,Hunter Stratton
23465,draft_2017_tommy_romero_r15p453,676720,A_chadwick,exact,Tommy Romero,Tommy Romero
23479,draft_2018_cam_sanders_r12p368,676742,A_chadwick,exact,Cam Sanders,Cam Sanders
23488,draft_2017_ron_marinaccio_r19p572,676760,A_chadwick,exact,Ron Marinaccio,Ron Marinaccio
23493,draft_2017_nick_snyder_r19p584,676766,A_chadwick,exact,Nick Snyder,Nick Snyder
23499,draft_2018_keaton_winn_r5p136,676775,A_chadwick,exact,Keaton Winn,Keaton Winn
23550,draft_2018_aaron_ashby_r4p125,676879,A_chadwick,exact,Aaron Ashby,Aaron Ashby
23590,draft_2017_ben_brown_r33p983,676962,A_chadwick,exact,Ben Brown,Ben Brown
23592,draft_2017_brett_de_geus_r33p1000,676969,A_chadwick,exact,Brett de Geus,Brett De Geus
23617,draft_2017_josh_walker_r37p1117,677020,A_chadwick,exact,Josh Walker,Josh Walker
23631,draft_2018_clayton_andrews_r17p515,677076,A_chadwick,exact,Clayton Andrews,Clayton Andrews
23667,ifa_622568,677551,A_chadwick,exact,Wander Franco,Wander Franco
23690,ifa_677587,677587,A_chadwick,exact,Brayan Rocchio,Brayan Rocchio
23691,ifa_677588,677588,A_chadwick,exact,José Tena,José Tena
23695,ifa_677592,677592,A_chadwick,exact,Everson Pereira,Everson Pereira
23698,ifa_677595,677595,A_chadwick,exact,Ronny Mauricio,Ronny Mauricio
23733,ifa_677649,677649,A_chadwick,exact,Ezequiel Duran,Ezequiel Duran
23772,ifa_677800,677800,A_chadwick,exact,Wilyer Abreu,Wilyer Abreu
23782,ifa_677870,677870,A_chadwick,exact,Leo Jimenez,Leo Jiménez
23788,draft_2018_jordyn_adams_r1p17,677941,A_chadwick,exact,Jordyn Adams,Jordyn Adams
23789,draft_2018_blaze_alexander_r11p339,677942,A_chadwick,exact,Blaze Alexander,Blaze Alexander
23790,draft_2018_will_banfield_r2p69,677943,A_chadwick,exact,Will Banfield,Will Banfield
23792,draft_2018_alek_thomas_r2p63,677950,A_chadwick,exact,Alek Thomas,Alek Thomas
23793,draft_2018_braxton_ashcraft_r2p51,677952,A_chadwick,exact,Braxton Ashcraft,Braxton Ashcraft
23794,draft_2018_jordan_groshans_r1p12,677954,A_chadwick,exact,Jordan Groshans,Jordan Groshans
23796,draft_2018_ryan_weathers_r1p7,677960,A_chadwick,exact,Ryan Weathers,Ryan Weathers
23800,draft_2018_parker_meadows_r2p44,678009,A_chadwick,exact,Parker Meadows,Parker Meadows
23802,draft_2018_anthony_seigler_r1p23,678011,A_chadwick,exact,Anthony Seigler,Anthony Seigler
23809,ifa_678061,678061,A_chadwick,exact,Ray Kerr,Ray Kerr
23818,ifa_678225,678225,A_chadwick,exact,Ji Hwan Bae,Ji Hwan Bae
23875,ifa_678316,678316,A_chadwick,exact,Omar Cruz,Omar Cruz
23917,ifa_678391,678391,A_chadwick,exact,Jorbit Vivas,Jorbit Vivas
23920,ifa_678394,678394,A_chadwick,exact,Brayan Bello,Brayan Bello
23968,ifa_678489,678489,A_chadwick,exact,Jorge Barrosa,Jorge Barrosa
23974,ifa_678495,678495,A_chadwick,exact,Randy Rodríguez,Randy Rodríguez
23985,ifa_678545,678545,A_chadwick,exact,Osleivis Basabe,Osleivis Basabe
23986,ifa_678554,678554,A_chadwick,exact,Curtis Mead,Curtis Mead
24017,ifa_678606,678606,A_chadwick,exact,Jose A. Ferrer,José A. Ferrer
24064,ifa_678662,678662,A_chadwick,exact,Ezequiel Tovar,Ezequiel Tovar
24094,ifa_678692,678692,A_chadwick,exact,Ronny Henriquez,Ronny Henriquez
24203,ifa_678821,678821,A_chadwick,exact,Luis Peralta,Luis Peralta
24257,ifa_678877,678877,A_chadwick,exact,Jhonkensy Noel,Jhonkensy Noel
24262,ifa_678882,678882,A_chadwick,exact,Ceddanne Rafaela,Ceddanne Rafaela
24273,ifa_678894,678894,A_chadwick,exact,Liover Peguero,Liover Peguero
24282,ifa_678906,678906,A_chadwick,exact,Kai-Wei Teng,Kai-Wei Teng
24336,ifa_679032,679032,A_chadwick,exact,Johan Rojas,Johan Rojas
24400,draft_2018_terrin_vavra_r3p96,679631,A_chadwick,exact,Terrin Vavra,Terrin Vavra
24452,ifa_679883,679883,A_chadwick,exact,Luinder Avila,Luinder Avila
24453,ifa_679885,679885,A_chadwick,exact,Justin Martinez,Justin Martinez
24458,ifa_679922,679922,A_chadwick,exact,Carlos Duran,Carlos Duran
24491,draft_2018_travis_swaggerty_r1p10,680552,A_chadwick,exact,Travis Swaggerty,Travis Swaggerty
24492,draft_2018_grayson_rodriguez_r1p11,680570,A_chadwick,exact,Grayson Rodriguez,Grayson Rodriguez
24493,draft_2018_adam_kloffenstein_r3p88,680572,A_chadwick,exact,Adam Kloffenstein,Adam Kloffenstein
24494,draft_2018_simeon_woods_richardson_r2p48,680573,A_chadwick,exact,Simeon Woods Richardson,Simeon Woods Richardson
24496,draft_2018_dashawn_keirsey_jr_r4p124,680577,A_chadwick,exact,"DaShawn Keirsey, Jr.",DaShawn Keirsey Jr.
24580,draft_2018_josiah_gray_r2p72,680686,A_chadwick,exact,Josiah Gray,Josiah Gray
24581,draft_2018_lyon_richardson_r2p47,680689,A_chadwick,exact,Lyon Richardson,Lyon Richardson
24584,draft_2018_jonathan_stiever_r5p138,680692,A_chadwick,exact,Jonathan Stiever,Jonathan Stiever
24586,draft_2018_kyle_bradish_r4p121,680694,A_chadwick,exact,Kyle Bradish,Kyle Bradish
24589,draft_2018_richie_palacios_r3p103,680700,A_chadwick,exact,Richard Palacios,Richie Palacios
24590,draft_2018_john_rooney_r3p104,680701,A_chadwick,exact,John Rooney,John Rooney
24591,draft_2018_joey_gerber_r8p238,680702,A_chadwick,exact,Joey Gerber,Joey Gerber
24597,draft_2018_jonathan_ornelas_r3p91,680716,A_chadwick,exact,Jonathan Ornelas,Jonathan Ornelas
24598,draft_2018_addison_barger_r6p176,680718,A_chadwick,exact,Addison Barger,Addison Barger
24602,draft_2018_drew_rom_r4p115,680723,A_chadwick,exact,Drew Rom,Drew Rom
24604,draft_2018_austin_cox_r5p152,680735,A_chadwick,exact,Austin Cox,Austin Cox
24605,draft_2018_michael_helman_r11p334,680737,A_chadwick,exact,Michael Helman,Michael Helman
24606,draft_2018_josh_winder_r7p214,680739,A_chadwick,exact,Josh Winder,Josh Winder
24607,draft_2018_jonathan_bowlan_r2p58,680742,A_chadwick,exact,Jonathan Bowlan,Jonathan Bowlan
24610,draft_2018_steven_kwan_r5p163,680757,A_chadwick,exact,Steven Kwan,Steven Kwan
24614,draft_2018_victor_vodnik_r14p412,680767,A_chadwick,exact,Victor Vodnik,Victor Vodnik
24617,draft_2018_jarren_duran_r7p220,680776,A_chadwick,exact,Jarren Duran,Jarren Duran
24618,draft_2018_ryan_jeffers_r2p59,680777,A_chadwick,exact,Ryan Jeffers,Ryan Jeffers
24655,draft_2018_owen_miller_r3p84,680911,A_chadwick,exact,Owen Miller,Owen Miller
24679,draft_2018_brendan_donovan_r7p213,680977,A_chadwick,exact,Brendan Donovan,Brendan Donovan
24681,ifa_680983,680983,A_chadwick,exact,Kelvin Caceres,Kelvin Cáceres
24703,draft_2018_jonah_bride_r23p683,681146,A_chadwick,exact,Jonah Bride,Jonah Bride
24710,ifa_681168,681168,A_chadwick,exact,Luis Curvelo,Luis Curvelo
24719,ifa_681190,681190,A_chadwick,exact,Randy Vásquez,Randy Vásquez
24728,draft_2018_mike_burrows_r11p324,681347,A_chadwick,exact,Mike Burrows,Mike Burrows
24729,draft_2018_logan_ohoppe_r23p677,681351,A_chadwick,exact,Logan O'Hoppe,Logan O'Hoppe
24737,draft_2018_gus_varland_r14p413,681402,A_chadwick,exact,Gus Varland,Gus Varland
24750,draft_2018_franklin_german_r4p127,681464,A_chadwick,exact,Franklin German,Franklin German
24763,draft_2018_kyle_leahy_r17p513,681517,A_chadwick,exact,Kyle Leahy,Kyle Leahy
24765,draft_2018_bryan_lavastida_r15p463,681526,A_chadwick,exact,Bryan Lavastida,Bryan Lavastida
24770,draft_2018_james_outman_r7p224,681546,A_chadwick,exact,James Outman,James Outman
24782,draft_2018_david_villar_r11p316,681584,A_chadwick,exact,David Villar,David Villar
24816,ifa_681624,681624,A_chadwick,exact,Andy Pages,Andy Pages
24862,draft_2018_ryan_fernandez_r23p700,681676,A_chadwick,exact,Ryan Fernandez,Ryan Fernandez
24878,ifa_681715,681715,A_chadwick,exact,Heriberto Hernandez,Heriberto Hernández
24914,ifa_681751,681751,A_chadwick,exact,Lazaro Estrada,Lazaro Estrada
24930,draft_2018_ethan_roberts_r4p128,681799,A_chadwick,exact,Ethan Roberts,Ethan Roberts
24934,draft_2018_david_fry_r7p215,681807,A_chadwick,exact,David Fry,David Fry
24935,draft_2018_chris_vallimont_r5p147,681808,A_chadwick,exact,Chris Vallimont,Chris Vallimont
24937,draft_2018_austin_warren_r6p181,681810,A_chadwick,exact,Austin Warren,Austin Warren
24968,draft_2018_reese_olson_r13p395,681857,A_chadwick,exact,Reese Olson,Reese Olson
24977,draft_2018_shawn_dubin_r13p402,681869,A_chadwick,exact,Shawn Dubin,Shawn Dubin
24978,draft_2018_erik_sabrowski_r14p411,681870,A_chadwick,exact,Erik Sabrowski,Erik Sabrowski
24986,draft_2018_colin_selby_r16p474,681882,A_chadwick,exact,Colin Selby,Colin Selby
24988,draft_2018_evan_lee_r15p461,681885,A_chadwick,exact,Evan Lee,Evan Lee
24993,draft_2018_kody_funderburk_r15p454,681892,A_chadwick,exact,Kody Funderburk,Kody Funderburk
25007,draft_2018_alex_vesia_r17p507,681911,A_chadwick,exact,Alex Vesia,Alex Vesia
25055,draft_2018_nate_eaton_r21p632,681987,A_chadwick,exact,Nate Eaton,Nate Eaton
25075,draft_2018_william_woods_r23p682,682016,A_chadwick,exact,William Woods,William Woods
25098,draft_2018_jacob_lopez_r26p766,682052,A_chadwick,exact,Jacob Lopez,Jacob Lopez
25111,draft_2018_david_hensley_r26p792,682073,A_chadwick,exact,David Hensley,David Hensley
25139,draft_2018_tim_herrin_r29p883,682120,A_chadwick,exact,Tim Herrin,Tim Herrin
25158,draft_2018_jayvien_sandridge_r32p955,682144,A_chadwick,exact,Jayvien Sandridge,Jayvien Sandridge
25174,draft_2018_penn_murfee_r33p988,682171,A_chadwick,exact,Penn Murfee,Penn Murfee
25311,ifa_682610,682610,A_chadwick,exact,Roddery Muñoz,Roddery Muñoz
25327,ifa_682842,682842,A_chadwick,exact,Abner Uribe,Abner Uribe
25332,ifa_691635,682848,A_chadwick,exact,Endy Rodriguez,Endy Rodriguez
25346,ifa_682927,682927,A_chadwick,exact,Ronny Simon,Ronny Simon
25348,ifa_682967,682967,A_chadwick,exact,Devin Sweet,Devin Sweet
25353,ifa_683021,683021,A_chadwick,exact,Michael Stefanic,Michael Stefanic
25376,ifa_683232,683232,A_chadwick,exact,Nick Mears,Nick Mears
25377,draft_2018_brady_singer_r1p18,663903,A_chadwick,exact,Brady Singer,Brady Singer
25385,draft_2018_drew_rasmussen_r6p185,656876,A_chadwick,exact,Drew Rasmussen,Drew Rasmussen
25386,ifa_666745,666745,A_chadwick,exact,Jhony Brito,Jhony Brito
25388,draft_2018_cody_morris_r7p223,663752,A_chadwick,exact,Cody Morris,Cody Morris
25416,draft_2019_blair_calvo_r23p699,663971,A_chadwick,exact,Blair Calvo,Blair Calvo
25420,draft_2019_ryan_zeferjahn_r3p107,666171,A_chadwick,exact,Ryan Zeferjahn,Ryan Zeferjahn
25425,draft_2019_austin_shenton_r5p156,668853,A_chadwick,exact,Austin Shenton,Austin Shenton
25427,draft_2019_gavin_hollowell_r6p189,668970,A_chadwick,exact,Gavin Hollowell,Gavin Hollowell
25434,draft_2019_will_wilson_r1p15,669717,A_chadwick,exact,Will Wilson,Will Wilson
25436,draft_2019_george_kirby_r1p20,669923,A_chadwick,exact,George Kirby,George Kirby
25448,draft_2019_greg_jones_r1p22,675659,A_chadwick,exact,Greg Jones,Greg Jones
25459,draft_2019_peyton_burdick_r3p82,680814,A_chadwick,exact,Peyton Burdick,Peyton Burdick
25463,draft_2019_brandon_williamson_r2p59,682227,A_chadwick,exact,Brandon Williamson,Brandon Williamson
25467,draft_2019_will_robertson_r4p117,683770,A_chadwick,exact,Will Robertson,Will Robertson
25475,draft_2019_logan_driscoll_r2p73,686482,A_chadwick,exact,Logan Driscoll,Logan Driscoll
25476,draft_2019_cam_eden_r6p177,686490,A_chadwick,exact,Cameron Eden,Cam Eden
25477,draft_2019_isaac_collins_r9p279,686555,A_chadwick,exact,Isaac Collins,Isaac Collins
25479,draft_2019_brenton_doyle_r4p129,686668,A_chadwick,exact,Brenton Doyle,Brenton Doyle
25493,draft_2019_joey_ortiz_r4p108,687401,A_chadwick,exact,Joey Ortiz,Joey Ortiz
25505,draft_2019_cade_marlowe_r20p606,687799,A_chadwick,exact,Cade Marlowe,Cade Marlowe
25524,draft_2019_aaron_schunk_r2p62,668845,A_chadwick,exact,Aaron Schunk,Aaron Schunk
25543,draft_2019_korey_lee_r1p32,686676,A_chadwick,exact,Korey Lee,Korey Lee
25551,draft_2019_isaiah_campbell_r2p76,663462,A_chadwick,exact,Isaiah Campbell,Isaiah Campbell
25553,draft_2019_nic_enright_r20p610,663671,A_chadwick,exact,Nic Enright,Nic Enright
25569,draft_2019_jake_alu_r24p723,666906,A_chadwick,exact,Jake Alu,Jake Alu
25575,draft_2019_kyle_mccann_r4p134,668832,A_chadwick,exact,Kyle McCann,Kyle McCann
25582,draft_2019_brady_basso_r16p494,669620,A_chadwick,exact,Brady Basso,Brady Basso
25595,draft_2019_xzavion_curry_r7p220,675540,A_chadwick,exact,Xzavion Curry,Xzavion Curry
25616,ifa_682617,682617,A_chadwick,exact,Marco Luciano,Marco Luciano
25620,ifa_682825,682825,A_chadwick,exact,Luis Mey,Luis Mey
25621,ifa_682868,682868,A_chadwick,exact,Bryan Ramos,Bryan Ramos
25629,draft_2019_cody_freeman_r4p115,683227,A_chadwick,exact,Cody Freeman,Cody Freeman
25636,draft_2019_hunter_gaddis_r5p160,683769,A_chadwick,exact,Hunter Gaddis,Hunter Gaddis
25643,draft_2019_drew_millas_r7p224,686452,A_chadwick,exact,Drew Millas,Drew Millas
25648,draft_2019_justin_slaten_r3p86,686580,A_chadwick,exact,Justin Slaten,Justin Slaten
25650,draft_2019_levi_stoudt_r3p97,686651,A_chadwick,exact,Levi Stoudt,Levi Stoudt
25651,draft_2019_ty_adcock_r8p246,686654,A_chadwick,exact,Ty Adcock,Ty Adcock
25660,draft_2019_will_brennan_r8p250,686823,A_chadwick,exact,Will Brennan,Will Brennan
25663,draft_2019_mckinley_moore_r14p410,686842,A_chadwick,exact,McKinley Moore,McKinley Moore
25665,draft_2019_cole_waites_r18p536,686972,A_chadwick,exact,Cole Waites,Cole Waites
25667,draft_2019_nick_avila_r26p776,687014,A_chadwick,exact,Nick Avila,Nick Avila
25679,draft_2019_kevin_kelly_r19p580,687330,A_chadwick,exact,Kevin Kelly,Kevin Kelly
25688,draft_2019_cam_devanney_r15p463,687478,A_chadwick,exact,Cam Devanney,Cam Devanney
25690,draft_2019_grant_mccray_r3p87,687529,A_chadwick,exact,Grant McCray,Grant McCray
25703,draft_2019_zak_kent_r9p265,687849,A_chadwick,exact,Zak Kent,Zak Kent
25705,draft_2019_dustin_harris_r11p344,687957,A_chadwick,exact,Dustin Harris,Dustin Harris
25714,draft_2019_blaine_crim_r19p565,688760,A_chadwick,exact,Blaine Crim,Blaine Crim
25756,draft_2019_matt_brash_r4p113,666374,A_chadwick,exact,Matt Brash,Matt Brash
25764,draft_2019_bobby_witt_jr_r1p2,677951,A_chadwick,exact,Bobby Witt Jr.,Bobby Witt Jr.
25768,draft_2019_cj_abrams_r1p6,682928,A_chadwick,exact,C.J. Abrams,C.J. Abrams
25777,draft_2019_peyton_battenfield_r9p286,685410,A_chadwick,exact,Peyton Battenfield,Peyton Battenfield
25779,draft_2019_tyler_tolbert_r13p379,686475,A_chadwick,exact,Tyler Tolbert,Tyler Tolbert
25782,draft_2019_pedro_pagés_r6p185,686780,A_chadwick,exact,Pedro Pagés,Pedro Pagés
25805,draft_2019_blake_sabol_r7p214,666165,A_chadwick,exact,Blake Sabol,Blake Sabol
25807,draft_2019_jared_triolo_r2p72,669707,A_chadwick,exact,Jared Triolo,Jared Triolo
25813,draft_2019_grae_kessinger_r2p68,666197,A_chadwick,exact,Grae Kessinger,Grae Kessinger
25816,draft_2019_shea_langeliers_r1p9,669127,A_chadwick,exact,Shea Langeliers,Shea Langeliers
25817,draft_2019_braden_shewmake_r1p21,669699,A_chadwick,exact,Braden Shewmake,Braden Shewmake
25822,draft_2019_andre_lipcius_r3p83,686531,A_chadwick,exact,Andre Lipcius,Andre Lipcius
25844,draft_2019_logan_davidson_r1p29,669722,A_chadwick,exact,Logan Davidson,Logan Davidson
25845,draft_2019_michael_toglia_r1p23,669911,A_chadwick,exact,Michael Toglia,Michael Toglia
25855,draft_2019_matt_gorski_r2p57,685301,A_chadwick,exact,Matt Gorski,Matt Gorski
25862,draft_2018_noah_davis_r11p319,663562,A_chadwick,exact,Noah Davis,Noah Davis
25867,draft_2019_ryan_kreidler_r4p112,668952,A_chadwick,exact,Ryan Kreidler,Ryan Kreidler
25873,draft_2019_connor_thomas_r5p155,671162,A_chadwick,exact,Connor Thomas,Connor Thomas
25878,draft_2019_corbin_carroll_r1p16,682998,A_chadwick,exact,Corbin Carroll,Corbin Carroll
25880,draft_2019_hunter_brown_r5p166,686613,A_chadwick,exact,Hunter Brown,Hunter Brown
25911,ifa_666974,666974,A_chadwick,exact,Yennier Cano,Yennier Cano
25918,draft_2019_zack_thompson_r1p19,668868,A_chadwick,exact,Zack Thompson,Zack Thompson
25928,draft_2019_darius_vines_r7p217,670241,A_chadwick,exact,Darius Vines,Darius Vines
25931,draft_2019_michael_harris_ii_r3p98,671739,A_chadwick,exact,Michael Harris II,Michael Harris II
25942,draft_2019_andrew_nardi_r16p471,677053,A_chadwick,exact,Andrew Nardi,Andrew Nardi
25967,ifa_682619,682619,A_chadwick,exact,Orelvis Martinez,Orelvis Martinez
25971,ifa_682634,682634,A_chadwick,exact,Kevin Alcántara,Kevin Alcántara
25976,draft_2019_riley_greene_r1p5,682985,A_chadwick,exact,Riley Greene,Riley Greene
25977,draft_2019_quinn_priester_r1p18,682990,A_chadwick,exact,Quinn Priester,Quinn Priester
25979,draft_2019_nasim_nunez_r2p46,683083,A_chadwick,exact,Nasim Nuñez,Nasim Nunez
25980,draft_2019_matthew_lugo_r2p69,683090,A_chadwick,exact,Matthew Lugo,Matthew Lugo
25999,ifa_607958,683748,A_chadwick,exact,Victor Mesa Jr.,Victor Mesa
26020,draft_2019_seth_johnson_r1p40,686751,A_chadwick,exact,Seth Johnson,Seth Johnson
26024,draft_2019_brendan_white_r26p772,686839,A_chadwick,exact,Brendan White,Brendan White
26030,draft_2019_tyler_owens_r13p397,687074,A_chadwick,exact,Tyler Owens,Tyler Owens
26031,draft_2019_vaughn_grissom_r11p337,687093,A_chadwick,exact,Vaughn Grissom,Vaughn Grissom
26034,draft_2019_anthony_maldonado_r11p321,687424,A_chadwick,exact,Anthony Maldonado,Anthony Maldonado
26048,draft_2019_sawyer_gipson-long_r6p179,687830,A_chadwick,exact,Sawyer Gipson-Long,Sawyer Gipson-Long
26056,draft_2019_brandon_walter_r26p797,687888,A_chadwick,exact,Brandon Walter,Brandon Walter
26068,draft_2019_kolton_ingram_r37p1102,688427,A_chadwick,exact,Kolton Ingram,Kolton Ingram
26079,draft_2019_beau_brieske_r27p802,689225,A_chadwick,exact,Beau Brieske,Beau Brieske
26106,draft_2019_maverick_handley_r6p168,668974,A_chadwick,exact,Maverick Handley,Maverick Handley
26108,draft_2019_andre_pallante_r4p125,669467,A_chadwick,exact,Andre Pallante,Andre Pallante
26117,ifa_680604,680604,A_chadwick,exact,Blas Castaño,Blas Castaño
26121,ifa_682626,682626,A_chadwick,exact,Francisco Álvarez,Francisco Alvarez
26123,draft_2019_brett_baty_r1p12,683146,A_chadwick,exact,Brett Baty,Brett Baty
26128,draft_2019_amos_willingham_r17p513,686294,A_chadwick,exact,Amos Willingham,Amos Willingham
26149,draft_2019_dominic_fletcher_r2p75,666150,A_chadwick,exact,Dominic Fletcher,Dominic Fletcher
26151,draft_2019_kyle_stowers_r2p71,669065,A_chadwick,exact,Kyle Stowers,Kyle Stowers
26191,draft_2019_kade_strowd_r12p348,669704,A_chadwick,exact,Kade Strowd,Kade Strowd
26197,draft_2019_andrew_vaughn_r1p3,683734,A_chadwick,exact,Andrew Vaughn,Andrew Vaughn
26202,draft_2019_jake_mangum_r4p118,663968,A_chadwick,exact,Jake Mangum,Jake Mangum
26203,draft_2019_andrew_saalfrank_r6p182,685314,A_chadwick,exact,Andrew Saalfrank,Andrew Saalfrank
26208,draft_2019_tyler_fitzgerald_r4p116,666149,A_chadwick,exact,Tyler Fitzgerald,Tyler Fitzgerald
26213,draft_2019_caleb_kilian_r8p236,668873,A_chadwick,exact,Caleb Kilian,Caleb Kilian
26214,draft_2019_chris_murphy_r6p197,669684,A_chadwick,exact,Chris Murphy,Chris Murphy
26215,draft_2019_jackson_rutledge_r1p17,671131,A_chadwick,exact,Jackson Rutledge,Jackson Rutledge
26221,draft_2019_ryan_pepiot_r3p102,686752,A_chadwick,exact,Ryan Pepiot,Ryan Pepiot
26224,draft_2019_darell_hernaiz_r5p138,687231,A_chadwick,exact,Darell Hernaiz,Darell Hernaiz
26226,draft_2019_nick_robertson_r7p221,687798,A_chadwick,exact,Nick Robertson,Nick Robertson
26231,draft_2018_tyler_holton_r9p279,663947,A_chadwick,exact,Tyler Holton,Tyler Holton
26244,ifa_685744,685744,A_chadwick,exact,Kenedy Corona,Kenedy Corona
26247,draft_2019_orlando_ribalta_r12p363,687377,A_chadwick,exact,Orlando Ribalta,Orlando Ribalta
26252,draft_2019_erik_miller_r4p120,669062,A_chadwick,exact,Erik Miller,Erik Miller
26253,draft_2019_ryne_nelson_r2p56,669194,A_chadwick,exact,Ryne Nelson,Ryne Nelson
26255,draft_2019_caleb_freeman_r15p440,673965,A_chadwick,exact,Caleb Freeman,Caleb Freeman
26257,draft_2019_joey_estes_r16p487,683155,A_chadwick,exact,Joey Estes,Joey Estes
26259,draft_2019_hunter_bigge_r12p372,685801,A_chadwick,exact,Hunter Bigge,Hunter Bigge
26260,draft_2019_drey_jameson_r1p34,686753,A_chadwick,exact,Drey Jameson,Drey Jameson
26270,draft_2019_blake_walston_r1p26,686796,A_chadwick,exact,Blake Walston,Blake Walston
26284,draft_2019_john_rave_r5p139,670231,A_chadwick,exact,John Rave,John Rave
26285,draft_2019_tommy_henry_r2p74,674072,A_chadwick,exact,Tommy Henry,Tommy Henry
26288,draft_2019_adley_rutschman_r1p1,668939,A_chadwick,exact,Adley Rutschman,Adley Rutschman
26289,draft_2019_gunnar_henderson_r2p42,683002,A_chadwick,exact,Gunnar Henderson,Gunnar Henderson
26294,draft_2019_bryson_stott_r1p14,681082,A_chadwick,exact,Bryson Stott,Bryson Stott
26295,draft_2019_oliver_dunn_r11p345,686554,A_chadwick,exact,Oliver Dunn,Oliver Dunn
26299,draft_2019_josh_jung_r1p8,673962,A_chadwick,exact,Josh Jung,Josh Jung
26304,draft_2019_bryan_hoeing_r7p201,663773,A_chadwick,exact,Bryan Hoeing,Bryan Hoeing
26319,draft_2019_michael_busch_r1p31,683737,A_chadwick,exact,Michael Busch,Michael Busch
26323,draft_2019_spencer_steer_r3p90,668715,A_chadwick,exact,Spencer Steer,Spencer Steer
26353,draft_2019_marc_church_r18p535,687847,A_chadwick,exact,Marc Church,Marc Church
26364,draft_2019_ethan_small_r1p28,663629,A_chadwick,exact,Ethan Small,Ethan Small
26365,draft_2019_jonny_deluca_r25p761,676356,A_chadwick,exact,Jonny DeLuca,Jonny DeLuca
26368,draft_2019_jj_bleday_r1p4,668709,A_chadwick,exact,J.J. Bleday,JJ Bleday
26374,draft_2019_kameron_misner_r1p35,670224,A_chadwick,exact,Kameron Misner,Kameron Misner
26378,draft_2019_nick_lodolo_r1p7,666157,A_chadwick,exact,Nick Lodolo,Nick Lodolo
26389,draft_2019_dj_herz_r8p252,687792,A_chadwick,exact,DJ Herz,DJ Herz
26410,draft_2019_alek_manoah_r1p11,666201,A_chadwick,exact,Alek Manoah,Alek Manoah
26413,draft_2019_porter_hodge_r13p402,687863,A_chadwick,exact,Porter Hodge,Porter Hodge
26419,draft_2019_bradley_blalock_r32p977,687134,A_chadwick,exact,Bradley Blalock,Bradley Blalock
26420,draft_2019_kyren_paris_r2p55,677347,A_chadwick,exact,Kyren Paris,Kyren Paris
26429,draft_2019_cody_laweryson_r14p419,689520,A_chadwick,exact,Cody Lawyerson,Cody Laweryson
26438,draft_2019_dominic_canzone_r8p242,686527,A_chadwick,exact,Dominic Canzone,Dominic Canzone
26443,ifa_691951,691951,A_chadwick,exact,Sam Aldegheri,Sam Aldegheri
26448,draft_2019_trevor_mcdonald_r11p326,686790,A_chadwick,exact,Trevor McDonald,Trevor McDonald
26466,draft_2016_matt_wallner_r32p963,670242,A_chadwick,exact,Matt Wallner,Matt Wallner
26469,draft_2019_davis_wendzel_r1p41,673995,A_chadwick,exact,Davis Wendzel,Davis Wendzel
26477,draft_2019_spencer_horwitz_r24p717,687462,A_chadwick,exact,Spencer Horwitz,Spencer Horwitz
26482,draft_2019_jayden_murray_r23p698,681151,A_chadwick,exact,Jayden Murray,Jayden Murray
26517,ifa_682622,682622,A_chadwick,exact,Noelvi Marte,Noelvi Marte
26536,ifa_682653,682653,A_chadwick,exact,Warming Bernabel,Warming Bernabel
26540,ifa_666804,682657,A_chadwick,exact,Angel Martínez,Angel Martinez
26546,ifa_682663,682663,A_chadwick,exact,Agustín Ramírez,Agustín Ramírez
26548,ifa_682668,682668,A_chadwick,exact,Luisangel Acuña,Luisangel Acuña
26599,ifa_682729,682729,A_chadwick,exact,Jonatan Clase,Jonatan Clase
26641,ifa_682790,682790,A_chadwick,exact,Wikelman González,Wikelman González
26668,ifa_682829,682829,A_chadwick,exact,Elly De La Cruz,Elly De La Cruz
26790,ifa_683409,683409,A_chadwick,exact,Angel Chivilli,Angel Chivilli
26907,ifa_683568,683568,A_chadwick,exact,Jairo Iriarte,Jairo Iriarte
26944,ifa_683618,683618,A_chadwick,exact,Edgardo Henriquez,Edgardo Henriquez
27407,ifa_691548,691548,A_chadwick,exact,Rolddy Muñoz,Rolddy Muñoz
27451,draft_2019_alec_marsh_r2p70,679525,A_chadwick,exact,Alec Marsh,Alec Marsh
27453,draft_2019_anthony_veneziano_r10p289,685107,A_chadwick,exact,Anthony Veneziano,Anthony Veneziano
27459,ifa_660294,660294,A_chadwick,exact,Yoshi Tsutsugoh,Yoshi Tsutsugo
27462,draft_2020_austin_martin_r1p5,668885,A_chadwick,exact,Austin Martin,Austin Martin
27463,draft_2020_garrett_crochet_r1p11,676979,A_chadwick,exact,Garrett Crochet,Garrett Crochet
27464,draft_2020_dillon_dingler_r2p38,693307,A_chadwick,exact,Dillon Dingler,Dillon Dingler
27465,draft_2020_spencer_torkelson_r1p1,679529,A_chadwick,exact,Spencer Torkelson,Spencer Torkelson
27467,draft_2020_tyler_soderstrom_r1p26,691016,A_chadwick,exact,Tyler Soderstrom,Tyler Soderstrom
27468,draft_2020_reid_detmers_r1p10,672282,A_chadwick,exact,Reid Detmers,Reid Detmers
27470,draft_2020_emerson__hancock_r1p6,676106,A_chadwick,exact,Emerson Hancock,Emerson  Hancock
27471,draft_2020_zach_deloach_r2p43,676113,A_chadwick,exact,Zach DeLoach,Zach DeLoach
27472,draft_2020_jared_shuster_r1p25,694363,A_chadwick,exact,Jared Shuster,Jared Shuster
27473,draft_2020_cade_cavalli_r1p22,676917,A_chadwick,exact,Cade Cavalli,Cade Cavalli
27474,draft_2020_max_meyer_r1p3,676974,A_chadwick,exact,Max Meyer,Max Meyer
27475,draft_2020_jordan_walker_r1p21,691023,A_chadwick,exact,Jordan Walker,Jordan Walker
27477,draft_2020_bryce_jarvis_r1p18,686826,A_chadwick,exact,Bryce Jarvis,Bryce Jarvis
27478,draft_2020_patrick_bailey_r1p13,672275,A_chadwick,exact,Patrick Bailey,Patrick Bailey
27479,draft_2020_masyn_winn_r2p54,691026,A_chadwick,exact,Masyn Winn,Masyn Winn
27481,draft_2020_cole_wilcox_r3p80,677961,A_chadwick,exact,Cole Wilcox,Cole Wilcox
27482,draft_2020_robert_hassell_iii_r1p8,690987,A_chadwick,exact,Robert Hassell III,Robert Hassell III
27483,draft_2020_bobby_miller_r1p29,676272,A_chadwick,exact,Bobby Miller,Bobby Miller
27487,draft_2020_landon_knack_r2p60,689017,A_chadwick,exact,Landon Knack,Landon Knack
27488,draft_2019_karl_kauffmann_r2p77,666154,A_chadwick,exact,Karl Kauffmann,Karl Kauffmann
27490,draft_2020_nick_gonzales_r1p7,693304,A_chadwick,exact,Nick Gonzales,Nick Gonzales
27493,draft_2019_rece_hinds_r2p49,677956,A_chadwick,exact,Rece Hinds,Rece Hinds
27494,draft_2020_clayton_beeter_r2p66,690925,A_chadwick,exact,Clayton Beeter,Clayton Beeter
27496,draft_2020_owen_caissie_r2p45,683357,A_chadwick,exact,Owen Caissie,Owen Caissie
27497,draft_2019_tyler_callihan_r3p85,682997,A_chadwick,exact,Tyler Callihan,Tyler Callihan
27498,draft_2020_spencer_strider_r4p126,675911,A_chadwick,exact,Spencer Strider,Spencer Strider
27500,draft_2020_slade_cecconi_r1p33,677944,A_chadwick,exact,Slade Cecconi,Slade Cecconi
27501,draft_2020_justin_foscue_r1p14,679822,A_chadwick,exact,Justin Foscue,Justin Foscue
27504,draft_2020_nick_yorke_r1p17,694377,A_chadwick,exact,Nick Yorke,Nick Yorke
27506,ifa_673490,673490,A_chadwick,exact,Ha-Seong Kim,Ha-Seong Kim
27508,draft_2020_carson_ragsdale_r4p116,685068,A_chadwick,exact,Carson Ragsdale,Carson Ragsdale
27514,draft_2020_kyle_hurt_r5p134,669165,A_chadwick,exact,Kyle Hurt,Kyle Hurt
27531,draft_2019_david_hamilton_r8p253,666152,A_chadwick,exact,David Hamilton,David Hamilton
27534,draft_2019_eduoard_julien_r18p539,666397,A_chadwick,exact,Edouard Julien,Eduoard Julien
27552,draft_2019_graham_ashcraft_r6p174,668933,A_chadwick,exact,Graham Ashcraft,Graham Ashcraft
27555,draft_2020_garrett_mitchell_r1p20,669003,A_chadwick,exact,Garrett Mitchell,Garrett Mitchell
27562,draft_2020_austin_wells_r1p28,669224,A_chadwick,exact,Austin Wells,Austin Wells
27570,draft_2020_cole_henry_r2p55,669371,A_chadwick,exact,Cole Henry,Cole Henry
27572,draft_2020_carmen_mlodzinski_r1p31,669387,A_chadwick,exact,Carmen Mlodzinski,Carmen Mlodzinski
27573,draft_2020_gage_workman_r4p102,669398,A_chadwick,exact,Gage Workman,Gage Workman
27577,draft_2020_casey_schmitt_r2p49,669477,A_chadwick,exact,Casey Schmitt,Casey Schmitt
27581,draft_2019_hayden_wesneski_r6p195,669713,A_chadwick,exact,Hayden  Wesneski,Hayden Wesneski
27582,draft_2019_davis_daniel_r7p211,669721,A_chadwick,exact,Davis Daniel,Davis Daniel
27583,draft_2016_garrett_acton_r35p1046,670183,A_chadwick,exact,Garrett Acton,Garrett Acton
27589,draft_2020_logan_allen_r2p56,671106,A_chadwick,exact,Logan Allen,Logan Allen
27590,draft_2020_jake_eder_r4p104,671109,A_chadwick,exact,Jake Eder,Jake Eder
27597,draft_2019_cody_bradford_r6p175,674003,A_chadwick,exact,Cody Bradford,Cody Bradford
27599,draft_2019_jacob_hurtubise_r39p1176,674441,A_chadwick,exact,Jacob Hurtubise,Jacob Hurtubise
27604,draft_2020_alika_williams_r1p37,675961,A_chadwick,exact,Alika Williams,Alika Williams
27608,draft_2020_jeff_criswell_r2p58,676105,A_chadwick,exact,Jeff Criswell,Jeff Criswell
27615,draft_2020_alec_burleson_r2p70,676475,A_chadwick,exact,Alec Burleson,Alec Burleson
27624,ifa_679156,679156,A_chadwick,exact,Walter Pennington,Walter Pennington
27626,draft_2020_eric_orze_r5p150,679358,A_chadwick,exact,Eric Orze,Eric Orze
27630,draft_2020_nick_loftin_r1p32,679845,A_chadwick,exact,Nick Loftin,Nick Loftin
27636,draft_2020_mitchell_parker_r5p153,680730,A_chadwick,exact,Mitchell Parker,Mitchell Parker
27647,draft_2019_anthony_volpe_r1p30,683011,A_chadwick,exact,Anthony Volpe,Anthony Volpe
27649,draft_2020_connor_phillips_r2p64,683175,A_chadwick,exact,Connor Phillips,Connor Phillips
27653,draft_2019_christian_koss_r12p369,683766,A_chadwick,exact,Christian Koss,Christian Koss
27662,draft_2020_christian_roa_r2p48,685005,A_chadwick,exact,Christian Roa,Christian Roa
27676,draft_2019_vinnie_pasquantino_r11p319,686469,A_chadwick,exact,Vinnie Pasquantino,Vinnie Pasquantino
27681,draft_2019_ken_waldichuk_r5p165,686610,A_chadwick,exact,Ken Waldichuk,Ken Waldichuk
27685,ifa_686730,686730,A_chadwick,exact,Carson Spiers,Carson Spiers
27688,draft_2019_jack_kochanowicz_r3p92,686799,A_chadwick,exact,Jack Kochanowicz,Jack Kochanowicz
27690,draft_2020_joey_wiemer_r4p121,686894,A_chadwick,exact,Joey Wiemer,Joey Wiemer
27691,draft_2019_louie_varland_r15p449,686973,A_chadwick,exact,Louie Varland,Louie Varland
27694,ifa_686993,686993,A_chadwick,exact,Justin Sterner,Justin Sterner
27698,draft_2019_eric_yang_r7p204,687066,A_chadwick,exact,Eric Yang,Eric Yang
27702,draft_2019_brent_headrick_r9p269,687396,A_chadwick,exact,Brent Headrick,Brent Headrick
27707,draft_2019_mitch_spence_r10p315,687765,A_chadwick,exact,Mitch Spence,Mitch Spence
27735,draft_2019_brett_wisely_r15p458,689172,A_chadwick,exact,Brett Wisely,Brett Wisely
27753,draft_2020_bailey_horn_r5p142,690544,A_chadwick,exact,Bailey Horn,Bailey Horn
27756,draft_2020_mick_abel_r1p15,690953,A_chadwick,exact,Mick Abel,Mick Abel
27758,draft_2020_kyle_harrison_r3p85,690986,A_chadwick,exact,Kyle Harrison,Kyle Harrison
27763,draft_2020_drew_romo_r1p35,691011,A_chadwick,exact,Drew Romo,Drew Romo
27765,ifa_691172,691172,A_chadwick,exact,Yosver Zulueta,Yosver Zulueta
27768,ifa_691587,691587,A_chadwick,exact,Eury Pérez,Eury Pérez
27769,draft_2020_pete_crow-armstrong_r1p19,691718,A_chadwick,exact,Pete Crow-Armstrong,Pete Crow-Armstrong
27770,draft_2020_zac_veen_r1p9,691728,A_chadwick,exact,Zac Veen,Zac Veen
27775,draft_2020_kyle_nicolas_r2p61,693312,A_chadwick,exact,Kyle Nicolas,Kyle Nicolas
27779,draft_2020_bryce_elder_r5p156,693821,A_chadwick,exact,Bryce Elder,Bryce Elder
27781,ifa_694175,694175,A_chadwick,exact,Pedro León,Pedro León
27782,draft_2020_brandon_pfaadt_r5p149,694297,A_chadwick,exact,Brandon Pfaadt,Brandon Pfaadt
27783,ifa_694350,694350,A_chadwick,exact,Zach Brzykcy,Zach Brzykcy
27784,draft_2020_tyler_gentry_r3p76,694355,A_chadwick,exact,Tyler Gentry,Tyler Gentry
27787,draft_2020_will_klein_r5p135,694361,A_chadwick,exact,Will  Klein,Will Klein
27789,draft_2020_shay_whitcomb_r5p160,694376,A_chadwick,exact,Shay Whitcomb,Shay Whitcomb
27790,draft_2020_evan_carter_r2p50,694497,A_chadwick,exact,Evan Carter,Evan Carter
27792,draft_2020_gavin_stone_r5p159,694813,A_chadwick,exact,Gavin Stone,Gavin Stone
27812,ifa_699911,699911,A_chadwick,exact,Dugan Darnell,Dugan Darnell
27815,draft_2020_jordan_westburg_r1p30,676059,A_chadwick,exact,Jordan Westburg,Jordan Westburg
27819,ifa_687064,687064,A_chadwick,exact,Brandon Young,Brandon Young
27845,draft_2016_matt_mervis_r39p1174,670223,A_chadwick,exact,Matt Mervis,Matt Mervis
27863,draft_2020_jared_jones_r2p44,683003,A_chadwick,exact,Jared Jones,Jared Jones
27883,draft_2020_thomas_saggese_r5p145,695336,A_chadwick,exact,Thomas Saggese,Thomas Saggese
27889,draft_2020_jt_ginn_r2p52,669372,A_chadwick,exact,J.T. Ginn,J.T. Ginn
27899,draft_2020_colt_keith_r5p132,690993,A_chadwick,exact,Colt Keith,Colt Keith
27908,draft_2019_noah_murdock_r7p199,668716,A_chadwick,exact,Noah Murdock,Noah Murdock
27914,ifa_694037,694037,A_chadwick,exact,Daniel Palencia,Daniel Palencia
27915,ifa_696030,696030,A_chadwick,exact,Alejandro Osuna,Alejandro Osuna
27931,draft_2020_petey_halpin_r3p95,690984,A_chadwick,exact,Petey Halpin,Petey Halpin
27932,draft_2020_ian_seymour_r2p57,693855,A_chadwick,exact,Ian Seymour,Ian Seymour
27942,draft_2019_john_mcmillon_r11p322,669111,A_chadwick,exact,John McMillon,John McMillon
27962,ifa_691182,691182,A_chadwick,exact,Adael Amador,Adael Amador
27963,ifa_691185,691185,A_chadwick,exact,Maximo Acosta,Maximo Acosta
27967,ifa_691251,691251,A_chadwick,exact,Andry Lara,Andry Lara
27974,ifa_691441,691441,A_chadwick,exact,Cristian Mena,Cristian Mena
27984,ifa_692030,692030,A_chadwick,exact,Jose Corniell,Jose Corniell
28022,ifa_700337,700337,A_chadwick,exact,Edgar Quero,Edgar Quero
28036,draft_2020_luke_little_r4p117,681432,A_chadwick,exact,Luke Little,Luke Little
28080,ifa_691176,691176,A_chadwick,exact,Jasson Domínguez,Jasson Domínguez
28142,ifa_691373,691373,A_chadwick,exact,Jhostynxon Garcia,Jhostynxon Garcia
28163,ifa_691406,691406,A_chadwick,exact,Junior Caminero,Junior Caminero
28253,ifa_691594,691594,A_chadwick,exact,Javier Sanoja,Javier Sanoja
28312,draft_2020_coby_mayo_r4p103,691723,A_chadwick,exact,Coby Mayo,Coby Mayo
28344,ifa_691907,691907,A_chadwick,exact,Tsung-Che Cheng,Tsung-Che Cheng
28552,ifa_692585,692585,A_chadwick,exact,Yanquiel Fernandez,Yanquiel Fernández
28806,ifa_694192,694192,A_chadwick,exact,Jackson Chourio,Jackson Chourio
28816,ifa_694203,694203,A_chadwick,exact,Denzer Guzman,Denzer Guzman
28820,ifa_694208,694208,A_chadwick,exact,Moisés Ballesteros,Moisés Ballesteros
28824,ifa_694212,694212,A_chadwick,exact,Samuel Basallo,Samuel Basallo
29107,ifa_699134,699134,A_chadwick,exact,Bradgley Rodriguez,Bradgley Rodriguez
29271,ifa_700270,700270,A_chadwick,exact,Yilber Díaz,Yilber Díaz
29478,draft_2021_carter_jensen_r3p78,695600,A_chadwick,exact,Carter Jensen,Carter Jensen
29487,draft_2021_blake_dunn_r15p450,694362,A_chadwick,exact,Blake Dunn,Blake Dunn
29490,draft_2021_jackson_merrill_r1p27,701538,A_chadwick,exact,Jackson Merrill,Jackson Merrill
29514,draft_2021_river_ryan_r11p340,689981,A_chadwick,exact,River Ryan,River Ryan
29518,draft_2021_james_wood_r2p62,695578,A_chadwick,exact,James Wood,James Wood
29519,draft_2021_gordon_graceffo_r5p151,700669,A_chadwick,exact,Gordon Graceffo,Gordon Graceffo
29521,ifa_702795,702795,A_chadwick,exact,Ryan Loutos,Ryan Loutos
29542,draft_2021_andre_granillo_r14p421,701552,A_chadwick,exact,Andre Granillo,Andre Granillo
29547,draft_2021_ryan_bliss_r2p42,669208,A_chadwick,exact,Ryan Bliss,Ryan Bliss
29554,draft_2021_adrian_del_castillo_r2p67,680728,A_chadwick,exact,Adrian Del Castillo,Adrian Del Castillo
29564,draft_2021_pat_monteverde_r8p239,687287,A_chadwick,exact,Patrick Monteverde,Pat Monteverde
29571,draft_2021_tim_tawa_r11p318,694374,A_chadwick,exact,Tim Tawa,Tim Tawa
29573,draft_2021_billy_cook_r10p287,695257,A_chadwick,exact,Billy Cook,Billy Cook
29574,draft_2021_chase_lee_r6p164,695445,A_chadwick,exact,Chase Lee,Chase Lee
29575,draft_2021_trey_sweeney_r1p20,700242,A_chadwick,exact,Trey Sweeney,Trey Sweeney
29576,draft_2021_ben_rice_r12p363,700250,A_chadwick,exact,Ben Rice,Ben Rice
29591,draft_2021_colton_cowser_r1p5,681297,A_chadwick,exact,Colton Cowser,Colton Cowser
29592,draft_2021_connor_norby_r2p41,681393,A_chadwick,exact,Connor Norby,Connor Norby
29606,draft_2021_justyn-henry_malloy_r6p187,669234,A_chadwick,exact,Justyn-Henry Malloy,Justyn-Henry Malloy
29608,draft_2020_joe_boyle_r5p143,671212,A_chadwick,exact,Joe Boyle,Joe Boyle
29617,draft_2021_henry_davis_r1p1,680779,A_chadwick,exact,Henry Davis,Henry Davis
29622,draft_2021_sal_frelick_r1p15,686217,A_chadwick,exact,Sal Frelick,Sal Frelick
29628,draft_2021_alek_jacob_r16p490,689690,A_chadwick,exact,Alek Jacob,Alek Jacob
29629,draft_2021_matt_svanson_r13p392,694335,A_chadwick,exact,Matt Svanson,Matt Svanson
29630,draft_2021_joey_loperfido_r7p208,694388,A_chadwick,exact,Joey Loperfido,Joey Loperfido
29633,draft_2021_andrew_hoffmann_r12p367,694851,A_chadwick,exact,Andrew Hoffmann,Andrew Hoffmann
29634,draft_2021_will_wagner_r18p538,695238,A_chadwick,exact,Will Wagner,Will Wagner
29646,draft_2021_caleb_durbin_r14p427,702332,A_chadwick,exact,Caleb Durbin,Caleb Durbin
29668,draft_2021_marcelo_mayer_r1p4,691785,A_chadwick,exact,Marcelo Mayer,Marcelo Mayer
29695,draft_2021_matt_mclain_r1p17,680574,A_chadwick,exact,Matt McLain,Matt McLain
29704,draft_2021_braxton_fulford_r6p170,690924,A_chadwick,exact,Braxton Fulford,Braxton Fulford
29712,draft_2021_colson_montgomery_r1p22,695657,A_chadwick,exact,Colson Montgomery,Colson Montgomery
29715,draft_2021_hunter_goodman_r4p109,696100,A_chadwick,exact,Hunter Goodman,Hunter Goodman
29754,draft_2021_sam_bachman_r1p9,696147,A_chadwick,exact,Sam Bachman,Sam Bachman
29766,draft_2021_zack_gelof_r2p60,680869,A_chadwick,exact,Zack Gelof,Zack Gelof
29770,draft_2021_mason_montgomery_r6p191,682254,A_chadwick,exact,Mason Montgomery,Mason Montgomery
29779,draft_2021_max_muncy_r1p25,691777,A_chadwick,exact,Max Muncy,Max Muncy
29782,draft_2021_niko_kavadas_r11p316,694359,A_chadwick,exact,Niko Kavadas,Niko Kavadas
29788,draft_2021_brett_harris_r7p218,695391,A_chadwick,exact,Brett Harris,Brett Harris
29794,draft_2021_kyle_manzardo_r2p63,700932,A_chadwick,exact,Kyle Manzardo,Kyle Manzardo
29812,draft_2021_robert_gasser_r2p71,688107,A_chadwick,exact,Robert Gasser,Robert Gasser
29823,draft_2021_ky_bush_r2p45,681066,A_chadwick,exact,Ky Bush,Ky Bush
29832,draft_2021_jackson_wolf_r4p129,680232,A_chadwick,exact,Jackson Wolf,Jackson Wolf
29833,draft_2021_nick_nastrini_r4p131,680897,A_chadwick,exact,Nick Nastrini,Nick Nastrini
29837,draft_2021_bryce_miller_r4p113,682243,A_chadwick,exact,Bryce Miller,Bryce Miller
29839,draft_2021_emmet_sheehan_r6p192,686218,A_chadwick,exact,Emmet Sheehan,Emmet Sheehan
29844,draft_2021_liam_hicks_r9p254,689414,A_chadwick,exact,Liam Hicks,Liam Hicks
29858,draft_2021_denzel_clarke_r4p127,672016,A_chadwick,exact,Denzel Clarke,Denzel Clarke
29863,draft_2021_ryan_bergert_r6p190,686701,A_chadwick,exact,Ryan Bergert,Ryan Bergert
29866,draft_2021_chayce_mcdermott_r4p132,694646,A_chadwick,exact,Chayce McDermott,Chayce McDermott
29868,draft_2021_bubba_chandler_r3p72,696149,A_chadwick,exact,Bubba Chandler,Bubba Chandler
29869,draft_2021_michael_mcgreevy_r1p18,700241,A_chadwick,exact,Michael McGreevy,Michael McGreevy
29878,draft_2021_sean_burke_r3p94,680732,A_chadwick,exact,Sean Burke,Sean Burke
29911,draft_2021_andrew_abbott_r2p53,671096,A_chadwick,exact,Andrew Abbott,Andrew Abbott
29912,draft_2021_darren_baker_r10p293,671117,A_chadwick,exact,Darren Baker,Darren Baker
29921,draft_2021_spencer_arrighetti_r6p178,681293,A_chadwick,exact,Spencer Arrighetti,Spencer Arrighetti
29928,draft_2021_dylan_dodd_r3p96,689266,A_chadwick,exact,Dylan Dodd,Dylan Dodd
29946,ifa_701643,701643,A_chadwick,exact,Grant Hartwig,Grant Hartwig
29949,draft_2021_tyler_black_r1p33,672012,A_chadwick,exact,Tyler Black,Tyler Black
29950,draft_2021_jordan_leasure_r14p432,673929,A_chadwick,exact,Jordan Leasure,Jordan Leasure
29958,draft_2021_harry_ford_r1p12,695670,A_chadwick,exact,Harry Ford,Harry Ford
29960,draft_2021_aj_smith-shawver_r7p217,700363,A_chadwick,exact,AJ Smith-Shawver,AJ Smith-Shawver
29976,draft_2021_jordan_lawlar_r1p6,691783,A_chadwick,exact,Jordan Lawlar,Jordan Lawlar
29993,draft_2021_brady_house_r1p11,691781,A_chadwick,exact,Brady House,Brady House
29995,draft_2021_daylen_lile_r2p47,695734,A_chadwick,exact,Daylen Lile,Daylen Lile
30002,draft_2021_grant_holman_r6p188,680880,A_chadwick,exact,Grant Holman,Grant Holman
30004,draft_2021_mccade_brown_r3p79,685326,A_chadwick,exact,McCade Brown,McCade Brown
30011,draft_2021_christian_encarnacion-strand_r4p128,687952,A_chadwick,exact,Christian Encarnacion-Strand,Christian Encarnacion-Strand
30016,draft_2021_joe_rock_r2p68,697812,A_chadwick,exact,Joe Rock,Joe Rock
30031,draft_2021_julian_aguiar_r12p360,687924,A_chadwick,exact,Julian Aguiar,Julian Aguiar
30038,draft_2021_carson_williams_r1p28,700246,A_chadwick,exact,Carson Williams,Carson Williams
30055,draft_2021_cade_povich_r3p98,700249,A_chadwick,exact,Cade Povich,Cade Povich
30056,draft_2021_david_festa_r13p399,701581,A_chadwick,exact,David Festa,David Festa
30063,draft_2021_tristan_peters_r7p207,671976,A_chadwick,exact,Tristan Peters,Tristan Peters
30074,draft_2021_chase_silseth_r11p321,681217,A_chadwick,exact,Chase Silseth,Chase Silseth
30076,draft_2021_landen_roupp_r12p356,694738,A_chadwick,exact,Landen Roupp,Landen Roupp
30084,draft_2021_carson_seymour_r6p172,693313,A_chadwick,exact,Carson Seymour,Carson Seymour
30085,draft_2021_ben_casparius_r5p162,676508,A_chadwick,exact,Ben Casparius,Ben Casparius
30094,draft_2021_jordan_wicks_r1p21,696136,A_chadwick,exact,Jordan Wicks,Jordan Wicks
30105,draft_2021_mike_vasil_r8p232,678024,A_chadwick,exact,Mike Vasil,Mike Vasil
30106,draft_2021_jack_neely_r11p333,680891,A_chadwick,exact,Jack Neely,Jack Neely
30107,draft_2021_christian_scott_r5p142,681035,A_chadwick,exact,Christian  Scott,Christian Scott
30113,draft_2021_chad_patrick_r4p107,694477,A_chadwick,exact,Chad Patrick,Chad Patrick
30122,draft_2021_gavin_williams_r1p23,668909,A_chadwick,exact,Gavin Williams,Gavin Williams
30133,draft_2021_brant_hurter_r7p195,676428,A_chadwick,exact,Brant Hurter,Brant Hurter
30134,draft_2021_tanner_bibee_r5p156,676440,A_chadwick,exact,Tanner Bibee,Tanner Bibee
30140,draft_2021_ty_madden_r1p32,680744,A_chadwick,exact,Ty Madden,Ty Madden
30142,draft_2021_doug_nikhazy_r2p58,680951,A_chadwick,exact,Doug Nikhazy,Doug Nikhazy
30145,draft_2021_dylan_smith_r3p74,681916,A_chadwick,exact,Dylan Smith,Dylan Smith
30146,draft_2021_jack_leiter_r1p2,683004,A_chadwick,exact,Jack Leiter,Jack Leiter
30153,draft_2021_dominic_hamel_r3p81,687589,A_chadwick,exact,Dom Hamel,Dominic Hamel
30160,draft_2021_richard_fitts_r6p183,690916,A_chadwick,exact,Richard Fitts,Richard Fitts
30161,draft_2021_carlos_rodriguez_r6p177,692230,A_chadwick,exact,Carlos Rodriguez,Carlos Rodriguez
30162,ifa_693049,693049,A_chadwick,exact,Oscar Colas,Oscar Colás
30163,ifa_693409,693409,A_chadwick,exact,César Prieto,César Prieto
30170,draft_2021_chase_petty_r1p26,695534,A_chadwick,exact,Chase Petty,Chase Petty
30171,draft_2021_mason_black_r3p85,696131,A_chadwick,exact,Mason Black,Mason Black
30179,draft_2021_pierson_ohl_r14p429,701487,A_chadwick,exact,Pierson Ohl,Pierson Ohl
30180,draft_2021_travis_adams_r6p189,701519,A_chadwick,exact,Travis Adams,Travis Adams
30182,draft_2021_will_warren_r8p243,701542,A_chadwick,exact,Will Warren,Will Warren
30184,draft_2021_noah_cameron_r7p199,702070,A_chadwick,exact,Noah Cameron,Noah Cameron
30203,draft_2021_jackson_jobe_r1p3,695549,A_chadwick,exact,Jackson Jobe,Jackson Jobe
30206,ifa_801216,801216,A_chadwick,exact,Christian Montes De Oca,Christian Montes De Oca
30240,draft_2021_hunter_dobbins_r8p226,690928,A_chadwick,exact,Hunter Dobbins,Hunter Dobbins
30249,ifa_676263,676263,A_chadwick,exact,Jack Dreyer,Jack Dreyer
30250,draft_2021_jaden_hill_r2p44,677955,A_chadwick,exact,Jaden Hill,Jaden Hill
30279,draft_2021_bryan_woo_r6p174,693433,A_chadwick,exact,Bryan Woo,Bryan Woo
30661,ifa_800311,800311,A_chadwick,exact,Didier Fuentes,Didier Fuentes
31166,draft_2020_heston_kjerstad_r1p2,677008,A_chadwick,exact,Heston Kjerstad,Heston Kjerstad
31184,draft_2021_luis_guerrero_r17p496,692285,A_chadwick,exact,Luis Guerrero,Luis Guerrero
31204,draft_2021_justin_wrobleski_r11p342,680736,A_chadwick,exact,Justin Wrobleski,Justin Wrobleski
31312,draft_2021_colton_gordon_r8p238,676467,A_chadwick,exact,Colton Gordon,Colton Gordon
31318,draft_2021_gunnar_hoglund_r1p19,680684,A_chadwick,exact,Gunnar Hoglund,Gunnar Hoglund
31347,draft_2022_zach_neto_r1p13,687263,A_chadwick,exact,Zach Neto,Zach Neto
31349,draft_2022_victor_scott_ii_r5p157,687363,A_chadwick,exact,Victor Scott II,Victor Scott II
31354,draft_2022_jimmy_crooks_iii_r4p127,699625,A_chadwick,exact,Jimmy  Crooks,Jimmy Crooks III
31357,draft_2022_nathan_church_r11p337,701675,A_chadwick,exact,Nathan Church,Nathan Church
31363,draft_2022_graham_pauley_r13p390,688363,A_chadwick,exact,Graham Pauley,Graham Pauley
31370,draft_2022_jakob_marsee_r6p180,805300,A_chadwick,exact,Jakob Marsee,Jakob Marsee
31382,draft_2022_dalton_rushing_r2p40,687221,A_chadwick,exact,Dalton Rushing,Dalton Rushing
31396,draft_2022_tyler_locklear_r2p58,682988,A_chadwick,exact,Tyler Locklear,Tyler Locklear
31431,draft_2022_jordan_beck_r1p38,687597,A_chadwick,exact,Jordan Beck,Jordan Beck
31437,draft_2022_jace_jung_r1p12,690291,A_chadwick,exact,Jace Jung,Jace Jung
31461,draft_2022_ben_joyce_r3p89,690829,A_chadwick,exact,Ben Joyce,Ben Joyce
31468,draft_2022_jack_perkins_r5p154,678022,A_chadwick,exact,Jack Perkins,Jack Perkins
31475,draft_2021_logan_henderson_r4p116,701656,A_chadwick,exact,Logan Henderson,Logan Henderson
31490,draft_2022_wade_meckler_r8p256,685133,A_chadwick,exact,Wade Meckler,Wade Meckler
31500,draft_2022_ryan_ritter_r4p116,690022,A_chadwick,exact,Ryan Ritter,Ryan Ritter
31501,ifa_690382,690382,A_chadwick,exact,Michael Darrell-Hicks,Michael Darrell-Hicks
31505,draft_2022_sal_stewart_r1p32,701398,A_chadwick,exact,Sal Stewart,Sal Stewart
31508,draft_2022_caden_dana_r11p328,702674,A_chadwick,exact,Caden Dana,Caden Dana
31539,draft_2022_drake_baldwin_r3p96,686948,A_chadwick,exact,Drake Baldwin,Drake Baldwin
31545,draft_2019_drew_gilbert_r35p1049,687551,A_chadwick,exact,Drew Gilbert,Drew Gilbert
31552,draft_2022_zach_agnos_r10p296,688642,A_chadwick,exact,Zach Agnos,Zach Agnos
31553,draft_2022_mason_fluharty_r5p158,689254,A_chadwick,exact,Mason Fluharty,Mason Fluharty
31562,draft_2022_zach_dezenzo_r12p373,701305,A_chadwick,exact,Zach Dezenzo,Zach Dezenzo
31564,draft_2022_alan_roden_r3p98,702176,A_chadwick,exact,Alan Roden,Alan Roden
31567,draft_2022_trey_lipscomb_r3p84,702358,A_chadwick,exact,Trey Lipscomb,Trey Lipscomb
31571,draft_2022_paul_gervase_r12p359,801434,A_chadwick,exact,Paul Gervase,Paul Gervase
31580,draft_2022_chase_meidroth_r4p129,805367,A_chadwick,exact,Chase Meidroth,Chase Meidroth
31583,"draft_2022_zach_cole,_jr_r10p313",805904,A_chadwick,exact,Zach Cole,"Zach Cole, Jr."
31595,draft_2022_brooks_lee_r1p8,686797,A_chadwick,exact,Brooks Lee,Brooks Lee
31610,draft_2022_zach_maxwell_r6p183,687209,A_chadwick,exact,Zach Maxwell,Zach Maxwell
31612,draft_2022_carson_palmquist_r3p88,687223,A_chadwick,exact,Carson Palmquist,Carson Palmquist
31616,ifa_688158,688158,A_chadwick,exact,David Morgan,David Morgan
31623,draft_2022_jacob_misiorowski_r2p63,694819,A_chadwick,exact,Jacob Misiorowski,Jacob Misiorowski
31635,draft_2022_hayden_birdsong_r6p196,806185,A_chadwick,exact,Hayden Birdsong,Hayden Birdsong
31661,draft_2022_jacob_melton_r2p64,689200,A_chadwick,exact,Jacob Melton,Jacob Melton
31665,draft_2022_alex_freeland_r3p105,690976,A_chadwick,exact,Alex Freeland,Alex Freeland
31676,draft_2022_carson_whisenhunt_r2p66,687931,A_chadwick,exact,Carson Whisenhunt,Carson Whisenhunt
31680,draft_2022_cole_young_r1p21,702284,A_chadwick,exact,Cole Young,Cole Young
31687,ifa_681343,681343,A_chadwick,exact,Shane Smith,Shane Smith
31695,draft_2022_dylan_beavers_r1p33,687637,A_chadwick,exact,Dylan Beavers,Dylan Beavers
31701,draft_2022_blade_tidwell_r2p52,694918,A_chadwick,exact,Blade Tidwell,Blade Tidwell
31730,draft_2022_jonathan_cannon_r3p101,686563,A_chadwick,exact,Jonathan Cannon,Jonathan Cannon
31741,draft_2022_mason_barnett_r3p87,686930,A_chadwick,exact,Mason Barnett,Mason Barnett
31751,draft_2018_garrett_mcdaniels_r30p897,680729,A_chadwick,exact,Garrett McDaniels,Garrett McDaniels
31764,draft_2022_aj_blubaugh_r7p223,805123,A_chadwick,exact,AJ Blubaugh,A.J. Blubaugh
31765,draft_2022_nacho_alvarez_jr_r5p155,805373,A_chadwick,exact,Nacho Alvarez Jr.,Nacho Alvarez Jr.
31776,draft_2022_orion_kerkering_r5p152,689147,A_chadwick,exact,Orion Kerkering,Orion Kerkering
31781,draft_2022_jackson_holliday_r1p1,702616,A_chadwick,exact,Jackson Holliday,Jackson Holliday
31807,draft_2022_troy_melton_r4p117,675512,A_chadwick,exact,Troy Melton,Troy Melton
31812,draft_2022_roman_anthony_r2p79,701350,A_chadwick,exact,Roman Anthony,Roman Anthony
31815,draft_2022_cade_gibson_r10p292,806188,A_chadwick,exact,Cade Gibson,Cade Gibson
31827,draft_2022_zebby_matthews_r8p234,805673,A_chadwick,exact,Zebby Mathews,Zebby Matthews
31837,ifa_807799,807799,A_chadwick,exact,Masataka Yoshida,Masataka Yoshida
31838,ifa_673540,673540,A_chadwick,exact,Kodai Senga,Kodai Senga
31839,ifa_660261,660261,A_chadwick,exact,Shintaro Fujinami,Shintaro Fujinami
31843,draft_2022_kumar_rocker_r1p3,677958,A_chadwick,exact,Kumar Rocker,Kumar Rocker
31846,draft_2021_spencer_schwellenbach_r2p59,680885,A_chadwick,exact,Spencer Schwellenbach,Spencer Schwellenbach
31855,draft_2022_colby_thomas_r3p95,687515,A_chadwick,exact,Colby Thomas,Colby Thomas
31872,draft_2022_cade_horton_r1p7,690990,A_chadwick,exact,Cade Horton,Cade Horton
31883,draft_2022_troy_taylor_r12p366,700187,A_chadwick,exact,Troy Taylor,Troy Taylor
31900,draft_2022_adam_mazur_r2p53,800049,A_chadwick,exact,Adam Mazur,Adam Mazur
31912,draft_2022_chandler_simpson_r2p70,802415,A_chadwick,exact,Chandler Simpson,Chandler Simpson
31913,ifa_802686,802686,A_chadwick,exact,Hayden Harris,Hayden Harris
31967,draft_2022_drew_thorpe_r2p61,689672,A_chadwick,exact,Drew Thorpe,Drew Thorpe
31972,draft_2022_brad_lord_r18p531,695418,A_chadwick,exact,Brad Lord,Brad Lord
31986,draft_2022_parker_messick_r2p54,800048,A_chadwick,exact,Parker Messick,Parker Messick
31989,draft_2022_thomas_harrington_r1p36,802419,A_chadwick,exact,Thomas Harrington,Thomas Harrington
31991,ifa_472510,804668,A_chadwick,exact,Rafael Flores Jr.,Rafael Flores
32026,draft_2022_drew_sommers_r11p344,805427,A_chadwick,exact,Drew Sommers,Drew Sommers
32095,draft_2022_cam_schlittler_r7p220,693645,A_chadwick,exact,Cam Schlittler,Cam Schlittler
32157,draft_2022_jonah_tong_r7p209,804636,A_chadwick,exact,Jonah Tong,Jonah Tong
32227,ifa_806960,806960,A_chadwick,exact,Luis Morales,Luis Morales
33098,draft_2017_carson_mccusker_r26p774,676812,A_chadwick,exact,Carson McCusker,Carson McCusker
33168,draft_2023_jake_bloss_r3p99,814005,A_chadwick,exact,Jake Bloss,Jake Bloss
33174,draft_2022_hunter_barco_r2p44,682995,A_chadwick,exact,Hunter Barco,Hunter Barco
33189,draft_2023_nolan_schanuel_r1p11,694384,A_chadwick,exact,Nolan Schanuel,Nolan Schanuel
33197,draft_2023_ben_williamson_r2p57,810938,A_chadwick,exact,Ben Williamson,Ben Williamson
33248,draft_2023_craig_yoho_r8p242,684974,A_chadwick,exact,Craig Yoho,Craig Yoho
33252,draft_2023_kyle_karros_r5p145,691720,A_chadwick,exact,Kyle Karros,Kyle Karros
33266,draft_2023_jacob_wilson_r1p6,805779,A_chadwick,exact,Jacob Wilson,Jacob Wilson
33280,draft_2023_brice_matthews_r1p28,694728,A_chadwick,exact,Brice Matthews,Brice Matthews
33294,draft_2023_seth_halvorsen_r7p202,678020,A_chadwick,exact,Seth Halvorsen,Seth Halvorsen
33321,draft_2023_luke_keaschall_r2p49,807712,A_chadwick,exact,Luke Keaschall,Luke Keaschall
33322,draft_2023_matt_shaw_r1p13,807713,A_chadwick,exact,Matt Shaw,Matt Shaw
33333,draft_2023_wyatt_langford_r1p4,694671,A_chadwick,exact,Wyatt Langford,Wyatt Langford
33390,draft_2023_bryce_eldridge_r1p16,805811,A_chadwick,exact,Bryce Eldridge,Bryce Eldridge
33482,draft_2023_chase_dollander_r1p9,801403,A_chadwick,exact,Chase Dollander,Chase Dollander
33527,draft_2023_hurston_waldrep_r1p24,694462,A_chadwick,exact,Hurston Waldrep,Hurston Waldrep
33541,draft_2023_dylan_crews_r1p2,686611,A_chadwick,exact,Dylan Crews,Dylan Crews
33549,draft_2023_kyle_teel_r1p14,691019,A_chadwick,exact,Kyle Teel,Kyle Teel
33568,draft_2023_brandyn_garcia_r11p337,805299,A_chadwick,exact,Brandyn Garcia,Brandyn Garcia
33628,draft_2023_mitch_farris_r14p429,815083,A_chadwick,exact,Mitch Farris,Mitch Farris
33644,draft_2023_kristian_campbell_r4p132,692225,A_chadwick,exact,Kristian Campbell,Kristian Campbell
33666,draft_2023_connelly_early_r5p151,813349,A_chadwick,exact,Connelly Early,Connelly Early
33677,draft_2023_paul_skenes_r1p1,694973,A_chadwick,exact,Paul Skenes,Paul Skenes
33699,draft_2023_logan_evans_r12p367,688138,A_chadwick,exact,Logan Evans,Logan Evans
33703,draft_2022_nolan_mclean_r3p81,690997,A_chadwick,exact,Nolan McLean,Nolan McLean
33704,draft_2023_cj_kayfus_r3p93,692216,A_chadwick,exact,C.J. Kayfus,C.J. Kayfus
33834,draft_2023_andrew_walters_r2p62,689958,A_chadwick,exact,Andrew Walters,Andrew Walters
33838,ifa_684320,684320,A_chadwick,exact,Yariel Rodriguez,Yariel Rodríguez
33850,draft_2022_karson_milbrandt_r3p90,687075,A_chadwick,exact,Brandon Sproat,Karson Milbrandt
33876,draft_2023_rhett_lowder_r1p7,695076,A_chadwick,exact,Rhett Lowder,Rhett Lowder
33908,ifa_820862,820862,A_chadwick,exact,Jose Fermin,José Fermin
33927,draft_2023_grant_taylor_r2p51,691799,A_chadwick,exact,Grant Taylor,Grant Taylor
33980,ifa_702752,702752,A_chadwick,exact,Jonathan Pintaro,Jonathan Pintaro
34979,draft_2024_christian_moore_r1p8,695681,A_chadwick,exact,Christian Moore,Christian Moore
35041,draft_2024_jac_caglianone_r1p6,695506,A_chadwick,exact,Jac Caglianone,Jac Caglianone
35108,draft_2024_cam_smith_r1p14,701358,A_chadwick,exact,Cam Smith,Cam Smith
35110,draft_2024_nick_kurtz_r1p4,701762,A_chadwick,exact,Nick Kurtz,Nick Kurtz
35323,ifa_808963,808963,A_chadwick,exact,Roki Sasaki,Roki Sasaki
35325,draft_2024_ryan_johnson_r2p74,696270,A_chadwick,exact,Ryan Johnson,Ryan Johnson
35333,draft_2024_chase_burns_r1p2,695505,A_chadwick,exact,Chase Burns,Chase Burns
35456,draft_2024_trey_yesavage_r1p20,702056,A_chadwick,exact,Trey Yesavage,Trey Yesavage
35466,draft_2024_payton_tolle_r2p50,801139,A_chadwick,exact,Payton Tolle,Payton Tolle
5517,draft_2008_kyle_higashioka_r7p230,543309,A_chadwick,exact,Kyle Higashioka,Kyle Higashioka
6576,draft_2009_robert_stock_r2p67,476594,A_chadwick,exact,Robert Stock,Robert Stock
8801,ifa_516853,516853,A_chadwick,exact,Wilking Rodríguez,Wilking Rodríguez
20958,ifa_660710,660710,B_name+bdate,high,Rodolfo Duran,Rodolfo Durán
22622,ifa_672442,672442,B_name+bdate,high,Yovanny Cruz,Yovanny Cruz
23813,ifa_678218,678218,B_name+bdate,high,Brandon Valenzuela,Brandon Valenzuela
23988,ifa_678576,678576,B_name+bdate,high,Wilkin Ramos,Wilkin Ramos
24621,draft_2018_ryan_weiss_r4p129,680802,B_name+bdate,high,Ryan Weiss,Ryan Weiss
25590,draft_2019_adam_macko_r7p216,671936,B_name+bdate,high,Adam Macko,Adam Macko
25796,draft_2019_anthony_nunez_r29p863,689296,B_name+bdate,high,Anthony Nunez,Anthony Nunez
26047,draft_2019_jase_bowen_r11p334,687749,B_name+bdate,high,Jase Bowen,Jase Bowen
26227,draft_2019_alec_gamboa_r9p281,687941,B_name+bdate,high,Alec Gamboa,Alec Gamboa
26349,draft_2019_gavin_collyer_r12p355,686560,B_name+bdate,high,Gavin Collyer,Gavin Collyer
26468,ifa_682674,682674,B_name+bdate,high,Victor Bericoto,Victor Bericoto
26664,ifa_682818,682818,B_name+bdate,high,Yohendrick Pinango,Yohendrick Piñango
26991,ifa_683679,683679,B_name+bdate,high,Jesus Rodriguez,Jesus Rodriguez
27014,ifa_683742,683742,B_name+bdate,high,Jose Franco,Jose Franco
27449,draft_2019_ryan_ward_r8p251,669899,B_name+bdate,high,Ryan Ward,Ryan Ward
27666,draft_2020_zach_mccambley_r3p75,685112,B_name+bdate,high,Zach McCambley,Zach McCambley
27757,draft_2020_dax_fulton_r2p40,690978,B_name+bdate,high,Dax Fulton,Dax Fulton
27814,draft_2020_shane_drohan_r5p148,675660,B_name+bdate,high,Shane Drohan,Shane Drohan
27853,draft_2016_ryan_watson_r39p1181,670245,B_name+bdate,high,Ryan Watson,Ryan Watson
27877,draft_2020_beck_way_r4p129,694360,B_name+bdate,high,Beck Way,Beck Way
27926,draft_2019_coleman_crow_r28p841,689441,B_name+bdate,high,Coleman Crow,Coleman Crow
27969,ifa_691277,691277,B_name+bdate,high,Deyvison De Los Santos,Deyvison De Los Santos
28052,ifa_684049,684049,B_name+bdate,high,Brandan Bidois,Brandan Bidois
28272,ifa_691620,691620,B_name+bdate,high,Jeferson Quero,Jeferson Quero
28833,ifa_694224,694224,B_name+bdate,high,Gabriel Gonzalez,Gabriel Gonzalez
28846,ifa_695001,695001,B_name+bdate,high,Alimber Santa,Alimber Santa
28848,draft_2020_tanner_murray_r4p125,695020,B_name+bdate,high,Tanner Murray,Tanner Murray
28901,ifa_696062,696062,B_name+bdate,high,Wilber Dotel,Wilber Dotel
29005,ifa_699013,699013,B_name+bdate,high,Esmerlyn Valdez,Esmerlyn Valdez
29114,ifa_699151,699151,B_name+bdate,high,Jedixson Paez,Jedixson Paez
29218,ifa_699393,699393,B_name+bdate,high,Pedro Ramírez,Pedro Ramírez
29318,ifa_700327,700327,B_name+bdate,high,Welinton Herrera,Welinton Herrera
29357,ifa_700712,700712,B_name+bdate,high,Walbert Urena,Walbert Ureña
29423,ifa_696070,696070,B_name+bdate,high,Kendry Rojas,Kendry Rojas
29640,draft_2021_hayden_juenger_r6p182,696522,B_name+bdate,high,Hayden Juenger,Hayden Juenger
29780,draft_2021_joe_mack_r1p31,691788,B_name+bdate,high,Joe Mack,Joe Mack
29805,draft_2021_tj_rumfield_r12p355,681198,B_name+bdate,high,TJ Rumfield,T.J. Rumfield
29934,draft_2021_riley_martin_r6p184,702303,B_name+bdate,high,Riley Martin,Riley Martin
29957,draft_2021_edwin_arroyo_r2p48,695490,B_name+bdate,high,Edwin Arroyo,Edwin Arroyo
29961,draft_2021_tyler_uberstine_r19p556,700413,B_name+bdate,high,Tyler Uberstine,Tyler Uberstine
30061,draft_2021_will_dion_r9p276,702021,B_name+bdate,high,Will Dion,Will Dion
30080,ifa_701678,701678,B_name+bdate,high,Hao-Yu Lee,Hao-Yu  Lee
30081,draft_2021_tyler_samaniego_r15p433,701719,B_name+bdate,high,Tyler Samaniego,Tyler Samaniego
30091,draft_2021_andrew_painter_r1p13,691725,B_name+bdate,high,Andrew Painter,Andrew Painter
30128,draft_2021_eric_cerantola_r5p139,672021,B_name+bdate,high,Eric Cerantola,Eric Cerantola
30158,draft_2021_chad_dallas_r4p121,689149,B_name+bdate,high,Chad Dallas,Chad Dallas
30195,draft_2021_franco_aleman_r10p306,680916,B_name+bdate,high,Franco Aleman,Franco Aleman
30231,draft_2020_carter_baumler_r5p133,691945,B_name+bdate,high,Carter Baumler,Carter Baumler
31280,draft_2021_eduardo_rivera_r11p338,700842,B_name+bdate,high,Eduardo Rivera,Eduardo Rivera
31441,draft_2022_daniel_susac_r1p19,691740,B_name+bdate,high,Daniel Susac,Daniel Susac
31443,draft_2022_sterlin_thompson_r1p31,694514,B_name+bdate,high,Sterlin Thompson,Sterlin Thompson
31448,draft_2022_henry_bolte_r2p56,703607,B_name+bdate,high,Henry Bolte,Henry Bolte
31532,draft_2019_spencer_jones_r31p931,682987,B_name+bdate,high,Spencer Jones,Spencer Jones
31615,draft_2022_william_kempner_r3p106,687531,B_name+bdate,high,William Kempner,William Kempner
31621,draft_2022_spencer_miles_r4p136,693686,B_name+bdate,high,Spencer Miles,Spencer Miles
31696,draft_2022_cameron_weston_r8p227,687721,B_name+bdate,high,Cameron Weston,Cameron Weston
31738,draft_2022_josh_white_r5p142,687985,B_name+bdate,high,Josh White,Josh White
31743,draft_2022_david_sandlin_r11p325,689818,B_name+bdate,high,David Sandlin,David Sandlin
31760,draft_2022_jr_ritchie_r1p35,702275,B_name+bdate,high,JR Ritchie,JR Ritchie
31791,draft_2022_justin_crawford_r1p17,702222,B_name+bdate,high,Justin Crawford,Justin Crawford
31857,draft_2022_connor_prielipp_r2p48,687570,B_name+bdate,high,Connor Prielipp,Connor Prielipp
31865,draft_2022_peyton_pallette_r2p62,688883,B_name+bdate,high,Peyton Pallette,Peyton Pallette
31870,ifa_690155,690155,B_name+bdate,high,Matt Pushard,Matt Pushard
31878,draft_2022_trevor_martin_r3p104,694680,B_name+bdate,high,Trevor Martin,Trevor Martin
31880,draft_2022_alex_hoppe_r6p189,695380,B_name+bdate,high,Alex Hoppe,Alex Hoppe
31886,draft_2022_duncan_davitt_r18p554,701474,B_name+bdate,high,Duncan Davitt,Duncan Davitt
31891,draft_2022_andrew_morris_r4p114,702193,B_name+bdate,high,Andrew Morris,Andrew Morris
31893,draft_2022_robby_snelling_r1p39,702281,B_name+bdate,high,Robby Snelling,Robby Snelling
31910,draft_2022_brycen_mautz_r2p59,802408,B_name+bdate,high,Brycen Mautz,Brycen Mautz
31920,draft_2022_tyler_schweitzer_r5p161,805326,B_name+bdate,high,Tyler Schweitzer,Tyler Schweitzer
31942,draft_2022_cameron_foster_r14p419,671382,B_name+bdate,high,Cameron Foster,Cameron Foster
31953,draft_2022_riley_cornelio_r7p201,683000,B_name+bdate,high,Riley Cornelio,Riley Cornelio
31959,draft_2022_jake_bennett_r2p45,687562,B_name+bdate,high,Jake Bennett,Jake Bennett
32056,draft_2022_noah_schultz_r1p25,702273,B_name+bdate,high,Noah Schultz,Noah Schultz
32119,draft_2022_nick_morabito_r2p75,703492,B_name+bdate,high,Nick Morabito,Nick Morabito
32127,draft_2022_chase_delauter_r1p16,800050,B_name+bdate,high,Chase DeLauter,Chase DeLauter
33043,draft_2021_brendan_beck_r2p55,694341,B_name+bdate,high,Brendan Beck,Brendan Beck
33225,draft_2023_jacob_gonzalez_r1p15,694378,B_name+bdate,high,Jacob Gonzalez,Jacob Gonzalez
33270,draft_2023_jonah_cox_r6p166,813841,B_name+bdate,high,Jonah Cox,Jonah Cox
33279,draft_2023_tommy_troy_r1p12,694371,B_name+bdate,high,Tommy Troy,Tommy Troy
33323,draft_2023_charles_mcadoo_r13p377,807727,B_name+bdate,high,Charles McAdoo,Charles McAdoo
33464,draft_2023_george_klassen_r6p193,691946,B_name+bdate,high,George Klassen,George Klassen
33572,draft_2023_kevin_mcgonigle_r1p37,805808,B_name+bdate,high,Kevin McGonigle,Kevin McGonigle
33575,draft_2023_colt_emerson_r1p22,806068,B_name+bdate,high,Colt Emerson,Colt Emerson
33656,draft_2023_aj_ewing_r4p134,805999,B_name+bdate,high,A.J. Ewing,A.J. Ewing
33785,draft_2023_josh_ekness_r12p353,694795,B_name+bdate,high,Josh Ekness,Josh Ekness
33787,draft_2023_kade_morris_r3p101,695034,B_name+bdate,high,Kade Morris,Kade Morris
33794,ifa_694346,694346,B_name+bdate,high,Trey Gibson,Trey Gibson
33891,draft_2023_zach_thornton_r5p159,804267,B_name+bdate,high,Zach Thornton,Zach Thornton
34967,draft_2024_travis_bazzana_r1p1,683953,B_name+bdate,high,Travis Bazzana,Travis Bazzana
34985,draft_2024_jj_wetherholt_r1p7,802139,B_name+bdate,high,JJ Wetherholt,JJ Wetherholt
35061,draft_2024_ryan_waldschmidt_r1p31,814439,B_name+bdate,high,Ryan Waldschmidt,Ryan Waldschmidt
35101,draft_2024_sam_antonacci_r5p140,803011,B_name+bdate,high,Sam Antonacci,Sam Antonacci
35177,draft_2024_carson_benge_r1p19,701807,B_name+bdate,high,Carson Benge,Carson Benge
35376,draft_2024_konnor_griffin_r1p9,804606,B_name+bdate,high,Konnor Griffin,Konnor Griffin
35418,draft_2024_gage_jump_r2p73,695611,B_name+bdate,high,Gage Jump,Gage Jump
sa1054040,draft_2019_jake_agnos_r4p135,686481,B_name+bdate,high,Jake Agnos,Jake Agnos
sa1054042,draft_2019_tyler_baum_r2p66,666121,B_name+bdate,high,Tyler Baum,Tyler Baum
sa1115752,draft_2019_seth_gray_r4p119,680799,B_name+bdate,high,Seth Gray,Seth Gray
sa1115967,draft_2019_john_doxakis_r2p61,669648,B_name+bdate,high,John Doxakis,John Doxakis
sa1115979,draft_2019_nick_kahle_r4p133,685277,B_name+bdate,high,Nick Kahle,Nick Kahle
sa1116003,draft_2019_ricky_devito_r8p247,683740,B_name+bdate,high,Ricky DeVito,Ricky DeVito
sa1169620,draft_2019_marcus_smith_r3p104,687526,B_name+bdate,high,Marcus Smith,Marcus Smith
sa1169627,draft_2019_ivan_johnson_r4p114,671155,B_name+bdate,high,Ivan Johnson,Ivan Johnson
sa1169633,draft_2019_kasey_kalich_r4p127,685008,B_name+bdate,high,Kasey Kalich,Kasey Kalich
sa1169818,draft_2019_cody_milligan_r9p277,687862,B_name+bdate,high,Cody Milligan,Cody Milligan
sa1169894,draft_2019_yan_contreras_r12p354,687073,B_name+bdate,high,Yan Contreras,Yan Contreras
sa1170436,draft_2019_trey_mcgough_r24p724,690736,B_name+bdate,high,Trey McGough,Trey McGough
sa1170451,draft_2019_bryce_ball_r24p727,668787,B_name+bdate,high,Bryce Ball,Bryce Ball
sa1170749,draft_2019_chandler_redmond_r32p965,687470,B_name+bdate,high,Chandler Redmond,Chandler Redmond
sa1170867,draft_2019_luis_quinones_r34p1017,687879,B_name+bdate,high,Luis Quinones,Luis Quinones
sa1172727,ifa_688889,688889,B_name+bdate,high,Tyler Burch,Tyler Burch
sa1172730,ifa_683248,683248,B_name+bdate,high,Neraldo Catalina,Neraldo Catalina
sa3002702,ifa_672620,672620,B_name+bdate,high,Eduardo Herrera,Eduardo Herrera
sa3002703,ifa_672627,672627,B_name+bdate,high,Jose Curpa,Jose Curpa
sa3002749,ifa_673360,673360,B_name+bdate,high,West Tunnell,West Tunnell
sa3002790,ifa_672629,672629,B_name+bdate,high,Gerardo Carrillo,Gerardo Carrillo
sa3002836,draft_2017_evan_mendoza_r11p334,656734,B_name+bdate,high,Evan Mendoza,Evan Mendoza
sa3002852,ifa_672628,672628,B_name+bdate,high,Alexander Campos,Alexander Campos
sa3002911,ifa_666766,666766,B_name+bdate,high,Stiward Aquino,Stiward Aquino
sa3002934,ifa_672405,672405,B_name+bdate,high,Leonardo Taveras,Leonardo Taveras
sa3002965,ifa_672487,672487,B_name+bdate,high,Helcris Olivarez,Helcris Olivárez
sa3002971,ifa_672529,672529,B_name+bdate,high,Yefri Del Rosario,Yefri Del Rosario
sa3002980,ifa_672550,672550,B_name+bdate,high,Danis Correa,Danis Correa
sa3002982,ifa_672553,672553,B_name+bdate,high,Ignacio Feliz,Ignacio Feliz
sa3002998,ifa_672614,672614,B_name+bdate,high,Naswell Paulino,Naswell Paulino
sa3003005,ifa_672638,672638,B_name+bdate,high,Emanuel Vizcaino,Emanuel Vizcaino
sa3003021,ifa_672712,672712,B_name+bdate,high,Luis Palacios,Luis Palacios
sa3003026,ifa_672765,672765,B_name+bdate,high,Santiago Florez,Santiago Florez
sa3003037,ifa_672810,672810,B_name+bdate,high,Jairo Solis,Jairo Solis
sa3003039,ifa_672836,672836,B_name+bdate,high,Angel Macuare,Angel Macuare
sa3003040,ifa_672843,672843,B_name+bdate,high,Rodard Avelino,Rodard Avelino
sa3003045,ifa_672865,672865,B_name+bdate,high,Alfredo Garcia,Alfredo Garcia
sa3003066,ifa_673231,673231,B_name+bdate,high,Tahnaj Thomas,Tahnaj Thomas
sa3003104,ifa_673389,673389,B_name+bdate,high,Ismael Aquino,Ismael Aquino
sa3003164,ifa_676014,676014,B_name+bdate,high,Matthew Peguero,Matthew Peguero
sa3003173,ifa_667803,667803,B_name+bdate,high,Ernesto Martinez Jr.,Ernesto Martinez Jr.
sa3003183,ifa_670862,670862,B_name+bdate,high,Marcos Brito,Marcos Brito
sa3003185,ifa_670870,670870,B_name+bdate,high,Yunior Severino,Yunior Severino
sa3003195,ifa_671265,671265,B_name+bdate,high,Freudis Nova,Freudis Nova
sa3003210,ifa_672437,672437,B_name+bdate,high,Debby Santana,Debby Santana
sa3003228,ifa_672517,672517,B_name+bdate,high,Johan Lopez,Johan Lopez
sa3003233,ifa_672536,672536,B_name+bdate,high,Jhon Torres,Jhon Torres
sa3003274,ifa_672635,672635,B_name+bdate,high,Luis Mieses,Luis Mieses
sa3003280,ifa_672653,672653,B_name+bdate,high,Diego Infante,Diego Infante
sa3003282,ifa_672656,672656,B_name+bdate,high,Abiezel Ramirez,Abiezel Ramirez
sa3003329,ifa_672764,672764,B_name+bdate,high,Pablo Abreu,Pablo Abreu
sa3003330,ifa_672767,672767,B_name+bdate,high,Deury Carrasco,Deury Carrasco
sa3003340,ifa_672802,672802,B_name+bdate,high,Jean Carmona,Jean Carmona
sa3003347,ifa_672823,672823,B_name+bdate,high,Sebastian Espino,Sebastian Espino
sa3004006,ifa_673662,673662,B_name+bdate,high,Robinson Ortiz,Robinson Ortiz
sa3004024,draft_2017_graham_spraker_r31p939,676942,B_name+bdate,high,Graham Spraker,Graham Spraker
sa3004042,draft_2017_cash_case_r4p107,669167,B_name+bdate,high,Cash Case,Cash Case
sa3004055,draft_2017_austin_beck_r1p6,675648,B_name+bdate,high,Austin Beck,Austin Beck
sa3004071,draft_2017_ryan_costello_r31p933,676940,B_name+bdate,high,Ryan Costello,Ryan Costello
sa3004142,draft_2017_chris_seise_r1p29,669451,B_name+bdate,high,Chris Seise,Chris Seise
sa3004146,ifa_671271,671271,B_name+bdate,high,Jeisson Rosario,Jeisson Rosario
sa3004148,ifa_672357,672357,B_name+bdate,high,Jordy Barley,Jordy Barley
sa3004153,draft_2017_blake_hunt_r2p69,675448,B_name+bdate,high,Blake Hunt,Blake Hunt
sa3004197,draft_2017_dylan_file_r21p624,668766,B_name+bdate,high,Dylan File,Dylan File
sa3004211,draft_2017_blake_weiman_r8p238,676620,B_name+bdate,high,Blake Weiman,Blake Weiman
sa3004222,draft_2017_sam_delaplane_r23p693,676845,B_name+bdate,high,Sam Delaplane,Sam Delaplane
sa3004263,ifa_670868,670868,B_name+bdate,high,Abrahan Gutierrez,Abrahan Gutierrez
sa3004277,draft_2017_sam_mcmillan_r5p155,675913,B_name+bdate,high,Sam McMillan,Sam McMillan
sa3004333,ifa_672648,672648,B_name+bdate,high,Roither Hernandez,Roither Hernandez
sa3004341,ifa_676358,676358,B_name+bdate,high,Evan Kruczynski,Evan Kruczynski
sa3004345,draft_2017_charlie_neuweiler_r5p150,676597,B_name+bdate,high,Charlie Neuweiler,Charlie Neuweiler
sa3004348,draft_2017_xavier_moore_r16p494,676713,B_name+bdate,high,Xavier Moore,Xavier Moore
sa3004502,draft_2017_conner_uselton_r2p72,671101,B_name+bdate,high,Conner Uselton,Conner Uselton
sa3004584,draft_2017_drew_strotman_r4p109,675977,B_name+bdate,high,Drew Strotman,Drew Strotman
sa3004647,ifa_670940,-1,B_name+bdate,high,Juan Pablo Lopez,Juan Pablo Lopez
sa3004648,draft_2017_seth_corry_r3p96,671288,B_name+bdate,high,Seth Corry,Seth Corry
sa3004657,draft_2017_tony_dibrell_r4p127,675914,B_name+bdate,high,Tony Dibrell,Tony Dibrell
sa3004691,draft_2017_jacob_gonzalez_r2p58,669363,B_name+bdate,high,Jacob Gonzalez,Jacob Gonzalez
sa3004736,draft_2017_jacob_heatherly_r3p77,669436,B_name+bdate,high,Jacob Heatherly,Jacob Heatherly
sa3004776,draft_2017_quentin_holmes_r2p64,668950,B_name+bdate,high,Quentin Holmes,Quentin Holmes
sa3004812,draft_2017_steven_jennings_r2p42,675651,B_name+bdate,high,Steven Jennings,Steven Jennings
sa3004815,draft_2017_jake_holmes_r11p323,669170,B_name+bdate,high,Jake Holmes,Jake Holmes
sa3004833,ifa_677669,120903,B_name+bdate,high,Manny Ramirez,Manny Ramirez
sa3004857,draft_2017_david_parkinson_r12p353,663982,B_name+bdate,high,David Parkinson,David Parkinson
sa3004872,ifa_677676,677676,B_name+bdate,high,Diosmerky Taveras,Diosmerky Taveras
sa3004885,draft_2017_mason_martin_r17p508,676733,B_name+bdate,high,Mason Martin,Mason Martin
sa3004932,draft_2017_lamar_sparks_r5p158,676473,B_name+bdate,high,Lamar Sparks,Lamar Sparks
sa3004968,draft_2017_tristen_lutz_r1p34,669157,B_name+bdate,high,Tristen Lutz,Tristen Lutz
sa3004969,draft_2017_jevon_ward_r12p354,669219,B_name+bdate,high,Je'Von Ward,Je'Von Ward
sa3004978,draft_2017_robbie_glendinning_r21p628,674671,B_name+bdate,high,Robbie Glendinning,Robbie Glendinning
sa3004979,ifa_677647,113328,B_name+bdate,high,Eddy Diaz,Eddy Diaz
sa3005015,draft_2017_sam_carlson_r2p55,672277,B_name+bdate,high,Sam Carlson,Sam Carlson
sa3005016,draft_2017_marcel_renteria_r6p187,676344,B_name+bdate,high,Marcel Renteria,Marcel Renteria
sa3005026,ifa_676012,676012,B_name+bdate,high,Gerald Ogando,Gerald Ogando
sa3005028,draft_2017_ethan_lindow_r5p143,676600,B_name+bdate,high,Ethan Lindow,Ethan Lindow
sa3005073,ifa_677614,677614,B_name+bdate,high,Sadrac Franco,Sadrac Franco
sa3005077,draft_2017_adam_hall_r2p60,647228,B_name+bdate,high,Adam Hall,Adam Hall
sa3005103,draft_2017_tyler_dearden_r29p881,676280,B_name+bdate,high,Tyler Dearden,Tyler Dearden
sa3005114,draft_2017_marshall_kasowski_r13p400,667445,B_name+bdate,high,Marshall Kasowski,Marshall Kasowski
sa3005117,draft_2017_blayne_enlow_r3p76,669416,B_name+bdate,high,Blayne Enlow,Blayne Enlow
sa3005121,draft_2017_james_marinan_r4p130,675653,B_name+bdate,high,James Marinan,James Marinan
sa3005144,ifa_672777,672777,B_name+bdate,high,Dalvin Rosario,Dalvin Rosario
sa3005177,draft_2017_noel_vela_r28p828,676903,B_name+bdate,high,Noel Vela,Noel Vela
sa3005188,ifa_672353,672353,B_name+bdate,high,Michell Miliano,Michell Miliano
sa3005209,ifa_677868,677868,B_name+bdate,high,Francis Peguero,Francis Peguero
sa3005216,draft_2017_cam_robinson_r23p684,676515,B_name+bdate,high,Cam Robinson,Cam Robinson
sa3005239,ifa_671224,671224,B_name+bdate,high,Danny Lantigua,Danny Lantigua
sa3005243,draft_2017_landon_leach_r2p37,667743,B_name+bdate,high,Landon Leach,Landon Leach
sa3005258,ifa_676322,676322,B_name+bdate,high,Junior Mieses,Junior Mieses
sa3005308,ifa_677690,677690,B_name+bdate,high,Diosbel Arias,Diosbel Arias
sa3005334,draft_2017_matt_tabor_r3p82,675652,B_name+bdate,high,Matt Tabor,Matt Tabor
sa3005350,draft_2017_caden_lemons_r2p46,671132,B_name+bdate,high,Caden Lemons,Caden Lemons
sa3005371,ifa_680048,680048,B_name+bdate,high,Aldo Ramirez,Aldo Ramirez
sa3005379,ifa_677916,677916,B_name+bdate,high,Gerardo Gutierrez,Gerardo Gutierrez
sa3005437,ifa_678493,678493,B_name+bdate,high,Jhosmer Alvarez,Jhosmer Alvarez
sa3005448,ifa_678914,678914,B_name+bdate,high,Carlos De Los Santos,Carlos De Los Santos
sa3005470,ifa_681744,681744,B_name+bdate,high,Junior Santos,Junior Santos
sa3005476,ifa_677571,677571,B_name+bdate,high,Fadriel Cruz,Fadriel Cruz
sa3005484,ifa_677597,677597,B_name+bdate,high,Roberto Chirinos,Roberto Chirinos
sa3005485,ifa_677598,677598,B_name+bdate,high,Larry Ernesto,Larry Ernesto
sa3005486,ifa_677599,677599,B_name+bdate,high,Miguel Hiraldo,Miguel Hiraldo
sa3005489,ifa_677602,677602,B_name+bdate,high,Antoni Flores,Antoni Flores
sa3005500,ifa_678285,678285,B_name+bdate,high,Fabian Pertuz,Fabian Pertuz
sa3005504,ifa_678323,678323,B_name+bdate,high,Allan Cerda,Allan Cerda
sa3005507,ifa_678362,678362,B_name+bdate,high,Gilberto Jimenez,Gilberto Jimenez
sa3005515,ifa_678413,678413,B_name+bdate,high,Alexfri Planez,Alexfri Planez
sa3005523,ifa_678487,678487,B_name+bdate,high,Andres Melendez,Andres Melendez
sa3005529,ifa_678594,678594,B_name+bdate,high,Randy Florentino,Randy Florentino
sa3005530,ifa_678604,678604,B_name+bdate,high,Ronny Rojas,Ronny Rojas
sa3005531,ifa_678607,678607,B_name+bdate,high,Juan Pie,Juan Pie
sa3005532,ifa_678614,678614,B_name+bdate,high,Edgardo Rodriguez,Edgardo Rodriguez
sa3005541,ifa_678681,678681,B_name+bdate,high,Luis Toribio,Luis Toribio
sa3005544,ifa_678689,678689,B_name+bdate,high,Neyfy Castillo,Neyfy Castillo
sa3005545,ifa_678697,678697,B_name+bdate,high,Daniel Castillo,Daniel Castillo
sa3005554,ifa_678760,678760,B_name+bdate,high,Eddys Leonard,Eddys Leonard
sa3005563,ifa_678801,678801,B_name+bdate,high,Jhoan Paulino,Jhoan Paulino
sa3005578,ifa_678876,678876,B_name+bdate,high,Angel Rojas,Angel Rojas
sa3005583,ifa_678902,678902,B_name+bdate,high,Alberto Figuereo,Alberto Figuereo
sa3005587,ifa_678962,678962,B_name+bdate,high,Daniel Vellojin,Daniel Vellojin
sa3005597,ifa_679733,679733,B_name+bdate,high,Raimfer Salinas,Raimfer Salinas
sa3005598,ifa_679734,679734,B_name+bdate,high,Julio Carreras,Julio Carreras
sa3005599,ifa_679736,679736,B_name+bdate,high,Keithron Moss,Keithron Moss
sa3005600,ifa_679737,679737,B_name+bdate,high,Antonio Cabello,Antonio Cabello
sa3005613,ifa_680589,680589,B_name+bdate,high,Felix Valerio,Felix Valerio
sa3005624,ifa_681623,681623,B_name+bdate,high,Ronaiker Palma,Ronaiker Palma
sa3005685,ifa_678353,678353,B_name+bdate,high,Yohanse Morel,Yohanse Morel
sa3005692,ifa_678713,678713,B_name+bdate,high,Efrain Contreras,Efrain Contreras
sa3005712,ifa_672537,672537,B_name+bdate,high,Dalvy Rosario,Dalvy Rosario
sa3005721,ifa_677603,677603,B_name+bdate,high,Juan Querecuto,Juan Querecuto
sa3005722,ifa_677620,677620,B_name+bdate,high,Adanson Cruz,Adanson Cruz
sa3005723,ifa_677621,677621,B_name+bdate,high,Joerlin De Los Santos,Joerlin De Los Santos
sa3005730,ifa_678220,678220,B_name+bdate,high,Yeison Santana,Yeison Santana
sa3005731,ifa_678221,678221,B_name+bdate,high,Cristian Heredia,Cristian Heredia
sa3005740,ifa_678419,678419,B_name+bdate,high,Diowill Burgos,Diowill Burgos
sa3005744,ifa_678577,678577,B_name+bdate,high,Junior Perez,Junior Perez
sa3005755,ifa_678690,678690,B_name+bdate,high,Carlos  Aguiar,Carlos Aguiar
sa3005759,ifa_678746,678746,B_name+bdate,high,Diego Hernandez,Diego Hernandez
sa3005781,ifa_678900,678900,B_name+bdate,high,Alexander Ovalles,Alexander Ovalles
sa3005787,ifa_679553,679553,B_name+bdate,high,Johnabiell Laureano,Johnabiell Laureano
sa3005812,ifa_677650,677650,B_name+bdate,high,Yeury Tatiz,Yeury Tatiz
sa3005824,ifa_678403,678403,B_name+bdate,high,Jairo Lopez,Jairo Lopez
sa3005826,ifa_678478,678478,B_name+bdate,high,Jorge Juan,Jorge Juan
sa3005875,ifa_680882,680882,B_name+bdate,high,Nicoly Pina,Nicoly Pina
sa3005890,ifa_681739,681739,B_name+bdate,high,Joshua Cornielly,Joshua Cornielly
sa3006069,ifa_678870,678870,B_name+bdate,high,Jesus Gonzalez,Jesus Gonzalez
sa3006074,ifa_681659,681659,B_name+bdate,high,Jorge Rodriguez,Jorge Rodriguez
sa3006075,ifa_675528,675528,B_name+bdate,high,Victor Nova,Victor Nova
sa3006127,ifa_678672,678672,B_name+bdate,high,Carlos Guarate,Carlos Guarate
sa3006164,ifa_681643,681643,B_name+bdate,high,Freddy Pacheco,Freddy Pacheco
sa3006201,ifa_678841,678841,B_name+bdate,high,Brandol Mezquita,Brandol Mezquita
sa3006206,ifa_679027,679027,B_name+bdate,high,Madison Santos,Madison Santos
sa3006220,ifa_680846,680846,B_name+bdate,high,Pablo Aliendo,Pablo Aliendo
sa3006358,ifa_678371,678371,B_name+bdate,high,Ivan Armstrong,Ivan Armstrong
sa3006385,ifa_678852,678852,B_name+bdate,high,Joseph Hernandez,Joseph Hernandez
sa3006417,ifa_681644,681644,B_name+bdate,high,Inohan Paniagua,Inohan Paniagua
sa3006482,ifa_678358,678358,B_name+bdate,high,Jose Salvador,Jose Salvador
sa3006491,ifa_678654,678654,B_name+bdate,high,Kelvin Bautista,Kelvin Bautista
sa3006508,ifa_680583,680583,B_name+bdate,high,Josias De Los Santos,Josias De Los Santos
sa3006543,ifa_678868,678868,B_name+bdate,high,Eddy Yean,Eddy Yean
sa3006544,ifa_678899,678899,B_name+bdate,high,Brayan Castillo,Brayan Castillo
sa3006545,ifa_679359,679359,B_name+bdate,high,Alexis Ramirez,Alexis Ramirez
sa3006622,ifa_680664,680664,B_name+bdate,high,Eduardo Valencia,Eduardo Valencia
sa3006660,draft_2018_tyler_frank_r2p56,667611,B_name+bdate,high,Tyler Frank,Tyler Frank
sa3006664,ifa_678636,678636,B_name+bdate,high,Orlando Martinez,Orlando Martinez
sa3006666,draft_2018_ross_adolph_r12p350,680244,B_name+bdate,high,Ross Adolph,Ross Adolph
sa3006701,draft_2018_josh_green_r14p429,681401,B_name+bdate,high,Josh Green,Josh Green
sa3006711,draft_2018_gage_canning_r5p161,663561,B_name+bdate,high,Gage Canning,Gage Canning
sa3006804,draft_2018_cole_uvila_r40p1199,664114,B_name+bdate,high,Cole Uvila,Cole Uvila
sa3006808,draft_2018_connor_higgins_r30p901,676337,B_name+bdate,high,Connor Higgins,Connor Higgins
sa3006811,draft_2017_chris_muller_r17p499,676726,B_name+bdate,high,Chris Muller,Chris Muller
sa3006815,ifa_678287,678287,B_name+bdate,high,Alejandro Melean,Alejandro Melean
sa3006817,ifa_678789,678789,B_name+bdate,high,Julio Robaina,Julio Robaina
sa3006826,draft_2018_adam_scott_r4p133,681792,B_name+bdate,high,Adam Scott,Adam Scott
sa3006867,draft_2018_logan_simmons_r6p167,669227,B_name+bdate,high,Logan Simmons,Logan Simmons
sa3006869,draft_2018_devin_mann_r5p164,669471,B_name+bdate,high,Devin Mann,Devin Mann
sa3006883,draft_2018_micah_bello_r2p73,677295,B_name+bdate,high,Micah Bello,Micah Bello
sa3006884,ifa_677565,677565,B_name+bdate,high,Kristian Robinson,Kristian Robinson
sa3006885,ifa_677575,677575,B_name+bdate,high,Trent Deveaux,Trent Deveaux
sa3006886,ifa_677591,677591,B_name+bdate,high,Jelfry Marte,Jelfry Marte
sa3006888,ifa_677605,677605,B_name+bdate,high,Luis Verdugo,Luis Verdugo
sa3006889,ifa_677610,677610,B_name+bdate,high,D'Shawn Knowles,D'Shawn Knowles
sa3006900,ifa_678706,678706,B_name+bdate,high,Reivaj Garcia,Reivaj Garcia
sa3006903,ifa_678926,678926,B_name+bdate,high,Carlos De La Cruz,Carlos De La Cruz
sa3006913,draft_2018_lency_delgado_r4p108,680894,B_name+bdate,high,Lency Delgado,Lency Delgado
sa3006955,ifa_666672,666672,B_name+bdate,high,Jojanse Torres,Jojanse Torres
sa3006956,draft_2018_austin_hansen_r8p252,667712,B_name+bdate,high,Austin Hansen,Austin Hansen
sa3006966,draft_2018_brooks_wilson_r7p202,676570,B_name+bdate,high,Brooks Wilson,Brooks Wilson
sa3007005,draft_2018_jeremy_eierman_r2p70,663369,B_name+bdate,high,Jeremy Eierman,Jeremy Eierman
sa3007008,draft_2018_tanner_dodson_r2p71,663541,B_name+bdate,high,Tanner Dodson,Tanner Dodson
sa3007010,draft_2018_josh_stowers_r2p54,663618,B_name+bdate,high,Josh Stowers,Josh Stowers
sa3007019,draft_2018_frainyer_chavez_r22p659,669413,B_name+bdate,high,Frainyer  Chavez,Frainyer Chavez
sa3007031,draft_2018_davis_bradshaw_r11p327,676991,B_name+bdate,high,Davis Bradshaw,Davis Bradshaw
sa3007044,draft_2018_greyson_jenista_r2p49,680571,B_name+bdate,high,Greyson Jenista,Greyson Jenista
sa3007046,draft_2018_jameson_hannah_r2p50,680683,B_name+bdate,high,Jameson Hannah,Jameson Hannah
sa3007047,draft_2018_grant_witherspoon_r4p120,680710,B_name+bdate,high,Grant Witherspoon,Grant Witherspoon
sa3007049,draft_2018_jawuan_harris_r7p201,680715,B_name+bdate,high,Jawuan Harris,Jawuan Harris
sa3007050,draft_2018_mateo_gil_r3p95,680771,B_name+bdate,high,Mateo Gil,Mateo Gil
sa3007053,draft_2018_niko_hulsizer_r18p554,680881,B_name+bdate,high,Niko Hulsizer,Niko Hulsizer
sa3007057,draft_2018_jayce_easley_r5p149,681068,B_name+bdate,high,Jayce Easley,Jayce Easley
sa3007065,draft_2018_willie_joe_garry_r9p274,681831,B_name+bdate,high,"Willie Joe, Jr. Garry",Willie Joe Garry
sa3007067,draft_2018_george_bell_r13p376,681864,B_name+bdate,high,"George, Jr. Bell",George Bell
sa3007234,draft_2018_joey_murray_r8p236,680765,B_name+bdate,high,Joey Murray,Joey Murray
sa3007235,draft_2018_robert_broom_r10p313,680940,B_name+bdate,high,Robert Broom,Robert Broom
sa3007243,draft_2018_andrew_politi_r15p460,681555,B_name+bdate,high,Andrew Politi,Andrew Politi
sa3007250,draft_2018_jake_zebron_r18p535,681922,B_name+bdate,high,Jake Zebron,Jake Zebron
sa3007298,ifa_678534,678534,B_name+bdate,high,Rixon Wingrove,Rixon Wingrove
sa3007310,draft_2018_kenen_irizarry_r13p389,681515,B_name+bdate,high,Kenen Irizarry,Kenen Irizarry
sa3007455,draft_2018_brady_feigl_r5p143,656416,B_name+bdate,high,Brady Feigl,Brady Feigl
sa3007460,draft_2018_mason_fox_r21p621,663674,B_name+bdate,high,Mason Fox,Mason Fox
sa3007473,draft_2018_reid_birlingmair_r28p833,679304,B_name+bdate,high,Reid Birlingmair,Reid Birlingmair
sa3007485,draft_2018_josh_dye_r23p692,682023,B_name+bdate,high,Josh Dye,Josh Dye
sa3007611,draft_2018_trey_riley_r5p142,681803,B_name+bdate,high,Trey Riley,Trey Riley
sa3007617,draft_2018_daiveyon_whittle_r23p690,682019,B_name+bdate,high,Daiveyon Whittle,Daiveyon Whittle
sa3007618,draft_2018_sean_boyle_r25p757,682044,B_name+bdate,high,Sean Boyle,Sean Boyle
sa3007639,draft_2018_nick_schnell_r1p32,678010,B_name+bdate,high,Nick Schnell,Nick Schnell
sa3007710,draft_2018_kevin_smith_r7p200,663325,B_name+bdate,high,Kevin Smith,Kevin Smith
sa3007721,draft_2017_josh_roberson_r12p359,675963,B_name+bdate,high,Josh Roberson,Josh Roberson
sa3007733,draft_2018_aiden_mcintyre_r22p653,681942,B_name+bdate,high,Aiden McIntyre,Aiden McIntyre
sa3007743,draft_2018_grant_lavigne_r1p42,680693,B_name+bdate,high,Grant Lavigne,Grant Lavigne
sa3007745,draft_2018_brandon_howlett_r21p640,680914,B_name+bdate,high,Brandon Howlett,Brandon Howlett
sa3007776,draft_2018_jackson_goddard_r3p99,680725,B_name+bdate,high,Jackson Goddard,Jackson Goddard
sa3007818,ifa_682448,682448,B_name+bdate,high,Jackson Rees,Jackson Rees
sa3007824,draft_2018_rylan_thomas_r26p769,669175,B_name+bdate,high,Rylan Thomas,Rylan Thomas
sa3007826,draft_2018_nick_meyer_r6p170,680722,B_name+bdate,high,Nick Meyer,Nick Meyer
sa3007837,draft_2018_matt_mercer_r5p159,663868,B_name+bdate,high,Matt Mercer,Matt Mercer
sa3007840,ifa_674468,674468,B_name+bdate,high,Anderson Munoz,Anderson Munoz
sa3007874,ifa_679741,679741,B_name+bdate,high,Wilderd Patiño,Wilderd Patiño
sa3007875,draft_2018_ryder_green_r3p97,680685,B_name+bdate,high,Ryder Green,Ryder Green
sa3007876,draft_2018_brennen_davis_r2p62,680695,B_name+bdate,high,Brennen Davis,Brennen Davis
sa3007877,draft_2018_jack_herman_r30p894,681075,B_name+bdate,high,Jack Herman,Jack Herman
sa3007896,draft_2018_dominic_pipkin_r9p257,669421,B_name+bdate,high,Dominic Pipkin,Dominic Pipkin
sa3007926,draft_2018_tim_cate_r2p65,669420,B_name+bdate,high,Tim Cate,Tim Cate
sa3007959,draft_2018_durbin_feltman_r3p100,664687,B_name+bdate,high,Durbin Feltman,Durbin Feltman
sa3007975,draft_2018_ezequiel_pagan_r13p398,681868,B_name+bdate,high,Ezequiel Pagan,Ezequiel Pagan
sa3007991,ifa_678255,678255,B_name+bdate,high,Anderson Paulino,Anderson Paulino
sa3008003,draft_2018_alex_mckenna_r4p132,665173,B_name+bdate,high,Alex McKenna,Alex McKenna
sa3008005,draft_2018_joe_gray_r2p60,669336,B_name+bdate,high,"Joe, Jr. Gray",Joe Gray
sa3008023,draft_2018_reid_schaller_r3p101,668697,B_name+bdate,high,Reid Schaller,Reid Schaller
sa3008024,draft_2018_brett_conine_r11p342,669345,B_name+bdate,high,Brett Conine,Brett Conine
sa3008025,draft_2018_paul_richan_r2p78,674042,B_name+bdate,high,Paul Richan,Paul Richan
sa3008051,draft_2018_josh_breaux_r2p61,677007,B_name+bdate,high,Josh Breaux,Josh Breaux
sa3008077,draft_2018_tristan_pompey_r3p89,659407,B_name+bdate,high,Tristan Pompey,Tristan Pompey
sa3008080,draft_2018_connor_scott_r1p13,669002,B_name+bdate,high,Connor Scott,Connor Scott
sa3008110,draft_2018_osiris_johnson_r2p53,677341,B_name+bdate,high,Osiris Johnson,Osiris Johnson
sa3008113,ifa_682650,682650,B_name+bdate,high,Malcom Nunez,Malcom Nuñez
sa3008140,draft_2018_cadyn_grenier_r1p37,663760,B_name+bdate,high,Cadyn Grenier,Cadyn Grenier
sa3008173,draft_2018_ben_madison_r9p256,681823,B_name+bdate,high,Ben Madison,Ben Madison
sa3008184,draft_2018_cole_roederer_r2p77,680711,B_name+bdate,high,Cole Roederer,Cole Roederer
sa3008185,draft_2018_sean_guilbe_r12p351,680883,B_name+bdate,high,Sean Guilbe,Sean Guilbe
sa3008224,draft_2018_nolan_kingham_r12p352,663884,B_name+bdate,high,Nolan Kingham,Nolan Kingham
sa3008225,draft_2018_ryley_gilliam_r5p140,663894,B_name+bdate,high,Ryley Gilliam,Ryley Gilliam
sa3008238,draft_2018_korry_howell_r12p365,676759,B_name+bdate,high,Korry Howell,Korry Howell
sa3008250,draft_2018_charles_mack_r6p184,680698,B_name+bdate,high,Charles Mack,Charles Mack
sa3008261,draft_2018_blake_rivera_r4p106,669690,B_name+bdate,high,Blake Rivera,Blake Rivera
sa3008263,ifa_680933,680933,B_name+bdate,high,Joander Suarez,Joander Suarez
sa3008278,draft_2018_bryce_bush_r33p978,675789,B_name+bdate,high,Bryce Bush,Bryce Bush
sa3008290,draft_2018_brendan_hardy_r31p920,682132,B_name+bdate,high,Brendan  Hardy,Brendan Hardy
sa3008297,draft_2018_jaylen_palmer_r22p650,681941,B_name+bdate,high,Jaylen Palmer,Jaylen Palmer
sa3008303,ifa_682777,682777,B_name+bdate,high,Octavio Becerra,Octavio Becerra
sa3008329,draft_2018_lenny_torres_r1p41,678013,B_name+bdate,high,Lenny Torres,Lenny Torres
sa3008330,ifa_680632,680632,B_name+bdate,high,Rafael Marcano,Rafael Marcano
sa3008335,draft_2018_kohl_franklin_r6p188,681673,B_name+bdate,high,Kohl Franklin,Kohl Franklin
sa3008356,draft_2018_jayson_schroeder_r2p66,677315,B_name+bdate,high,Jayson Schroeder,Jayson Schroeder
sa3008362,ifa_682897,682897,B_name+bdate,high,Steven Pérez,Steven Pérez
sa3008374,ifa_680887,680887,B_name+bdate,high,Eduar Segovia,Eduar Segovia
sa3008387,draft_2018_damon_casetta-stubbs_r11p328,677316,B_name+bdate,high,Damon Casetta-Stubbs,Damon Casetta-Stubbs
sa3008420,ifa_683013,683013,B_name+bdate,high,Alan Mejia,Alan Mejia
sa3008438,ifa_683020,683020,B_name+bdate,high,Gustavo Rodriguez,Gustavo Rodriguez
sa3008443,draft_2017_zach_willeman_r19p580,657116,B_name+bdate,high,Zach Willeman,Zach Willeman
sa3008483,draft_2018_griffin_roberts_r1p43,675965,B_name+bdate,high,Griffin Roberts,Griffin Roberts
sa3008500,draft_2018_levi_kelly_r8p249,669189,B_name+bdate,high,Levi Kelly,Levi Kelly
sa3008514,ifa_683065,683065,B_name+bdate,high,Jake Haberer,Jake Haberer
sa3008523,draft_2018_zach_haake_r6p182,676252,B_name+bdate,high,Zach Haake,Zach Haake
sa3008532,draft_2018_blaine_knight_r3p87,667421,B_name+bdate,high,Blaine Knight,Blaine Knight
sa3008535,ifa_683059,683059,B_name+bdate,high,Hsin-Chieh Lin,Hsin-Chieh Lin
sa3008542,ifa_683094,683094,B_name+bdate,high,Jordany Ventura,Jordany Ventura
sa3008575,ifa_683137,683137,B_name+bdate,high,Lun Zhao,Lun Zhao
sa3008589,draft_2018_ethan_hankins_r1p35,677945,B_name+bdate,high,Ethan Hankins,Ethan Hankins
sa3008590,draft_2018_nick_decker_r2p64,678006,B_name+bdate,high,Nick Decker,Nick Decker
sa3008599,draft_2018_aaron_hernandez_r3p93,669443,B_name+bdate,high,Aaron Hernandez,Aaron Hernandez
sa3008678,ifa_682645,682645,B_name+bdate,high,Jerming Rosario,Jerming Rosario
sa3008697,ifa_683402,113845,B_name+bdate,high,Juan Daniel Encarnacion,Juan Daniel Encarnacion
sa3008710,ifa_683613,683613,B_name+bdate,high,Audry Lugo,Audry Lugo
sa3008711,ifa_683639,683639,B_name+bdate,high,Carlos Jimenez,Carlos Jimenez
sa3008716,ifa_683846,683846,B_name+bdate,high,Reny Artiles,Reny Artiles
sa3008742,ifa_682616,682616,B_name+bdate,high,Diego Cartaya,Diego Cartaya
sa3008746,ifa_682625,682625,B_name+bdate,high,Antonio Gomez,Antonio Gomez
sa3008748,ifa_682630,682630,B_name+bdate,high,Alvin Guzman,Alvin Guzman
sa3008749,ifa_682631,682631,B_name+bdate,high,Eduarqui Fernandez,Eduarqui Fernandez
sa3008750,ifa_682632,682632,B_name+bdate,high,Adinso Reyes,Adinso Reyes
sa3008754,ifa_682636,682636,B_name+bdate,high,Alejandro Pie,Alejandro Pie
sa3008757,ifa_682643,682643,B_name+bdate,high,Alexander Ramirez,Alexander Ramirez
sa3008758,ifa_682647,682647,B_name+bdate,high,Omar Florentino,Omar Florentino
sa3008759,ifa_682648,115220,B_name+bdate,high,Juan Guerrero,Juan Guerrero
sa3008768,ifa_682679,682679,B_name+bdate,high,Dayan Frias,Dayan Frias
sa3008771,ifa_682685,682685,B_name+bdate,high,Cristian Gonzalez,Cristian Gonzalez
sa3008777,ifa_682703,682703,B_name+bdate,high,Yoelvis Sanchez,Yoelvis Sanchez
sa3008785,ifa_682725,682725,B_name+bdate,high,Cristhian Rodriguez,Cristhian Rodriguez
sa3008793,ifa_682751,682751,B_name+bdate,high,Jeferson Espinal,Jeferson Espinal
sa3008799,ifa_682765,682765,B_name+bdate,high,Albert Feliz,Albert Feliz
sa3008804,ifa_682792,682792,B_name+bdate,high,Naysbel Marcano,Naysbel Marcano
sa3008810,ifa_682804,682804,B_name+bdate,high,Eduardo Vaughan,Eduardo Vaughan
sa3008828,ifa_682878,682878,B_name+bdate,high,Mishael Deson,Mishael Deson
sa3008834,ifa_682889,682889,B_name+bdate,high,Wilmin Candelario,Wilmin Candelario
sa3008836,ifa_682900,682900,B_name+bdate,high,Brainer Bonaci,Brainer Bonaci
sa3008842,ifa_682942,682942,B_name+bdate,high,Alex De Jesus,Alex De Jesus
sa3008851,ifa_683061,683061,B_name+bdate,high,Alexander Vargas,Alexander Vargas
sa3008868,ifa_683454,683454,B_name+bdate,high,Brayan Buelvas,Brayan Buelvas
sa3008873,ifa_683482,683482,B_name+bdate,high,Osvaldo  Gavilan,Osvaldo Gavilan
sa3008876,ifa_683490,683490,B_name+bdate,high,J.J. D'Orazio,J.J. D'Orazio
sa3008877,ifa_683494,683494,B_name+bdate,high,Euribiel Angeles,Euribiel Angeles
sa3008878,ifa_683500,683500,B_name+bdate,high,Maikol Escotto,Maikol Escotto
sa3008883,ifa_683529,683529,B_name+bdate,high,Milkar Perez,Milkar Perez
sa3008887,ifa_683539,683539,B_name+bdate,high,Cristopher  Barete,Cristopher Barete
sa3008889,ifa_683549,683549,B_name+bdate,high,Alexander Mojica,Alexander Mojica
sa3008890,ifa_683550,683550,B_name+bdate,high,Marcos Cabrera,Marcos Cabrera
sa3008892,ifa_683563,683563,B_name+bdate,high,Juan Jerez,Juan Jerez
sa3008895,ifa_683577,683577,B_name+bdate,high,Charlis Aquino,Charlis Aquino
sa3008901,ifa_683593,683593,B_name+bdate,high,Dariel Lopez,Dariel Lopez
sa3008905,ifa_683610,683610,B_name+bdate,high,Leandro Pineda,Leandro Pineda
sa3008907,ifa_683616,683616,B_name+bdate,high,Rodolfo Nolasco,Rodolfo Nolasco
sa3008913,ifa_683656,683656,B_name+bdate,high,Luis Tejeda,Luis Tejeda
sa3008942,ifa_684852,684852,B_name+bdate,high,Geraldo Quintero,Geraldo Quintero
sa3008950,ifa_685725,685725,B_name+bdate,high,Natanael Santana,Natanael Santana
sa3008953,ifa_686438,686438,B_name+bdate,high,Rubel Cespedes,Rubel Cespedes
sa3009190,ifa_682639,682639,B_name+bdate,high,Freddy Valdez,Freddy Valdez
sa3009191,ifa_683364,683364,B_name+bdate,high,Carlos Dominguez,Carlos Dominguez
sa3009205,ifa_682697,682697,B_name+bdate,high,Breidy Encarnacion,Breidy Encarnación
sa3009220,ifa_682936,682936,B_name+bdate,high,Samuel Valerio,Samuel Valerio
sa3009237,ifa_683636,683636,B_name+bdate,high,Juan Carela,Juan Carela
sa3009242,ifa_683676,683676,B_name+bdate,high,Aneudy Cortorreal,Aneudy Cortorreal
sa3009243,ifa_683690,683690,B_name+bdate,high,Royber Salinas,Royber Salinas
sa3009266,ifa_685046,685046,B_name+bdate,high,Edinson Batista,Edinson Batista
sa3009275,ifa_682637,682637,B_name+bdate,high,Eduardo Lopez,Eduardo Lopez
sa3009279,ifa_682692,682692,B_name+bdate,high,Miguel Palma,Miguel Palma
sa3009299,ifa_683459,683459,B_name+bdate,high,Dayro Perez,Dayro Perez
sa3009326,ifa_684169,684169,B_name+bdate,high,Joel Ibarra,Joel Ibarra
sa3009343,ifa_686397,686397,B_name+bdate,high,Benyamin Bailey,Benyamin Bailey
sa3009484,ifa_683617,683617,B_name+bdate,high,Yaifer Perdomo,Yaifer Perdomo
sa3009504,ifa_684083,684083,B_name+bdate,high,Jorge Gonzalez,Jorge Gonzalez
sa3009534,ifa_682662,682662,B_name+bdate,high,Rafael Morel,Rafael Morel
sa3009538,ifa_682796,682796,B_name+bdate,high,Eddinson Paulino,Eddinson Paulino
sa3009565,ifa_685716,685716,B_name+bdate,high,Nelson Quiroz,Nelson Quiroz
sa3009592,ifa_682855,682855,B_name+bdate,high,Luis Vargas,Luis Vargas
sa3009607,ifa_683535,683535,B_name+bdate,high,Andy Maldonado,Andy Maldonado
sa3009626,ifa_684128,684128,B_name+bdate,high,Reidis Sena,Reidis Sena
sa3009629,ifa_684516,684516,B_name+bdate,high,Hancel Rincon,Hancel Rincon
sa3009632,ifa_685377,685377,B_name+bdate,high,Misael Tamarez,Misael Tamarez
sa3009716,ifa_682785,682785,B_name+bdate,high,Angel Bastardo,Angel Bastardo
sa3009725,ifa_683538,683538,B_name+bdate,high,Listher Sosa,Listher Sosa
sa3009730,ifa_683686,683686,B_name+bdate,high,Osvanni Gutierrez,Osvanni Gutierrez
sa3009778,ifa_682915,682915,B_name+bdate,high,Luis De La Rosa,Luis De La Rosa
sa3009779,ifa_683392,683392,B_name+bdate,high,Gabriel Tapia,Gabriel Tapia
sa3009794,ifa_683649,683649,B_name+bdate,high,Angeudis Santos,Angeudis Santos
sa3009831,ifa_690883,690883,B_name+bdate,high,Edinson Soto,Edinson Soto
sa3009834,ifa_682656,682656,B_name+bdate,high,Sergio Campana,Sergio Campana
sa3009861,draft_2018_nic_laio_r20p599,681970,B_name+bdate,high,Nic Laio,Nic Laio
sa3009928,draft_2019_travis_kuhn_r19p576,674047,B_name+bdate,high,Travis Kuhn,Travis Kuhn
sa3009936,ifa_683384,683384,B_name+bdate,high,Edgar Isea,Edgar Isea
sa3009986,ifa_678975,678975,B_name+bdate,high,Nathanael Heredia,Nathanael Heredia
sa3009990,ifa_682620,682620,B_name+bdate,high,Richard Gallardo,Richard Gallardo
sa3009991,ifa_682640,682640,B_name+bdate,high,Osiel Rodriguez,Osiel Rodriguez
sa3009992,ifa_683425,683425,B_name+bdate,high,Hyun-il Choi,Hyun-il Choi
sa3010010,draft_2019_connor_cannon_r17p506,669070,B_name+bdate,high,Connor Cannon,Connor Cannon
sa3010018,ifa_677570,677570,B_name+bdate,high,Aaron Bracho,Aaron Bracho
sa3010021,draft_2019_kody_hoese_r1p25,682210,B_name+bdate,high,Kody Hoese,Kody Hoese
sa3010023,ifa_682646,682646,B_name+bdate,high,Jairo Pomares,Jairo Pomares
sa3010026,ifa_683481,683481,B_name+bdate,high,Nerwilian Cedeno,Nerwilian Cedeño
sa3010028,draft_2019_christian_cairo_r4p130,686551,B_name+bdate,high,Christian Cairo,Christian Cairo
sa3010035,draft_2019_brandon_lewis_r4p131,686781,B_name+bdate,high,Brandon Lewis,Brandon Lewis
sa3010037,draft_2019_yordys_valdes_r2p63,686798,B_name+bdate,high,Yordys Valdes,Yordys Valdes
sa3010038,draft_2019_james_beard_r4p110,686808,B_name+bdate,high,James Beard,James Beard
sa3010118,draft_2019_andrew_misiaszek_r32p970,667280,B_name+bdate,high,Andrew Misiaszek,Andrew Misiaszek
sa3010135,ifa_686433,686433,B_name+bdate,high,Luis Velasquez,Luis Velasquez
sa3010155,ifa_683427,683427,B_name+bdate,high,Omar Hernandez,Omar Hernandez
sa3010165,draft_2019_dilan_rosario_r6p176,687125,B_name+bdate,high,Dilan Rosario,Dilan Rosario
sa3010246,ifa_682944,682944,B_name+bdate,high,Tyrone Yulie,Tyrone Yulie
sa3010248,ifa_684133,684133,B_name+bdate,high,Yoljeldriz Diaz,Yoljeldriz Diaz
sa3010254,draft_2019_austin_roberts_r8p244,686762,B_name+bdate,high,Austin Roberts,Austin Roberts
sa3010256,draft_2019_avery_weems_r6p170,686830,B_name+bdate,high,Avery Weems,Avery Weems
sa3010303,draft_2019_nick_mikolajchak_r11p340,679777,B_name+bdate,high,Nick Mikolajchak,Nick Mikolajchak
sa3010326,ifa_691109,691109,B_name+bdate,high,Zach Vennaro,Zach Vennaro
sa3010331,draft_2019_brady_mcconnell_r2p44,669381,B_name+bdate,high,Brady McConnell,Brady McConnell
sa3010335,draft_2019_glenallen_hill_r4p122,677338,B_name+bdate,high,"Glenallen, Jr. Hill",Glenallen Hill
sa3010342,draft_2019_jackson_cluff_r6p183,687714,B_name+bdate,high,Jackson Cluff,Jackson Cluff
sa3010374,draft_2019_jacob_wallace_r3p100,686608,B_name+bdate,high,Jacob Wallace,Jacob Wallace
sa3010380,draft_2019_ethan_elliott_r10p293,687898,B_name+bdate,high,Ethan Elliott,Ethan Elliott
sa3010390,draft_2019_nick_quintana_r2p47,666161,B_name+bdate,high,Nick Quintana,Nick Quintana
sa3010403,draft_2019_bryce_windham_r32p972,690180,B_name+bdate,high,Bryce Windham,Bryce Windham
sa3010590,draft_2019_bryant_packard_r5p142,669741,B_name+bdate,high,Bryant Packard,Bryant Packard
sa3010636,draft_2019_garrett_frechette_r5p146,683102,B_name+bdate,high,Garrett Frechette,Garrett Frechette
sa3010648,draft_2018_mason_denaburg_r1p27,669379,B_name+bdate,high,Mason Denaburg,Mason Denaburg
sa3010654,ifa_682644,682644,B_name+bdate,high,Denny Larrondo,Denny Larrondo
sa3010660,ifa_686459,686459,B_name+bdate,high,Jaime Melendez,Jaime Melendez
sa3010696,draft_2019_colin_barber_r4p136,683145,B_name+bdate,high,Colin Barber,Colin Barber
sa3010703,draft_2019_andrew_navigato_r20p592,685382,B_name+bdate,high,Andrew Navigato,Andrew Navigato
sa3010704,draft_2019_sammy_siani_r1p37,686445,B_name+bdate,high,Sammy Siani,Sammy Siani
sa3010706,draft_2019_keoni_cavaco_r1p13,686577,B_name+bdate,high,Keoni Cavaco,Keoni Cavaco
sa3010709,draft_2019_trejyn_fletcher_r2p58,686801,B_name+bdate,high,Trejyn Fletcher,Trejyn Fletcher
sa3010718,draft_2019_jack_kenley_r8p232,687958,B_name+bdate,high,Jack Kenley,Jack Kenley
sa3010720,draft_2019_stephen_paolini_r5p157,688500,B_name+bdate,high,Stephen Paolini,Stephen Paolini
sa3010723,draft_2019_patrick_romeri_r12p365,689256,B_name+bdate,high,Patrick Romeri,Patrick Romeri
sa3010776,draft_2019_jonah_dipoto_r35p1039,665167,B_name+bdate,high,Jonah Dipoto,Jonah Dipoto
sa3010777,draft_2019_zack_hess_r7p202,666132,B_name+bdate,high,Zack Hess,Zack Hess
sa3010781,draft_2019_morgan_mcsweeney_r17p498,669682,B_name+bdate,high,Morgan McSweeney,Morgan McSweeney
sa3010782,draft_2019_andrew_schultz_r6p180,669697,B_name+bdate,high,Andrew Schultz,Andrew Schultz
sa3010800,ifa_683720,664263,B_name+bdate,high,Edwin Jimenez,Edwin Jimenez
sa3010812,draft_2019_dylan_spacke_r21p647,686679,B_name+bdate,high,Dylan Spacke,Dylan Spacke
sa3010825,draft_2019_justin_yeager_r33p997,687866,B_name+bdate,high,Justin Yeager,Justin Yeager
sa3010845,draft_2019_chase_strumpf_r2p64,668664,B_name+bdate,high,Chase Strumpf,Chase Strumpf
sa3010863,ifa_682628,682628,B_name+bdate,high,Junior Sanquintin,Junior Sanquintin
sa3010870,draft_2019_kadon_morton_r19p577,683170,B_name+bdate,high,Kadon Morton,Kadon Morton
sa3010889,draft_2019_hudson_head_r3p84,687431,B_name+bdate,high,Hudson Head,Hudson Head
sa3011099,ifa_686460,686460,B_name+bdate,high,Natanael Garabitos,Natanael Garabitos
sa3011123,draft_2019_tony_locey_r3p96,666138,B_name+bdate,high,Tony Locey,Tony Locey
sa3011126,draft_2019_colin_peluse_r9p284,668761,B_name+bdate,high,Colin Peluse,Colin Peluse
sa3011129,draft_2019_grant_gambrell_r3p80,669183,B_name+bdate,high,Grant Gambrell,Grant Gambrell
sa3011135,draft_2019_antoine_kelly_r2p65,681520,B_name+bdate,high,Antoine Kelly,Antoine Kelly
sa3011136,ifa_682624,682624,B_name+bdate,high,Sandy Gaston,Sandy Gaston
sa3011187,draft_2019_seth_shuman_r6p194,670234,B_name+bdate,high,Seth Shuman,Seth Shuman
sa3011190,draft_2019_ryan_garcia_r2p50,674114,B_name+bdate,high,Ryan Garcia,Ryan Garcia
sa3011191,ifa_674674,674674,B_name+bdate,high,T.J. Sikkema,T.J. Sikkema
sa3011194,ifa_679502,679502,B_name+bdate,high,Nicio Rodriguez,Nicio Rodriguez
sa3011199,draft_2019_gunner_mayer_r5p150,686763,B_name+bdate,high,Gunner Mayer,Gunner Mayer
sa3011200,draft_2019_colby_white_r6p188,686831,B_name+bdate,high,Colby White,Colby White
sa3011204,draft_2019_will_holland_r5p149,683735,B_name+bdate,high,Will Holland,Will Holland
sa3011256,draft_2019_drew_mendoza_r3p94,666141,B_name+bdate,high,Drew Mendoza,Drew Mendoza
sa3011258,draft_2019_zach_watson_r3p79,668789,B_name+bdate,high,Zach Watson,Zach Watson
sa3011259,draft_2019_logan_wyatt_r2p51,668824,B_name+bdate,high,Logan Wyatt,Logan Wyatt
sa3011263,draft_2019_jake_guenther_r7p218,684580,B_name+bdate,high,Jake Guenther,Jake Guenther
sa3011308,draft_2019_thomas_dillard_r5p163,666186,B_name+bdate,high,Thomas Dillard,Thomas Dillard
sa3011329,ifa_682707,682707,B_name+bdate,high,Jeremy De La Rosa,Jeremy De La Rosa
sa3011337,draft_2019_will_ethridge_r5p159,669100,B_name+bdate,high,Will Ethridge,Will Ethridge
sa3011367,draft_2019_taylor_floyd_r10p313,687905,B_name+bdate,high,Taylor Floyd,Taylor Floyd
sa3011395,draft_2019_drew_parrish_r8p229,669283,B_name+bdate,high,Drew Parrish,Drew Parrish
sa3011404,ifa_682661,682661,B_name+bdate,high,Jose Bonilla,Jose Bonilla
sa3011409,draft_2019_josh_burgmann_r5p162,647183,B_name+bdate,high,Josh Burgmann,Josh Burgmann
sa3011410,draft_2019_nick_bennett_r6p193,668711,B_name+bdate,high,Nick Bennett,Nick Bennett
sa3011411,draft_2019_chris_clarke_r4p132,669247,B_name+bdate,high,Chris Clarke,Chris Clarke
sa3011413,draft_2019_hunter_bishop_r1p10,666183,B_name+bdate,high,Hunter Bishop,Hunter Bishop
sa3011414,draft_2019_andrew_daschbach_r11p318,669898,B_name+bdate,high,Andrew Daschbach,Andrew Daschbach
sa3011420,draft_2019_jj_goss_r1p36,683101,B_name+bdate,high,J.J. Goss,JJ Goss
sa3011432,draft_2019_tyler_dyson_r5p153,669937,B_name+bdate,high,Tyler Dyson,Tyler Dyson
sa3011433,draft_2019_evan_fitterer_r5p141,683157,B_name+bdate,high,Evan Fitterer,Evan Fitterer
sa3011445,draft_2019_marcus_lee_sang_r11p330,686984,B_name+bdate,high,Marcus Lee Sang,Marcus Lee Sang
sa3011463,draft_2019_matt_cronin_r4p123,669091,B_name+bdate,high,Matt Cronin,Matt Cronin
sa3011467,draft_2019_cameron_cannon_r2p43,669069,B_name+bdate,high,Cameron Cannon,Cameron Cannon
sa3011471,ifa_691503,691503,B_name+bdate,high,Yolbert Sanchez,Yolbert Sanchez
sa3011493,draft_2019_jc_flowers_r4p124,669001,B_name+bdate,high,J.C.  Flowers,J.C. Flowers
sa3011495,draft_2019_daniel_espino_r1p24,682982,B_name+bdate,high,Daniel Espino,Daniel Espino
sa3011496,draft_2019_ryan_jensen_r1p27,686754,B_name+bdate,high,Ryan Jensen,Ryan Jensen
sa3011502,draft_2019_ethan_hearn_r6p192,683001,B_name+bdate,high,Ethan Hearn,Ethan Hearn
sa3011530,draft_2019_matt_canterino_r2p54,683764,B_name+bdate,high,Matt Canterino,Matt Canterino
sa3011535,draft_2019_bobby_ay_r9p272,687525,B_name+bdate,high,Bobby Ay,Bobby Ay
sa3011574,ifa_691315,691315,B_name+bdate,high,Yehizon Sanchez,Yehizon Sanchez
sa3011578,ifa_686404,686404,B_name+bdate,high,Wuilfredo Antunez,Wuilfredo Antunez
sa3011585,ifa_686933,686933,B_name+bdate,high,Mitchell Stumpo,Mitchell Stumpo
sa3011592,draft_2019_zach_king_r13p381,669915,B_name+bdate,high,Zach King,Zach King
sa3011607,draft_2019_jack_weisenburger_r20p614,674073,B_name+bdate,high,Jack Weisenburger,Jack Weisenburger
sa3011608,ifa_682623,682623,B_name+bdate,high,Starlyn Castillo,Starlyn Castillo
sa3011626,draft_2019_jared_johnson_r14p427,687991,B_name+bdate,high,Jared Johnson,Jared Johnson
sa3011629,draft_2019_jadiel_sanchez_r12p360,689909,B_name+bdate,high,Jadiel Sanchez,Jadiel Sanchez
sa3011636,ifa_681458,681458,B_name+bdate,high,Yosber Sanchez,Yosber Sanchez
sa3011638,draft_2019_josh_wolf_r2p53,683181,B_name+bdate,high,Josh Wolf,Josh Wolf
sa3011658,ifa_678622,678622,B_name+bdate,high,Josh Gessner,Josh Gessner
sa3011674,draft_2019_kendall_williams_r2p52,683086,B_name+bdate,high,Kendall Williams,Kendall Williams
sa3011677,ifa_686807,686807,B_name+bdate,high,Victor Simeon,Victor Simeon
sa3011682,ifa_691669,691669,B_name+bdate,high,Gabriel Sosa,Gabriel Sosa
sa3011695,draft_2019_noah_song_r4p137,679977,B_name+bdate,high,Noah Song,Noah Song
sa3011710,draft_2019_brendan_cellucci_r12p377,676454,B_name+bdate,high,Brendan Cellucci,Brendan Cellucci
sa3011712,draft_2019_avery_short_r12p362,683008,B_name+bdate,high,Avery Short,Avery Short
sa3011717,draft_2019_dasan_brown_r3p88,672018,B_name+bdate,high,Dasan Brown,Dasan Brown
sa3011727,draft_2019_michael_mcavene_r3p103,686449,B_name+bdate,high,Michael McAvene,Michael McAvene
sa3011735,ifa_691828,691828,B_name+bdate,high,Sem Robberse,Sem Robberse
sa3011737,draft_2019_jordan_brewer_r3p106,685084,B_name+bdate,high,Jordan Brewer,Jordan Brewer
sa3011740,draft_2019_matt_allan_r3p89,682929,B_name+bdate,high,Matt Allan,Matt Allan
sa3011741,draft_2019_brennan_malone_r1p33,683005,B_name+bdate,high,Brennan Malone,Brennan Malone
sa3011750,draft_2019_chris_mokma_r12p351,687070,B_name+bdate,high,Chris Mokma,Chris Mokma
sa3011753,ifa_684081,684081,B_name+bdate,high,Erick Brito,Erick Brito
sa3011784,draft_2019_ben_peoples_r22p668,687239,B_name+bdate,high,Ben Peoples,Ben Peoples
sa3011803,ifa_686645,686645,B_name+bdate,high,Jean Pinto,Jean Pinto
sa3011812,ifa_691870,150430,B_name+bdate,high,Luis Vizcaino,Luis Vizcaino
sa3011815,draft_2019_tyler_schlaffer_r9p282,690370,B_name+bdate,high,Tyler Schlaffer,Tyler Schlaffer
sa3011821,ifa_691938,691938,B_name+bdate,high,Willy Vasquez,Willy Vasquez
sa3011828,ifa_691968,691968,B_name+bdate,high,Zion Bannister,Zion Bannister
sa3011841,draft_2019_andrew_dalquist_r3p81,686643,B_name+bdate,high,Andrew Dalquist,Andrew Dalquist
sa3011866,draft_2019_matthew_thompson_r2p45,683010,B_name+bdate,high,Matthew Thompson,Matthew Thompson
sa3011889,ifa_690374,690374,B_name+bdate,high,Noah Denoyer,Noah Denoyer
sa3011900,draft_2019_graeme_stinson_r4p128,666209,B_name+bdate,high,Graeme Stinson,Graeme Stinson
sa3014420,draft_2020_trei_cruz_r3p73,669360,B_name+bdate,high,Trei Cruz,Trei Cruz
sa3014423,draft_2020_asa_lacy_r1p4,669370,B_name+bdate,high,Asa Lacy,Asa Lacy
sa3014424,draft_2020_baron_radcliff_r5p146,676288,B_name+bdate,high,Baron Radcliff,Baron Radcliff
sa3014426,draft_2020_hayden_cantrelle_r5p151,676463,B_name+bdate,high,Hayden Cantrelle,Hayden Cantrelle
sa3014429,draft_2020_chris_mcmahon_r2p46,675657,B_name+bdate,high,Chris McMahon,Chris McMahon
sa3014431,draft_2020_rj_dabovich_r4p114,681924,B_name+bdate,high,R.J. Dabovich,R.J. Dabovich
sa3014436,draft_2020_alerick_soularie_r2p59,669442,B_name+bdate,high,Alerick Soularie,Alerick Soularie
sa3014448,draft_2020_trevor_hauver_r3p99,669386,B_name+bdate,high,Trevor Hauver,Trevor Hauver
sa3014449,draft_2020_hudson_haskin_r2p39,681370,B_name+bdate,high,Hudson Haskin,Hudson Haskin
sa3014450,draft_2020_tyler_brown_r3p101,675973,B_name+bdate,high,Tyler Brown,Tyler Brown
sa3014451,draft_2020_tanner_burns_r1p36,669142,B_name+bdate,high,Tanner Burns,Tanner Burns
sa3014452,draft_2020_daniel_cabrera_r2p62,668667,B_name+bdate,high,Daniel Cabrera,Daniel Cabrera
sa3014453,draft_2020_bryce_bonnin_r3p84,675655,B_name+bdate,high,Bryce Bonnin,Bryce Bonnin
sa3014455,draft_2020_sam_weatherly_r3p81,676333,B_name+bdate,high,Sam Weatherly,Sam Weatherly
sa3014457,draft_2019_garrett_stallings_r5p151,668831,B_name+bdate,high,Garrett Stallings,Garrett Stallings
sa3014460,draft_2020_isaiah_greene_r2p69,693309,B_name+bdate,high,Isaiah Greene,Isaiah Greene
sa3014467,draft_2020_hunter_barnhart_r3p96,694379,B_name+bdate,high,Hunter Barnhart,Hunter Barnhart
sa3014468,draft_2020_carson_taylor_r4p130,694930,B_name+bdate,high,Carson Taylor,Carson Taylor
sa3014470,draft_2020_carson_tucker_r1p23,691020,B_name+bdate,high,Carson Tucker,Carson Tucker
sa3014471,draft_2020_jared_kelley_r2p47,691721,B_name+bdate,high,Jared Kelley,Jared Kelley
sa3014472,draft_2020_anthony_servideo_r3p74,676545,B_name+bdate,high,Anthony Servideo,Anthony Servideo
sa3014473,draft_2020_jake_vogel_r3p100,691949,B_name+bdate,high,Jake Vogel,Jake Vogel
sa3014476,draft_2020_nick_bitsko_r1p24,691767,B_name+bdate,high,Nick Bitsko,Nick Bitsko
sa3014486,draft_2020_christian_chamberlain_r4p105,685125,B_name+bdate,high,Christian Chamberlain,Christian Chamberlain
sa3014492,draft_2020_nick_frasso_r4p106,693308,B_name+bdate,high,Nick Frasso,Nick Frasso
sa3014494,draft_2020_aaron_sabato_r1p27,693306,B_name+bdate,high,Aaron Sabato,Aaron Sabato
sa3014495,draft_2020_burl_carraway_r2p51,693310,B_name+bdate,high,Burl Carraway,Burl Carraway
sa3014496,draft_2020_kaden_polcovich_r3p78,687659,B_name+bdate,high,Kaden Polcovich,Kaden Polcovich
sa3014497,draft_2020_tyler_keenan_r4p107,671157,B_name+bdate,high,Tyler Keenan,Tyler Keenan
sa3014500,draft_2020_freddy_zamora_r2p53,668965,B_name+bdate,high,Freddy Zamora,Freddy Zamora
sa3014501,draft_2020_nick_garcia_r3p79,694356,B_name+bdate,high,Nick Garcia,Nick Garcia
sa3014502,draft_2020_werner_blakely_r4p111,690956,B_name+bdate,high,Werner Blakely,Werner Blakely
sa3014507,draft_2020_david_calabrese_r3p82,683341,B_name+bdate,high,David Calabrese,David Calabrese
sa3014508,draft_2020_dylan_maclean_r4p115,694395,B_name+bdate,high,Dylan MacLean,Dylan MacLean
sa3014509,draft_2020_koen_moreno_r5p147,691103,B_name+bdate,high,Koen Moreno,Koen Moreno
sa3014517,draft_2020_justin_lange_r1p34,694367,B_name+bdate,high,Justin Lange,Justin Lange
sa3014519,draft_2020_tekoah_roby_r3p86,694358,B_name+bdate,high,Tekoah Roby,Tekoah Roby
sa3014520,draft_2020_jeremy_wu-yelland_r4p118,695026,B_name+bdate,high,Jeremy Wu-Yelland,Jeremy Wu-Yelland
sa3014521,draft_2020_austin_hendrick_r1p12,690988,B_name+bdate,high,Austin Hendrick,Austin Hendrick
sa3014524,draft_2020_casey_martin_r3p87,676045,B_name+bdate,high,Casey Martin,Casey Martin
sa3014525,draft_2020_aj_vukovich_r4p119,691021,B_name+bdate,high,A.J. Vukovich,A.J. Vukovich
sa3014529,draft_2020_jackson_miller_r2p65,690998,B_name+bdate,high,Jackson Miller,Jackson Miller
sa3014530,draft_2020_jordan_nwogu_r3p88,685087,B_name+bdate,high,Jordan Nwogu,Jordan Nwogu
sa3014532,draft_2020_jesse_franklin_r3p97,675966,B_name+bdate,high,Jesse Franklin V,Jesse Franklin
sa3014533,draft_2019_jimmy_lewis_r2p78,683167,B_name+bdate,high,Jimmy Lewis,Jimmy Lewis
sa3014537,draft_2020_blaze_jordan_r3p89,691458,B_name+bdate,high,Blaze Jordan,Blaze Jordan
sa3014538,draft_2020_ian_bedell_r4p122,678016,B_name+bdate,high,Ian Bedell,Ian Bedell
sa3014540,draft_2020_ed_howard_r1p16,690992,B_name+bdate,high,Ed Howard,Ed Howard
sa3014541,draft_2020_ben_hernandez_r2p41,690989,B_name+bdate,high,Ben Hernandez,Ben Hernandez
sa3014542,draft_2020_nick_swiney_r2p67,676464,B_name+bdate,high,Nick Swiney,Nick Swiney
sa3014543,draft_2020_liam_norris_r3p90,691005,B_name+bdate,high,Liam Norris,Liam Norris
sa3014544,draft_2020_milan_tolentino_r4p124,675455,B_name+bdate,high,Milan Tolentino,Milan Tolentino
sa3014548,draft_2020_jimmy_glowenke_r2p68,694368,B_name+bdate,high,Jimmy Glowenke,Jimmy Glowenke
sa3014549,draft_2020_zavier_warren_r3p92,680518,B_name+bdate,high,Zavier Warren,Zavier Warren
sa3014550,draft_2020_marco_raya_r4p128,694397,B_name+bdate,high,Marco Raya,Marco Raya
sa3014675,ifa_692617,692617,B_name+bdate,high,Chih-Jung Liu,Chih-Jung Liu
sa3014676,ifa_691370,691370,B_name+bdate,high,Juan Chacon,Juan Chacon
sa3014677,ifa_691384,691384,B_name+bdate,high,Luis Perales,Luis Perales
sa3014678,ifa_691180,691180,B_name+bdate,high,Ronnier Quintero,Ronnier Quintero
sa3014679,ifa_691183,691183,B_name+bdate,high,Kevin Made,Kevin Made
sa3014681,ifa_691403,691403,B_name+bdate,high,Michel Triana,Michel Triana
sa3014683,ifa_691449,820204,B_name+bdate,high,Roberto Campos,Roberto Campos
sa3014684,draft_2020_alex_santos_ii_r2p72,691012,B_name+bdate,high,Alex Santos II,Alex Santos II
sa3014685,ifa_691184,691184,B_name+bdate,high,Dauri Lorenzo,Dauri Lorenzo
sa3014686,ifa_691179,691179,B_name+bdate,high,Erick Peña,Erick Peña
sa3014687,ifa_691186,691186,B_name+bdate,high,Arol Vera,Arol Vera
sa3014688,ifa_691269,691269,B_name+bdate,high,Adrian Placencia,Adrian Placencia
sa3014690,ifa_691191,691191,B_name+bdate,high,Jose Salas,Jose Salas
sa3014691,ifa_691588,691588,B_name+bdate,high,Ian Lewis,Ian Lewis Jr.
sa3014692,ifa_691616,691616,B_name+bdate,high,Hedbert Perez,Hedbert Perez
sa3014693,ifa_691181,691181,B_name+bdate,high,Emmanuel Rodriguez,Emmanuel Rodriguez
sa3014694,ifa_693013,693013,B_name+bdate,high,Robert Dominguez,Robert Dominguez
sa3014697,ifa_691188,691188,B_name+bdate,high,Robert Puason,Robert Puason
sa3014698,draft_2020_stevie_emanuels_r5p157,669434,B_name+bdate,high,Stevie Emanuels,Stevie Emanuels
sa3014699,ifa_696040,696040,B_name+bdate,high,Po-Yu Chen,Po-Yu Chen
sa3014702,ifa_691262,691262,B_name+bdate,high,Reginald Preciado,Reginald Preciado
sa3014703,ifa_691190,691190,B_name+bdate,high,Ismael Mena,Ismael Mena
sa3014705,ifa_691259,691259,B_name+bdate,high,Brayan Medina,Brayan Medina
sa3014706,ifa_691258,691258,B_name+bdate,high,Kristian Cardozo,Kristian Cardozo
sa3014707,ifa_692348,692348,B_name+bdate,high,Aeverson Arteaga,Aeverson Arteaga
sa3014708,ifa_691263,691263,B_name+bdate,high,Esmerlin Vinicio,Esmerlin Vinicio
sa3014709,draft_2020_tink_hence_r2p63,693311,B_name+bdate,high,Tink Hence,Tink Hence
sa3014712,ifa_691178,691178,B_name+bdate,high,Bayron Lora,Bayron Lora
sa3014713,draft_2020_cj_van_eyk_r2p42,669310,B_name+bdate,high,CJ Van Eyk,C.J. Van Eyk
sa3014714,ifa_691264,691264,B_name+bdate,high,Rikelbin De Castro,Rikelbin De Castro
sa3014715,ifa_692497,692497,B_name+bdate,high,Estiven Machado,Estiven Machado
sa3014717,draft_2020_sammy_infante_r2p71,692221,B_name+bdate,high,Sammy Infante,Sammy Infante
sa3014718,ifa_692453,692453,B_name+bdate,high,Roismar Quintana,Roismar Quintana
sa3014811,ifa_694820,694820,B_name+bdate,high,Braxton Roxby,Braxton Roxby
sa3014813,ifa_695835,695835,B_name+bdate,high,Edwin Nuñez,Edwin Núñez
sa3014814,ifa_695935,695935,B_name+bdate,high,Vin Timpanelli,Vin Timpanelli
sa3014822,draft_2020_michael_guldberg_r3p98,680671,B_name+bdate,high,Michael Guldberg,Michael Guldberg
sa3014823,draft_2019_jc_correa_r38p1156,682182,B_name+bdate,high,J.C. Correa,J.C. Correa
sa3014827,draft_2019_elijah_dunham_r40p1204,685313,B_name+bdate,high,Elijah Dunham,Elijah Dunham
sa3014834,ifa_689288,689288,B_name+bdate,high,Matt Koperniak,Matt Koperniak
sa3014847,ifa_668822,668822,B_name+bdate,high,Blake Brown,Blake Brown
sa3014857,draft_2019_carson_coleman_r33p998,679693,B_name+bdate,high,Carson Coleman,Carson Coleman
sa3014860,draft_2018_evan_reifert_r30p899,682126,B_name+bdate,high,Evan Reifert,Evan Reifert
sa3014866,ifa_688857,688857,B_name+bdate,high,Stevie Branche,Stevie Branche
sa3014871,draft_2020_ryan_murphy_r5p144,694885,B_name+bdate,high,Ryan Murphy,Ryan Murphy
sa3014907,ifa_663510,663510,B_name+bdate,high,Ben Leeper,Ben Leeper
sa3014913,draft_2019_sean_mooney_r12p359,668855,B_name+bdate,high,Sean Mooney,Sean Mooney
sa3014923,draft_2019_kyle_brnovich_r8p241,686599,B_name+bdate,high,Kyle Brnovich,Kyle Brnovich
sa3014924,draft_2020_dane_acker_r4p127,686769,B_name+bdate,high,Dane Acker,Dane Acker
sa3014935,draft_2020_zach_daniels_r4p131,671113,B_name+bdate,high,Zach Daniels,Zach Daniels
sa3014941,draft_2018_brett_auerbach_r40p1206,682266,B_name+bdate,high,Brett Auerbach,Brett Auerbach
sa3014982,draft_2020_taylor_dollard_r5p137,693440,B_name+bdate,high,Taylor Dollard,Taylor Dollard
sa3014986,ifa_688869,688869,B_name+bdate,high,Justin Dirden,Justin Dirden
sa3015010,draft_2020_adam_seminaris_r5p141,694372,B_name+bdate,high,Adam Seminaris,Adam Seminaris
sa3015034,draft_2019_trey_benton_r15p460,668998,B_name+bdate,high,Trey Benton,Trey Benton
sa3015035,draft_2019_jack_dashwood_r12p361,669081,B_name+bdate,high,Jack Dashwood,Jack Dashwood
sa3015090,ifa_674330,674330,B_name+bdate,high,Zac Cook,Zac Cook
sa3015092,ifa_692369,692369,B_name+bdate,high,Jose Davila,José Davila
sa3015112,draft_2019_chase_walter_r32p961,690425,B_name+bdate,high,Chase Walter,Chase Walter
sa3015117,ifa_694070,694070,B_name+bdate,high,Yhoswar Garcia,Yhoswar Garcia
sa3015137,ifa_673461,673461,B_name+bdate,high,Yoelqui Céspedes,Yoelqui Céspedes
sa3015151,ifa_691576,691576,B_name+bdate,high,Alejandro Hidalgo,Alejandro Hidalgo
sa3015157,ifa_692845,692845,B_name+bdate,high,Franklin Sanchez,Franklin Sanchez
sa3015158,ifa_693713,693713,B_name+bdate,high,Emiliano Teodo,Emiliano Teodo
sa3015169,ifa_691284,691284,B_name+bdate,high,Juan Corniel,Juan Corniel
sa3015176,ifa_691398,691398,B_name+bdate,high,Yerlin Confidan,Yerlin Confidan
sa3015177,ifa_691399,691399,B_name+bdate,high,Braylin Minier,Braylin Minier
sa3015178,ifa_691442,691442,B_name+bdate,high,Wilfred Veras,Wilfred Veras
sa3015179,ifa_691456,691456,B_name+bdate,high,Manuel Sequera,Manuel Sequera
sa3015182,ifa_691558,691558,B_name+bdate,high,Yeiner Fernandez,Yeiner Fernandez
sa3015188,ifa_691710,691710,B_name+bdate,high,Vincent Perozo,Vincent Perozo
sa3015190,ifa_692368,692368,B_name+bdate,high,Adrián Sugastey,Adrián Sugastey
sa3015199,draft_2020_kalai_rosario_r5p158,693850,B_name+bdate,high,Kala'i Rosario,Kala'i Rosario
sa3015202,ifa_696045,696045,B_name+bdate,high,Yosy Galan,Yosy Galan
sa3015214,ifa_692352,692352,B_name+bdate,high,Manuel Mercedes,Manuel Mercedes
sa3015216,ifa_692544,692544,B_name+bdate,high,Joe Elbis,Joe Elbis
sa3015220,ifa_694205,694205,B_name+bdate,high,Victor Lizarraga,Victor Lizarraga
sa3015223,ifa_695865,527038,B_name+bdate,high,Wilmer Flores,Wilmer Flores
sa3015234,ifa_691627,691627,B_name+bdate,high,Ricardo Olivar,Ricardo Olivar
sa3015282,ifa_692479,692479,B_name+bdate,high,Dahian  Santos,Dahian Santos
sa3015286,ifa_695776,695776,B_name+bdate,high,Josh Stephan,Josh Stephan
sa3015292,ifa_691410,672701,B_name+bdate,high,Jose Devers,Jose Devers
sa3015306,ifa_693176,693176,B_name+bdate,high,Elison Joseph,Elison Joseph
sa3015309,ifa_695960,695960,B_name+bdate,high,Joey Stock,Joey Stock
sa3015336,ifa_695996,695996,B_name+bdate,high,Juan Mendez,Juan Mendez
sa3015346,ifa_691330,691330,B_name+bdate,high,Moisés Chace,Moisés Chace
sa3015362,ifa_693750,693750,B_name+bdate,high,Yerlin Rodriguez,Yerlin Rodriguez
sa3015370,ifa_692632,692632,B_name+bdate,high,Yujanyer Herrera,Yujanyer Herrera
sa3015385,draft_2019_adrian_rodriguez_r39p1165,689583,B_name+bdate,high,Adrian Rodriguez,Adrian Rodriguez
sa3015386,ifa_691341,691341,B_name+bdate,high,Edgar Portes,Edgar Portes
sa3015414,ifa_682769,682769,B_name+bdate,high,Eiberson Castellano,Eiberson Castellano
sa3015433,ifa_691893,691893,B_name+bdate,high,Jean Cabrera,Jean Cabrera
sa3015446,ifa_692414,692414,B_name+bdate,high,Yoniel Curet,Yoniel Curet
sa3015464,ifa_693725,693725,B_name+bdate,high,Juan Nuñez,Juan Nuñez
sa3015476,ifa_694057,694057,B_name+bdate,high,Yordanny Monegro,Yordanny Monegro
sa3015483,ifa_696098,696098,B_name+bdate,high,Jose Romero,Jose Romero
sa3015489,ifa_699008,699008,B_name+bdate,high,Antwone Kelly,Antwone Kelly
sa3015496,ifa_699121,699121,B_name+bdate,high,Fernando Guanare,Fernando Guanare
sa3015500,ifa_699309,699309,B_name+bdate,high,Joel Díaz,Joel Díaz
sa3015504,ifa_700072,700072,B_name+bdate,high,Yaqui Rivera,Yaqui Rivera
sa3015506,ifa_700280,700280,B_name+bdate,high,Miguel Mendez,Miguel Mendez
sa3015534,ifa_691408,691408,B_name+bdate,high,Maick Collado,Maick Collado
sa3015542,ifa_691437,691437,B_name+bdate,high,Adrian Pinto,Adrian Pinto
sa3015579,ifa_691858,691858,B_name+bdate,high,Jared Serna,Jared Serna
sa3015590,ifa_691926,691926,B_name+bdate,high,Jeral Toledo,Jeral Toledo
sa3015610,ifa_692366,692366,B_name+bdate,high,Onil Perez,Onil Perez
sa3015611,ifa_692371,692371,B_name+bdate,high,Lizandro Espinoza,Lizandro Espinoza
sa3015623,ifa_692416,692416,B_name+bdate,high,Christian Cerda,Christian Cerda
sa3015624,ifa_692417,692417,B_name+bdate,high,Willmer De La Cruz,Willmer De La Cruz
sa3015626,ifa_692422,692422,B_name+bdate,high,Odalys Peguero,Odalys Peguero
sa3015636,ifa_692478,692478,B_name+bdate,high,Victor Arias,Victor Arias
sa3015650,ifa_692591,692591,B_name+bdate,high,Luis Mendez,Luis Mendez
sa3015665,ifa_692657,692657,B_name+bdate,high,Omar Alfonzo,Omar Alfonzo
sa3015694,ifa_694180,694180,B_name+bdate,high,Wilman Diaz,Wilman Diaz
sa3015695,ifa_694182,694182,B_name+bdate,high,Armando Cruz,Armando Cruz
sa3015696,ifa_694183,694183,B_name+bdate,high,Cristian Hernandez,Cristian Hernández
sa3015697,ifa_694184,694184,B_name+bdate,high,Cristian Santana,Cristian Santana
sa3015698,ifa_694185,694185,B_name+bdate,high,Danny De Andrade,Danny De Andrade
sa3015699,ifa_694186,694186,B_name+bdate,high,Shalin Polanco,Shalin Polanco
sa3015703,ifa_694191,694191,B_name+bdate,high,Pedro Pineda,Pedro Pineda
sa3015705,ifa_694193,694193,B_name+bdate,high,Victor Acosta,Victor Acosta
sa3015706,ifa_694197,694197,B_name+bdate,high,Angel Genao,Angel Genao
sa3015709,ifa_694201,694201,B_name+bdate,high,Abel Bastidas,Abel Bastidas
sa3015710,ifa_694202,694202,B_name+bdate,high,Manuel Beltre,Manuel Beltre
sa3015712,ifa_694204,694204,B_name+bdate,high,Maikol Hernandez,Maikol Hernández
sa3015715,ifa_694211,694211,B_name+bdate,high,Manuel Pena,Manuel Pena
sa3015717,ifa_694213,694213,B_name+bdate,high,Yemal Flores,Yemal Flores
sa3015718,ifa_694214,694214,B_name+bdate,high,Samuel Zavala,Samuel Zavala
sa3015720,ifa_694218,694218,B_name+bdate,high,Yeison Morrobel,Yeison Morrobel
sa3015725,ifa_694227,694227,B_name+bdate,high,Danyer Cueva,Danyer Cueva
sa3015727,ifa_694230,694230,B_name+bdate,high,Hendry Mendez,Hendry Mendez
sa3015737,ifa_698931,698931,B_name+bdate,high,Kevin Guerrero,Kevin Guerrero
sa3015738,ifa_698933,698933,B_name+bdate,high,Ronald Hernandez,Ronald Hernandez
sa3015777,ifa_699032,699032,B_name+bdate,high,Christian Avendano,Christian Avendano
sa3015781,ifa_699043,699043,B_name+bdate,high,Yamal Encarnacion,Yamal Encarnacion
sa3015790,ifa_699073,699073,B_name+bdate,high,Thayron Liranzo,Thayron Liranzo
sa3015798,ifa_699114,699114,B_name+bdate,high,Leo Balcazar,Leo Balcazar
sa3015800,ifa_699126,699126,B_name+bdate,high,Gregory Barrios,Gregory Barrios
sa3015802,ifa_699130,699130,B_name+bdate,high,Jadher Areinamo,Jadher Areinamo
sa3015846,ifa_700164,700164,B_name+bdate,high,Bryant Betancourt,Bryant Betancourt
sa3015856,ifa_700320,700320,B_name+bdate,high,Fidel Montero,Fidel Montero
sa3015857,ifa_700321,700321,B_name+bdate,high,Andy Perez,Andy Perez
sa3015863,ifa_700341,700341,B_name+bdate,high,Kenny Castillo,Kenny Castillo
sa3015873,ifa_702409,702409,B_name+bdate,high,Jorge Ruiz,Jorge Ruiz
sa3015931,ifa_691414,691414,B_name+bdate,high,Yorman Gómez,Yorman Gómez
sa3015952,ifa_692437,692437,B_name+bdate,high,Winston Santos,Winston Santos
sa3015974,ifa_692835,692835,B_name+bdate,high,Luis Valdez,Luis Valdez
sa3015986,ifa_693739,693739,B_name+bdate,high,Alexander Alberto,Alexander Alberto
sa3016003,ifa_695003,695003,B_name+bdate,high,Randel Clemente,Randel Clemente
sa3016018,ifa_698965,698965,B_name+bdate,high,Gerelmi Maldonado,Gerelmi Maldonado
sa3016026,ifa_699059,699059,B_name+bdate,high,Maximo Martinez,Maximo Martinez
sa3016032,ifa_699106,699106,B_name+bdate,high,Reynardo Cruz,Reynardo Cruz
sa3016052,ifa_700174,700174,B_name+bdate,high,Jordy Vargas,Jordy Vargas
sa3016056,ifa_700282,700282,B_name+bdate,high,Ricardo Yan,Ricardo Yan
sa3016065,ifa_700370,700370,B_name+bdate,high,Felipe De La Cruz,Felipe De La Cruz
sa3016066,ifa_700649,700649,B_name+bdate,high,Henry Lalane,Henry Lalane
sa3016071,ifa_702098,702098,B_name+bdate,high,Allen Facundo,Allen Facundo
sa3016084,ifa_691369,691369,B_name+bdate,high,Allan Castro,Allan Castro
sa3016144,ifa_694196,694196,B_name+bdate,high,Diego Velasquez,Diego Velasquez
sa3016145,ifa_694229,694229,B_name+bdate,high,Enderso Lira,Enderso Lira
sa3016207,ifa_692047,692047,B_name+bdate,high,Joaquin Tejada,Joaquin Tejada
sa3016226,ifa_692589,692589,B_name+bdate,high,Victor Juarez,Victor Juarez
sa3016227,ifa_692593,692593,B_name+bdate,high,Ismael Luciano,Ismael Luciano
sa3016230,ifa_692838,692838,B_name+bdate,high,Jaydenn  Estanista,Jaydenn Estanista
sa3016267,ifa_699276,699276,B_name+bdate,high,Jose Olivares,Jose Olivares
sa3016282,ifa_700322,700322,B_name+bdate,high,Keythel Key,Keythel Key
sa3016287,ifa_700365,700365,B_name+bdate,high,Yendy Gomez,Yendy Gomez
sa3016331,ifa_699076,699076,B_name+bdate,high,Juan Alonso,Juan Alonso
sa3016469,ifa_692294,692294,B_name+bdate,high,Luis Gutierrez,Luis Gutierrez
sa3016502,ifa_695316,695316,B_name+bdate,high,Jarold Rosado,Jarold Rosado
sa3016504,ifa_699044,699044,B_name+bdate,high,Miguel Ullola,Miguel Ullola
sa3016515,ifa_700169,700169,B_name+bdate,high,Bryan Perez,Bryan Perez
sa3016526,ifa_702373,702373,B_name+bdate,high,Felix Arronde,Felix Arronde
sa3016528,ifa_702436,702436,B_name+bdate,high,Luis Serna,Luis Serna
sa3016584,ifa_692013,692013,B_name+bdate,high,Henry Baez,Henry Baez
sa3016613,ifa_700167,700167,B_name+bdate,high,Bryan Mena,Bryan Mena
sa3016641,ifa_694209,694209,B_name+bdate,high,Robert Lopez,Robert Lopez
sa3016710,ifa_698934,698934,B_name+bdate,high,Jhoniel Serrano,Jhoniel Serrano
sa3016717,ifa_692044,692044,B_name+bdate,high,Luis Suisbel,Luis Suisbel
sa3016719,ifa_698927,698927,B_name+bdate,high,Edward Duran,Edward Duran
sa3016720,ifa_699061,699061,B_name+bdate,high,Rayne Doncon,Rayne Doncon
sa3016722,ifa_699115,699115,B_name+bdate,high,Carlos Jorge,Carlos Jorge
sa3016748,ifa_699214,699214,B_name+bdate,high,Leandro Lopez,Leandro Lopez
sa3016779,ifa_695930,695930,B_name+bdate,high,Frederick Bencosme,Frederick Bencosme
sa3016783,ifa_700292,700292,B_name+bdate,high,Yondrei Rojas,Yondrei Rojas
sa3016795,draft_2021_andrew_moore_r14p414,681097,B_name+bdate,high,Andrew Moore,Andrew Moore
sa3016803,draft_2021_spencer_packard_r9p264,689070,B_name+bdate,high,Spencer Packard,Spencer Packard
sa3016817,ifa_702878,702878,B_name+bdate,high,Douglas Orellana,Douglas Orellana
sa3016818,draft_2021_marcos_castanon_r12p370,676203,B_name+bdate,high,Marcos Castañon,Marcos Castanon
sa3016819,draft_2021_max_ferguson_r5p160,681132,B_name+bdate,high,Max Ferguson,Max Ferguson
sa3016833,ifa_694050,694050,B_name+bdate,high,Gabriel Reyes,Gabriel Reyes
sa3016834,ifa_694194,694194,B_name+bdate,high,Miguel Bleis,Miguel Bleis
sa3016835,ifa_696020,696020,B_name+bdate,high,Raudelis Martinez,Raudelis Martinez
sa3016841,ifa_679003,679003,B_name+bdate,high,Linse Carvajal,Linse Carvajal
sa3016843,ifa_688230,688230,B_name+bdate,high,Peyton Alford,Peyton Alford
sa3016858,draft_2021_charlie_welch_r19p564,681234,B_name+bdate,high,Charlie Welch,Charlie Welch
sa3016869,draft_2021_tyler_mcdonough_r3p75,694812,B_name+bdate,high,Tyler McDonough,Tyler McDonough
sa3016914,draft_2021_jimmy_joyce_r16p474,702460,B_name+bdate,high,Jimmy  Joyce,Jimmy Joyce
sa3016926,ifa_694673,694673,B_name+bdate,high,Abimelec  Ortiz,Abimelec Ortiz
sa3016949,ifa_702030,702030,B_name+bdate,high,Kohl Simas,Kohl Simas
sa3016955,draft_2021_tyler_hardman_r5p153,676205,B_name+bdate,high,Tyler Hardman,Tyler Hardman
sa3016959,draft_2021_caleb_roberts_r5p138,681134,B_name+bdate,high,Caleb Roberts,Caleb Roberts
sa3016961,draft_2021_corey_rosier_r12p354,681468,B_name+bdate,high,Corey Rosier,Corey Rosier
sa3016966,draft_2021_cooper_bowman_r4p122,688682,B_name+bdate,high,Cooper Bowman,Cooper Bowman
sa3016969,draft_2021_izaac_pacheco_r2p39,691789,B_name+bdate,high,Izaac Pacheco,Izaac Pacheco
sa3016972,ifa_699002,699002,B_name+bdate,high,Angel Arevalo,Angel Arevalo
sa3016976,draft_2021_benjamin_cowles_r10p303,701496,B_name+bdate,high,Benjamin Cowles,Benjamin Cowles
sa3017005,draft_2021_kevin_kopps_r3p99,667434,B_name+bdate,high,Kevin Kopps,Kevin Kopps
sa3017010,ifa_697795,697795,B_name+bdate,high,Ismael Agreda,Ismael Agreda
sa3017013,ifa_701951,701951,B_name+bdate,high,Abel Mercedes,Abel Mercedes
sa3017022,draft_2021_joshua_baez_r2p54,695491,B_name+bdate,high,Joshua Baez,Joshua Baez
sa3017036,ifa_683522,683522,B_name+bdate,high,Michael Arias,Michael Arias
sa3017044,draft_2021_alex_binelas_r3p86,681323,B_name+bdate,high,Alex Binelas,Alex Binelas
sa3017071,draft_2021_austin_smith_r18p547,694518,B_name+bdate,high,Austin Smith,Austin Smith
sa3017075,draft_2021_luke_waddell_r5p157,680672,B_name+bdate,high,Luke Waddell,Luke Waddell
sa3017080,draft_2021_cal_conley_r4p126,695462,B_name+bdate,high,Cal Conley,Cal Conley
sa3017081,draft_2021_wyatt_young_r15p442,696281,B_name+bdate,high,Wyatt Young,Wyatt Young
sa3017121,ifa_702789,702789,B_name+bdate,high,Austin  Gauthier,Austin Gauthier
sa3017123,ifa_702906,702906,B_name+bdate,high,Wilfredo Lara,Wilfredo Lara
sa3017130,draft_2021_griff_mcgarry_r5p145,676046,B_name+bdate,high,Griff McGarry,Griff McGarry
sa3017138,draft_2021_austin_vernon_r10p311,694391,B_name+bdate,high,Austin Vernon,Austin Vernon
sa3017140,draft_2021_tyson_guerrero_r12p349,694553,B_name+bdate,high,Tyson Guerrero,Tyson Guerrero
sa3017152,draft_2021_donta_williams_r4p106,676024,B_name+bdate,high,Donta' Williams,Donta' Williams
sa3017158,draft_2021_cody_morissette_r2p52,681357,B_name+bdate,high,Cody Morissette,Cody Morissette
sa3017162,draft_2021_john_rhodes_r3p76,687981,B_name+bdate,high,John Rhodes,John Rhodes
sa3017167,draft_2021_cameron_cauley_r3p73,695508,B_name+bdate,high,Cameron Cauley,Cameron Cauley
sa3017169,draft_2021_benny_montgomery_r1p8,695603,B_name+bdate,high,Benny Montgomery,Benny Montgomery
sa3017171,draft_2021_ian_moller_r4p103,695744,B_name+bdate,high,Ian Moller,Ian Moller
sa3017172,draft_2021_wes_kath_r2p57,695770,B_name+bdate,high,Wes Kath,Wes Kath
sa3017179,draft_2021_damon_keith_r18p552,701618,B_name+bdate,high,Damon Keith,Damon Keith
sa3017180,draft_2021_reed_trimble_r2p65,701655,B_name+bdate,high,Reed Trimble,Reed Trimble
sa3017196,draft_2021_andrew_baker_r11p325,687900,B_name+bdate,high,Andrew Baker,Andrew Baker
sa3017201,ifa_694298,694298,B_name+bdate,high,Nick Dombkowski,Nick Dombkowski
sa3017207,draft_2021_justin_meis_r10p283,701568,B_name+bdate,high,Justin Meis,Justin Meis
sa3017217,ifa_691405,691405,B_name+bdate,high,Juan Benjamin,Juan Benjamin
sa3017221,draft_2021_adam_zebrowski_r13p397,700845,B_name+bdate,high,Adam Zebrowski,Adam Zebrowski
sa3017277,draft_2021_trey_mcloughlin_r16p472,694381,B_name+bdate,high,Trey McLoughlin,Trey McLoughlin
sa3017282,draft_2021_vaun_brown_r10p296,673901,B_name+bdate,high,Vaun Brown,Vaun Brown
sa3017287,draft_2021_bj_murray_jr_r15p454,681230,B_name+bdate,high,BJ Murray,BJ Murray Jr.
sa3017294,draft_2021_jordan_mccants_r3p88,696291,B_name+bdate,high,Jordan McCants,Jordan McCants
sa3017295,draft_2021_james_triantos_r2p56,701649,B_name+bdate,high,James Triantos,James Triantos
sa3017301,draft_2021_gil_luna_r9p275,669431,B_name+bdate,high,"Gil Luna, Jr.",Gil Luna
sa3017303,draft_2021_ian_villers_r8p236,677351,B_name+bdate,high,Ian Villers,Ian Villers
sa3017313,draft_2021_logan_workman_r7p221,694312,B_name+bdate,high,Logan Workman,Logan Workman
sa3017314,draft_2021_william_fleming_r11p324,694389,B_name+bdate,high,William Fleming,William Fleming
sa3017319,draft_2021_patrick_halligan_r13p379,701856,B_name+bdate,high,Patrick Halligan,Patrick Halligan
sa3017321,ifa_702212,702212,B_name+bdate,high,Jordarlin Mendoza,Jordarlin Mendoza
sa3017326,draft_2021_damiano_palmegiani_r14p421,671913,B_name+bdate,high,Damiano Palmegiani,Damiano Palmegiani
sa3017328,draft_2021_mat_nelson_r1p35,680756,B_name+bdate,high,Mat Nelson,Mat Nelson
sa3017329,draft_2021_ethan_wilson_r2p49,681159,B_name+bdate,high,Ethan Wilson,Ethan Wilson
sa3017370,draft_2021_josh_crouch_r11p315,676509,B_name+bdate,high,Josh Crouch,Josh Crouch
sa3017376,draft_2021_tyler_whitaker_r3p87,696264,B_name+bdate,high,Tyler Whitaker,Tyler Whitaker
sa3017383,draft_2021_garrett_hawkins_r9p280,678184,B_name+bdate,high,Garrett Hawkins,Garrett Hawkins
sa3017385,draft_2021_ryan_cusick_r1p24,680743,B_name+bdate,high,Ryan Cusick,Ryan Cusick
sa3017389,ifa_685481,685481,B_name+bdate,high,Moises Rodriguez,Moises Rodriguez
sa3017394,draft_2021_luca_tresh_r17p499,681123,B_name+bdate,high,Luca Tresh,Luca Tresh
sa3017395,draft_2021_justice_thompson_r6p180,681142,B_name+bdate,high,Justice Thompson,Justice Thompson
sa3017396,draft_2021_jose_torres_r3p89,686958,B_name+bdate,high,Jose Torres,Jose Torres
sa3017403,draft_2021_jay_allen_r1p30,695481,B_name+bdate,high,Jay Allen II,Jay Allen
sa3017429,draft_2021_jordan_viars_r3p84,701833,B_name+bdate,high,Jordan Viars,Jordan Viars
sa3017464,draft_2021_donovan_benoit_r10p300,687630,B_name+bdate,high,Donovan Benoit,Donovan Benoit
sa3017468,ifa_694195,694195,B_name+bdate,high,Norge Vera,Norge Vera
sa3017480,ifa_694181,694181,B_name+bdate,high,Carlos Colmenarez,Carlos Colmenarez
sa3017510,draft_2021_christian_franklin_r4p123,681047,B_name+bdate,high,Christian Franklin,Christian Franklin
sa3017512,draft_2021_noah_miller_r1p36,695653,B_name+bdate,high,Noah Miller,Noah Miller
sa3017513,draft_2021_kahlil_watson_r1p16,696135,B_name+bdate,high,Kahlil Watson,Kahlil Watson
sa3017530,draft_2021_christopher_troye_r12p346,671220,B_name+bdate,high,Christopher Troye,Christopher Troye
sa3017536,draft_2021_carlos_tavera_r5p137,679857,B_name+bdate,high,Carlos Tavera,Carlos Tavera
sa3017539,draft_2021_wyatt_olds_r7p196,681544,B_name+bdate,high,Wyatt Olds,Wyatt Olds
sa3017548,draft_2021_justin_armbruester_r12p347,701859,B_name+bdate,high,Justin Armbruester,Justin Armbruester
sa3017550,draft_2021_alex_pham_r19p557,702129,B_name+bdate,high,Alex Pham,Alex Pham
sa3017562,draft_2021_creed_willems_r8p227,695735,B_name+bdate,high,Creed Willems,Creed Willems
sa3017592,draft_2021_luke_albright_r6p168,681475,B_name+bdate,high,Luke Albright,Luke Albright
sa3017593,draft_2021_jake_rice_r9p258,687095,B_name+bdate,high,Jake Rice,Jake Rice
sa3017602,ifa_703106,703106,B_name+bdate,high,Ricardo Velez,Ricardo Velez
sa3017609,draft_2021_austin_love_r3p90,676153,B_name+bdate,high,Austin Love,Austin Love
sa3017610,draft_2021_dustin_saenz_r4p112,685010,B_name+bdate,high,Dustin Saenz,Dustin Saenz
sa3017620,ifa_703142,703142,B_name+bdate,high,Andy Rodriguez,Andy Rodriguez
sa3017624,draft_2021_noah_cardenas_r8p249,681433,B_name+bdate,high,Noah Cardenas,Noah Cardenas
sa3017628,draft_2021_lonnie_white_jr_r2p64,696145,B_name+bdate,high,Lonnie White Jr.,Lonnie White Jr.
sa3017640,draft_2021_hunter_parks_r8p240,688609,B_name+bdate,high,Hunter Parks,Hunter Parks
sa3017645,ifa_703148,703148,B_name+bdate,high,Raimon Gomez,Raimon Gomez
sa3017653,draft_2021_luke_murphy_r4p110,684665,B_name+bdate,high,Luke Murphy,Luke Murphy
sa3017661,draft_2021_logan_cerny_r10p295,681488,B_name+bdate,high,Logan Cerny,Logan Cerny
sa3017665,draft_2021_aaron_zavala_r2p38,701648,B_name+bdate,high,Aaron Zavala,Aaron Zavala
sa3017685,draft_2021_mason_erla_r17p501,680451,B_name+bdate,high,Mason Erla,Mason Erla
sa3017686,draft_2021_keagan_gillies_r15p437,687482,B_name+bdate,high,Keagan Gillies,Keagan Gillies
sa3017697,draft_2021_tj_white_r5p143,695604,B_name+bdate,high,T.J. White,T.J. White
sa3017720,draft_2021_thomas_farr_r5p150,686671,B_name+bdate,high,Thomas Farr,Thomas Farr
sa3017734,draft_2021_jake_fox_r3p95,695780,B_name+bdate,high,Jake Fox,Jake Fox
sa3017770,draft_2021_gavin_conticello_r8p228,695521,B_name+bdate,high,Gavin Conticello,Gavin Conticello
sa3017778,draft_2021_dennis_boatman_r17p510,677323,B_name+bdate,high,Dennis Boatman,Dennis Boatman
sa3017780,draft_2021_evan_shawver_r7p200,686900,B_name+bdate,high,Evan Shawver,Evan Shawver
sa3017782,draft_2021_maddux_bruns_r1p29,691772,B_name+bdate,high,Maddux Bruns,Maddux Bruns
sa3017783,draft_2021_michael_morales_r3p83,691786,B_name+bdate,high,Michael Morales,Michael Morales
sa3017791,draft_2021_mason_auer_r5p161,687020,B_name+bdate,high,Mason Auer,Mason Auer
sa3017792,draft_2021_ryan_spikes_r3p100,691797,B_name+bdate,high,Ryan Spikes,Ryan Spikes
sa3017793,draft_2021_cooper_kinney_r1p34,695692,B_name+bdate,high,Cooper Kinney,Cooper Kinney
sa3017821,draft_2021_jose_pena_r6p175,700247,B_name+bdate,high,Jose Pena,Jose Pena
sa3017822,draft_2021_connor_cooke_r10p302,701566,B_name+bdate,high,Connor Cooke,Connor Cooke
sa3017844,draft_2021_will_bednar_r1p14,687218,B_name+bdate,high,Will Bednar,Will Bednar
sa3017847,draft_2021_mason_albright_r12p351,695476,B_name+bdate,high,Mason Albright,Mason Albright
sa3017848,draft_2021_rj_petit_r14p405,696275,B_name+bdate,high,RJ Petit,RJ Petit
sa3017860,draft_2021_micah_ottenbreit_r4p114,695648,B_name+bdate,high,Micah Ottenbreit,Micah Ottenbreit
sa3017867,draft_2021_nick_zwack_r17p502,686873,B_name+bdate,high,Nick Zwack,Nick Zwack
sa3017873,draft_2021_zac_leigh_r16p484,684949,B_name+bdate,high,Zac Leigh,Zac Leigh
sa3017874,draft_2021_matt_mikulski_r2p50,694392,B_name+bdate,high,Matt Mikulski,Matt Mikulski
sa3017879,draft_2021_kevin_abel_r7p210,674265,B_name+bdate,high,Kevin Abel,Kevin Abel
sa3017882,draft_2021_mat_olsen_r9p266,695296,B_name+bdate,high,Mat Olsen,Mat Olsen
sa3017896,draft_2021_christian_mcgowan_r7p205,694909,B_name+bdate,high,Christian McGowan,Christian McGowan
sa3017913,draft_2021_landon_marceaux_r3p80,669465,B_name+bdate,high,Landon Marceaux,Landon Marceaux
sa3017921,draft_2021_quinton_low_r13p387,701703,B_name+bdate,high,Quinton Low,Quinton Low
sa3017936,draft_2021_peter_heubeck_r3p101,695646,B_name+bdate,high,Peter Heubeck,Peter Heubeck
sa3017950,draft_2021_brock_selvidge_r3p92,691795,B_name+bdate,high,Brock Selvidge,Brock Selvidge
sa3017964,draft_2021_drew_gray_r3p93,695645,B_name+bdate,high,Drew Gray,Drew Gray
sa3017965,draft_2021_eric_silva_r4p115,696150,B_name+bdate,high,Eric Silva,Eric Silva
sa3017976,draft_2021_jacob_steinmetz_r3p77,700255,B_name+bdate,high,Jacob Steinmetz,Jacob Steinmetz
sa3017992,draft_2021_alec_willis_r7p211,701650,B_name+bdate,high,Alec Willis,Alec Willis
sa3018004,draft_2021_blake_beers_r19p578,676275,B_name+bdate,high,Blake Beers,Blake Beers
sa3018005,draft_2021_christian_macleod_r5p159,681306,B_name+bdate,high,Christian MacLeod,Christian MacLeod
sa3018032,ifa_703620,703620,B_name+bdate,high,Alvaro Benua,Alvaro Benua
sa3018112,draft_2021_davis_sharpe_r13p396,681571,B_name+bdate,high,Davis Sharpe,Davis Sharpe
sa3018117,draft_2021_tyler_mattison_r4p104,694331,B_name+bdate,high,Tyler Mattison,Tyler Mattison
sa3018138,draft_2021_chandler_champlain_r9p273,669441,B_name+bdate,high,Chandler Champlain,Chandler Champlain
sa3018139,draft_2021_trenton_denholm_r14p426,671143,B_name+bdate,high,Trenton Denholm,Trenton Denholm
sa3018140,draft_2021_tommy_mace_r2p69,676390,B_name+bdate,high,Tommy Mace,Tommy Mace
sa3018142,draft_2021_calvin_ziegler_r2p46,683349,B_name+bdate,high,Calvin Ziegler,Calvin Ziegler
sa3018148,draft_2021_hunter_stanley_r11p336,701533,B_name+bdate,high,Hunter Stanley,Hunter Stanley
sa3018169,draft_2021_jack_leftwich_r7p216,676393,B_name+bdate,high,Jack Leftwich,Jack Leftwich
sa3018174,ifa_800018,800018,B_name+bdate,high,Chen Zhong-Ao  Zhuang,Chen Zhong-Ao Zhuang
sa3018177,draft_2021_steven_hajjar_r2p61,680727,B_name+bdate,high,Steven Hajjar,Steven Hajjar
sa3018184,draft_2021_javi_rivera_r20p600,695373,B_name+bdate,high,Javi Rivera,Javi Rivera
sa3018191,draft_2021_russell_smith_r2p51,669080,B_name+bdate,high,Russell Smith,Russell Smith
sa3018206,draft_2021_madison_jeffrey_r15p462,686700,B_name+bdate,high,Madison Jeffrey,Madison Jeffrey
sa3018215,ifa_701010,701010,B_name+bdate,high,Roque Salinas,Roque Salinas
sa3018229,draft_2021_tyler_thornton_r17p516,696263,B_name+bdate,high,Tyler Thornton,Tyler Thornton
sa3018242,draft_2021_frank_mozzicato_r1p7,700924,B_name+bdate,high,Frank Mozzicato,Frank Mozzicato
sa3018250,draft_2020_jack_hartman_r4p108,689713,B_name+bdate,high,Jack Hartman,Jack Hartman
sa3018253,draft_2021_ben_kudrna_r2p43,695667,B_name+bdate,high,Ben Kudrna,Ben Kudrna
sa3018257,draft_2021_shane_panzini_r4p108,695556,B_name+bdate,high,Shane Panzini,Shane Panzini
sa3018259,draft_2021_anthony_solometo_r2p37,696143,B_name+bdate,high,Anthony Solometo,Anthony Solometo
sa3018276,ifa_700287,700287,B_name+bdate,high,Alfredo Zarraga,Alfredo Zarraga
sa3018287,ifa_691439,691439,B_name+bdate,high,Angel Jimenez,Angel Jimenez
sa3018303,ifa_702905,702905,B_name+bdate,high,Reynaldo Yean,Reynaldo Yean
sa3018312,ifa_800017,800017,B_name+bdate,high,Jose Montero,Jose Montero
sa3018326,ifa_800321,800321,B_name+bdate,high,Raimy Rodriguez,Raimy Rodriguez
sa3018331,ifa_800425,800425,B_name+bdate,high,Maikel Hernandez,Maikel Hernandez
sa3018332,ifa_800436,800436,B_name+bdate,high,Luichi Casilla,Luichi Casilla
sa3018351,ifa_802068,802068,B_name+bdate,high,Kendeglys Virguez,Kendeglys Virguez
sa3018387,ifa_694170,694170,B_name+bdate,high,Dyan Jorge,Dyan Jorge
sa3018389,ifa_694217,694217,B_name+bdate,high,Willy Fanas,Willy Fanas
sa3018391,ifa_698902,698902,B_name+bdate,high,Diego Benitez,Diego Benitez
sa3018393,ifa_698916,698916,B_name+bdate,high,Rosman Verdugo,Rosman Verdugo
sa3018397,ifa_700731,700731,B_name+bdate,high,Keiner Delgado,Keiner Delgado
sa3018399,ifa_702693,702693,B_name+bdate,high,Jaison Chourio,Jaison Chourio
sa3018403,ifa_703143,703143,B_name+bdate,high,Cristhian Vaquero,Cristhian Vaquero
sa3018406,ifa_703152,703152,B_name+bdate,high,Anthony Gutierrez,Anthony Gutierrez
sa3018407,ifa_703153,703153,B_name+bdate,high,Samuel Munoz,Samuel Munoz
sa3018408,ifa_703154,703154,B_name+bdate,high,Yordany De Los Santos,Yordany De Los Santos
sa3018409,ifa_703155,703155,B_name+bdate,high,Lazaro Montes,Lazaro Montes
sa3018411,ifa_703158,703158,B_name+bdate,high,Jonathan Mejia,Jonathan Mejía
sa3018413,ifa_703161,703161,B_name+bdate,high,Alexis Hernandez,Alexis Hernandez
sa3018414,ifa_703175,703175,B_name+bdate,high,Freili Encarnacion,Freili Encarnacion
sa3018415,ifa_703177,703177,B_name+bdate,high,Jhonny Severino,Jhonny Severino
sa3018418,ifa_703180,703180,B_name+bdate,high,Yendry Rojas,Yendry Rojas
sa3018423,ifa_703189,703189,B_name+bdate,high,Luis Meza,Luis Meza
sa3018425,ifa_703191,703191,B_name+bdate,high,Yilber Herrera,Yilber Herrera
sa3018430,ifa_703198,703198,B_name+bdate,high,Kenni Gomez,Kenni Gomez
sa3018433,ifa_703202,703202,B_name+bdate,high,Leandro Arias,Leandro Arias
sa3018439,ifa_703861,703861,B_name+bdate,high,Victor Ortega,Victor Ortega
sa3018455,ifa_800149,800149,B_name+bdate,high,Carlos Pacheco,Carlos Pacheco
sa3018463,ifa_800169,800169,B_name+bdate,high,Aroon Escobar,Aroon Escobar
sa3018465,ifa_800176,800176,B_name+bdate,high,Carlos Sanchez,Carlos Sanchez
sa3018468,ifa_800185,800185,B_name+bdate,high,Ruben Santana,Ruben Santana
sa3018470,ifa_800188,800188,B_name+bdate,high,Dario Laverde,Dario Laverde
sa3018472,ifa_800193,800193,B_name+bdate,high,Kelvin Hidalgo,Kelvin Hidalgo
sa3018473,ifa_800194,800194,B_name+bdate,high,Capri Ortiz,Capri Ortiz
sa3018474,ifa_800197,800197,B_name+bdate,high,Richard Ramirez,Richard Ramirez
sa3018477,ifa_800204,800204,B_name+bdate,high,Derek Bernard,Derek Bernard
sa3018479,ifa_800206,800206,B_name+bdate,high,Yerald Nin,Yerald Nin
sa3018480,ifa_800208,800208,B_name+bdate,high,Axiel Plaz,Axiel Plaz
sa3018481,ifa_800209,800209,B_name+bdate,high,Estuar Suero,Estuar Suero
sa3018482,ifa_800232,800232,B_name+bdate,high,Luis Baez,Luis Baez
sa3018494,ifa_800276,800276,B_name+bdate,high,Juan Villavicencio,Juan Villavicencio
sa3018495,ifa_800281,800281,B_name+bdate,high,Roynier Hernandez,Roynier Hernandez
sa3018497,ifa_800285,800285,B_name+bdate,high,Enmanuel Tejeda,Enmanuel Tejeda
sa3018499,ifa_800289,800289,B_name+bdate,high,Dangelo  Sarmiento,Dangelo Sarmiento
sa3018501,ifa_800294,800294,B_name+bdate,high,Waner Luciano,Waner Luciano
sa3018505,ifa_800302,800302,B_name+bdate,high,Mairoshendrick Martinus,Mairoshendrick Martinus
sa3018507,ifa_800305,800305,B_name+bdate,high,Jesus Baez,Jesús  Báez
sa3018508,ifa_800306,800306,B_name+bdate,high,Jansel Luis,Jansel Luis
sa3018514,ifa_800325,800325,B_name+bdate,high,Luis Lara,Luis Lara
sa3018525,ifa_800345,800345,B_name+bdate,high,Juan Baez,Juan Baez
sa3018546,ifa_800387,800387,B_name+bdate,high,Fernando Peguero,Fernando Peguero
sa3018549,ifa_800393,800393,B_name+bdate,high,Yeremy Cabrera,Yeremy Cabrera
sa3018552,ifa_800406,800406,B_name+bdate,high,Aron Estrada,Aron Estrada
sa3018557,ifa_800419,800419,B_name+bdate,high,Jeral Perez,Jeral Perez
sa3018558,ifa_800421,800421,B_name+bdate,high,Marvin Alcantara,Marvin Alcantara
sa3018560,ifa_800424,800424,B_name+bdate,high,Oswaldo Osorio,Oswaldo Osorio
sa3018562,ifa_800434,800434,B_name+bdate,high,Jose Alpuria,Jose Alpuria
sa3018565,ifa_800448,800448,B_name+bdate,high,Echedry Vargas,Echedry Vargas
sa3018566,ifa_800449,800449,B_name+bdate,high,Thomas Sosa,Thomas Sosa
sa3018571,ifa_800473,800473,B_name+bdate,high,Jefferson Rojas,Jefferson Rojas
sa3018575,ifa_800492,800492,B_name+bdate,high,Roni Cabrera,Roni Cabrera
sa3018576,ifa_800503,800503,B_name+bdate,high,Enderson Delgado,Enderson Delgado
sa3018580,ifa_800508,800508,B_name+bdate,high,Franyerber Montilla,Franyerber Montilla
sa3018582,ifa_800516,819062,B_name+bdate,high,Alberto Hernandez,Alberto Hernandez
sa3018584,ifa_800522,800522,B_name+bdate,high,Josue Briceño,Josue Briceño
sa3018591,ifa_800543,800543,B_name+bdate,high,Josue De Paula,Josue De Paula
sa3018595,ifa_800569,800569,B_name+bdate,high,Alberto Barriga,Alberto Barriga
sa3018611,ifa_801276,801276,B_name+bdate,high,Juan Matheus,Juan Matheus
sa3018614,ifa_801523,801523,B_name+bdate,high,Chris Suero,Chris Suero
sa3018619,ifa_802018,802018,B_name+bdate,high,Ryan Burrowes,Ryan Burrowes
sa3018630,ifa_803433,803433,B_name+bdate,high,Antony Peguero,Antony Peguero
sa3018632,ifa_804614,804614,B_name+bdate,high,Marco Vargas,Marco Vargas
sa3018638,ifa_805052,805052,B_name+bdate,high,Jesus Lopez,Jesus Lopez
sa3018644,ifa_805102,805102,B_name+bdate,high,Byron Chourio,Byron Chourio
sa3018645,ifa_805103,805103,B_name+bdate,high,Jose Gerardo,Jose Gerardo
sa3018801,draft_2021_owen_kellington_r4p102,701685,B_name+bdate,high,Owen Kellington,Owen Kellington
sa3018802,draft_2021_joseph_montalvo_r20p584,702477,B_name+bdate,high,Joseph Montalvo,Joseph Montalvo
sa3018808,ifa_703186,703186,B_name+bdate,high,Jarlin Susana,Jarlin Susana
sa3018859,ifa_800452,800452,B_name+bdate,high,Jose Chirinos,Jose Chirinos
sa3018867,ifa_800537,800537,B_name+bdate,high,Christian Zazueta,Christian Zazueta
sa3018870,ifa_801219,801219,B_name+bdate,high,Alfred Morillo,Alfred Morillo
sa3018898,ifa_803370,803370,B_name+bdate,high,Richard Fernandez,Richard Fernandez
sa3018938,ifa_800198,800198,B_name+bdate,high,Cristofer Torin,Cristofer Torin
sa3018950,ifa_800316,800316,B_name+bdate,high,Alexander Albertus,Alexander Albertus
sa3018959,ifa_800444,800444,B_name+bdate,high,Nikau Pouaka-Grego,Nikau Pouaka-Grego
sa3019048,ifa_702431,702431,B_name+bdate,high,Juan Amarante,Juan Amarante
sa3019094,ifa_800401,800401,B_name+bdate,high,Aneudi Escanio,Aneudi Escanio
sa3019118,ifa_702784,702784,B_name+bdate,high,Angel Benitez,Angel Benitez
sa3019119,ifa_702881,702881,B_name+bdate,high,Aldrin Batista,Aldrin Batista
sa3019123,ifa_703242,703242,B_name+bdate,high,Anyer Laureano,Anyer Laureano
sa3019147,ifa_800283,800283,B_name+bdate,high,Enrique Segura,Enrique Segura
sa3019153,ifa_800338,800338,B_name+bdate,high,Franklin Gomez,Franklin Gómez
sa3019204,ifa_800139,800139,B_name+bdate,high,Reylin Perez,Reylin Perez
sa3019239,draft_2021_irv_carter_r5p152,691774,B_name+bdate,high,Irv Carter,Irv Carter
sa3019247,ifa_702873,702873,B_name+bdate,high,Hansel Rosario,Hansel Rosario
sa3019255,ifa_800067,800067,B_name+bdate,high,Jose Fleury,Jose Fleury
sa3019261,ifa_800154,800154,B_name+bdate,high,Marcos Herrera,Marcos Herrera
sa3019265,ifa_800286,800286,B_name+bdate,high,Wellington Aracena,Wellington Aracena
sa3019268,ifa_800320,800320,B_name+bdate,high,Leonel Sequera,Leonel Sequera
sa3019269,ifa_800324,800324,B_name+bdate,high,Luis Cohen,Luis Cohen
sa3019270,ifa_800344,800344,B_name+bdate,high,Sean Paul Liñan,Sean Paul Liñan
sa3019278,ifa_801179,801179,B_name+bdate,high,Yu-Min Lin,Yu-Min Lin
sa3019283,ifa_801725,801725,B_name+bdate,high,Luis De León,Luis De León
sa3019367,ifa_702910,702910,B_name+bdate,high,Jhancarlos  Lara,Jhancarlos Lara
sa3019370,ifa_703921,703921,B_name+bdate,high,Chalniel Arias,Chalniel Arias
sa3019374,ifa_800212,800212,B_name+bdate,high,Francis Pena,Francis Peña
sa3019380,ifa_800439,800439,B_name+bdate,high,Omar Gonzalez,Omar Gonzalez
sa3019386,ifa_800571,800571,B_name+bdate,high,Santiago Suarez,Santiago Suarez
sa3019390,ifa_801739,801739,B_name+bdate,high,Carlos Lagrange,Carlos Lagrange
sa3019396,ifa_804522,804522,B_name+bdate,high,Wilmy Sanchez,Wilmy Sanchez
sa3019401,ifa_703192,703192,B_name+bdate,high,Abdias De La Cruz,Abdias De La Cruz
sa3019431,ifa_800239,800239,B_name+bdate,high,Sabier Marte,Sabier Marte
sa3019465,ifa_800195,800195,B_name+bdate,high,Jorgelys Mota,Jorgelys Mota
sa3019520,ifa_800471,800471,B_name+bdate,high,Franyer Herrera,Franyer Herrera
sa3019526,ifa_800231,800231,B_name+bdate,high,Won-Bin Cho,Won-Bin Cho
sa3019549,ifa_800514,800514,B_name+bdate,high,Carlos Espinosa,Carlos Espinosa
sa3019557,ifa_703160,703160,B_name+bdate,high,Yasser Mercedes,Yasser Mercedes
sa3019566,ifa_805615,805615,B_name+bdate,high,Yeri Perez,Yeri Perez
sa3019599,ifa_805699,805699,B_name+bdate,high,Yeiber Cartaya,Yeiber Cartaya
sa3019612,ifa_801737,801737,B_name+bdate,high,Liomar Martinez,Liomar Martinez
sa3019615,ifa_805694,805694,B_name+bdate,high,Juan Bello,Juan Bello
sa3019637,ifa_805175,805175,B_name+bdate,high,Davis Polo,Davis Polo
sa3019638,ifa_703200,703200,B_name+bdate,high,Yoffry Solano,Yoffry Solano
sa3019643,ifa_800277,800277,B_name+bdate,high,Yordy Herrera,Yordy Herrera
sa3019644,ifa_802086,802086,B_name+bdate,high,Ovis Portes,Ovis Portes
sa3019658,ifa_702445,702445,B_name+bdate,high,Luis German,Luis Germán
sa3019674,ifa_703149,703149,B_name+bdate,high,Roderick Arias,Roderick Arias
sa3019685,ifa_800180,800180,B_name+bdate,high,Douglas Glod,Douglas Glod
sa3019722,ifa_703156,433592,B_name+bdate,high,Tony Blanco Jr.,Tony Blanco Jr.
sa3019774,ifa_805871,805871,B_name+bdate,high,Joel Hurtado,Joel Hurtado
sa3019818,draft_2019_anders_tolhurst_r23p687,689434,B_name+bdate,high,Anders Tolhurst,Anders Tolhurst
sa3019825,draft_2022_jacob_berry_r1p6,694351,B_name+bdate,high,Jacob Berry,Jacob Berry
sa3019833,draft_2022_dale_stanavich_r8p232,689359,B_name+bdate,high,Dale Stanavich,Dale Stanavich
sa3019859,draft_2022_ivan_melendez_r2p43,699471,B_name+bdate,high,Ivan Melendez,Ivan Melendez
sa3019889,draft_2022_hayden_dunhurst_r6p175,683095,B_name+bdate,high,Hayden Dunhurst,Hayden Dunhurst
sa3019891,draft_2022_kevin_kilpatrick_jr_r17p515,687201,B_name+bdate,high,Kevin Kilpatrick Jr.,Kevin Kilpatrick Jr
sa3019895,ifa_694222,694222,B_name+bdate,high,Ambioris Tavarez,Ambioris Tavarez
sa3019906,draft_2022_javier_vaz_r15p445,805834,B_name+bdate,high,Javier Vaz,Javier Vaz
sa3019922,draft_2022_jack_brannigan_r3p83,687394,B_name+bdate,high,Jack Brannigan,Jack Brannigan
sa3019923,draft_2022_eric_brown_jr_r1p27,687521,B_name+bdate,high,Eric Brown Jr.,Eric Brown Jr.
sa3019924,draft_2022_matthew_wood_r4p132,687783,B_name+bdate,high,Matthew Wood,Matthew Wood
sa3019927,draft_2022_ben_metzinger_r7p222,690902,B_name+bdate,high,Ben Metzinger,Ben Metzinger
sa3019928,draft_2022_robert_moore_r2p72,691001,B_name+bdate,high,Robert Moore,Robert Moore
sa3019932,draft_2022_logan_wagner_r6p195,702488,B_name+bdate,high,Logan Wagner,Logan Wagner
sa3019934,draft_2022_jacob_burke_r11p341,804240,B_name+bdate,high,Jacob Burke,Jacob Burke
sa3019942,draft_2022_jud_fabian_r2p67,682983,B_name+bdate,high,Jud Fabian,Jud Fabian
sa3019964,draft_2022_david_mccabe_r4p125,678173,B_name+bdate,high,David McCabe,David McCabe
sa3019967,draft_2022_danny_serretti_r6p177,681400,B_name+bdate,high,Danny Serretti,Danny Serretti
sa3019972,draft_2022_clark_elliott_r2p69,686499,B_name+bdate,high,Clark Elliott,Clark Elliott
sa3019975,draft_2022_brett_barrera_r8p250,686941,B_name+bdate,high,Brett Barrera,Brett Barrera
sa3019976,draft_2022_silas_ardoin_r4p107,686976,B_name+bdate,high,Silas Ardoin,Silas Ardoin
sa3019978,draft_2022_nathan_martorella_r5p150,687210,B_name+bdate,high,Nathan Martorella,Nathan Martorella
sa3019985,draft_2022_gavin_cross_r1p9,688457,B_name+bdate,high,Gavin Cross,Gavin Cross
sa3019987,draft_2022_anthony_hall_r4p130,689141,B_name+bdate,high,Anthony Hall,Anthony Hall
sa3019990,draft_2022_peyton_graham_r2p51,689931,B_name+bdate,high,Peyton Graham,Peyton Graham
sa3019996,draft_2022_cayden_wallace_r2p49,691024,B_name+bdate,high,Cayden Wallace,Cayden Wallace
sa3020009,draft_2022_tanner_schobel_r2p68,802355,B_name+bdate,high,Tanner Schobel,Tanner Schobel
sa3020079,draft_2022_tj_brock_r6p188,697813,B_name+bdate,high,T.J. Brock,T.J. Brock
sa3020102,ifa_806611,806611,B_name+bdate,high,Jancel Villarroel,Jancel Villarroel
sa3020111,draft_2022_jacob_miller_r2p46,702571,B_name+bdate,high,Jacob Miller,Jacob Miller
sa3020117,draft_2022_logan_tanner_r2p55,683091,B_name+bdate,high,Logan Tanner,Logan Tanner
sa3020126,draft_2022_ryan_clifford_r11p343,691775,B_name+bdate,high,Ryan Clifford,Ryan Clifford
sa3020131,draft_2022_cam_collier_r1p18,702253,B_name+bdate,high,Cam Collier,Cam Collier
sa3020132,draft_2022_tucker_toman_r2p77,702283,B_name+bdate,high,Tucker Toman,Tucker Toman
sa3020133,draft_2022_haydn_mcgeary_r15p443,702333,B_name+bdate,high,Haydn McGeary,Haydn McGeary
sa3020134,draft_2022_jett_williams_r1p14,702518,B_name+bdate,high,Jett Williams,Jett Williams
sa3020135,draft_2022_luke_adams_r12p372,702726,B_name+bdate,high,Luke Adams,Luke Adams
sa3020171,draft_2022_tyler_woessner_r6p192,681216,B_name+bdate,high,Tyler Woessner,Tyler Woessner
sa3020185,ifa_805990,805990,B_name+bdate,high,Grant Kipp,Grant Kipp
sa3020190,draft_2022_brock_jones_r2p65,677342,B_name+bdate,high,Brock Jones,Brock Jones
sa3020194,draft_2022_dominic_keegan_r4p134,681371,B_name+bdate,high,Dominic Keegan,Dominic Keegan
sa3020196,draft_2022_cade_doughty_r2p78,683103,B_name+bdate,high,Cade Doughty,Cade Doughty
sa3020199,draft_2022_cade_hunter_r5p153,687192,B_name+bdate,high,Cade Hunter,Cade Hunter
sa3020201,draft_2022_kamren_james_r16p494,687553,B_name+bdate,high,Kamren James,Kamren James
sa3020203,draft_2022_josh_kasevich_r2p60,688460,B_name+bdate,high,Josh Kasevich,Josh Kasevich
sa3020204,draft_2022_ryan_cermak_r2p71,688714,B_name+bdate,high,Ryan Cermak,Ryan Cermak
sa3020210,draft_2022_elijah_green_r1p5,701327,B_name+bdate,high,Elijah Green,Elijah Green
sa3020214,draft_2022_termarr_johnson_r1p4,702261,B_name+bdate,high,Termarr Johnson,Termarr Johnson
sa3020216,draft_2022_mikey_romero_r1p24,702540,B_name+bdate,high,Mikey Romero,Mikey Romero
sa3020217,draft_2022_brenner_cox_r4p111,702685,B_name+bdate,high,Brenner Cox,Brenner Cox
sa3020220,draft_2022_dylan_orae_r3p102,802506,B_name+bdate,high,Dylan O'Rae,Dylan O'Rae
sa3020221,draft_2022_bryan_rincon_r14p422,804858,B_name+bdate,high,Bryan Rincon,Bryan Rincon
sa3020256,draft_2022_liam_simon_r5p166,687216,B_name+bdate,high,Liam Simon,Liam Simon
sa3020264,draft_2022_tyler_stuart_r6p179,701603,B_name+bdate,high,Tyler Stuart,Tyler Stuart
sa3020279,draft_2022_lamar_king_jr_r4p120,702601,B_name+bdate,high,Lamar King Jr.,Lamar King Jr.
sa3020280,draft_2022_cutter_coffey_r2p41,702690,B_name+bdate,high,Cutter Coffey,Cutter Coffey
sa3020281,draft_2022_emaarion_boyd_r11p332,702708,B_name+bdate,high,Emaarion Boyd,Emaarion Boyd
sa3020312,"draft_2022_marquis_grissom,_jr_r13p381",671726,B_name+bdate,high,Marquis Grissom Jr.,"Marquis Grissom, Jr."
sa3020321,draft_2022_cy_nielson_r8p230,686951,B_name+bdate,high,Cy Nielson,Cy Nielson
sa3020323,draft_2022_bryce_hubbart_r3p94,687114,B_name+bdate,high,Bryce Hubbart,Bryce Hubbart
sa3020324,draft_2022_marcus_johnson_r4p112,687189,B_name+bdate,high,Marcus Johnson,Marcus Johnson
sa3020328,draft_2022_cade_halemanu_r10p314,702118,B_name+bdate,high,Cade Halemanu,Cade Halemanu
sa3020330,draft_2022_owen_murphy_r1p20,702566,B_name+bdate,high,Owen Murphy,Owen Murphy
sa3020336,ifa_804556,804556,B_name+bdate,high,Braden Nett,Braden Nett
sa3020353,draft_2022_ben_ross_r5p144,805346,B_name+bdate,high,Ben Ross,Ben Ross
sa3020382,draft_2022_blake_burkhalter_r2p76,686628,B_name+bdate,high,Blake Burkhalter,Blake Burkhalter
sa3020388,draft_2022_mason_adams_r13p401,690279,B_name+bdate,high,Mason Adams,Mason Adams
sa3020389,draft_2022_shane_murphy_r14p431,690294,B_name+bdate,high,Shane Murphy,Shane Murphy
sa3020392,draft_2022_dylan_ray_r4p108,691009,B_name+bdate,high,Dylan Ray,Dylan Ray
sa3020397,draft_2022_seth_keller_r6p185,702605,B_name+bdate,high,Seth Keller,Seth Keller
sa3020402,draft_2022_spencer_giesting_r11p318,801517,B_name+bdate,high,Spencer Giesting,Spencer Giesting
sa3020407,draft_2022_jack_choate_r9p286,805257,B_name+bdate,high,Jack Choate,Jack Choate
sa3020408,draft_2022_jake_miller_r8p237,805725,B_name+bdate,high,Jake Miller,Jake Miller
sa3020415,draft_2022_max_wagner_r2p42,694484,B_name+bdate,high,Max Wagner,Max Wagner
sa3020416,draft_2022_jacob_reimer_r4p119,702544,B_name+bdate,high,Jacob Reimer,Jacob Reimer
sa3020417,draft_2022_brooks_brannon_r9p279,703477,B_name+bdate,high,Brooks Brannon,Brooks Brannon
sa3020453,draft_2022_nolan_devos_r5p163,801700,B_name+bdate,high,Nolan DeVos,Nolan DeVos
sa3020457,draft_2019_reggie_crawford_r37p1099,686846,B_name+bdate,high,Reggie Crawford,Reggie Crawford
sa3020460,draft_2022_tommy_specht_r6p169,702467,B_name+bdate,high,Tommy Specht,Tommy Specht
sa3020464,draft_2017_hayden_wynja_r30p890,676883,B_name+bdate,high,Hayden Wynja,Hayden Wynja
sa3020470,draft_2022_derek_diamond_r6p170,682981,B_name+bdate,high,Derek Diamond,Derek Diamond
sa3020498,draft_2022_xavier_isaac_r1p29,800060,B_name+bdate,high,Xavier Isaac,Xavier Isaac
sa3020526,draft_2022_michael_prosecky_r6p176,687087,B_name+bdate,high,Michael Prosecky,Michael Prosecky
sa3020534,draft_2022_carter_young_r17p497,677356,B_name+bdate,high,Carter Young,Carter Young
sa3020558,draft_2022_trace_bright_r5p137,687238,B_name+bdate,high,Trace Bright,Trace Bright
sa3020563,draft_2022_cj_culpepper_r13p384,690217,B_name+bdate,high,C.J. Culpepper,C.J. Culpepper
sa3020575,draft_2022_kevin_parada_r1p11,691006,B_name+bdate,high,Kevin Parada,Kevin Parada
sa3020592,draft_2022_eric_adler_r6p191,688328,B_name+bdate,high,Eric Adler,Eric Adler
sa3020599,draft_2022_brody_mccullough_r10p293,805664,B_name+bdate,high,Brody McCullough,Brody McCullough
sa3020609,draft_2022_kenya_huggins_r4p123,695761,B_name+bdate,high,Kenya Huggins,Kenya Huggins
sa3020611,draft_2022_eric_reyzelman_r5p160,801432,B_name+bdate,high,Eric Reyzelman,Eric Reyzelman
sa3020626,draft_2022_adam_serwinowski_r15p453,703445,B_name+bdate,high,Adam Serwinowski,Adam Serwinowski
sa3020633,draft_2022_alex_mcfarlane_r4p122,686934,B_name+bdate,high,Alex McFarlane,Alex McFarlane
sa3020634,draft_2022_ryan_jennings_r4p128,688214,B_name+bdate,high,Ryan Jennings,Ryan Jennings
sa3020642,draft_2022_joe_lampe_r3p92,802407,B_name+bdate,high,Joe Lampe,Joe Lampe
sa3020661,draft_2022_gabriel_hughes_r1p10,687312,B_name+bdate,high,Gabriel Hughes,Gabriel Hughes
sa3020676,draft_2022_druw_jones_r1p2,702258,B_name+bdate,high,Druw Jones,Druw Jones
sa3020677,draft_2022_dylan_lesko_r1p15,702266,B_name+bdate,high,Dylan Lesko,Dylan Lesko
sa3020679,ifa_806963,806963,B_name+bdate,high,Brando Mayea,Brando Mayea
sa3020681,draft_2022_trystan_vrieling_r3p100,801639,B_name+bdate,high,Trystan Vrieling,Trystan Vrieling
sa3020682,draft_2022_chase_hampton_r6p190,694633,B_name+bdate,high,Chase Hampton,Chase Hampton
sa3020683,draft_2022_brandon_barriera_r1p23,702255,B_name+bdate,high,Brandon Barriera,Brandon Barriera
sa3020684,ifa_806962,806962,B_name+bdate,high,Enmanuel Bonilla,Enmanuel Bonilla
sa3020685,ifa_702355,702355,B_name+bdate,high,Jake Pilarski,Jake Pilarski
sa3020702,draft_2022_cory_lewis_r9p264,675375,B_name+bdate,high,Cory Lewis,Cory Lewis
sa3020704,ifa_689233,689233,B_name+bdate,high,Lucas Wepf,Lucas Wepf
sa3020708,draft_2022_brock_porter_r4p109,702548,B_name+bdate,high,Brock Porter,Brock Porter
sa3020715,draft_2022_andrew_pintar_r5p138,801464,B_name+bdate,high,Andrew Pintar,Andrew Pintar
sa3020717,ifa_808206,808206,B_name+bdate,high,Geisel Cepeda,Geisel Cepeda
sa3020736,draft_2022_cooper_hjerpe_r1p22,687309,B_name+bdate,high,Cooper Hjerpe,Cooper Hjerpe
sa3020740,draft_2022_noah_dean_r5p159,688629,B_name+bdate,high,Noah Dean,Noah Dean
sa3020741,draft_2022_marques_johnson_r11p339,688730,B_name+bdate,high,Marques Johnson,Marques Johnson
sa3020746,draft_2022_max_rajcic_r6p187,691008,B_name+bdate,high,Max Rajcic,Max Rajcic
sa3020749,ifa_800996,800996,B_name+bdate,high,Cole Paplham,Cole Paplham
sa3020758,draft_2022_gabriel_rincones_jr_r3p93,687282,B_name+bdate,high,Gabriel Rincones Jr.,Gabriel Rincones Jr.
sa3020763,draft_2022_nate_furman_r4p121,801501,B_name+bdate,high,Nate Furman,Nate Furman
sa3020797,draft_2022_brandon_birdsell_r5p143,669361,B_name+bdate,high,Brandon Birdsell,Brandon Birdsell
sa3020798,draft_2022_pete_hansen_r3p97,677337,B_name+bdate,high,Pete Hansen,Pete Hansen
sa3020805,draft_2022_cade_winquest_r8p247,685464,B_name+bdate,high,Cade Winquest,Cade Winquest
sa3020806,draft_2022_chris_mcelvain_r8p243,687226,B_name+bdate,high,Chris McElvain,Chris McElvain
sa3020833,draft_2022_trey_dombroski_r4p133,690667,B_name+bdate,high,Trey Dombroski,Trey Dombroski
sa3020834,draft_2022_connor_noland_r9p263,690939,B_name+bdate,high,Connor Noland,Connor Noland
sa3020840,draft_2022_tyler_cleveland_r14p426,804663,B_name+bdate,high,Tyler Cleveland,Tyler Cleveland
sa3020841,draft_2022_dominic_perachi_r11p320,806270,B_name+bdate,high,Dominic Perachi,Dominic Perachi
sa3020859,draft_2022_jared_karros_r16p495,689042,B_name+bdate,high,Jared Karros,Jared Karros
sa3020864,draft_2022_isaiah_lowe_r11p330,702584,B_name+bdate,high,Isaiah Lowe,Isaiah Lowe
sa3020865,draft_2022_tyler_gough_r9p276,702640,B_name+bdate,high,Tyler Gough,Tyler Gough
sa3020866,draft_2022_jake_madden_r4p118,802409,B_name+bdate,high,Jake Madden,Jake Madden
sa3020868,draft_2022_austin_peterson_r9p271,804926,B_name+bdate,high,Austin Peterson,Austin Peterson
sa3020869,draft_2022_payton_martin_r17p525,806293,B_name+bdate,high,Payton Martin,Payton Martin
sa3020872,draft_2022_michael_knorr_r3p103,681077,B_name+bdate,high,Michael Knorr,Michael Knorr
sa3020873,draft_2022_andrew_taylor_r2p80,800063,B_name+bdate,high,Andrew Taylor,Andrew Taylor
sa3020875,draft_2022_steven_zobac_r4p115,686632,B_name+bdate,high,Steven Zobac,Steven Zobac
sa3020876,draft_2020_jagger_haynes_r5p139,695247,B_name+bdate,high,Jagger Haynes,Jagger Haynes
sa3020878,ifa_808207,808207,B_name+bdate,high,Wen-Hui Pan,Wen-Hui Pan
sa3020879,draft_2022_alex_cook_r12p374,702047,B_name+bdate,high,Alex Cook,Alex Cook
sa3020881,ifa_806956,806956,B_name+bdate,high,Ethan Salas,Ethan Salas
sa3020882,draft_2022_cole_phillips_r2p57,702551,B_name+bdate,high,Cole Phillips,Cole Phillips
sa3020883,draft_2022_adam_maier_r7p215,683264,B_name+bdate,high,Adam Maier,Adam Maier
sa3020884,ifa_806994,806994,B_name+bdate,high,Luis Guanipa,Luis Guanipa
sa3020889,draft_2022_marcelo_perez_r11p336,681041,B_name+bdate,high,Marcelo Perez,Marcelo Perez
sa3020891,draft_2022_jackson_ferris_r2p47,701328,B_name+bdate,high,Jackson Ferris,Jackson Ferris
sa3020893,draft_2022_will_rudy_r5p162,805733,B_name+bdate,high,Will Rudy,Will Rudy
sa3020899,draft_2022_jackson_cox_r2p50,702484,B_name+bdate,high,Jackson Cox,Jackson Cox
sa3020901,draft_2022_henry_williams_r3p91,689275,B_name+bdate,high,Henry Williams,Henry Williams
sa3020942,draft_2021_mo_hanley_r13p381,695351,B_name+bdate,high,Mo Hanley,Mo Hanley
sa3020945,draft_2022_darren_bowen_r13p396,804539,B_name+bdate,high,Darren Bowen,Darren Bowen
sa3020959,draft_2022_zack_showalter_r11p317,701374,B_name+bdate,high,Zack Showalter,Zack Showalter
sa3020964,ifa_703725,703725,B_name+bdate,high,Luis Gastelum,Luis Gastelum
sa3020972,draft_2022_gary_gill_hill_r6p194,804541,B_name+bdate,high,Gary Gill Hill,Gary Gill Hill
sa3020978,ifa_806711,806711,B_name+bdate,high,Yereny Teus,Yereny Teus
sa3021006,ifa_808218,808218,B_name+bdate,high,Luis Carias,Luis Carias
sa3021008,ifa_808247,808247,B_name+bdate,high,Samuel Sanchez,Samuel Sanchez
sa3021010,ifa_808313,808313,B_name+bdate,high,Jesus Tillero,Jesus Tillero
sa3021028,ifa_809814,809814,B_name+bdate,high,Francis Texido,Francis Texido
sa3021030,ifa_811139,811139,B_name+bdate,high,Sandro Santana,Sandro Santana
sa3021044,ifa_814279,814279,B_name+bdate,high,Yeferson Vargas,Yeferson Vargas
sa3021045,ifa_814305,814305,B_name+bdate,high,Yunior Tur,Yunior Tur
sa3021051,draft_2022_demetrio_crisantes_r7p198,702679,B_name+bdate,high,Demetrio Crisantes,Demetrio Crisantes
sa3021066,ifa_806957,806957,B_name+bdate,high,Alfredo Duno,Alfredo Duno
sa3021067,ifa_806959,806959,B_name+bdate,high,Joendry Vargas,Joendry Vargas
sa3021068,ifa_806961,806961,B_name+bdate,high,Derniche Valdez,Derniche Valdez
sa3021069,ifa_806964,806964,B_name+bdate,high,Sebastian Walcott,Sebastian Walcott
sa3021070,ifa_806965,806965,B_name+bdate,high,Starlyn Caba,Starlyn Caba
sa3021071,ifa_806966,806966,B_name+bdate,high,Ariel Castro,Ariel Castro
sa3021072,ifa_806967,806967,B_name+bdate,high,Brailer Guerrero,Brailer Guerrero
sa3021073,ifa_806968,806968,B_name+bdate,high,Ludwing Espinoza,Ludwing Espinoza
sa3021074,ifa_806969,806969,B_name+bdate,high,Camilo Diaz,Camilo Diaz
sa3021076,ifa_806976,806976,B_name+bdate,high,Rayner Arias,Rayner Arias
sa3021077,ifa_806977,806977,B_name+bdate,high,Janero Miller,Janero Miller
sa3021078,ifa_806978,806978,B_name+bdate,high,Robert Calaz,Robert Calaz
sa3021079,ifa_806979,806979,B_name+bdate,high,Gian Zapata,Gian Zapata
sa3021083,ifa_806983,806983,B_name+bdate,high,Yophery Rodriguez,Yophery Rodriguez
sa3021084,ifa_806984,806984,B_name+bdate,high,Arnaldo Lantigua,Arnaldo Lantigua
sa3021085,ifa_806985,806985,B_name+bdate,high,Yoeilin Cespedes,Yoeilin Cespedes
sa3021086,ifa_806987,806987,B_name+bdate,high,Daiverson Gutierrez,Daiverson Gutierrez
sa3021087,ifa_806988,806988,B_name+bdate,high,Welbyn Francisca,Welbyn Francisca
sa3021091,ifa_806992,806992,B_name+bdate,high,Enrique Jimenez,Enrique Jimenez
sa3021093,ifa_806995,806995,B_name+bdate,high,Filippo Di Turi,Filippo Di Turi
sa3021094,ifa_806997,806997,B_name+bdate,high,Yerlin Luis,Yerlin Luis
sa3021095,ifa_806998,806998,B_name+bdate,high,Hendry Chivilli,Hendry Chivilli
sa3021097,ifa_807003,807003,B_name+bdate,high,Cristopher Larez,Cristopher Larez
sa3021099,ifa_807005,807005,B_name+bdate,high,Andy Acevedo,Andy Acevedo
sa3021103,ifa_807011,807011,B_name+bdate,high,Felix Morrobel,Felix Morrobel
sa3021104,ifa_807148,807148,B_name+bdate,high,Kevin Ereu,Kevin Ereu
sa3021106,ifa_807383,807383,B_name+bdate,high,Randy Guzman,Randy Guzman
sa3021116,ifa_807837,807837,B_name+bdate,high,Cristopfer Gonzalez,Cristopfer Gonzalez
sa3021126,ifa_807975,807975,B_name+bdate,high,Yeiker Reyes,Yeiker Reyes
sa3021144,ifa_808024,808024,B_name+bdate,high,Carlos Virahonda,Carlos Virahonda
sa3021149,ifa_808032,808032,B_name+bdate,high,Kevin Hacen,Kevin Hacen
sa3021175,ifa_808104,808104,B_name+bdate,high,Andruw  Musett,Andruw Musett
sa3021178,ifa_808113,808113,B_name+bdate,high,Anyelo Marquez,Anyelo Marquez
sa3021185,ifa_808129,808129,B_name+bdate,high,Juan Flores,Juan Flores
sa3021198,ifa_808162,808162,B_name+bdate,high,Joshua Liranzo,Joshua Liranzo
sa3021208,ifa_808234,808234,B_name+bdate,high,Eduardo Quintero,Eduardo Quintero
sa3021210,ifa_808236,808236,B_name+bdate,high,Luiyin Alastre,Luiyin Alastre
sa3021213,ifa_808239,808239,B_name+bdate,high,Gabriel Terrero,Gabriel Terrero
sa3021216,ifa_808245,808245,B_name+bdate,high,Starlyn Nunez,Starlyn Nunez
sa3021229,ifa_808281,808281,B_name+bdate,high,Braylin  Morel,Braylin Morel
sa3021238,ifa_808298,808298,B_name+bdate,high,Heriberto Rincon,Heriberto Rincon
sa3021254,ifa_808338,808338,B_name+bdate,high,Pedro Ibarguen,Pedro Ibarguen
sa3021278,ifa_808516,808516,B_name+bdate,high,Andres Valor,Andres Valor
sa3021284,ifa_808535,808535,B_name+bdate,high,John Gil,John Gil
sa3021286,ifa_808545,808545,B_name+bdate,high,Mario Baez,Mario Baez
sa3021315,ifa_812158,812158,B_name+bdate,high,Dashyll Tejeda,Dashyll Tejeda
sa3021317,ifa_812430,812430,B_name+bdate,high,Heriberto Caraballo,Heriberto Caraballo
sa3021325,ifa_814261,814261,B_name+bdate,high,Carlos Caro,Carlos Caro
sa3021330,ifa_814297,814297,B_name+bdate,high,Edgleen Perez,Edgleen Perez
sa3021468,draft_2019_jackson_lancaster_r38p1146,688776,B_name+bdate,high,Jackson Lancaster,Jackson Lancaster
sa3021472,draft_2022_mavis_graves_r6p182,703496,B_name+bdate,high,Mavis Graves,Mavis Graves
sa3021500,ifa_807962,112111,B_name+bdate,high,Carlos Castillo,Carlos Castillo
sa3021501,ifa_807974,807974,B_name+bdate,high,Adrian  Bohorquez,Adrian Bohorquez
sa3021505,ifa_808005,808005,B_name+bdate,high,Walvin Mena,Walvin Mena
sa3021510,ifa_808062,808062,B_name+bdate,high,Jostin Florentino,Jostin Florentino
sa3021521,ifa_808244,808244,B_name+bdate,high,Luis Arestigueta,Luis Arestigueta
sa3021525,ifa_808308,808308,B_name+bdate,high,Enniel Cortez,Enniel Cortez
sa3021530,ifa_808366,808366,B_name+bdate,high,Jose Bello,Jose Bello
sa3021531,ifa_808383,808383,B_name+bdate,high,Kelvis Salcedo,Kelvis Salcedo
sa3021533,ifa_808394,808394,B_name+bdate,high,Jerson Alejandro,Jerson Alejandro
sa3021567,ifa_812363,812363,B_name+bdate,high,Marlon Nieves,Marlon Nieves
sa3021570,ifa_813536,813536,B_name+bdate,high,Juan Valera,Juan Valera
sa3021585,ifa_805870,805870,B_name+bdate,high,Hyungchan Um,Hyungchan Um
sa3021614,ifa_808269,808269,B_name+bdate,high,Gerardo Rodriguez,Gerardo Rodriguez
sa3021624,ifa_808365,808365,B_name+bdate,high,Dameury  Pena,Dameury Pena
sa3021639,ifa_808706,808706,B_name+bdate,high,Asbel Gonzalez,Asbel Gonzalez
sa3021723,draft_2022_kohl_drake_r11p319,684442,B_name+bdate,high,Kohl Drake,Kohl Drake
sa3021728,draft_2022_michael_kennedy_r4p110,702604,B_name+bdate,high,Michael Kennedy,Michael Kennedy
sa3021729,draft_2022_jackson_humphries_r8p241,703469,B_name+bdate,high,Jackson  Humphries,Jackson Humphries
sa3021731,draft_2022_gage_stanifer_r19p578,804948,B_name+bdate,high,Gage Stanifer,Gage Stanifer
sa3021761,ifa_807968,807968,B_name+bdate,high,David Matoma,David Matoma
sa3021767,ifa_808035,808035,B_name+bdate,high,Daury Vasquez,Daury Vasquez
sa3021785,ifa_808329,808329,B_name+bdate,high,Melvin Hernandez,Melvin Hernandez
sa3021795,ifa_808547,808547,B_name+bdate,high,Keyner Benitez,Keyner Benitez
sa3021825,ifa_814291,814291,B_name+bdate,high,Jacob Wosinski,Jacob Wosinski
sa3021845,ifa_808265,808265,B_name+bdate,high,Franklin Arias,Franklin Arias
sa3021855,ifa_808684,808684,B_name+bdate,high,Javier Mogollon,Javier Mogollon
sa3021979,draft_2022_landon_sims_r1p34,683085,B_name+bdate,high,Landon Sims,Landon Sims
sa3021980,ifa_691634,691634,B_name+bdate,high,Joseph Yabbour,Joseph Yabbour
sa3022007,ifa_808057,808057,B_name+bdate,high,Alexis De La Cruz,Alexis De La Cruz
sa3022011,ifa_808102,808102,B_name+bdate,high,Carlos Mateo,Carlos Mateo
sa3022015,ifa_808161,808161,B_name+bdate,high,Ubaldo Soto,Ubaldo Soto
sa3022116,ifa_807833,807833,B_name+bdate,high,Jose Vasquez,Jose Vasquez
sa3022133,ifa_808352,808352,B_name+bdate,high,Brayan Narvaez,Brayan Narvaez
sa3022143,ifa_808690,808690,B_name+bdate,high,Yohanfer Santana,Yohanfer Santana
sa3022157,ifa_814275,814275,B_name+bdate,high,Michael Valverde,Michael Valverde
sa3022162,ifa_806953,806953,B_name+bdate,high,Eduardo Tait,Eduardo Tait
sa3022176,ifa_680253,680253,B_name+bdate,high,Kyle Bischoff,Kyle Bischoff
sa3022184,ifa_807643,807643,B_name+bdate,high,Alfredo Alcantara,Alfredo Alcantara
sa3022190,draft_2022_walter_ford_r2p74,703609,B_name+bdate,high,Walter Ford,Walter Ford
sa3022218,ifa_808250,808250,B_name+bdate,high,Jose Urbina,Jose Urbina
sa3022230,draft_2022_ashton_izzi_r4p126,802416,B_name+bdate,high,Ashton Izzi,Ashton Izzi
sa3022238,draft_2021_tanner_kohlhepp_r5p135,681289,B_name+bdate,high,Tanner Kohlhepp,Tanner Kohlhepp
sa3022239,ifa_808323,808323,B_name+bdate,high,Keeler Morfe,Keeler Morfe
sa3022256,ifa_814546,814546,B_name+bdate,high,Eriandys Ramon,Eriandys Ramon
sa3022281,ifa_807957,807957,B_name+bdate,high,Yassel Soler,Yassel Soler
sa3022283,ifa_815010,815010,B_name+bdate,high,Junior Garcia,Junior Garcia
sa3022306,ifa_808232,808232,B_name+bdate,high,Alirio Ferrebus,Alirio Ferrebus
sa3022347,ifa_815195,815195,B_name+bdate,high,Wilder Dalis,Wilder Dalis
sa3022381,ifa_806641,806641,B_name+bdate,high,Kolton Curtis,Kolton Curtis
sa3022399,ifa_815464,815464,B_name+bdate,high,Lisbel Diaz,Lisbel Diaz
sa3022426,draft_2023_chase_davis_r1p21,690971,B_name+bdate,high,Chase Davis,Chase Davis
sa3022432,draft_2023_brock_rodden_r5p160,801126,B_name+bdate,high,Brock Rodden,Brock Rodden
sa3022435,draft_2023_zach_levenson_r5p158,804241,B_name+bdate,high,Zach Levenson,Zach Levenson
sa3022436,draft_2023_caleb_ketchup_r15p444,810053,B_name+bdate,high,Caleb Ketchup,Caleb Ketchup
sa3022439,draft_2023_joe_redfield_r4p111,812470,B_name+bdate,high,Joe Redfield,Joe Redfield
sa3022441,draft_2023_alberto_rios_r3p79,814362,B_name+bdate,high,Alberto Rios,Alberto Rios
sa3022480,draft_2023_homer_bush_r4p128,683344,B_name+bdate,high,Homer Bush Jr.,Homer Bush
sa3022487,draft_2023_charlie_pagliarini_r19p577,813860,B_name+bdate,high,Charlie Pagliarini,Charlie Pagliarini
sa3022491,draft_2023_rio_foster_r16p474,815306,B_name+bdate,high,Rio Foster,Rio Foster
sa3022496,draft_2023_calvin_harris_r4p116,691941,B_name+bdate,high,Calvin Harris,Calvin Harris
sa3022499,draft_2023_brock_wilken_r1p18,694385,B_name+bdate,high,Brock Wilken,Brock Wilken
sa3022500,draft_2023_sabin_ceballos_r3p94,694754,B_name+bdate,high,Sabin Ceballos,Sabin Ceballos
sa3022506,draft_2023_raudi_rodriguez_r19p564,804558,B_name+bdate,high,Raudi Rodriguez,Raudi Rodriguez
sa3022526,ifa_805345,805345,B_name+bdate,high,Trent Harris,Trent Harris
sa3022530,draft_2023_will_simpson_r15p436,687310,B_name+bdate,high,Will Simpson,Will Simpson
sa3022532,draft_2023_nate_nankil_r7p196,694977,B_name+bdate,high,Nate Nankil,Nate Nankil
sa3022537,draft_2023_brock_vradenburg_r3p78,802544,B_name+bdate,high,Brock Vradenburg,Brock Vradenburg
sa3022539,draft_2023_ryan_lasko_r2p41,805782,B_name+bdate,high,Ryan Lasko,Ryan Lasko
sa3022555,ifa_808160,808160,B_name+bdate,high,Ruddy Navarro,Ruddy Navarro
sa3022562,draft_2023_kemp_alderman_r2p47,694580,B_name+bdate,high,Kemp Alderman,Kemp Alderman
sa3022564,draft_2023_jack_hurley_r3p80,694815,B_name+bdate,high,Jack Hurley,Jack Hurley
sa3022565,draft_2023_mitch_jebb_r2p42,694991,B_name+bdate,high,Mitch Jebb,Mitch Jebb
sa3022567,draft_2023_max_anderson_r2p45,801194,B_name+bdate,high,Max Anderson,Max Anderson
sa3022573,draft_2023_ryan_ignoffo_r20p593,813883,B_name+bdate,high,Ryan Ignoffo,Ryan Ignoffo
sa3022587,draft_2023_paul_bonzagni_r12p351,805823,B_name+bdate,high,Paul Bonzagni,Paul Bonzagni
sa3022596,draft_2023_cole_carrigg_r2p65,694249,B_name+bdate,high,Cole Carrigg,Cole Carrigg
sa3022600,draft_2023_jake_gelof_r2p60,695372,B_name+bdate,high,Jake Gelof,Jake Gelof
sa3022602,draft_2023_rj_schreck_r9p277,702302,B_name+bdate,high,RJ Schreck,RJ Schreck
sa3022603,draft_2023_brett_bateman_r8p236,703520,B_name+bdate,high,Brett Bateman,Brett Bateman
sa3022605,draft_2023_myles_naylor_r1p39,802504,B_name+bdate,high,Myles Naylor,Myles Naylor
sa3022608,ifa_805704,805704,B_name+bdate,high,Keaton Anthony,Keaton Anthony
sa3022609,draft_2023_aidan_miller_r1p27,805795,B_name+bdate,high,Aidan Miller,Aidan Miller
sa3022611,draft_2023_aidan_smith_r4p124,806223,B_name+bdate,high,Aidan Smith,Aidan Smith
sa3022612,draft_2023_sammy_stafura_r2p43,806230,B_name+bdate,high,Sammy Stafura,Sammy Stafura
sa3022613,draft_2023_brandon_winokur_r3p82,806263,B_name+bdate,high,Brandon Winokur,Brandon Winokur
sa3022650,ifa_815704,815704,B_name+bdate,high,Samuel Carpio,Samuel Carpio
sa3022653,draft_2023_jace_bohrofen_r6p184,690957,B_name+bdate,high,Jace Bohrofen,Jace Bohrofen
sa3022658,draft_2023_mike_boeve_r2p54,801670,B_name+bdate,high,Mike Boeve,Mike Boeve
sa3022660,draft_2023_kendall_george_r1p36,806077,B_name+bdate,high,Kendall George,Kendall George
sa3022672,draft_2023_yohandy_morales_r2p40,691002,B_name+bdate,high,Yohandy Morales,Yohandy Morales
sa3022673,draft_2023_cole_foster_r3p85,694369,B_name+bdate,high,Cole Foster,Cole Foster
sa3022683,draft_2023_max_clark_r1p3,703601,B_name+bdate,high,Max Clark,Max Clark
sa3022689,draft_2023_charlie_szykowny_r9p270,805126,B_name+bdate,high,Charlie Szykowny,Charlie Szykowny
sa3022691,draft_2023_anthony_huezo_r12p374,805953,B_name+bdate,high,Anthony Huezo,Anthony Huezo
sa3022692,draft_2023_yahil_melendez_r7p206,806161,B_name+bdate,high,Yahil Melendez,Yahil Melendez
sa3022698,draft_2023_will_bush_r16p494,813844,B_name+bdate,high,Will Bush,Will Bush
sa3022699,draft_2023_scott_bandura_r7p210,814154,B_name+bdate,high,Scott Bandura,Scott Bandura
sa3022700,draft_2023_chase_jaworsky_r5p164,814172,B_name+bdate,high,Chase Jaworsky,Chase Jaworsky
sa3022702,draft_2023_pascanel_ferreras_r20p614,814299,B_name+bdate,high,Pascanel Ferreras,Pascanel Ferreras
sa3022703,draft_2023_zyhir_hope_r11p326,814307,B_name+bdate,high,Zyhir Hope,Zyhir Hope
sa3022706,ifa_815589,815589,B_name+bdate,high,Bo Davidson,Bo Davidson
sa3022733,draft_2023_hayden_durke_r13p385,694492,B_name+bdate,high,Hayden Durke,Hayden Durke
sa3022735,draft_2023_zach_franklin_r10p299,702103,B_name+bdate,high,Zach Franklin,Zach Franklin
sa3022737,ifa_809109,809109,B_name+bdate,high,Roman Angelo,Roman Angelo
sa3022739,draft_2023_skylar_hales_r4p108,813766,B_name+bdate,high,Skylar Hales,Skylar Hales
sa3022744,ifa_815590,815590,B_name+bdate,high,Ryan Lobus,Ryan Lobus
sa3022750,draft_2023_roc_riggio_r4p129,691792,B_name+bdate,high,Roc Riggio,Roc Riggio
sa3022751,draft_2023_dylan_campbell_r4p136,694749,B_name+bdate,high,Dylan Campbell,Dylan Campbell
sa3022753,draft_2023_dillon_head_r1p25,702977,B_name+bdate,high,Dillon Head,Dillon Head
sa3022756,draft_2023_blake_mitchell_r1p8,805810,B_name+bdate,high,Blake Mitchell,Blake Mitchell
sa3022793,draft_2023_carlson_reed_r4p104,694788,B_name+bdate,high,Carlson Reed,Carlson Reed
sa3022800,draft_2023_colby_langford_r17p524,815308,B_name+bdate,high,Colby Langford,Colby Langford
sa3022808,draft_2023_tavian_josenberger_r3p100,694444,B_name+bdate,high,Tavian Josenberger,Tavian Josenberger
sa3022812,draft_2023_kehden_hettiger_r11p343,800607,B_name+bdate,high,Kehden Hettiger,Kehden Hettiger
sa3022817,draft_2023_george_wolkow_r7p209,805804,B_name+bdate,high,George Wolkow,George Wolkow
sa3022820,ifa_806823,806823,B_name+bdate,high,Sheng-En  Lin,Sheng-En Lin
sa3022825,draft_2023_carson_roccaforte_r2p66,811287,B_name+bdate,high,Carson Roccaforte,Carson Roccaforte
sa3022827,draft_2023_devin_saltiban_r3p98,813880,B_name+bdate,high,Devin Saltiban,Devin Saltiban
sa3022857,draft_2023_josh_bostick_r8p240,701241,B_name+bdate,high,Josh Bostick,Josh Bostick
sa3022864,draft_2023_jonathon_long_r9p266,675085,B_name+bdate,high,Jonathon Long,Jonathon Long
sa3022866,draft_2023_eric_bitonti_r3p87,800724,B_name+bdate,high,Eric Bitonti,Eric Bitonti
sa3022867,draft_2023_cooper_pratt_r6p182,806198,B_name+bdate,high,Cooper Pratt,Cooper Pratt
sa3022868,draft_2023_alfonsin_rosario_r6p176,806210,B_name+bdate,high,Alfonsin Rosario,Alfonsin Rosario
sa3022872,ifa_801941,801941,B_name+bdate,high,Carson Jacobs,Carson Jacobs
sa3022875,draft_2023_izack_tiger_r7p201,806094,B_name+bdate,high,Izack Tiger,Izack Tiger
sa3022876,ifa_813820,813820,B_name+bdate,high,Chen-Wei Lin,Chen-Wei Lin
sa3022877,draft_2023_jacob_odle_r14p425,813838,B_name+bdate,high,Jacob Odle,Jacob Odle
sa3022880,ifa_815219,815219,B_name+bdate,high,Luis De La Torre,Luis De La Torre
sa3022890,draft_2023_adrian_santana_r1p31,803745,B_name+bdate,high,Adrian Santana,Adrian Santana
sa3022892,draft_2023_arjun_nimmala_r1p20,805796,B_name+bdate,high,Arjun Nimmala,Arjun Nimmala
sa3022893,draft_2023_nazzan_zanetello_r2p50,805801,B_name+bdate,high,Nazzan Zanetello,Nazzan Zanetello
sa3022894,draft_2023_walker_jenkins_r1p5,805805,B_name+bdate,high,Walker Jenkins,Walker Jenkins
sa3022896,draft_2023_john_peck_r7p200,807726,B_name+bdate,high,John Peck,John Peck
sa3022897,draft_2023_colton_ledbetter_r2p55,807742,B_name+bdate,high,Colton Ledbetter,Colton Ledbetter
sa3022904,draft_2023_kyle_amendt_r9p265,694900,B_name+bdate,high,Kyle Amendt,Kyle Amendt
sa3022906,draft_2023_matt_jachec_r18p548,801367,B_name+bdate,high,Matt Jachec,Matt Jachec
sa3022917,draft_2023_enrique_bradfield_jr_r1p17,690961,B_name+bdate,high,Enrique Bradfield Jr.,Enrique Bradfield Jr.
sa3022919,draft_2023_tre_morgan_r3p88,691003,B_name+bdate,high,Tre' Morgan,Tre' Morgan
sa3022921,draft_2023_brayden_taylor_r1p19,694966,B_name+bdate,high,Brayden Taylor,Brayden Taylor
sa3022926,draft_2023_carson_rucker_r4p107,813620,B_name+bdate,high,Carson Rucker,Carson Rucker
sa3022937,draft_2022_kc_hunt_r12p350,687268,B_name+bdate,high,K.C. Hunt,K.C. Hunt
sa3022938,draft_2022_bo_bonds_r13p398,687629,B_name+bdate,high,Bo Bonds,Bo Bonds
sa3022940,draft_2023_will_johnston_r13p376,690658,B_name+bdate,high,Will Johnston,Will Johnston
sa3022945,draft_2023_noble_meyer_r1p10,800611,B_name+bdate,high,Noble Meyer,Noble Meyer
sa3022948,draft_2023_riley_gowens_r9p279,803035,B_name+bdate,high,Riley Gowens,Riley Gowens
sa3022949,draft_2023_seth_keener_r3p84,803143,B_name+bdate,high,Seth Keener,Seth Keener
sa3022950,draft_2023_christian_oppor_r5p152,803291,B_name+bdate,high,Christian Oppor,Christian Oppor
sa3022953,draft_2023_ixan_henderson_r8p245,809100,B_name+bdate,high,Ixan Henderson,Ixan Henderson
sa3022962,draft_2023_boston_baro_r8p246,805951,B_name+bdate,high,Boston Baro,Boston Baro
sa3022964,draft_2023_colin_houck_r1p32,806124,B_name+bdate,high,Colin Houck,Colin Houck
sa3022966,draft_2023_tai_peete_r1p30,806191,B_name+bdate,high,Tai Peete,Tai Peete
sa3022996,draft_2023_lucas_braun_r6p189,814351,B_name+bdate,high,Lucas Braun,Lucas Braun
sa3022997,draft_2023_ethan_pecko_r6p194,814490,B_name+bdate,high,Ethan Pecko,Ethan Pecko
sa3023010,draft_2023_josh_trentadue_r14p411,815048,B_name+bdate,high,Josh Trentadue,Josh Trentadue
sa3023012,draft_2023_kyle_henley_r14p408,806120,B_name+bdate,high,Kyle Henley,Kyle Henley
sa3023013,draft_2023_ralphy_velazquez_r1p23,806252,B_name+bdate,high,Ralphy Velazquez,Ralphy Velazquez
sa3023038,draft_2023_patrick_reilly_r5p140,694345,B_name+bdate,high,Patrick Reilly,Patrick Reilly
sa3023039,draft_2023_tj_nichols_r6p183,694375,B_name+bdate,high,T.J. Nichols,TJ Nichols
sa3023047,draft_2023_cade_denton_r6p172,814106,B_name+bdate,high,Cade Denton,Cade Denton
sa3023064,draft_2023_jaden_woods_r7p197,692243,B_name+bdate,high,Jaden Woods,Jaden Woods
sa3023066,draft_2023_jacob_bresnahan_r13p398,815298,B_name+bdate,high,Jacob Bresnahan,Jacob Bresnahan
sa3023069,draft_2023_cooper_ingle_r4p125,694876,B_name+bdate,high,Cooper Ingle,Cooper Ingle
sa3023070,draft_2023_alex_mooney_r7p218,695612,B_name+bdate,high,Alex Mooney,Alex Mooney
sa3023082,draft_2023_barrett_kent_r8p234,806010,B_name+bdate,high,Barrett Kent,Barrett Kent
sa3023086,draft_2023_andrew_dunford_r12p350,812775,B_name+bdate,high,Andrew Dunford,Andrew Dunford
sa3023097,draft_2023_brett_banks_r11p336,688781,B_name+bdate,high,Brett Banks,Brett Banks
sa3023099,draft_2023_tate_kuehner_r7p212,804249,B_name+bdate,high,Tate Kuehner,Tate Kuehner
sa3023107,ifa_815795,815795,B_name+bdate,high,Junior Ciprian,Junior Ciprian
sa3023130,ifa_701541,701541,B_name+bdate,high,Ty Weatherly,Ty Weatherly
sa3023131,draft_2023_joe_whitman_r2p69,802126,B_name+bdate,high,Joe Whitman,Joe Whitman
sa3023133,draft_2023_andrew_sears_r10p290,808825,B_name+bdate,high,Andrew Sears,Andrew Sears
sa3023134,draft_2023_jaden_hamm_r5p143,811290,B_name+bdate,high,Jaden Hamm,Jaden Hamm
sa3023135,draft_2023_kiefer_lord_r3p86,811296,B_name+bdate,high,Kiefer Lord,Kiefer Lord
sa3023137,draft_2023_corey_avant_r9p256,813895,B_name+bdate,high,Corey Avant,Corey Avant
sa3023156,draft_2023_isaiah_coupet_r4p109,694549,B_name+bdate,high,Isaiah Coupet,Isaiah Coupet
sa3023157,draft_2023_jack_mahoney_r3p77,694968,B_name+bdate,high,Jack Mahoney,Jack Mahoney
sa3023158,draft_2023_josh_hansell_r16p469,700985,B_name+bdate,high,Josh Hansell,Josh Hansell
sa3023161,draft_2023_james_hicks_r13p404,801802,B_name+bdate,high,James Hicks,James Hicks
sa3023162,draft_2023_sean_sullivan_r2p46,807743,B_name+bdate,high,Sean Sullivan,Sean Sullivan
sa3023164,draft_2023_ben_simon_r13p396,815084,B_name+bdate,high,Ben Simon,Ben Simon
sa3023166,draft_2023_caden_grice_r2p64,694364,B_name+bdate,high,Caden Grice,Caden Grice
sa3023167,draft_2023_antonio_anderson_r3p83,702995,B_name+bdate,high,Antonio Anderson,Antonio Anderson
sa3023168,draft_2023_josh_adamczewski_r15p452,815304,B_name+bdate,high,Josh Adamczewski,Josh Adamczewski
sa3023171,draft_2023_matt_wilkinson_r10p308,683363,B_name+bdate,high,Matt Wilkinson,Matt Wilkinson
sa3023175,draft_2023_cody_adcock_r13p378,694832,B_name+bdate,high,Cody Adcock,Cody Adcock
sa3023176,draft_2023_cale_lansville_r14p420,695746,B_name+bdate,high,Cale Lansville,Cale Lansville
sa3023180,draft_2023_nigel_belgrave_r15p443,811310,B_name+bdate,high,Nigel Belgrave,Nigel Belgrave
sa3023213,draft_2023_logan_martin_r12p349,814803,B_name+bdate,high,Logan Martin,Logan Martin
sa3023218,draft_2022_hayden_mullins_r12p369,683093,B_name+bdate,high,Hayden Mullins,Hayden Mullins
sa3023220,draft_2023_blake_wehunt_r9p268,687762,B_name+bdate,high,Blake Wehunt,Blake Wehunt
sa3023233,draft_2023_george_lombard_jr_r1p26,806146,B_name+bdate,high,George Lombard Jr.,George Lombard Jr.
sa3023254,draft_2023_chay_yeager_r12p364,807410,B_name+bdate,high,Chay Yeager,Chay Yeager
sa3023268,draft_2023_thomas_white_r1p35,806258,B_name+bdate,high,Thomas White,Thomas White
sa3023278,draft_2023_owen_wild_r7p213,801643,B_name+bdate,high,Owen Wild,Owen Wild
sa3023282,draft_2023_jack_wenninger_r6p186,811307,B_name+bdate,high,Jack Wenninger,Jack Wenninger
sa3023283,draft_2023_patrick_copen_r7p220,814527,B_name+bdate,high,Patrick Copen,Patrick Copen
sa3023303,draft_2023_braxton_bragg_r8p241,688867,B_name+bdate,high,Braxton Bragg,Braxton Bragg
sa3023304,draft_2023_drue_hackenberg_r2p59,802357,B_name+bdate,high,Drue Hackenberg,Drue Hackenberg
sa3023306,draft_2023_cade_kuehler_r2p70,805780,B_name+bdate,high,Cade Kuehler,Cade Kuehler
sa3023310,draft_2023_garrett_baumann_r4p126,803833,B_name+bdate,high,Garrett Baumann,Garrett Baumann
sa3023311,draft_2023_simon_miller_r12p348,815043,B_name+bdate,high,Simon Miller,Simon Miller
sa3023351,draft_2023_landen_maroudis_r4p121,805793,B_name+bdate,high,Landen Maroudis,Landen Maroudis
sa3023352,draft_2023_juaron_watts-brown_r3p89,695033,B_name+bdate,high,Juaron Watts-Brown,Juaron Watts-Brown
sa3023362,draft_2023_jonny_farmelo_r1p29,806071,B_name+bdate,high,Jonny Farmelo,Jonny Farmelo
sa3023363,ifa_815888,815888,B_name+bdate,high,Leo De Vries,Leo De Vries
sa3023366,draft_2023_brett_wichrowski_r13p392,814489,B_name+bdate,high,Brett Wichrowski,Brett Wichrowski
sa3023371,draft_2023_cade_smith_r6p192,694696,B_name+bdate,high,Cade Smith,Cade Smith
sa3023373,draft_2023_maui_ahuna_r4p117,694757,B_name+bdate,high,Maui Ahuna,Maui Ahuna
sa3023380,draft_2023_austin_strickland_r8p227,814088,B_name+bdate,high,Austin Strickland,Austin Strickland
sa3023381,ifa_806958,806958,B_name+bdate,high,Felnin Celesten,Felnin Celesten
sa3023406,draft_2023_jackson_finley_r8p226,686533,B_name+bdate,high,Jackson Finley,Jackson Finley
sa3023407,draft_2023_quinn_mathews_r4p122,687273,B_name+bdate,high,Quinn Mathews,Quinn Mathews
sa3023410,draft_2023_ty_johnson_r15p446,694494,B_name+bdate,high,Ty Johnson,Ty Johnson
sa3023411,draft_2023_jackson_nezuh_r14p434,694545,B_name+bdate,high,Jackson Nezuh,Jackson Nezuh
sa3023420,draft_2023_josh_knoth_r1p33,805807,B_name+bdate,high,Josh Knoth,Josh Knoth
sa3023421,draft_2023_alex_clemmey_r2p58,806046,B_name+bdate,high,Alex Clemmey,Alex Clemmey
sa3023425,draft_2023_christian_knapczyk_r5p161,694387,B_name+bdate,high,Christian Knapczyk,Christian Knapczyk
sa3023426,draft_2023_nelly_taylor_r11p328,807511,B_name+bdate,high,Nelly Taylor,Nelly Taylor
sa3023441,draft_2023_levi_wells_r4p118,694370,B_name+bdate,high,Levi Wells,Levi Wells
sa3023444,draft_2023_kyle_carr_r3p97,694805,B_name+bdate,high,Kyle Carr,Kyle Carr
sa3023449,draft_2023_ryan_birchard_r5p155,804670,B_name+bdate,high,Ryan Birchard,Ryan Birchard
sa3023450,draft_2023_charlee_soto_r1p34,805792,B_name+bdate,high,Charlee Soto,Charlee Soto
sa3023453,draft_2023_kai_peterson_r20p604,815322,B_name+bdate,high,Kai Peterson,Kai Peterson
sa3023467,draft_2023_sam_knowlton_r12p355,681060,B_name+bdate,high,Sam Knowlton,Sam Knowlton
sa3023471,draft_2023_jackson_baumeister_r2p63,691765,B_name+bdate,high,Jackson Baumeister,Jackson Baumeister
sa3023473,draft_2023_khristian_curtis_r12p347,694753,B_name+bdate,high,Khristian Curtis,Khristian Curtis
sa3023474,draft_2023_hunter_owen_r4p106,694818,B_name+bdate,high,Hunter Owen,Hunter Owen
sa3023475,draft_2023_jojo_ingrassia_r14p418,695293,B_name+bdate,high,Jojo Ingrassia,Jojo Ingrassia
sa3023478,draft_2023_josh_grosz_r11p342,701056,B_name+bdate,high,Josh Grosz,Josh Grosz
sa3023479,draft_2023_michael_forret_r14p421,702650,B_name+bdate,high,Michael Forret,Michael Forret
sa3023481,draft_2023_tanner_hall_r4p114,805784,B_name+bdate,high,Tanner Hall,Tanner Hall
sa3023483,ifa_815456,122148,B_name+bdate,high,Ben Shields,Ben Shields
sa3023506,draft_2023_nick_dean_r19p566,686953,B_name+bdate,high,Nick Dean,Nick Dean
sa3023508,draft_2023_will_sanders_r4p113,691739,B_name+bdate,high,Will Sanders,Will Sanders
sa3023509,draft_2023_drew_dowd_r8p243,694647,B_name+bdate,high,Drew Dowd,Drew Dowd
sa3023511,ifa_805311,805311,B_name+bdate,high,Nick Sando,Nick Sando
sa3023513,draft_2023_blake_wolters_r2p44,806265,B_name+bdate,high,Blake Wolters,Blake Wolters
sa3023514,draft_2023_eriq_swan_r4p137,811291,B_name+bdate,high,Eriq Swan,Eriq Swan
sa3023515,draft_2023_brody_hopkins_r6p187,811315,B_name+bdate,high,Brody Hopkins,Brody Hopkins
sa3023517,draft_2023_nestor_german_r11p331,815148,B_name+bdate,high,Nestor German,Nestor German
sa3023522,draft_2023_grant_rogers_r11p334,814804,B_name+bdate,high,Grant Rogers,Grant Rogers
sa3023524,draft_2023_alonzo_tredwell_r2p61,696280,B_name+bdate,high,Alonzo Tredwell,Alonzo Tredwell
sa3023526,draft_2023_bishop_letson_r11p332,811309,B_name+bdate,high,Bishop Letson,Bishop Letson
sa3023538,draft_2023_alejandro_rosario_r5p144,691730,B_name+bdate,high,Alejandro Rosario,Alejandro Rosario
sa3023545,draft_2023_walker_martin_r2p52,806152,B_name+bdate,high,Walker Martin,Walker Martin
sa3023557,draft_2023_travis_sykora_r3p71,805809,B_name+bdate,high,Travis Sykora,Travis Sykora
sa3023560,draft_2023_steven_echavarria_r3p72,806064,B_name+bdate,high,Steven Echavarria,Steven Echavarria
sa3023566,draft_2022_nazier_mule_r4p113,702271,B_name+bdate,high,Nazier Mulé,Nazier Mule
sa3023567,draft_2023_cole_schoenwetter_r4p105,800616,B_name+bdate,high,Cole Schoenwetter,Cole Schoenwetter
sa3023569,draft_2023_zander_mueth_r2p67,805800,B_name+bdate,high,Zander Mueth,Zander Mueth
sa3023573,draft_2023_carson_hobbs_r11p340,814481,B_name+bdate,high,Carson Hobbs,Carson Hobbs
sa3023576,ifa_815454,815454,B_name+bdate,high,Chris Kean,Chris Kean
sa3023596,draft_2023_paul_wilson_r3p76,800618,B_name+bdate,high,Paul Wilson,Paul Wilson
sa3023601,ifa_815794,815794,B_name+bdate,high,Hyun-Seok Jang,Hyun-Seok Jang
sa3023613,draft_2023_hiro_wyatt_r3p75,702965,B_name+bdate,high,Hiro Wyatt,Hiro Wyatt
sa3023622,ifa_823356,823356,B_name+bdate,high,Payton Eeles,Payton Eeles
sa3023624,ifa_823878,823878,B_name+bdate,high,Luis Rives,Luis Rives
sa3023627,ifa_805155,805155,B_name+bdate,high,Adrian Herrera,Adrian Herrera
sa3023629,draft_2023_trevor_harrison_r5p156,807314,B_name+bdate,high,Trevor Harrison,Trevor Harrison
sa3023631,ifa_815212,815212,B_name+bdate,high,Keyner Martinez,Keyner Martinez
sa3023635,draft_2023_jaxon_wiggins_r2p68,694393,B_name+bdate,high,Jaxon Wiggins,Jaxon Wiggins
sa3023642,draft_2023_alex_makarewich_r13p400,801317,B_name+bdate,high,Alex Makarewich,Alex Makarewich
sa3023649,ifa_813865,813865,B_name+bdate,high,Hudson Leach,Hudson Leach
sa3023662,draft_2023_wyatt_crowell_r4p127,694573,B_name+bdate,high,Wyatt Crowell,Wyatt Crowell
sa3023679,draft_2023_travis_honeyman_r3p90,802469,B_name+bdate,high,Travis Honeyman,Travis Honeyman
sa3023709,ifa_807645,807645,B_name+bdate,high,Adolfo Sanchez,Adolfo Sanchez
sa3023711,ifa_807648,807648,B_name+bdate,high,Naibel Mariano,Naibel Mariano
sa3023718,ifa_815889,815889,B_name+bdate,high,Paulino Santana,Paulino Santana
sa3023719,ifa_815892,815892,B_name+bdate,high,Dawel Joseph,Dawel Joseph
sa3023720,ifa_815898,815898,B_name+bdate,high,Yovanny Rodriguez,Yovanny Rodriguez
sa3023721,ifa_815904,815904,B_name+bdate,high,Leonardo Pineda,Leonardo Pineda
sa3023723,ifa_815909,815909,B_name+bdate,high,Luis Cova,Luis Cova
sa3023725,ifa_815923,815923,B_name+bdate,high,Bralyn Brazoban,Bralyn Brazoban
sa3023726,ifa_815931,815931,B_name+bdate,high,Yolfran Castillo,Yolfran Castillo
sa3023745,ifa_820996,820996,B_name+bdate,high,Dexters Peralta,Dexters Peralta
sa3023749,ifa_821043,821043,B_name+bdate,high,Richard Matic,Richard Matic
sa3023751,ifa_821073,821073,B_name+bdate,high,Jirvin Morillo,Jirvin Morillo
sa3023757,ifa_821100,821100,B_name+bdate,high,Justin Gonzales,Justin Gonzales
sa3023764,ifa_821150,821150,B_name+bdate,high,Enddy Azocar,Enddy Azocar
sa3023784,ifa_821791,821791,B_name+bdate,high,Angel Brachi,Angel Brachi
sa3023818,ifa_815919,815919,B_name+bdate,high,Branneli Franco,Branneli Franco
sa3023834,ifa_821050,821050,B_name+bdate,high,Yoel Roque,Yoel Roque
sa3023875,ifa_815003,815003,B_name+bdate,high,Jalvin Arias,Jalvin Arias
sa3023882,ifa_815017,815017,B_name+bdate,high,Josueth Quinonez,Josueth Quinonez
sa3023885,ifa_815893,815893,B_name+bdate,high,Daiber De Los Santos,Daiber De Los Santos
sa3023886,ifa_815895,815895,B_name+bdate,high,Adriel Radney,Adriel Radney
sa3023887,ifa_815896,815896,B_name+bdate,high,Emil Morales,Emil Morales
sa3023888,ifa_815900,815900,B_name+bdate,high,Victor Hurtado,Victor Hurtado
sa3023889,ifa_815901,815901,B_name+bdate,high,Eduardo Herrera,Eduardo Herrera
sa3023890,ifa_815903,815903,B_name+bdate,high,Ashly Andujar,Ashly Andujar
sa3023891,ifa_815905,815905,B_name+bdate,high,Belfi Rivera,Belfi Rivera
sa3023892,ifa_815906,815906,B_name+bdate,high,Angel Feliz,Angel Feliz
sa3023893,ifa_815910,815910,B_name+bdate,high,Francisco Vilorio,Francisco Vilorio
sa3023894,ifa_815915,815915,B_name+bdate,high,Joswa Lugo,Joswa Lugo
sa3023896,ifa_815921,815921,B_name+bdate,high,Yohendry Sanchez,Yohendry Sanchez
sa3023897,ifa_815925,815925,B_name+bdate,high,Adbiel Feliz,Adbiel Feliz
sa3023898,ifa_815929,815929,B_name+bdate,high,Jhonny Level,Jhonny Level
sa3023906,ifa_820986,820986,B_name+bdate,high,Hayden Alvarez,Hayden Alvarez
sa3023917,ifa_821041,821041,B_name+bdate,high,Roldy Brito,Roldy Brito
sa3023925,ifa_821107,821107,B_name+bdate,high,Yairo Padilla,Yairo Padilla
sa3023936,ifa_821238,821238,B_name+bdate,high,Marlon Quintero,Marlon Quintero
sa3023944,ifa_821273,821273,B_name+bdate,high,Edward Florentino,Edward Florentino
sa3023945,ifa_821380,821380,B_name+bdate,high,Pedro Blanco,Pedro Blanco
sa3023960,ifa_821645,821645,B_name+bdate,high,Anthony Marquez,Anthony Marquez
sa3023968,ifa_821692,821692,B_name+bdate,high,Cristian Arguelles,Cristian Arguelles
sa3023970,ifa_821697,821697,B_name+bdate,high,Reyli Mariano,Reyli Mariano
sa3023987,ifa_823787,823787,B_name+bdate,high,Rainiel Rodriguez,Rainiel Rodriguez
sa3024069,ifa_808243,808243,B_name+bdate,high,Jose Feliz,Jose Feliz
sa3024072,ifa_815218,815218,B_name+bdate,high,Alexander Fuentes,Alexander Fuentes
sa3024081,ifa_820960,820960,B_name+bdate,high,Kifraidy Encarnacion,Kifraidy Encarnacion
sa3024088,ifa_821061,821061,B_name+bdate,high,Irwin Ramirez,Irwin Ramirez
sa3024094,ifa_821760,821760,B_name+bdate,high,Erick Matos,Erick Matos
sa3024107,ifa_815894,815894,B_name+bdate,high,Jorge Quintana,Jorge Quintana
sa3024108,ifa_815908,815908,B_name+bdate,high,Jesús Made,Jesús Made
sa3024109,ifa_815911,815911,B_name+bdate,high,Edgar Montero,Edgar Montero
sa3024110,ifa_815916,815916,B_name+bdate,high,Emilio Sanchez,Emilio Sanchez
sa3024112,ifa_820847,820847,B_name+bdate,high,Jordan Sanchez,Jordan Sanchez
sa3024124,ifa_821136,821136,B_name+bdate,high,Handelfry Encarnacion,Handelfry Encarnacion
sa3024133,ifa_821262,821262,B_name+bdate,high,José Anderson,José Anderson
sa3024134,ifa_821270,821270,B_name+bdate,high,Luis Peña,Luis Peña
sa3024143,ifa_821672,821672,B_name+bdate,high,Eduardo Rojas,Eduardo Rojas
sa3024147,ifa_821751,821751,B_name+bdate,high,Elvin Garcia,Elvin Garcia
sa3024202,ifa_807955,807955,B_name+bdate,high,Yeremmy Cabeza,Yeremmy Cabeza
sa3024232,ifa_820901,820901,B_name+bdate,high,Anderson Brito,Anderson Brito
sa3024260,ifa_821634,821634,B_name+bdate,high,Luis Maracara,Luis Maracara
sa3024267,ifa_821800,821800,B_name+bdate,high,Gregory Sanchez,Gregory Sanchez
sa3024273,ifa_823369,823369,B_name+bdate,high,Yhoiker Fajardo,Yhoiker Fajardo
sa3024304,ifa_815897,815897,B_name+bdate,high,Robert Arias,Robert Arias
sa3024327,ifa_821171,821171,B_name+bdate,high,Dauri Fernandez,Dauri Fernandez
sa3024329,ifa_821181,821181,B_name+bdate,high,Juneiker Caceres,Juneiker Caceres
sa3024356,ifa_821688,821688,B_name+bdate,high,Jemone Nuel,Jemone Nuel
sa3024361,ifa_821716,821716,B_name+bdate,high,Jhonayker Ugarte,Jhonayker Ugarte
sa3024364,ifa_821759,821759,B_name+bdate,high,Johan Rodriguez,Johan Rodriguez
sa3024374,ifa_821813,821813,B_name+bdate,high,Luis Aguilera,Luis Aguilera
sa3024375,ifa_822177,822177,B_name+bdate,high,Jose Cerice,Jose Cerice
sa3024459,ifa_821116,821116,B_name+bdate,high,Reinold Navarro,Reinold Navarro
sa3024519,ifa_808510,808510,B_name+bdate,high,Manuel Genao,Manuel Genao
sa3024557,ifa_821067,821067,B_name+bdate,high,Jose Paulino,Jose Paulino
sa3024565,ifa_821174,821174,B_name+bdate,high,Jesus Travieso,Jesus Travieso
sa3024583,ifa_821757,821757,B_name+bdate,high,Esteban Mejia,Esteban Mejia
sa3024593,ifa_823012,823012,B_name+bdate,high,Alexander Almonte,Alexander Almonte
sa3024627,ifa_815913,815913,B_name+bdate,high,Stiven Martinez,Stiven Martinez
sa3024628,ifa_820958,820958,B_name+bdate,high,Almen Tolentino,Almen Tolentino
sa3024787,ifa_823839,823839,B_name+bdate,high,Manuel Davila,Manuel Davila
sa3024789,ifa_823860,823860,B_name+bdate,high,Oliver Gonzalez,Oliver Gonzalez
sa3024792,ifa_824212,824212,B_name+bdate,high,Alexander Garcia,Alexander Garcia
sa3024856,ifa_827664,827664,B_name+bdate,high,Silvano Hechavarria,Silvano Hechavarria
sa3024884,draft_2022_jp_wheat_r16p473,702516,B_name+bdate,high,JP Wheat,JP Wheat
sa3024885,ifa_806996,806996,B_name+bdate,high,Reiner Lopez,Reiner López
sa3024922,draft_2023_jeanpierre_ortiz_r17p498,701370,B_name+bdate,high,JeanPierre Ortiz,JeanPierre Ortiz
sa3024928,ifa_815924,815924,B_name+bdate,high,Eduardo Beltre,Eduardo Beltre
sa3024950,ifa_821611,821611,B_name+bdate,high,Jesus Lafalaise,Jesus Lafalaise
sa3024964,draft_2022_dylan_delucia_r6p181,690626,B_name+bdate,high,Dylan DeLucia,Dylan DeLucia
sa3024981,draft_2023_sterling_patick_r18p550,814507,B_name+bdate,high,Sterling Patick,Sterling Patick
sa3025006,ifa_821783,821783,B_name+bdate,high,Argenis Cayama,Argenis Cayama
sa3025018,ifa_815922,815922,B_name+bdate,high,Franklin Rojas,Franklin Rojas
sa3025019,ifa_821648,821648,B_name+bdate,high,Wilberson De Pena,Wilberson De Pena
sa3025020,draft_2023_grayson_hitt_r4p112,694491,B_name+bdate,high,Grayson Hitt,Grayson Hitt
sa3025047,ifa_808893,808893,B_name+bdate,high,Bryan Balzer,Bryan Balzer
sa3025048,ifa_826173,826173,B_name+bdate,high,Jhonan Coba,Jhonan Coba
sa3025060,draft_2023_caden_scarborough_r6p171,807291,B_name+bdate,high,Caden Scarborough,Caden Scarborough
sa3025072,ifa_815930,815930,B_name+bdate,high,Nestor Miranda,Nestor Miranda
sa3025086,draft_2023_justin_riemer_r4p133,811312,B_name+bdate,high,Justin Riemer,Justin Riemer
sa3025098,ifa_828416,828416,B_name+bdate,high,Samuel Gonzalez,Samuel Gonzalez
sa3025104,ifa_815899,815899,B_name+bdate,high,Jose Perdomo,Jose Perdomo
sa3025115,ifa_814232,814232,B_name+bdate,high,Humberto Cruz,Humberto Cruz
sa3025116,ifa_814372,814372,B_name+bdate,high,Brad Pacheco,Brad Pacheco
sa3025117,ifa_820853,820853,B_name+bdate,high,Ryjeteri Merite,Ryjeteri Merite
sa3025142,ifa_812151,812151,B_name+bdate,high,Deivi Villafana,Deivi Villafana
sa3025145,ifa_815914,815914,B_name+bdate,high,Andres Arias,Andres Arias
sa3025153,draft_2024_cade_mcgee_r9p261,801629,B_name+bdate,high,Cade McGee,Cade McGee
sa3025157,draft_2024_elijah_hainline_r7p220,809944,B_name+bdate,high,Elijah Hainline,Elijah Hainline
sa3025195,draft_2024_payton_green_r6p184,700243,B_name+bdate,high,Payton Green,Payton Green
sa3025197,draft_2024_john_spikerman_r3p100,701811,B_name+bdate,high,John Spikerman,John Spikerman
sa3025198,draft_2024_carson_demartini_r4p130,701831,B_name+bdate,high,Carson DeMartini,Carson DeMartini
sa3025199,draft_2024_pj_morlando_r1p16,703563,B_name+bdate,high,PJ Morlando,PJ Morlando
sa3025203,draft_2024_carter_johnson_r2p56,815793,B_name+bdate,high,Carter Johnson,Carter Johnson
sa3025220,draft_2023_teddy_mcgraw_r3p92,803141,B_name+bdate,high,Teddy McGraw,Teddy McGraw
sa3025230,ifa_828667,828667,B_name+bdate,high,Ching-Hsien Ko,Ching-Hsien Ko
sa3025247,draft_2024_zach_ehrhard_r4p115,701394,B_name+bdate,high,Zach Ehrhard,Zach Ehrhard
sa3025248,draft_2024_duce_gourson_r9p264,701546,B_name+bdate,high,Duce Gourson,Duce Gourson
sa3025249,draft_2024_billy_amick_r2p60,701771,B_name+bdate,high,Billy Amick,Billy Amick
sa3025250,draft_2024_malcolm_moore_r1p30,702270,B_name+bdate,high,Malcolm Moore,Malcolm Moore
sa3025251,draft_2024_dylan_dreiling_r2p65,702662,B_name+bdate,high,Dylan Dreiling,Dylan Dreiling
sa3025252,draft_2024_jared_thomas_r2p42,703606,B_name+bdate,high,Jared Thomas,Jared Thomas
sa3025254,draft_2024_walker_janek_r1p28,801075,B_name+bdate,high,Walker Janek,Walker Janek
sa3025257,draft_2024_charlie_condon_r1p3,809707,B_name+bdate,high,Charlie Condon,Charlie Condon
sa3025259,draft_2024_khadim_diaw_r3p96,813715,B_name+bdate,high,Khadim Diaw,Khadim Diaw
sa3025260,draft_2024_kyle_debarge_r1p33,814414,B_name+bdate,high,Kyle DeBarge,Kyle DeBarge
sa3025264,draft_2024_brandon_butterworth_r12p360,822578,B_name+bdate,high,Brandon Butterworth,Brandon Butterworth
sa3025298,draft_2024_hunter_cranton_r3p91,675450,B_name+bdate,high,Hunter Cranton,Hunter Cranton
sa3025301,draft_2024_fulton_lockhart_r13p382,702586,B_name+bdate,high,Fulton Lockhart,Fulton Lockhart
sa3025308,ifa_692238,692238,B_name+bdate,high,Parks Harber,Parks Harber
sa3025315,draft_2024_nick_mitchell_r4p136,814455,B_name+bdate,high,Nick Mitchell,Nick Mitchell
sa3025317,draft_2024_sean_keys_r4p125,815873,B_name+bdate,high,Sean Keys,Sean Keys
sa3025330,draft_2024_najer_victor_r14p412,695402,B_name+bdate,high,Najer Victor,Najer Victor
sa3025333,draft_2024_james_tibbs_iii_r1p13,696486,B_name+bdate,high,James Tibbs III,James Tibbs III
sa3025335,draft_2024_david_mershon_r18p532,702574,B_name+bdate,high,David Mershon,David Mershon
sa3025350,draft_2024_konner_eaton_r6p168,820825,B_name+bdate,high,Konner Eaton,Konner Eaton
sa3025360,draft_2024_kaelen_culpepper_r1p21,701785,B_name+bdate,high,Kaelen Culpepper,Kaelen Culpepper
sa3025361,draft_2024_caden_powell_r6p193,702547,B_name+bdate,high,Caden Powell,Caden Powell
sa3025381,draft_2024_blake_burke_r1p34,695501,B_name+bdate,high,Blake Burke,Blake Burke
sa3025383,draft_2024_tommy_white_r2p40,695720,B_name+bdate,high,Tommy White,Tommy White
sa3025391,draft_2024_émilien_pitre_r2p58,692150,B_name+bdate,high,Émilien Pitre,Émilien Pitre
sa3025404,draft_2024_caleb_lomavita_r1p39,701616,B_name+bdate,high,Caleb Lomavita,Caleb Lomavita
sa3025405,draft_2024_ryan_stafford_r5p160,701696,B_name+bdate,high,Ryan Stafford,Ryan Stafford
sa3025407,draft_2024_eli_serrano_iii_r4p111,702501,B_name+bdate,high,Eli Serrano III,Eli Serrano III
sa3025408,draft_2024_austin_overn_r3p97,702556,B_name+bdate,high,Austin Overn,Austin Overn
sa3025409,draft_2024_griff_oferrall_r1p32,803172,B_name+bdate,high,Griff O'Ferrall,Griff O'Ferrall
sa3025410,draft_2024_ethan_anderson_r2p61,803175,B_name+bdate,high,Ethan Anderson,Ethan Anderson
sa3025411,draft_2024_dante_nori_r1p27,807276,B_name+bdate,high,Dante Nori,Dante Nori
sa3025413,draft_2024_joseph_sullivan_r7p223,813896,B_name+bdate,high,Joseph Sullivan,Joseph Sullivan
sa3025414,draft_2024_seaver_king_r1p10,814409,B_name+bdate,high,Seaver King,Seaver King
sa3025419,ifa_823851,823851,B_name+bdate,high,Hansel Jimenez,Hansel Jimenez
sa3025434,draft_2024_jacob_cozart_r2p48,695524,B_name+bdate,high,Jacob Cozart,Jacob Cozart
sa3025446,draft_2024_caden_favors_r6p175,801129,B_name+bdate,high,Caden Favors,Caden Favors
sa3025448,ifa_823929,823929,B_name+bdate,high,Alberto Laroche,Alberto Laroche
sa3025449,draft_2024_owen_ayers_r19p572,689196,B_name+bdate,high,Owen Ayers,Owen Ayers
sa3025454,draft_2024_ariel_armas_r5p153,813666,B_name+bdate,high,Ariel Armas,Ariel Armas
sa3025468,ifa_828786,828786,B_name+bdate,high,Omar Montano,Omar Montano
sa3025492,draft_2024_peyton_olejnik_r6p172,803021,B_name+bdate,high,Peyton Olejnik,Peyton Olejnik
sa3025495,draft_2024_marco_dinges_r4p123,701392,B_name+bdate,high,Marco Dinges,Marco Dinges
sa3025504,draft_2024_luke_hayden_r8p239,695569,B_name+bdate,high,Luke Hayden,Luke Hayden
sa3025505,draft_2024_mason_marriott_r6p194,696277,B_name+bdate,high,Mason Marriott,Mason Marriott
sa3025511,draft_2024_kevin_bazzell_r3p79,695494,B_name+bdate,high,Kevin Bazzell,Kevin Bazzell
sa3025512,draft_2024_peyton_stovall_r4p117,696510,B_name+bdate,high,Peyton Stovall,Peyton Stovall
sa3025520,draft_2024_pierce_george_r13p379,703670,B_name+bdate,high,Pierce George,Pierce George
sa3025526,draft_2024_vance_honeycutt_r1p22,701689,B_name+bdate,high,Vance Honeycutt,Vance Honeycutt
sa3025544,draft_2024_hagen_smith_r1p5,696146,B_name+bdate,high,Hagen Smith,Hagen Smith
sa3025551,draft_2024_jackson_strong_r7p206,825924,B_name+bdate,high,Jackson Strong,Jackson Strong
sa3025558,draft_2024_bryce_mayer_r16p493,809343,B_name+bdate,high,Bryce Mayer,Bryce Mayer
sa3025559,draft_2024_micah_ashman_r11p326,809840,B_name+bdate,high,Micah Ashman,Micah Ashman
sa3025565,draft_2024_theo_gillen_r1p18,815394,B_name+bdate,high,Theo Gillen,Theo Gillen
sa3025568,ifa_695256,695256,B_name+bdate,high,Josh Mallitz,Josh Mallitz
sa3025569,draft_2024_tyson_neighbors_r4p118,695695,B_name+bdate,high,Tyson Neighbors,Tyson Neighbors
sa3025571,draft_2024_logan_samuels_r8p251,808469,B_name+bdate,high,Logan Samuels,Logan Samuels
sa3025574,draft_2024_tyson_hardin_r12p365,824620,B_name+bdate,high,Tyson Hardin,Tyson Hardin
sa3025585,draft_2024_josh_randall_r3p85,695620,B_name+bdate,high,Josh Randall,Josh Randall
sa3025586,draft_2024_mason_molina_r7p215,695766,B_name+bdate,high,Mason Molina,Mason Molina
sa3025588,draft_2024_herick_hernandez_r4p129,803349,B_name+bdate,high,Herick Hernandez,Herick Hernandez
sa3025592,draft_2024_will_watson_r7p203,814492,B_name+bdate,high,Will Watson,Will Watson
sa3025599,draft_2024_carter_holton_r2p62,692290,B_name+bdate,high,Carter Holton,Carter Holton
sa3025601,draft_2024_dakota_jordan_r4p116,702607,B_name+bdate,high,Dakota Jordan,Dakota Jordan
sa3025607,draft_2024_cam_caminiti_r1p24,807284,B_name+bdate,high,Cam Caminiti,Cam Caminiti
sa3025613,draft_2024_ryan_lambert_r8p233,822038,B_name+bdate,high,Ryan Lambert,Ryan Lambert
sa3025616,draft_2024_aidan_foeller_r11p340,826538,B_name+bdate,high,Aidan Foeller,Aidan Foeller
sa3025618,draft_2024_twine_palmer_r19p583,828520,B_name+bdate,high,Twine Palmer,Twine Palmer
sa3025623,draft_2024_josh_hartle_r3p83,691776,B_name+bdate,high,Josh Hartle,Josh Hartle
sa3025629,draft_2024_keith_jones_ii_r9p285,695069,B_name+bdate,high,Keith Jones II,Keith Jones II
sa3025634,draft_2024_frank_elissalt_r19p563,692284,B_name+bdate,high,Frank Elissalt,Frank Elissalt
sa3025638,draft_2024_cole_hertzler_r5p163,826315,B_name+bdate,high,Cole Hertzler,Cole Hertzler
sa3025644,draft_2024_sebastian_gongora_r11p339,807792,B_name+bdate,high,Sebastian Gongora,Sebastian Gongora
sa3025647,draft_2024_braylon_payne_r1p17,815520,B_name+bdate,high,Braylon Payne,Braylon Payne
sa3025652,ifa_694285,694285,B_name+bdate,high,Chandler Marsh,Chandler Marsh
sa3025654,draft_2024_brock_moore_r7p213,822160,B_name+bdate,high,Brock Moore,Brock Moore
sa3025659,draft_2022_dylan_ross_r13p389,697811,B_name+bdate,high,Dylan Ross,Dylan Ross
sa3025661,draft_2024_ethan_bagwell_r6p191,815626,B_name+bdate,high,Ethan Bagwell,Ethan Bagwell
sa3025798,draft_2024_matt_ager_r6p174,700400,B_name+bdate,high,Matt Ager,Matt Ager
sa3025822,draft_2024_blake_aita_r6p177,820832,B_name+bdate,high,Blake Aita,Blake Aita
sa3025950,draft_2024_chase_allsup_r4p127,695482,B_name+bdate,high,Chase Allsup,Chase Allsup
sa3025961,draft_2025_wehiwa_aloy_r1p31,814450,B_name+bdate,high,Wehiwa Aloy,Wehiwa Aloy
sa3026056,draft_2025_kade_anderson_r1p3,807739,B_name+bdate,high,Kade Anderson,Kade Anderson
sa3026225,draft_2025_jamie_arnold_r1p11,701364,B_name+bdate,high,Jamie Arnold,Jamie Arnold
sa3026235,draft_2025_aiva_arquette_r1p7,804109,B_name+bdate,high,Aiva Arquette,Aiva Arquette
sa3026300,draft_2024_brooks_auger_r6p190,824624,B_name+bdate,high,Brooks Auger,Brooks Auger
sa3026315,draft_2025_rj_austin_r3p93,702720,B_name+bdate,high,RJ Austin,RJ Austin
sa3026340,draft_2024_isaac_ayon_r18p550,694847,B_name+bdate,high,Isaac Ayon,Isaac Ayon
sa3026785,draft_2024_drew_beam_r3p76,701795,B_name+bdate,high,Drew Beam,Drew Beam
sa3026885,draft_2025_landon_beidelschies_r6p187,804860,B_name+bdate,high,Landon Beidelschies,Landon Beidelschies
sa3026937,draft_2025_max_belyeu_r2p74,803284,B_name+bdate,high,Max Belyeu,Max Belyeu
sa3027486,draft_2025_cody_bowker_r3p100,805790,B_name+bdate,high,Cody Bowker,Cody Bowker
sa3027632,draft_2024_brody_brecht_r1p38,701679,B_name+bdate,high,Brody Brecht,Brody Brecht
sa3027644,draft_2025_tyler_bremner_r1p2,803285,B_name+bdate,high,Tyler Bremner,Tyler Bremner
sa3027921,draft_2025_brooks_bryan_r8p248,804871,B_name+bdate,high,Brooks Bryan,Brooks Bryan
sa3027969,draft_2025_micah_bucknam_r4p112,692117,B_name+bdate,high,Micah Bucknam,Micah Bucknam
sa3028334,draft_2022_justin_campbell_r1p37,683235,B_name+bdate,high,Justin Campbell,Justin Campbell
sa3028388,draft_2024_brooks_caple_r9p272,699944,B_name+bdate,high,Brooks Caple,Brooks Caple
sa3028459,draft_2025_easton_carmichael_r3p82,702695,B_name+bdate,high,Easton Carmichael,Easton Carmichael
sa3028661,draft_2024_aj_causey_r5p138,822067,B_name+bdate,high,A.J. Causey,A.J. Causey
sa3028683,draft_2025_jack_cebert_r15p464,701411,B_name+bdate,high,Jack Cebert,Jack Cebert
sa3028930,draft_2024_jurrangelo_cijntje_r1p15,701388,B_name+bdate,high,Jurrangelo Cijntje,Jurrangelo Cijntje
sa3029111,draft_2025_trevor_cohen_r3p85,701906,B_name+bdate,high,Trevor Cohen,Trevor Cohen
sa3029151,draft_2023_javen_coleman_r16p490,694495,B_name+bdate,high,Javen Coleman,Javen Coleman
sa3029168,draft_2024_dennis_colleran_r7p197,701207,B_name+bdate,high,Dennis Colleran Jr.,Dennis Colleran
sa3029266,draft_2025_ethan_conrad_r1p17,828255,B_name+bdate,high,Ethan Conrad,Ethan Conrad
sa3029303,draft_2025_jake_cook_r3p81,834404,B_name+bdate,high,Jake Cook,Jake Cook
sa3029364,draft_2025_pierce_coppola_r7p211,695518,B_name+bdate,high,Pierce Coppola,Pierce Coppola
sa3029417,draft_2024_chris_cortez_r2p45,700933,B_name+bdate,high,Chris Cortez,Chris Cortez
sa3029515,draft_2025_gabe_craig_r5p161,700582,B_name+bdate,high,Gabe Craig,Gabe Craig
sa3029687,draft_2024_bryce_cunningham_r2p53,701480,B_name+bdate,high,Bryce Cunningham,Bryce Cunningham
sa3029705,draft_2025_brian_curley_r3p92,826536,B_name+bdate+tiebreak,high,Brian Curley,Brian Curley
sa3029706,draft_2025_dean_curley_r2p64,806053,B_name+bdate,high,Dean Curley,Dean Curley
sa3029860,draft_2025_charles_davalan_r1p41,804560,B_name+bdate,high,Charles Davalan,Charles Davalan
sa3029886,draft_2024_braden_davis_r5p142,801078,B_name+bdate,high,Braden Davis,Braden Davis
sa3029984,draft_2024_jaron_deberry_r3p93,809229,B_name+bdate,high,Jaron DeBerry,Jaron DeBerry
sa3030108,draft_2025_cody_delvecchio_r12p356,805149,B_name+bdate,high,Cody Delvecchio,Cody Delvecchio
sa3030281,draft_2025_korbyn_dickerson_r5p152,702668,B_name+bdate,high,Korbyn Dickerson,Korbyn Dickerson
sa3030286,draft_2025_daniel_dickinson_r6p185,823658,B_name+bdate,high,Daniel Dickinson,Daniel Dickinson
sa3030418,draft_2024_nate_dohm_r3p82,702296,B_name+bdate,high,Nate Dohm,Nate Dohm
sa3030545,draft_2025_liam_doyle_r1p5,824604,B_name+bdate,high,Liam Doyle,Liam Doyle
sa3030728,draft_2024_daniel_eagen_r3p102,811666,B_name+bdate,high,Daniel Eagen,Daniel Eagen
sa3030964,draft_2025_sean_episcope_r5p155,834243,B_name+bdate,high,Sean Episcope,Sean Episcope
sa3031104,draft_2025_anthony_eyanson_r3p87,809254,B_name+bdate,high,Anthony Eyanson,Anthony Eyanson
sa3031322,draft_2024_victor_figueroa_r18p540,809372,B_name+bdate,high,Victor Figueroa,Victor Figueroa
sa3031345,draft_2025_leighton_finley_r6p178,803287,B_name+bdate,high,Leighton Finley,Leighton Finley
sa3031366,draft_2025_andrew_fischer_r1p20,702652,B_name+bdate,high,Andrew Fischer,Andrew Fischer
sa3031488,draft_2023_ty_floyd_r1p38,692226,B_name+bdate,high,Ty Floyd,Ty Floyd
sa3031511,draft_2024_connor_foley_r5p164,805879,B_name+bdate,high,Connor Foley,Connor Foley
sa3031537,draft_2025_patrick_forbes_r1p29,804467,B_name+bdate,high,Patrick Forbes,Patrick Forbes
sa3031539,draft_2024_ryan_forcucci_r3p101,801573,B_name+bdate,high,Ryan Forcucci,Ryan Forcucci
sa3031610,draft_2025_rory_fox_r6p194,812431,B_name+bdate,high,Rory Fox,Rory Fox
sa3031652,draft_2025_tanner_franklin_r2p72,815119,B_name+bdate,high,Tanner Franklin,Tanner Franklin
sa3031717,draft_2025_ethan_frey_r3p95,703676,B_name+bdate,high,Ethan  Frey,Ethan Frey
sa3031927,draft_2024_davian_garcia_r6p170,807485,B_name+bdate,high,Davian Garcia,Davian Garcia
sa3032331,draft_2025_henry_godbout_r2p75,804995,B_name+bdate,high,Henry Godbout,Henry Godbout
sa3032478,draft_2024_austin_gordon_r4p110,803135,B_name+bdate,high,Austin Gordon,Austin Gordon
sa3032485,draft_2024_rj_gordon_r13p383,822161,B_name+bdate,high,R.J. Gordon,R.J. Gordon
sa3032619,draft_2025_murf_gray_r2p73,809092,B_name+bdate,high,Murf Gray,Murf Gray
sa3032859,draft_2025_jack_gurevitch_r3p89,813668,B_name+bdate,high,Jack Gurevitch,Jack Gurevitch
sa3032946,draft_2024_david_hagaman_r4p133,701908,B_name+bdate,high,David Hagaman,David Hagaman
sa3033115,draft_2024_tyler_hampu_r18p528,812407,B_name+bdate,high,Tyler Hampu,Tyler Hampu
sa3033436,draft_2025_sawyer_hawks_r6p183,700895,B_name+bdate,high,Sawyer Hawks,Sawyer Hawks
sa3033707,draft_2024_griffin_herring_r6p181,702622,B_name+bdate,high,Griffin Herring,Griffin Herring
sa3033725,draft_2024_ben_hess_r1p26,696292,B_name+bdate,high,Ben Hess,Ben Hess
sa3034003,draft_2024_luke_holman_r2p71,695705,B_name+bdate,high,Luke Holman,Luke Holman
sa3034016,draft_2024_john_holobetz_r5p156,827292,B_name+bdate,high,John Holobetz,John Holobetz
sa3034275,draft_2025_griffin_hugus_r3p91,702976,B_name+bdate,high,Griffin Hugus,Griffin Hugus
sa3034340,draft_2024_thatcher_hurd_r3p89,695765,B_name+bdate,high,Thatcher Hurd,Thatcher Hurd
sa3034445,draft_2025_ike_irish_r1p19,702610,B_name+bdate,high,Ike Irish,Ike Irish
sa3034527,draft_2025_ben_jacobs_r3p98,800624,B_name+bdate,high,Ben Jacobs,Ben Jacobs
sa3034672,draft_2025_eli_jerzembeck_r11p331,702260,B_name+bdate,high,Eli Jerzembeck,Eli Jerzembeck
sa3034692,draft_2025_antonio_jimenez_r3p102,806128,B_name+bdate,high,Antonio Jimenez,Antonio Jimenez
sa3034782,draft_2024_lebarron_johnson_jr_r5p139,694316,B_name+bdate,high,Lebarron Johnson Jr.,Lebarron Johnson Jr.
sa3034881,draft_2025_jared_jones_r9p263,702262,B_name+bdate,high,Jared Jones,Jared Jones
sa3035282,draft_2024_jackson_kent_r4p108,800600,B_name+bdate,high,Jackson Kent,Jackson Kent
sa3035283,draft_2025_kaeden_kent_r3p103,809763,B_name+bdate,high,Kaeden Kent,Kaeden Kent
sa3035293,draft_2025_kane_kepley_r2p56,823807,B_name+bdate,high,Kane Kepley,Kane Kepley
sa3035353,draft_2025_gavin_kilen_r1p13,702264,B_name+bdate,high,Gavin Kilen,Gavin Kilen
sa3035512,draft_2025_paxton_kling_r7p205,702265,B_name+bdate,high,Paxton Kling,Paxton Kling
sa3035887,draft_2025_justin_lamkin_r2p71,703610,B_name+bdate,high,Justin Lamkin,Justin Lamkin
sa3035936,draft_2024_lp_langevin_r4p105,692137,B_name+bdate,high,L.P. Langevin,L.P. Langevin
sa3036058,draft_2025_jace_laviolette_r1p27,702593,B_name+bdate,high,Jace LaViolette,Jace LaViolette
sa3036203,draft_2025_cam_leiter_r2p65,804942,B_name+bdate,high,Cam Leiter,Cam Leiter
sa3036393,draft_2024_christian_little_r11p333,691733,B_name+bdate,high,Christian Little,Christian Little
sa3036445,draft_2025_alex_lodise_r2p60,822676,B_name+bdate,high,Alex Lodise,Alex Lodise
sa3036476,draft_2025_michael_lombardi_r2p61,813533,B_name+bdate,high,Michael Lombardi,Michael Lombardi
sa3036887,draft_2024_aidan_major_r5p146,802146,B_name+bdate,high,Aidan Major,Aidan Major
sa3037172,draft_2025_jack_martinez_r8p243,822956,B_name+bdate,high,Jack Martinez,Jack Martinez
sa3037259,draft_2024_michael_massey_r4p114,695602,B_name+bdate,high,Michael Massey,Michael Massey
sa3037300,draft_2024_cole_mathis_r2p54,695573,B_name+bdate,high,Cole Mathis,Cole Mathis
sa3037366,draft_2024_aiden_may_r2p70,801995,B_name+bdate,high,Aiden May,Aiden May
sa3037749,draft_2024_matt_mcshane_r13p384,823791,B_name+bdate,high,Matt McShane,Matt McShane
sa3037985,draft_2025_jb_middleton_r2p45,822477,B_name+bdate,high,JB Middleton,JB Middleton
sa3038233,draft_2025_nick_monistere_r4p126,823809,B_name+bdate,high,Nick Monistere,Nick Monistere
sa3038253,draft_2024_braden_montgomery_r1p12,695731,B_name+bdate,high,Braden Montgomery,Braden Montgomery
sa3038406,draft_2025_jacob_morrison_r3p94,804756,B_name+bdate,high,Jacob Morrison,Jacob Morrison
sa3038414,draft_2025_mason_morris_r3p83,702568,B_name+bdate,high,Mason Morris,Mason Morris
sa3038991,draft_2025_cade_obermueller_r2p63,805261,B_name+bdate+tiebreak,high,Cade Obermueller,Cade Obermueller
sa3039559,draft_2025_truman_pauley_r12p373,831912,B_name+bdate,high,Truman Pauley,Truman Pauley
sa3039663,draft_2024_dalton_pence_r11p345,701717,B_name+bdate,high,Dalton Pence,Dalton Pence
sa3039760,draft_2024_cole_peschl_r15p458,828497,B_name+bdate,high,Cole Peschl,Cole Peschl
sa3039828,draft_2025_ethan_petry_r2p49,701337,B_name+bdate,high,Ethan Petry,Ethan Petry
sa3039870,draft_2025_marcus_phillips_r1p33,815071,B_name+bdate,high,Marcus Phillips,Marcus Phillips
sa3040183,draft_2025_peyton_prescott_r5p163,807290,B_name+bdate,high,Peyton Prescott,Peyton Prescott
sa3040345,draft_2025_jt_quinn_r2p69,802411,B_name+bdate,high,JT Quinn,JT Quinn
sa3040572,draft_2025_dominick_reid_r3p90,805255,B_name+bdate,high,Dominick Reid,Dominick Reid
sa3041130,draft_2025_zachary_root_r1p40,702539,B_name+bdate,high,Zachary Root,Zachary Root
sa3041324,draft_2025_aj_russell_r2p52,805706,B_name+bdate,high,AJ Russell,AJ Russell
sa3041437,draft_2024_rj_sales_r10p296,701680,B_name+bdate,high,R.J. Sales,R.J. Sales
sa3041443,draft_2025_michael_salina_r4p130,823745,B_name+bdate,high,Michael Salina,Michael Salina
sa3041559,draft_2024_jonathan_santucci_r2p46,695558,B_name+bdate,high,Jonathan Santucci,Jonathan Santucci
sa3041794,draft_2025_nolan_schubart_r3p101,702278,B_name+bdate,high,Nolan Schubart,Nolan Schubart
sa3041892,draft_2024_brett_sears_r7p221,822412,B_name+bdate,high,Brett Sears,Brett Sears
sa3042212,draft_2025_chase_shores_r2p47,702274,B_name+bdate,high,Chase Shores,Chase Shores
sa3042362,draft_2024_luke_sinnard_r3p99,820827,B_name+bdate,high,Luke Sinnard,Luke Sinnard
sa3042374,draft_2024_mike_sirota_r3p87,701527,B_name+bdate,high,Mike Sirota,Mike Sirota
sa3042618,draft_2024_parker_smith_r4p131,809789,B_name+bdate,high,Parker Smith,Parker Smith
sa3042645,draft_2024_tanner_smith_r15p450,823801,B_name+bdate,high,Tanner Smith,Tanner Smith
sa3042672,draft_2025_kade_snell_r5p151,820835,B_name+bdate,high,Kade Snell,Kade Snell
sa3043049,draft_2024_khal_stephen_r2p59,701590,B_name+bdate,high,Khal Stephen,Khal Stephen
sa3043081,draft_2025_luke_stevenson_r1p35,806233,B_name+bdate,high,Luke Stevenson,Luke Stevenson
sa3043272,draft_2024_sam_stuhr_r5p137,702023,B_name+bdate,high,Sam Stuhr,Sam Stuhr
sa3043560,draft_2025_devin_taylor_r2p48,805127,B_name+bdate,high,Devin Taylor,Devin Taylor
sa3043592,draft_2025_zane_taylor_r5p141,823990,B_name+bdate,high,Zane Taylor,Zane Taylor
sa3043596,draft_2024_kavares_tears_r4p134,701837,B_name+bdate,high,Kavares Tears,Kavares Tears
sa3043611,draft_2024_yoel_tejeda_jr_r14p410,701347,B_name+bdate,high,Yoel Tejeda Jr.,Yoel Tejeda Jr.
sa3043764,draft_2025_jd_thompson_r2p59,702505,B_name+bdate,high,J.D. Thompson,J.D. Thompson
sa3044148,draft_2025_gavin_turley_r4p110,702504,B_name+bdate,high,Gavin Turley,Gavin Turley
sa3044327,draft_2025_shane_van_dam_r9p278,822461,B_name+bdate,high,Shane Van Dam,Shane Van Dam
sa3044483,draft_2025_landyn_vidourek_r3p104,811716,B_name+bdate,high,Landyn Vidourek,Landyn Vidourek
sa3044503,draft_2024_mike_villani_r13p400,814525,B_name+bdate,high,Mike Villani,Mike Villani
sa3044552,draft_2025_mitch_voit_r1p38,702491,B_name+bdate,high,Mitch Voit,Mitch Voit
sa3044756,draft_2025_aaron_walton_r2p66,830239,B_name+bdate,high,Aaron Walton,Aaron Walton
sa3045125,draft_2025_mason_white_r4p118,702517,B_name+bdate,high,Mason White,Mason White
sa3045487,draft_2025_kyson_witherspoon_r1p15,804817,B_name+bdate,high,Kyson Witherspoon,Kyson Witherspoon
sa3045488,draft_2025_malachi_witherspoon_r2p62,802412,B_name+bdate,high,Malachi Witherspoon,Malachi Witherspoon
sa3045536,draft_2025_gage_wood_r1p26,805906,B_name+bdate,high,Gage Wood,Gage Wood
sa3045618,draft_2024_jakob_wright_r4p128,809915,B_name+bdate,high,Jakob Wright,Jakob Wright
sa3045855,draft_2024_gage_ziehl_r4p119,695721,B_name+bdate,high,Gage Ziehl,Gage Ziehl
sa3058955,draft_2025_cade_crossland_r4p120,827265,B_name+bdate,high,Cade Crossland,Cade Crossland
sa3059833,draft_2025_kyle_lodise_r3p76,827517,B_name+bdate,high,Kyle Lodise,Kyle Lodise
sa3060252,draft_2025_mason_peters_r4p122,830336,B_name+bdate,high,Mason Peters,Mason Peters
sa3060295,draft_2025_nick_potter_r5p156,830769,B_name+bdate,high,Nick Potter,Nick Potter
sa3060916,draft_2025_ryan_wideman_r3p99,834240,B_name+bdate,high,Ryan Wideman,Ryan Wideman
sa3060984,draft_2025_colin_yeaman_r4p124,829649,B_name+bdate,high,Colin Yeaman,Colin Yeaman
sa3060988,draft_2025_ethan_young_r5p150,831273,B_name+bdate,high,Ethan Young,Ethan Young
sa3065768,ifa_828774,828774,B_name+bdate,high,Jack Hostetler,Jack Hostetler
sa3066457,draft_2024_nick_montgomery_r5p161,807277,B_name+bdate,high,Nick Montgomery,Nick Montgomery
sa3066458,ifa_829053,829053,B_name+bdate,high,Diego Tornes,Diego Tornes
sa3066459,ifa_829909,829909,B_name+bdate,high,Raudy Reyes,Raudy Reyes
sa3066460,draft_2024_slade_caldwell_r1p29,815154,B_name+bdate,high,Slade Caldwell,Slade Caldwell
sa3066592,draft_2024_bryce_rainer_r1p11,800614,B_name+bdate,high,Bryce Rainer,Bryce Rainer
sa3066593,ifa_829038,829038,B_name+bdate,high,Cris Rodriguez,Cris Rodriguez
sa3066594,draft_2024_owen_hall_r2p49,815157,B_name+bdate,high,Owen Hall,Owen Hall
sa3066595,draft_2024_ethan_schiefelbein_r2p72,815162,B_name+bdate,high,Ethan Schiefelbein,Ethan Schiefelbein
sa3066663,draft_2024_eddie_rynders_r4p112,815535,B_name+bdate,high,Eddie Rynders,Eddie Rynders
sa3066664,draft_2024_levi_sterling_r1p37,815552,B_name+bdate,high,Levi Sterling,Levi Sterling
sa3066665,draft_2024_wyatt_sanford_r2p47,815608,B_name+bdate,high,Wyatt Sanford,Wyatt Sanford
sa3066666,ifa_829059,829059,B_name+bdate,high,Johan De Los Santos,Johan De Los Santos
sa3066667,ifa_829716,829716,B_name+bdate,high,Darell Morel,Darell Morel
sa3066822,draft_2024_tyson_lewis_r2p51,815653,B_name+bdate,high,Tyson Lewis,Tyson Lewis
sa3066842,draft_2024_ty_southisene_r4p120,807257,B_name+bdate,high,Ty Southisene,Ty Southisene
sa3066859,draft_2024_jd_dix_r1p35,807267,B_name+bdate,high,JD Dix,JD Dix
sa3067030,draft_2024_braylon_doughty_r1p36,815785,B_name+bdate,high,Braylon Doughty,Braylon Doughty
sa3067033,draft_2024_drake_george_r13p388,825095,B_name+bdate,high,Drake George,Drake George
sa3067040,draft_2024_eric_hartman_r20p611,807080,B_name+bdate,high,Eric Hartman,Eric Hartman
sa3067041,draft_2024_nathan_flewelling_r3p94,807083,B_name+bdate,high,Nathan Flewelling,Nathan Flewelling
sa3067042,draft_2024_kellon_lindsey_r1p23,813916,B_name+bdate,high,Kellon Lindsey,Kellon Lindsey
sa3067043,draft_2024_caleb_bonemer_r2p43,815352,B_name+bdate,high,Caleb Bonemer,Caleb Bonemer
sa3067044,draft_2024_owen_carey_r15p461,826928,B_name+bdate,high,Owen Carey,Owen Carey
sa3067045,ifa_829035,829035,B_name+bdate,high,Andrew Salas,Andrew Salas
sa3067062,ifa_690162,690162,B_name+bdate,high,Kenny Serwa,Kenny Serwa
sa3067065,ifa_805841,805841,B_name+bdate,high,Logan Tabeling,Logan Tabeling
sa3067069,draft_2024_bryce_meccage_r2p57,815501,B_name+bdate,high,Bryce Meccage,Bryce Meccage
sa3067070,draft_2024_dasan_hill_r2p69,815598,B_name+bdate,high,Dasan Hill,Dasan Hill
sa3067072,ifa_827734,827734,B_name+bdate,high,Wei-En Lin,Wei-En Lin
sa3067082,ifa_702036,702036,B_name+bdate,high,Tony Rossi,Tony Rossi
sa3067104,draft_2024_kash_mayfield_r1p25,824026,B_name+bdate,high,Kash Mayfield,Kash Mayfield
sa3067105,draft_2024_hunter_dryden_r17p508,827500,B_name+bdate,high,Hunter Dryden,Hunter Dryden
sa3067123,draft_2024_johnny_king_r3p95,803516,B_name+bdate,high,Johnny King,Johnny King
sa3067125,ifa_829057,829057,B_name+bdate,high,Cristopher Polanco,Cristopher Polanco
sa3067126,ifa_829079,829079,B_name+bdate,high,Djean Macares,Djean Macares
sa3067128,draft_2024_nate_george_r16p489,825582,B_name+bdate,high,Nate George,Nate George
sa3067131,draft_2024_ryan_sloan_r2p55,815549,B_name+bdate,high,Ryan Sloan,Ryan Sloan
sa3067134,draft_2024_lucas_elissalt_r13p386,827640,B_name+bdate,high,Lucas Elissalt,Lucas Elissalt
sa3067144,draft_2024_brandon_clarke_r5p148,700251,B_name+bdate,high,Brandon Clarke,Brandon Clarke
sa3067145,draft_2024_boston_bateman_r2p52,815348,B_name+bdate,high,Boston Bateman,Boston Bateman
sa3067156,ifa_802359,802359,B_name+bdate,high,Grant Umberger,Grant Umberger
sa3067170,ifa_801932,801932,B_name+bdate,high,Alex McCoy,Alex McCoy
sa3067255,draft_2023_brady_smith_r3p95,806224,B_name+bdate,high,Brady Smith,Brady Smith
sa3067256,draft_2024_chase_harlan_r3p98,815792,B_name+bdate,high,Chase Harlan,Chase Harlan
sa3067261,draft_2023_tucker_musgrove_r7p221,814491,B_name+bdate,high,Tucker Musgrove,Tucker Musgrove
sa3067288,ifa_829051,829051,B_name+bdate,high,Liberts Aponte,Liberts Aponte
sa3067312,draft_2023_mathias_lacombe_r12p359,807187,B_name+bdate,high,Mathias LaCombe,Mathias LaCombe
sa3067314,draft_2023_kannon_kemp_r8p251,807748,B_name+bdate,high,Kannon Kemp,Kannon Kemp
sa3067316,draft_2024_conrad_cason_r8p237,815359,B_name+bdate,high,Conrad Cason,Conrad Cason
sa3067320,draft_2024_devin_fitz-gerald_r5p165,803849,B_name+bdate,high,Devin Fitz-Gerald,Devin Fitz-Gerald
sa3067321,draft_2024_kale_fountain_r5p151,806495,B_name+bdate,high,Kale Fountain,Kale Fountain
sa3067322,draft_2024_sir_jamison_jones_r15p440,806550,B_name+bdate,high,Sir Jamison Jones,Sir Jamison Jones
sa3067329,draft_2024_luke_dickerson_r2p44,815380,B_name+bdate,high,Luke Dickerson,Luke Dickerson
sa3067331,draft_2024_tytus_cissell_r4p132,815632,B_name+bdate,high,Tytus Cissell,Tytus Cissell
sa3067332,draft_2024_eli_lovich_r11p332,815654,B_name+bdate,high,Eli Lovich,Eli Lovich
sa3067333,draft_2024_dj_layton_r6p189,816152,B_name+bdate,high,DJ Layton,DJ Layton
sa3067336,draft_2024_ronny_cruz_r3p90,826723,B_name+bdate,high,Ronny Cruz,Ronny Cruz
sa3067338,draft_2024_jude_warwick_r12p356,827672,B_name+bdate,high,Jude Warwick,Jude Warwick
sa3067343,ifa_829679,829679,B_name+bdate,high,Shotaro Morii,Shotaro Morii
sa3067384,draft_2024_dylan_jordan_r5p143,813335,B_name+bdate,high,Dylan Jordan,Dylan Jordan
sa3067390,draft_2024_nate_payne_r18p544,827626,B_name+bdate,high,Nate Payne,Nate Payne
sa3067397,draft_2024_ivan_luciano_r2p64,813930,B_name+bdate,high,Ivan Luciano,Ivan Luciano
sa3067418,draft_2024_joey_oakie_r3p84,815841,B_name+bdate,high,Joey Oakie,Joey Oakie
sa3067421,draft_2024_ethan_dorchies_r10p305,828475,B_name+bdate,high,Ethan Dorchies,Ethan Dorchies
sa3067433,draft_2024_david_shields_r2p41,815789,B_name+bdate,high,David Shields,David Shields
sa3067441,ifa_829410,829410,B_name+bdate,high,Maicol Reyes,Maicol Reyes
sa3067474,ifa_829064,829064,B_name+bdate,high,Kenny Fenelon,Kenny Fenelon
sa3067475,ifa_829067,829067,B_name+bdate,high,Cristopher Acosta,Cristopher Acosta
sa3067486,ifa_829073,829073,B_name+bdate,high,Brailyn Antunez,Brailyn Antunez
sa3067495,ifa_830472,830472,B_name+bdate,high,Enyel Lopez,Enyel Lopez
sa3067509,draft_2024_dylan_fien_r7p196,814504,B_name+bdate,high,Dylan Fien,Dylan Fien
sa3067514,ifa_827408,827408,B_name+bdate,high,Ramon Marquez,Ramon Marquez
sa3067523,draft_2025_dylan_tate_r11p345,827721,B_name+bdate,high,Dylan Tate,Dylan Tate
sa3067525,ifa_829473,829473,B_name+bdate,high,Chung-Hsiang Huang,Chung-Hsiang Huang
sa3067541,ifa_829071,829071,B_name+bdate,high,Warren Calcaño,Warren Calcaño
sa3067542,draft_2024_chase_mobley_r10p295,813949,B_name+bdate,high,Chase Mobley,Chase Mobley
sa3067543,ifa_829096,829096,B_name+bdate,high,Ramcell Medina,Ramcell Medina
sa3067545,ifa_830402,830402,B_name+bdate,high,Kendry Chourio,Kendry Chourio
sa3067552,draft_2023_cole_miller_r4p103,800612,B_name+bdate,high,Cole Miller,Cole Miller
sa3067574,ifa_829074,829074,B_name+bdate,high,Kevin Defrank,Kevin Defrank
sa3067577,ifa_829383,829383,B_name+bdate,high,Jhon Almonte,Jhon Almonte
sa3067578,ifa_829397,829397,B_name+bdate,high,Berny Ortiz,Berny Ortiz
sa3067663,ifa_827410,827410,B_name+bdate,high,Anderson Araujo,Anderson Araujo
sa3067671,ifa_827426,827426,B_name+bdate,high,Dayber Cruceta,Dayber Cruceta
sa3067675,ifa_829034,829034,B_name+bdate,high,Josuar Gonzalez,Josuar Gonzalez
sa3067676,ifa_829036,829036,B_name+bdate,high,Kendry Martínez,Kendry Martínez
sa3067677,ifa_829037,829037,B_name+bdate,high,Kevin Alvarez,Kevin Alvarez
sa3067678,ifa_829039,829039,B_name+bdate,high,Dorian Soto,Dorian Soto
sa3067679,ifa_829040,829040,B_name+bdate,high,Juan Cabada,Juan Cabada
sa3067680,ifa_829041,829041,B_name+bdate,high,Mani Cedeno,Mani Cedeno
sa3067681,ifa_829042,829042,B_name+bdate,high,Ayden Johnson,Ayden Johnson
sa3067682,ifa_829043,829043,B_name+bdate,high,Wilfri De La Cruz,Wilfri De La Cruz
sa3067683,ifa_829044,829044,B_name+bdate,high,Maykel Coret,Maykel Coret
sa3067684,ifa_829045,829045,B_name+bdate,high,Yorger Bautista,Yorger Bautista
sa3067685,ifa_829046,829046,B_name+bdate,high,Warel Solano,Warel Solano
sa3067686,ifa_829049,829049,B_name+bdate,high,Brayan Cortesia,Brayan Cortesia
sa3067688,ifa_829052,829052,B_name+bdate,high,Breyson Guedez,Breyson Guedez
sa3067689,ifa_829054,829054,B_name+bdate,high,Santiago Leon,Santiago Leon
sa3067691,ifa_829060,829060,B_name+bdate,high,Deivid Coronil,Deivid Coronil
sa3067692,ifa_829061,829061,B_name+bdate,high,Haritzon Castillo,Haritzon Castillo
sa3067693,ifa_829063,829063,B_name+bdate,high,Jhoan De La Cruz,Jhoan De La Cruz
sa3067695,ifa_829066,829066,B_name+bdate,high,Elian De La Cruz,Elian De La Cruz
sa3067696,ifa_829068,829068,B_name+bdate,high,Raymer Medina,Raymer Medina
sa3067697,ifa_829069,829069,B_name+bdate,high,Elorky Rodriguez,Elorky Rodriguez
sa3067700,ifa_829076,829076,B_name+bdate,high,Jhomnardo Reyes,Jhomnardo Reyes
sa3067704,ifa_829089,829089,B_name+bdate,high,Romeli Espinosa,Romeli Espinosa
sa3067705,ifa_829093,829093,B_name+bdate,high,Harold Rivas,Harold Rivas
sa3067713,ifa_829501,829501,B_name+bdate,high,Stiven Marinez,Stiven Marinez
sa3067715,ifa_829699,829699,B_name+bdate,high,Marconi German,Marconi German
sa3067724,ifa_829721,829721,B_name+bdate,high,Johan Machado,Johan Machado
sa3067732,ifa_829741,829741,B_name+bdate,high,Sebastian Dos Santos,Sebastian Dos Santos
sa3067735,ifa_829748,829748,B_name+bdate,high,Hyun Seung Lee,Hyun Seung Lee
sa3067752,ifa_829794,829794,B_name+bdate,high,Juan Rujano,Juan Rujano
sa3067753,ifa_829795,829795,B_name+bdate,high,Yilver De Paula,Yilver De Paula
sa3067758,ifa_829823,829823,B_name+bdate,high,Juan Tomas,Juan Tomas
sa3067769,ifa_829860,829860,B_name+bdate,high,Anthony Millan,Anthony Millan
sa3067773,ifa_829866,829866,B_name+bdate,high,Junior Suriel,Junior Suriel
sa3067783,ifa_829892,829892,B_name+bdate,high,Hector Ramos,Hector Ramos
sa3067799,ifa_829939,829939,B_name+bdate,high,Jhorman Bravo,Jhorman Bravo
sa3067801,ifa_829949,829949,B_name+bdate,high,Sebastian Blanco,Sebastian Blanco
sa3067803,ifa_829958,829958,B_name+bdate,high,Kamuel Villar,Kamuel Villar
sa3067843,ifa_830398,830398,B_name+bdate,high,Elaineiker Coronado,Elaineiker Coronado
sa3067868,ifa_830802,830802,B_name+bdate,high,Cesar Acosta,Cesar Acosta
sa3067878,ifa_832703,832703,B_name+bdate,high,Nauris De La Cruz,Nauris De La Cruz
sa3068089,ifa_829094,829094,B_name+bdate,high,Sadbiel Delzine,Sadbiel Delzine
sa3068090,ifa_829285,829285,B_name+bdate,high,Jakson Gamboa,Jakson Gamboa
sa3068123,ifa_830007,830007,B_name+bdate,high,Yordan Rodriguez,Yordan Rodriguez
sa3068179,ifa_829048,829048,B_name+bdate,high,Darwing Ozuna,Darwing Ozuna
sa3068180,ifa_829062,829062,B_name+bdate,high,Royelny Strop,Royelny Strop
sa3068243,ifa_833206,833206,B_name+bdate,high,Andy Mata,Andy Mata
sa3068467,ifa_827370,827370,B_name+bdate,high,Iker Redona,Iker Redona
sa3068480,ifa_829764,829764,B_name+bdate,high,Santiago Castellanos,Santiago Castellanos
sa3068633,ifa_830469,830469,B_name+bdate,high,Freddy Contreras,Freddy Contreras
sa3068659,ifa_829058,829058,B_name+bdate,high,Gabriel Davalillo,Gabriel Davalillo
sa3068682,ifa_829691,829691,B_name+bdate,high,Pedro Montero,Pedro Montero
sa3068767,ifa_820940,820940,B_name+bdate,high,Eiver Mosquera,Eiver Mosquera
sa3068889,ifa_829943,829943,B_name+bdate,high,Louis Andujar,Louis Andujar
sa3068967,ifa_830013,830013,B_name+bdate,high,Angel Carmona,Angel Carmona
sa3069069,draft_2025_kamden_edge_r20p608,833403,B_name+bdate,high,Kamden Edge,Kamden Edge
sa3069080,draft_2025_dax_kilby_r1p39,828076,B_name+bdate,high,Dax Kilby,Dax Kilby
sa3069100,draft_2025_ethan_holliday_r1p4,815787,B_name+bdate,high,Ethan Holliday,Ethan Holliday
sa3069132,ifa_834605,834605,B_name+bdate,high,Seong-Jun Kim,Seong-Jun Kim
sa3069149,draft_2025_brady_ebel_r1p32,815816,B_name+bdate,high,Brady  Ebel,Brady Ebel
sa3069150,draft_2025_tate_southisene_r1p22,816111,B_name+bdate,high,Tate Southisene,Tate Southisene
sa3069151,draft_2025_nick_becker_r2p57,829306,B_name+bdate,high,Nick Becker,Nick Becker
sa3069152,draft_2025_truitt_madonna_r11p340,833008,B_name+bdate,high,Truitt Madonna,Truitt Madonna
sa3069164,draft_2025_eli_willits_r1p1,816113,B_name+bdate,high,Eli Willits,Eli Willits
sa3069166,draft_2025_gavin_fien_r1p12,815818,B_name+bdate,high,Gavin Fien,Gavin Fien
sa3069169,draft_2025_josh_owens_r3p84,831384,B_name+bdate,high,Josh Owens,Josh Owens
sa3069181,draft_2025_ty_harvey_r5p160,829210,B_name+bdate,high,Ty Harvey,Ty Harvey
sa3069203,draft_2025_kruz_schoolcraft_r1p25,828244,B_name+bdate,high,Kruz Schoolcraft,Kruz Schoolcraft
sa3069241,draft_2025_frank_cairone_r2p68,827980,B_name+bdate,high,Frank Cairone,Frank Cairone
sa3069242,draft_2025_joshua_flores_r4p125,834237,B_name+bdate,high,Joshua Flores,Joshua Flores
sa3069247,draft_2025_seth_hernandez_r1p6,815825,B_name+bdate,high,Seth Hernandez,Seth Hernandez
sa3069248,draft_2025_jojo_parker_r1p8,828098,B_name+bdate,high,JoJo Parker,JoJo Parker
sa3069249,draft_2025_steele_hall_r1p9,829162,B_name+bdate,high,Steele Hall,Steele Hall
sa3069250,draft_2025_billy_carlson_r1p10,815814,B_name+bdate,high,Billy Carlson,Billy Carlson
sa3069252,draft_2025_xavier_neyens_r1p21,815832,B_name+bdate,high,Xavier Neyens,Xavier Neyens
sa3069253,draft_2025_sean_gamble_r1p23,815819,B_name+bdate,high,Sean Gamble,Sean Gamble
sa3069254,draft_2025_jordan_yost_r1p24,803723,B_name+bdate,high,Jordan Yost,Jordan Yost
sa3069255,draft_2025_josh_hammond_r1p28,815843,B_name+bdate,high,Josh Hammond,Josh Hammond
sa3069256,draft_2025_michael_oliveto_r1p34,834672,B_name+bdate,high,Michael Oliveto,Michael Oliveto
sa3069258,draft_2025_jaden_fauske_r2p44,828262,B_name+bdate,high,Jaden Fauske,Jaden Fauske
sa3069259,draft_2025_aaron_watson_r2p51,826209,B_name+bdate,high,Aaron Watson,Aaron Watson
sa3069261,draft_2025_ryan_mitchell_r2p55,815829,B_name+bdate,high,Ryan Mitchell,Ryan Mitchell
sa3069263,draft_2025_will_hynes_r2p70,807077,B_name+bdate,high,Will Hynes,Will Hynes
sa3069264,draft_2025_johnny_slawinski_r3p79,828989,B_name+bdate,high,Johnny Slawinski,Johnny Slawinski
sa3069265,draft_2025_landon_harmon_r3p80,816102,B_name+bdate,high,Landon Harmon,Landon Harmon
sa3069267,draft_2025_cameron_millar_r3p97,832698,B_name+bdate,high,Cameron Millar,Cameron Millar
sa3069268,draft_2025_landon_hodge_r4p106,821933,B_name+bdate,high,Landon Hodge,Landon Hodge
sa3069269,draft_2025_miguel_sime_jr_r4p111,828137,B_name+bdate,high,Miguel Sime Jr.,Miguel Sime Jr.
sa3069270,draft_2025_gustavo_melendez_r4p113,828116,B_name+bdate,high,Gustavo Melendez,Gustavo Melendez
sa3069271,draft_2025_kaleb_wing_r4p121,832453,B_name+bdate,high,Kaleb Wing,Kaleb Wing
sa3069273,draft_2025_briggs_mckenzie_r4p127,828987,B_name+bdate,high,Briggs McKenzie,Briggs McKenzie
sa3069274,draft_2025_peter_kussow_r4p133,828097,B_name+bdate,high,Peter Kussow,Peter Kussow
sa3069276,draft_2025_cj_gray_r5p140,832457,B_name+bdate,high,CJ Gray,CJ Gray
sa3069277,draft_2025_coy_james_r5p142,815983,B_name+bdate,high,Coy James,Coy James
sa3069278,draft_2025_tim_piasentin_r5p143,815992,B_name+bdate,high,Tim Piasentin,Tim Piasentin
sa3069280,draft_2025_jaiden_lo_re_r5p154,828318,B_name+bdate,high,Jaiden Lo Re,Jaiden Lo Re
sa3069281,draft_2025_conor_essenburg_r5p157,828148,B_name+bdate,high,Conor Essenburg,Conor Essenburg
sa3069282,draft_2025_ryan_hall_r5p159,834613,B_name+bdate,high,Ryan Hall,Ryan Hall
sa3069284,draft_2025_jack_wheeler_r6p175,828087,B_name+bdate,high,Jack Wheeler,Jack Wheeler
sa3069285,draft_2025_josiah_hartshorn_r6p181,815824,B_name+bdate,high,Josiah Hartshorn,Josiah Hartshorn
sa3069286,draft_2025_jase_mitchell_r7p216,834234,B_name+bdate,high,Jase Mitchell,Jase Mitchell
sa3069287,draft_2025_matthew_fisher_r7p221,832455,B_name+bdate,high,Matthew Fisher,Matthew Fisher
sa3069289,draft_2025_camden_lohman_r8p253,834242,B_name+bdate,high,Camden Lohman,Camden Lohman
sa3069294,draft_2025_river_hamilton_r11p339,821932,B_name+bdate,high,River Hamilton,River Hamilton
sa3069296,draft_2025_talon_haley_r12p349,813989,B_name+bdate,high,Talon Haley,Talon Haley
sa3069298,draft_2025_blaine_bullard_r12p352,828557,B_name+bdate,high,Blaine Bullard,Blaine Bullard
sa3069306,draft_2025_mclane_moody_r15p443,834851,B_name+bdate,high,McLane Moody,McLane Moody
sa3069376,draft_2025_nathan_hall_r6p193,807937,B_name+bdate,high,Nathan Hall,Nathan Hall
sa3069378,draft_2025_hunter_allen_r7p214,829622,B_name+bdate,high,Hunter Allen,Hunter Allen
sa3069384,draft_2025_jacob_johnson_r11p325,835375,B_name+bdate,high,Jacob Johnson,Jacob Johnson
sa3069438,draft_2024_blake_larson_r2p68,820836,B_name+bdate,high,Blake Larson,Blake Larson
sa392969,ifa_655996,655996,B_name+bdate,high,Cristian Santana,Cristian Santana
sa658076,ifa_622338,622338,B_name+bdate,high,Jesus Liranzo,Jesús Liranzo
sa658525,draft_2015_josh_graham_r4p120,621050,B_name+bdate,high,Josh Graham,Josh Graham
sa659598,ifa_623992,623992,B_name+bdate,high,Shao-Ching Chiang,Shao-Ching Chiang
sa735854,ifa_802015,802015,B_name+bdate,high,Adrian Acosta,Adrian Acosta
sa736686,ifa_642714,642714,B_name+bdate,high,Eric Mariñez,Eric Mariñez
sa736742,ifa_642563,642563,B_name+bdate,high,Raffi Vizcaino,Raffi Vizcaíno
sa736761,ifa_642496,642496,B_name+bdate,high,Emilio Vargas,Emilio Vargas
sa736824,ifa_642720,642720,B_name+bdate,high,Ray-Patrick Didder,Ray-Patrick Didder
sa736945,ifa_642461,642461,B_name+bdate,high,Michael Beltre,Michael Beltre
sa737037,ifa_642601,642601,B_name+bdate,high,Oscar De La Cruz,Oscar De La Cruz
sa737568,ifa_642524,642524,B_name+bdate,high,Derian Gonzalez,Derian González
sa738180,draft_2016_hever_bueno_r9p279,641416,B_name+bdate,high,Hever Bueno,Hever Bueno
sa738262,draft_2016_ryan_boldt_r2p53,624416,B_name+bdate,high,Ryan Boldt,Ryan Boldt
sa738270,draft_2017_daniel_procopio_r10p295,641990,B_name+bdate,high,Daniel Procopio,Daniel Procopio
sa738344,draft_2016_alec_hansen_r2p49,641662,B_name+bdate,high,Alec Hansen,Alec Hansen
sa738349,draft_2013_cory_thompson_r5p165,642140,B_name+bdate,high,Cory Thompson,Cory Thompson
sa738380,draft_2014_tanner_kiest_r28p832,641750,B_name+bdate,high,Tanner Kiest,Tanner Kiest
sa738394,draft_2013_jordan_mills_r28p827,643458,B_name+bdate,high,Jordan Mills,Jordan Mills
sa738415,draft_2016_robert_tyler_r1p38,640465,B_name+bdate,high,Robert Tyler,Robert Tyler
sa738683,draft_2016_buddy_reed_r2p48,642002,B_name+bdate,high,Buddy Reed,Buddy Reed
sa738697,draft_2016_connor_jones_r2p70,640453,B_name+bdate,high,Connor Jones,Connor Jones
sa738901,draft_2016_zack_brown_r5p141,641409,B_name+bdate,high,Zack Brown,Zack Brown
sa738902,draft_2016_scott_moss_r4p108,641900,B_name+bdate,high,Scott Moss,Scott Moss
sa739259,ifa_642271,642271,B_name+bdate,high,Fernery Ozuna,Fernery Ozuna
sa827251,ifa_650910,650910,B_name+bdate,high,Orlando Romero,Orlando Romero
sa828239,ifa_650378,650378,B_name+bdate,high,Ofelky Peralta,Ofelky Peralta
sa828299,ifa_650560,650560,B_name+bdate,high,Osvaldo Duarte,Osvaldo Duarte
sa828321,ifa_648739,648739,B_name+bdate,high,Telmito Agustin,Telmito Agustin
sa828382,ifa_650887,650887,B_name+bdate,high,Wadye Ynfante,Wadye Ynfante
sa828552,ifa_650504,650504,B_name+bdate,high,Breiling Eusebio,Breiling Eusebio
sa828707,draft_2014_trey_supak_r2p73,657022,B_name+bdate,high,Trey Supak,Trey Supak
sa828876,draft_2014_dj_burt_r4p123,656274,B_name+bdate,high,D.J. Burt,D.J. Burt
sa829003,draft_2014_jordan_brink_r11p319,656259,B_name+bdate,high,Jordan Brink,Jordan Brink
sa829022,draft_2014_jared_robinson_r11p338,656904,B_name+bdate,high,Jared Robinson,Jared Robinson
sa829086,ifa_646243,646243,B_name+bdate,high,Yoan Aybar,Yoan Aybar
sa829124,draft_2014_sam_mcwilliams_r8p232,656726,B_name+bdate,high,Sam McWilliams,Sam McWilliams
sa829387,ifa_655996,655996,B_name+bdate,high,Cristian Santana,Cristian Santana
sa829401,draft_2017_will_toffey_r4p111,657780,B_name+bdate,high,Will Toffey,Will Toffey
sa829420,draft_2017_zach_warren_r14p413,657092,B_name+bdate,high,Zach Warren,Zach Warren
sa829529,draft_2017_jeren_kendall_r1p23,656607,B_name+bdate,high,Jeren Kendall,Jeren Kendall
sa829857,draft_2016_bryson_brigman_r3p87,624417,B_name+bdate,high,Bryson Brigman,Bryson Brigman
sa830303,ifa_650520,650520,B_name+bdate,high,Micker Adolfo,Micker Adolfo
sa830644,ifa_658369,658369,B_name+bdate,high,Malvin Peña,Malvin Pena
sa837845,ifa_650656,650656,B_name+bdate,high,Luis Peña,Luis Pena
sa868984,ifa_665751,665751,B_name+bdate,high,Yadier Alvarez,Yadier Álvarez
sa871433,ifa_661439,661439,B_name+bdate,high,Raul Rivas,Raul Rivas
sa871477,ifa_664346,664346,B_name+bdate,high,Carlos Guzman,Carlos Guzman
sa871482,ifa_660749,660749,B_name+bdate,high,Wladimir Pinto,Wladimir Pinto
sa872405,ifa_677596,677596,B_name+bdate,high,Danny Diaz,Danny Diaz
sa872464,ifa_660696,660696,B_name+bdate,high,Edwin Yon,Edwin Yon
sa872466,ifa_660631,660631,B_name+bdate,high,Kevin Vicuna,Kevin Vicuña
sa872486,ifa_660796,660796,B_name+bdate,high,Marino Campana,Marino Campana
sa872535,ifa_660647,660647,B_name+bdate,high,Mariel Bautista,Mariel Bautista
sa872538,ifa_660618,660618,B_name+bdate,high,Chris Torres,Chris Torres
sa872547,ifa_660690,660690,B_name+bdate,high,Pablo Olivares,Pablo Olivares
sa872732,ifa_660684,660684,B_name+bdate,high,Daniel Brito,Daniel Brito
sa872825,ifa_659267,659267,B_name+bdate,high,Roniel Raudes,Roniel Raudes
sa873207,ifa_661426,661426,B_name+bdate,high,Freicer Perez,Freicer Perez
sa873263,draft_2017_hunter_schryver_r7p199,676607,B_name+bdate,high,Hunter Schryver,Hunter Schryver
sa873296,ifa_660831,660831,B_name+bdate,high,Resly Linares,Resly Linares
sa873314,ifa_661536,661536,B_name+bdate,high,Melvin Adón,Melvin Adón
sa873548,ifa_660669,660669,B_name+bdate,high,Miguel Lara,Miguel Lara
sa873684,ifa_677415,677415,B_name+bdate,high,Kit Scheetz,Kit Scheetz
sa873722,ifa_658530,658530,B_name+bdate,high,Franklin Pérez,Franklin Pérez
sa873729,ifa_660756,660756,B_name+bdate,high,Eury Ramos,Eury Ramos
sa873984,draft_2016_cj_chatham_r2p51,641453,B_name+bdate,high,C.J. Chatham,C.J. Chatham
sa873990,draft_2016_vince_fernandez_r10p290,669344,B_name+bdate,high,Vince Fernandez,Vince Fernandez
sa874070,draft_2016_stephen_alemais_r3p105,641301,B_name+bdate,high,Stephen Alemais,Stephen Alemais
sa874244,draft_2015_garrett_whitley_r1p13,663605,B_name+bdate,high,Garrett Whitley,Garrett Whitley
sa874791,draft_2015_chris_betts_r2p52,663341,B_name+bdate,high,Chris Betts,Chris Betts
sa874792,draft_2015_desmond_lindsay_r2p53,663664,B_name+bdate,high,Desmond Lindsay,Desmond Lindsay
sa874818,ifa_664301,664301,B_name+bdate,high,Wandisson Charles,Wandisson Charles
sa874967,draft_2015_riley_ferrell_r3p79,621068,B_name+bdate,high,Riley Ferrell,Riley Ferrell
sa875016,draft_2015_jalen_miller_r3p95,663692,B_name+bdate,high,Jalen Miller,Jalen Miller
sa875031,draft_2015_jordan_stephens_r5p142,596111,B_name+bdate,high,Jordan Stephens,Jordan Stephens
sa875163,ifa_664332,664332,B_name+bdate,high,Moisés Gómez,Moisés Gómez
sa875247,draft_2015_will_stewart_r20p594,663489,B_name+bdate,high,Will Stewart,Will Stewart
sa875753,draft_2016_james_nelson_r15p443,663445,B_name+bdate,high,James Nelson,James Nelson
sa875762,draft_2015_jordan_humphreys_r18p539,664990,B_name+bdate,high,Jordan Humphreys,Jordan Humphreys
sa875780,draft_2015_travis_herrin_r18p555,663386,B_name+bdate,high,Travis Herrin,Travis Herrin
sa875819,draft_2018_dwanya_williams-sutton_r5p141,663492,B_name+bdate,high,Dwanya Williams-Sutton,Dwanya Williams-Sutton
sa875839,ifa_664330,664330,B_name+bdate,high,Jose Mora,Jose Mora
sa875849,draft_2016_dalton_sawyer_r9p262,662121,B_name+bdate,high,Dalton Sawyer,Dalton Sawyer
sa875993,draft_2016_matthias_dietz_r2p69,663990,B_name+bdate,high,Matthias Dietz,Matthias Dietz
sa876159,draft_2018_bren_spillane_r3p82,665023,B_name+bdate,high,Bren Spillane,Bren Spillane
sa876284,draft_2017_daniel_tillo_r3p90,664700,B_name+bdate,high,Daniel Tillo,Daniel Tillo
sa876287,draft_2018_riley_thompson_r11p338,663929,B_name+bdate,high,Riley Thompson,Riley Thompson
sa876313,draft_2018_adam_hill_r4p110,663597,B_name+bdate,high,Adam Hill,Adam Hill
sa876362,draft_2016_braden_webb_r3p82,657096,B_name+bdate,high,Braden Webb,Braden Webb
sa877497,ifa_660614,660614,B_name+bdate,high,Arquimedes Gamboa,Arquímedes Gamboa
sa877504,ifa_661250,661250,B_name+bdate,high,Izzy Wilson,Izzy Wilson
sa879559,ifa_665600,665600,B_name+bdate,high,Jasseel De La Cruz,Jasseel De La Cruz
sa881850,ifa_660613,660613,B_name+bdate,high,Ronaldo Hernández,Ronaldo Hernández
sa913717,ifa_668558,668558,B_name+bdate,high,Juan Zabala,Juan Zabala
sa914242,ifa_666784,666784,B_name+bdate,high,Omar Estevez,Omar Estévez
sa914314,ifa_665834,665834,B_name+bdate,high,Jeison Guzmán,Jeison Guzmán
sa915611,draft_2016_brett_cumberland_r2p76,656340,B_name+bdate,high,Brett Cumberland,Brett Cumberland
sa915613,draft_2018_nick_dunn_r5p153,680709,B_name+bdate,high,Nick Dunn,Nick Dunn
sa915622,draft_2017_kade_mcclure_r6p177,656701,B_name+bdate,high,Kade McClure,Kade McClure
sa915685,draft_2017_colton_hock_r4p119,656544,B_name+bdate,high,Colton Hock,Colton Hock
sa915707,draft_2017_kevin_merrell_r1p33,656736,B_name+bdate,high,Kevin Merrell,Kevin Merrell
sa915793,draft_2017_brigham_hill_r5p163,656536,B_name+bdate,high,Brigham Hill,Brigham Hill
sa915807,draft_2016_dakota_mekkes_r10p314,669728,B_name+bdate,high,Dakota Mekkes,Dakota Mekkes
sa916844,ifa_665648,665648,B_name+bdate,high,Ricardo Genovés,Ricardo Genovés
sa916950,ifa_665894,665894,B_name+bdate,high,Luis Rijo,Luis Rijo
sa916997,ifa_665827,665827,B_name+bdate,high,Harvin Mendoza,Harvin Mendoza
sa917039,ifa_665890,665890,B_name+bdate,high,Seuly Matias,Seuly Matias
sa917055,ifa_665912,665912,B_name+bdate,high,Miguel Hernandez,Miguel Hernandez
sa917075,ifa_665883,665883,B_name+bdate,high,Yeison Coca,Yeison Coca
sa917079,ifa_665836,665836,B_name+bdate,high,Antonio Pinero,Antonio Pinero
sa917119,ifa_665989,665989,B_name+bdate,high,Shervyen  Newton,Shervyen Newton
sa917127,ifa_666695,666695,B_name+bdate,high,Jonathan Guzman,Jonathan Guzmán
sa917168,ifa_665820,665820,B_name+bdate,high,Wander Javier,Wander Javier
sa917182,ifa_666452,666452,B_name+bdate,high,Eduardo Diaz,Eduardo Diaz
sa917194,ifa_666668,666668,B_name+bdate,high,Hector Yan,Hector Yan
sa917303,ifa_666626,666626,B_name+bdate,high,Jonathan Sierra,Jonathan Sierra
sa917319,ifa_665779,665779,B_name+bdate,high,Carlos Rincon,Carlos Rincon
sa917320,ifa_665987,665987,B_name+bdate,high,Leonel Valera,Leonel Valera
sa917348,ifa_668577,668577,B_name+bdate,high,Osmy Gregorio,Osmy Gregorio
sa917352,ifa_666620,666620,B_name+bdate,high,Aramis Ademan,Aramis Ademan
sa917460,ifa_665878,665878,B_name+bdate,high,Janser Lara,Janser Lara
sa917637,ifa_666785,666785,B_name+bdate,high,Harold Chirino,Harold Chirino
sa917767,ifa_665975,665975,B_name+bdate,high,Lolo Sanchez,Lolo Sanchez
sa917784,ifa_667356,667356,B_name+bdate,high,Bryan Mata,Bryan Mata
sa917865,ifa_665563,665563,B_name+bdate,high,Manuel Silva,Manuel Silva
sa917886,ifa_666625,666625,B_name+bdate,high,Yunior Perez,Yunior Perez
sa917928,draft_2016_kevin_gowdy_r2p42,666151,B_name+bdate,high,Kevin Gowdy,Kevin Gowdy
sa917935,draft_2016_delvin_perez_r1p23,666206,B_name+bdate,high,Delvin Perez,Delvin Perez
sa917950,draft_2016_travis_macgregor_r2p68,669740,B_name+bdate,high,Travis MacGregor,Travis MacGregor
sa917951,draft_2016_reggie_lawson_r2p71,666156,B_name+bdate,high,Reggie Lawson,Reggie Lawson
sa917968,draft_2016_thomas_jones_r3p84,666196,B_name+bdate,high,Thomas Jones,Thomas Jones
sa917970,draft_2016_curtis_taylor_r4p119,668954,B_name+bdate,high,Curtis Taylor,Curtis Taylor
sa917977,draft_2016_austin_franklin_r3p90,669140,B_name+bdate,high,Austin Franklin,Austin Franklin
sa917989,draft_2016_braeden_ogle_r4p135,669180,B_name+bdate,high,Braeden Ogle,Braeden Ogle
sa918026,ifa_665859,665859,B_name+bdate,high,Wilkel Hernandez,Wilkel Hernandez
sa918182,draft_2016_julian_garcia_r10p287,670062,B_name+bdate,high,Julian Garcia,Julian Garcia
sa918327,draft_2016_christian_james_r14p430,669259,B_name+bdate,high,Christian James,Christian James
sa918353,draft_2016_scott_engler_r16p489,670081,B_name+bdate,high,Scott Engler,Scott Engler
sa918377,draft_2017_brian_howard_r8p231,641709,B_name+bdate,high,Brian Howard,Brian Howard
sa918473,draft_2016_max_kuhns_r21p640,670138,B_name+bdate,high,Max Kuhns,Max Kuhns
sa918488,draft_2016_kyle_young_r22p647,669925,B_name+bdate,high,Kyle Young,Kyle Young
sa918634,draft_2016_lucas_jacobsen_r27p819,670437,B_name+bdate,high,Lucas Jacobsen,Lucas Jacobsen
sa918814,draft_2016_nathan_webb_r34p1033,670246,B_name+bdate,high,Nathan Webb,Nathan Webb
sa918963,draft_2016_chavez_young_r39p1182,669945,B_name+bdate,high,Chavez Young,Chavez Young
sa918983,draft_2019_matt_fraizer_r3p95,670208,B_name+bdate,high,Matt Fraizer,Matt Fraizer
sa919532,ifa_670622,670622,B_name+bdate,high,Gabriel Maciel,Gabriel Maciel
sa919881,ifa_667640,667640,B_name+bdate,high,Yordi Rosario,Yordi Rosario
sa919907,ifa_666016,666016,B_name+bdate,high,Jose Albertos,Jose Albertos
sa920180,ifa_665560,665560,B_name+bdate,high,Jhailyn Ortiz,Jhailyn Ortiz
sa920272,ifa_669805,669805,B_name+bdate,high,Alexander Vizcaíno,Alexander Vizcaíno
sa920454,ifa_665993,665993,B_name+bdate,high,Cristhian Tortosa,Cristhian Tortosa
sa920544,ifa_666654,666654,B_name+bdate,high,Kelvin Gonzalez,Kelvin Gonzalez
sa921577,ifa_670919,670919,B_name+bdate,high,Luis Santana,Luis Santana
sa923039,ifa_671191,671191,B_name+bdate,high,Jefrey Ramos,Jefrey Ramos
sa924293,ifa_671231,671231,B_name+bdate,high,Jonathan Lopez,Jonathan Lopez
sa944989,ifa_670897,670897,B_name+bdate,high,Daison Acosta,Daison Acosta
sa947763,ifa_670547,670547,B_name+bdate,high,Miguel Medrano,Miguel Medrano
sa962601,ifa_671276,671276,B_name+bdate,high,Yasel Antuna,Yasel Antuna
sa968102,ifa_672078,672078,B_name+bdate,high,Eric Pardinho,Eric Pardinho
sa969045,ifa_670867,670867,B_name+bdate,high,Kevin Maitan,Kevin Maitan
sa969091,ifa_670860,670860,B_name+bdate,high,Lazaro Armenteros,Lazaro Armenteros
sa978399,ifa_674810,674810,B_name+bdate,high,Victor Castaneda,Victor Castaneda
 sa602898,draft_2014_sam_howard_r3p82,607572,C_name+byear,med,Sam Howard,Sam Howard
17807,draft_2015_drew_jackson_r35p1056,665010,C_name+byear,med,Drew Jackson,Drew Jackson
21464,draft_2016_bryan_torres_r23p685,670390,C_name+byear,med,Bryan Torres,Bryan Torres
30167,draft_2021_robby_ahlstrom_r7p213,695239,C_name+byear,med,Robby Ahlstrom,Robby Ahlstrom
sa1115884,draft_2019_carter_bins_r11p336,670190,C_name+byear,med,Carter Bins,Carter Bins
sa1170012,draft_2019_edgar_barclay_r15p465,687607,C_name+byear,med,Edgar Barclay,Edgar Barclay
sa3003184,ifa_670864,670864,C_name+byear,med,Yerdel Vargas,Yerdel Vargas
sa3004149,ifa_672361,672361,C_name+byear,med,Agustin Ruiz,Agustin Ruiz
sa3004337,draft_2017_alex_mauricio_r27p812,676089,C_name+byear,med,Alex Mauricio,Alex Mauricio
sa3004462,draft_2017_jorge_benitez_r9p273,676221,C_name+byear,med,Jorge Benitez,Jorge Benitez
sa3005397,draft_2017_alex_scherff_r5p161,669085,C_name+byear,med,Alex Scherff,Alex Scherff
sa3007037,ifa_678222,678222,C_name+byear,med,Angel Solarte,Angel Solarte
sa3008031,draft_2018_grant_little_r2p74,668696,C_name+byear,med,Grant Little,Grant Little
sa3008577,draft_2018_justin_lewis_r12p369,657660,C_name+byear,med,Justin Lewis,Justin Lewis
sa3008743,ifa_682618,682618,C_name+byear,med,Misael Urbina,Misael Urbina
sa3009873,draft_2019_tanner_morris_r5p147,671088,C_name+byear,med,Tanner Morris,Tanner Morris
sa3010132,ifa_683412,683412,C_name+byear,med,Woo-Young Jin,Woo Young Jin
sa3010154,ifa_683408,683408,C_name+byear,med,Darryl Collins,Darryl Collins
sa3011446,draft_2019_jamari_baylor_r3p91,687072,C_name+byear,med,Jamari Baylor,Jamari Baylor
sa3011651,draft_2019_conor_grammes_r5p152,682202,C_name+byear,med,Conor Grammes,Conor Grammes
sa3014491,draft_2020_trent_palmer_r3p77,694382,C_name+byear,med,Trent Palmer,Trent Palmer
sa3015331,draft_2021_jose_acuna_r14p415,695729,C_name+byear,med,Jose Acuna,Jose Acuna
sa3015334,ifa_695778,695778,C_name+byear,med,Aidan Curry,Aidan Curry
sa3015515,ifa_691268,691268,C_name+byear,med,Yiddi Cappe,Yiddi Cappe
sa3015700,ifa_694188,694188,C_name+byear,med,Jesus Galiz,Jesus Galiz
sa3015702,ifa_694190,694190,C_name+byear,med,Jhonny Piron,Jhonny Piron
sa3017471,draft_2021_tanner_mcdougal_r5p155,701780,C_name+byear,med,Tanner McDougal,Tanner McDougal
sa3017751,draft_2021_ronan_kopp_r12p372,691947,C_name+byear,med,Ronan Kopp,Ronan Kopp
sa3017888,draft_2021_adam_shoemaker_r11p337,692248,C_name+byear,med,Adam Shoemaker,Adam Shoemaker
sa3018367,ifa_805074,628708,C_name+byear,med,Yunior Marte,Yunior Marte
sa3018421,ifa_703185,703185,C_name+byear,med,Nelson Rada,Nelson Rada
sa3019509,ifa_800433,800433,C_name+byear,med,Elis Cuevas,Elis Cuevas
sa3019777,ifa_703151,430596,C_name+byear,med,William Bergolla,William Bergolla Jr.
sa3020594,draft_2022_austin_krob_r12p360,689474,C_name+byear,med,Austin Krob,Austin Krob
sa3021041,ifa_814252,814252,C_name+byear,med,Sandy Ozuna,Sandy Ozuna
sa3021061,ifa_806869,806869,C_name+byear,med,Pedro Catuy,Pedro Catuy
sa3021082,ifa_806982,806982,C_name+byear,med,Esmil Valencia,Esmil Valencia
sa3021508,ifa_808054,808054,C_name+byear,med,Yordin Chalas,Yordin Chalas
sa3021738,ifa_807002,807002,C_name+byear,med,Jeter Martinez,Jeter Martinez
sa3022110,ifa_807149,807149,C_name+byear,med,Jun-Seok Shim,Jun-Seok Shim
sa3022599,draft_2023_connor_burns_r5p141,694829,C_name+byear,med,Connor Burns,Connor Burns
sa3022671,draft_2023_braylen_wimmer_r8p232,687918,C_name+byear,med,Braylen Wimmer,Braylen Wimmer
sa3022682,draft_2023_drew_cavanaugh_r17p510,701852,C_name+byear,med,Drew Cavanaugh,Drew Cavanaugh
sa3023628,ifa_806637,806637,C_name+byear,med,Jordan Woods,Jordan Woods
sa3024305,ifa_815902,815902,C_name+byear,med,Yandel Ricardo,Yandel Ricardo
sa3024476,ifa_815928,815928,C_name+byear,med,Edward Lantigua,Edward Lantigua
sa3030726,draft_2025_joseph_dzierwa_r2p58,804530,C_name+byear,med,Joseph Dzierwa,Joseph Dzierwa
sa3033512,draft_2025_ethan_hedges_r3p77,805260,C_name+byear,med,Ethan Hedges,Ethan Hedges
sa3037404,draft_2024_niko_mazza_r8p238,695789,C_name+byear,med,Niko Mazza,Niko Mazza
sa3066025,draft_2024_cobb_hightower_r3p88,826932,C_name+byear,med,Cobb Hightower,Cobb Hightower
sa3067124,ifa_829905,829905,C_name+byear,med,Yulian Barreto,Yulian Barreto
sa3068523,ifa_829055,829055,C_name+byear,med,Eliomar Garces,Eliomar Garces
sa3069275,draft_2025_aidan_west_r4p135,828140,C_name+byear,med,Aidan West,Aidan West
sa3069375,draft_2025_gabel_pentecost_r6p186,834872,C_name+byear,med,Gabel Pentecost,Gabel Pentecost
sa506964,ifa_703189,703189,C_name+byear,med,Luis Meza,Luis Meza
sa601924,draft_2014_max_pentecost_r1p11,596069,C_name+byear,med,Max Pentecost,Max Pentecost
sa657917,ifa_622506,622506,C_name+byear,med,Marcos Molina,Marcos Molina
sa737534,draft_2013_ian_clarkin_r1p33,624420,C_name+byear,med,Ian Clarkin,Ian Clarkin
sa823925,ifa_650958,650958,C_name+byear,med,Michael DeLeon,Michael De León
sa827177,draft_2014_casey_gillaspie_r1p20,656459,C_name+byear,med,Casey Gillaspie,Casey Gillaspie
sa828705,draft_2014_andrew_morales_r2p71,656762,C_name+byear,med,Andrew Morales,Andrew Morales
sa829731,draft_2017_will_gaddis_r3p86,657581,C_name+byear,med,Will Gaddis,Will Gaddis
sa829838,draft_2017_jesse_berardi_r10p312,656229,C_name+byear,med,Jesse Berardi,Jesse Berardi
sa830204,ifa_655997,655997,C_name+byear,med,Jomar Reyes,Jomar Reyes
sa874775,draft_2015_eric_jenkins_r2p45,663346,C_name+byear,med,Eric Jenkins,Eric Jenkins
sa875027,draft_2015_demi_orimoloye_r4p121,647309,C_name+byear,med,Demi Orimoloye,Demi Orimoloye
sa875233,draft_2015_gray_fenter_r7p223,663383,C_name+byear,med,Gray Fenter,Gray Fenter
sa875808,draft_2015_jonathan_morales_r25p750,664966,C_name+byear,med,Jonathan Morales,Jonathan Morales
sa915700,draft_2017_michael_gigliotti_r4p120,669377,C_name+byear,med,Michael Gigliotti,Michael Gigliotti
sa915725,draft_2016_evan_miller_r22p654,670377,C_name+byear,med,Evan Miller,Evan Miller
sa915868,draft_2017_matt_whatley_r3p104,675662,C_name+byear,med,Matt Whatley,Matt Whatley
sa917068,ifa_665914,665914,C_name+byear,med,Daniel Montano,Daniel Montano
sa917296,ifa_665872,665872,C_name+byear,med,Gregory Guerrero,Gregory Guerrero
sa917328,ifa_665752,665752,C_name+byear,med,Starling Heredia,Starling Heredia
sa917991,draft_2016_kole_enright_r3p99,670030,C_name+byear,med,Kole Enright,Kole Enright
31936,draft_2022_sammy_natera_jr_r17p508,696519,D_last+bdate+fi,med,Samy Natera Jr.,Sammy Natera Jr.
sa3004962,ifa_675851,675851,D_last+bdate+fi,med,Benny Rodriguez,Benjamin Rodriguez
sa3006876,draft_2018_trey_harris_r32p952,674677,D_last+bdate+fi,med,Terone Harris,Trey Harris
sa3007048,draft_2018_patrick_hilson_r6p166,680713,D_last+bdate+fi,med,P.J. Hilson,Patrick Hilson
sa3007640,draft_2018_nicholas_northcut_r11p340,678021,D_last+bdate+fi,med,Nick Northcut,Nicholas Northcut
sa3007782,draft_2018_alexander_pantuso_r31p923,682062,D_last+bdate+fi,med,Alex Pantuso,Alexander Pantuso
sa3010043,draft_2019_damon_gladney_r16p470,687554,D_last+bdate+fi,med,D.J. Gladney,Damon Gladney
sa3010783,draft_2019_nelson_alvarez_r13p405,670389,D_last+bdate+fi,med,Nelson L Alvarez,Nelson Alvarez
sa3011469,draft_2019_steve_scott_r10p317,679663,D_last+bdate+fi,med,Stephen Scott,Steve Scott
sa3014680,draft_2020_mackenzie_wainwright_r4p113,694679,D_last+bdate+fi,med,Mac Wainwright,MacKenzie Wainwright
sa3014883,draft_2020_matthew_dyer_r4p120,686546,D_last+bdate+fi,med,Matt Dyer,Matthew Dyer
sa3014916,draft_2019_anthony_block_r17p502,670191,D_last+bdate+fi,med,A.J. Block,Anthony Block
sa3015773,ifa_699024,699024,D_last+bdate+fi,med,Leonardo Bernal,Leo Bernal
sa3017168,draft_2021_tyler_collins_r8p247,695514,D_last+bdate+fi,med,Ty Collins,Tyler Collins
sa3017719,draft_2021_micah_bratt_r5p134,683352,D_last+bdate+fi,med,Mitch Bratt,Micah Bratt
sa3017916,draft_2021_keyshawn_askew_r10p292,681094,D_last+bdate+fi,med,Keshawn Askew,Keyshawn Askew
sa3017917,draft_2021_nathan_lavender_r14p412,681320,D_last+bdate+fi,med,Nate Lavender,Nathan Lavender
sa3018405,ifa_703150,703150,D_last+bdate+fi,med,Ricardo Cabrera,Ricky Cabrera
sa3019865,draft_2022_rome_sanabria_r18p540,703804,D_last+bdate+fi,med,Romeo Sanabria,Rome Sanabria
sa3020396,draft_2022_christopher_campos_r7p225,702318,D_last+bdate+fi,med,Chris Campos,Christopher Campos
sa3022728,draft_2023_cam_minacci_r6p174,695229,D_last+bdate+fi,med,Camden Minacci,Cam Minacci
sa3023546,draft_2023_jandaniel_gonzalez_r3p96,806083,D_last+bdate+fi,med,J.D. Gonzalez,Jandaniel Gonzalez
sa3025386,draft_2024_joshua_kuroda-grauer_r3p75,811965,D_last+bdate+fi,med,Josh Kuroda-Grauer,Joshua Kuroda-Grauer
sa3025462,draft_2024_titan_hayes_r11p342,813901,D_last+bdate+fi,med,Titan Kennedy-Hayes,Titan Hayes
sa503437,draft_2013_samuel_wolff_r6p190,572406,D_last+bdate+fi,med,Sam Wolff,Samuel Wolff
sa602699,draft_2015_philip_pfeifer_r3p101,547177,D_last+bdate+fi,med,Phil Pfeifer,Philip Pfeifer
sa827490,draft_2015_michael_matuella_r3p78,664055,D_last+bdate+fi,med,Mike Matuella,Michael Matuella
sa828724,ifa_650518,650518,D_last+bdate+fi,med,Alejandra Requena,Alejandro Requena
sa829483,draft_2016_dominique_thompson-williams_r5p158,657779,D_last+bdate+fi,med,Dom Thompson-Williams,Dominique Thompson-Williams
sa917925,draft_2016_jason_groome_r1p12,666130,D_last+bdate+fi,med,Jay Groome,Jason Groome
sa921562,ifa_669792,669792,D_last+bdate+fi,med,Jean Carlos Encarnacion,JC Encarnacion
17738,draft_2015_chris_shaw_r1p31,601721,F_name+byear_pm1,med,Chris Shaw,Chris Shaw
18555,draft_2020_logan_allen_r2p56,671106,F_name+byear_pm1,med,Logan Allen,Logan Allen
20242,draft_2018_kevin_smith_r7p200,663325,F_name+byear_pm1,med,Kevin Smith,Kevin Smith
sa293098,draft_2017_kyle_wright_r1p5,657140,F_name+byear_pm1,med,Kyle Wright,Kyle Wright
sa3004242,draft_2017_chad_spanberger_r6p176,656989,F_name+byear_pm1,med,Chad Spanberger,Chad Spanberger
sa3004278,draft_2017_mason_house_r3p78,675918,F_name+byear_pm1,med,Mason House,Mason House
sa3004616,draft_2017_cole_brannen_r2p63,669447,F_name+byear_pm1,med,Cole Brannen,Cole Brannen
sa3004813,draft_2017_logan_warmoth_r1p22,657089,F_name+byear_pm1,med,Logan Warmoth,Logan Warmoth
sa3005099,draft_2017_ryley_widell_r7p196,676363,F_name+byear_pm1,med,Ryley Widell,Ryley Widell
sa3005487,ifa_683839,406324,F_name+byear_pm1,med,Adrian Hernandez,Adrian Hernandez
sa3008865,ifa_683447,683447,F_name+byear_pm1,med,Gabriel Martinez,Gabriel Martinez
sa3016143,ifa_694187,694187,F_name+byear_pm1,med,Daniel Vazquez,Daniel Vazquez
sa3018171,draft_2022_jake_miller_r8p237,805725,F_name+byear_pm1,med,Jake Miller,Jake Miller
sa3020448,ifa_699314,699314,F_name+byear_pm1,med,David Davalillo,David Davalillo
sa3020479,draft_2022_dalton_rogers_r3p99,800059,F_name+byear_pm1,med,Dalton Rogers,Dalton Rogers
sa3022885,draft_2023_mac_horvath_r2p53,690991,F_name+byear_pm1,med,Mac Horvath,Mac Horvath
sa3022889,draft_2023_sam_shaw_r9p274,802511,F_name+byear_pm1,med,Sam Shaw,Sam Shaw
sa544568,ifa_590271,590271,F_name+byear_pm1,med,Sebastian Elizalde,Sebastián Elizalde
sa547815,ifa_593340,593340,F_name+byear_pm1,med,Joan Gregorio,Joan Gregorio
sa549113,draft_2013_kevin_ziomek_r2p58,592895,F_name+byear_pm1,med,Kevin Ziomek,Kevin Ziomek
sa598120,ifa_606574,606574,F_name+byear_pm1,med,Yimmi Brasoban,Yimmi Brasoban
sa598684,ifa_606477,606477,F_name+byear_pm1,med,Aneury Tavarez,Aneury Tavárez
sa602658,draft_2014_jordan_johnson_r23p688,607588,F_name+byear_pm1,med,Jordan Johnson,Jordan Johnson
sa602703,draft_2014_adam_ravenelle_r4p130,605435,F_name+byear_pm1,med,Adam Ravenelle,Adam Ravenelle
sa655950,ifa_621705,621705,F_name+byear_pm1,med,Arvicent Perez,Arvicent Perez
sa657261,ifa_608421,608421,F_name+byear_pm1,med,Eliezer Alvarez,Eliezer Álvarez
sa657398,ifa_622435,622435,F_name+byear_pm1,med,Osvaldo Abreu,Osvaldo Abreu
sa657479,ifa_622541,622541,F_name+byear_pm1,med,Malquin Canelo,Malquin Canelo
sa657701,ifa_612792,612792,F_name+byear_pm1,med,Jesus Castillo,Jesús Castillo
sa657906,draft_2012_nick_travieso_r1p14,621072,F_name+byear_pm1,med,Nick Travieso,Nick Travieso
sa658016,draft_2012_andrew_pullin_r5p188,621416,F_name+byear_pm1,med,Andrew Pullin,Andrew Pullin
sa658616,draft_2015_cj_hinojosa_r11p336,546994,F_name+byear_pm1,med,C.J. Hinojosa,C.J. Hinojosa
sa658901,draft_2015_aj_simcox_r14p430,623510,F_name+byear_pm1,med,A.J. Simcox,A.J. Simcox
sa658929,draft_2015_jon_harris_r1p29,622247,F_name+byear_pm1,med,Jon Harris,Jon Harris
sa659205,ifa_610141,610141,F_name+byear_pm1,med,Wuilmer Becerra,Wuilmer Becerra
sa659315,ifa_610143,610143,F_name+byear_pm1,med,Alberto Tirado,Alberto Tirado
sa684104,ifa_622556,622556,F_name+byear_pm1,med,Elniery Garcia,Elniery García
sa709715,draft_2014_jose_lopez_r6p185,656662,F_name+byear_pm1,med,Jose Lopez,Jose Lopez
sa736656,ifa_642575,642575,F_name+byear_pm1,med,Gerson Moreno,Gerson Moreno
sa736667,ifa_622400,622400,F_name+byear_pm1,med,Michael Santos,Michael Santos
sa737357,ifa_630028,630028,F_name+byear_pm1,med,Deivy Mendez,Deivy Mendez
sa737859,draft_2013_trey_michalczewski_r7p213,641870,F_name+byear_pm1,med,Trey Michalczewski,Trey Michalczewski
sa737900,draft_2013_nate_smith_r8p247,642091,F_name+byear_pm1,med,Nate Smith,Nate Smith
sa737901,draft_2013_trevor_clifton_r12p348,641461,F_name+byear_pm1,med,Trevor Clifton,Trevor Clifton
sa738173,draft_2013_greg_harris_r17p514,643353,F_name+byear_pm1,med,Greg Harris,Greg Harris
sa738442,draft_2016_logan_shore_r2p47,624519,F_name+byear_pm1,med,Logan Shore,Logan Shore
sa738512,draft_2016_garrett_williams_r7p215,624526,F_name+byear_pm1,med,Garrett Williams,Garrett Williams
sa738686,draft_2016_aj_puckett_r2p67,643494,F_name+byear_pm1,med,A.J. Puckett,A.J. Puckett
sa738989,draft_2016_jb_woodman_r2p57,642223,F_name+byear_pm1,med,J.B. Woodman,J.B. Woodman
sa739574,ifa_642279,642279,F_name+byear_pm1,med,Samir Duenez,Samir Dueñez
sa739662,ifa_620452,620452,F_name+byear_pm1,med,Jose Pujols,Jose Pujols
sa740444,ifa_620440,620440,F_name+byear_pm1,med,Jairo Beras,Jairo Beras
sa827436,draft_2015_alex_robinson_r5p140,621330,F_name+byear_pm1,med,Alex Robinson,Alex Robinson
sa827463,draft_2014_brian_clark_r9p258,656311,F_name+byear_pm1,med,Brian Clark,Brian Clark
sa827467,draft_2014_jared_miller_r11p330,656744,F_name+byear_pm1,med,Jared Miller,Jared Miller
sa827960,ifa_650700,650700,F_name+byear_pm1,med,Luis Carpio,Luis Carpio
sa827969,ifa_645278,645278,F_name+byear_pm1,med,Kelvin Beltre,Kelvin Beltre
sa828197,ifa_650701,650701,F_name+byear_pm1,med,Ricardo Cespedes,Ricardo Cespedes
sa828213,ifa_650495,650495,F_name+byear_pm1,med,Gabriel Mejia,Gabriel Mejia
sa828246,ifa_650810,650810,F_name+byear_pm1,med,Jose Taveras,José Taveras
sa828277,ifa_650841,650841,F_name+byear_pm1,med,Diomar Lopez,Diomar Lopez
sa828322,ifa_646404,646404,F_name+byear_pm1,med,Anderson Franco,Anderson Franco
sa828329,draft_2017_mj_melendez_r2p52,669004,F_name+byear_pm1,med,M.J. Melendez,MJ Melendez
sa828412,ifa_642609,642609,F_name+byear_pm1,med,Joan Baez,Joan Baez
sa828659,draft_2015_brady_aiken_r1p17,656184,F_name+byear_pm1,med,Brady Aiken,Brady Aiken
sa828660,draft_2014_tyler_kolek_r1p2,656626,F_name+byear_pm1,med,Tyler Kolek,Tyler Kolek
sa828664,draft_2014_kodi_medeiros_r1p12,656727,F_name+byear_pm1,med,Kodi Medeiros,Kodi Medeiros
sa828684,draft_2014_chase_vallot_r1p40,657072,F_name+byear_pm1,med,Chase Vallot,Chase Vallot
sa828685,ifa_656449,656449,F_name+byear_pm1,med,Jake Gatewood,Jake Gatewood
sa828687,draft_2014_spencer_adams_r2p44,656181,F_name+byear_pm1,med,Spencer Adams,Spencer Adams
sa828692,draft_2014_michael_gettys_r2p51,656455,F_name+byear_pm1,med,Michael Gettys,Michael Gettys
sa828872,draft_2014_nick_torres_r4p117,657051,F_name+byear_pm1,med,Nick Torres,Nick Torres
sa829024,draft_2014_gage_hinsz_r11p341,656543,F_name+byear_pm1,med,Gage Hinsz,Gage Hinsz
sa829085,draft_2014_chesny_young_r14p409,657811,F_name+byear_pm1,med,Chesny Young,Chesny Young
sa829115,draft_2014_jake_peter_r7p198,656846,F_name+byear_pm1,med,Jake Peter,Jake Peter
sa829268,draft_2017_drew_lugbauer_r11p320,656666,F_name+byear_pm1,med,Drew Lugbauer,Drew Lugbauer
sa829375,draft_2014_josh_ockimey_r5p164,656807,F_name+byear_pm1,med,Josh Ockimey,Josh Ockimey
sa829382,draft_2017_kj_harrison_r3p84,656508,F_name+byear_pm1,med,K.J. Harrison,K.J. Harrison
sa829625,draft_2014_tyler_herb_r29p861,600355,F_name+byear_pm1,med,Tyler Herb,Tyler Herb
sa829787,draft_2017_andrew_bechtold_r5p136,657510,F_name+byear_pm1,med,Andrew Bechtold,Andrew Bechtold
sa829803,draft_2015_jeff_hendrix_r4p123,657225,F_name+byear_pm1,med,Jeff Hendrix,Jeff Hendrix
sa830217,ifa_650675,650675,F_name+byear_pm1,med,Isael Soto,Isael Soto
sa830227,ifa_650728,650728,F_name+byear_pm1,med,Leonardo Molina,Leonardo Molina
sa830462,ifa_650142,650142,F_name+byear_pm1,med,Hansel Rodriguez,Hansel Rodriguez
sa837670,ifa_659079,659079,F_name+byear_pm1,med,Julio Garcia,Julio Garcia
sa857562,draft_2016_bailey_clark_r5p164,641457,F_name+byear_pm1,med,Bailey Clark,Bailey Clark
sa857676,draft_2016_drew_harrington_r3p80,641666,F_name+byear_pm1,med,Drew Harrington,Drew Harrington
sa857840,draft_2015_kyle_holder_r1p30,664060,F_name+byear_pm1,med,Kyle Holder,Kyle Holder
sa858802,draft_2015_donnie_dewees_r2p47,664159,F_name+byear_pm1,med,Donnie Dewees,Donnie Dewees
sa872499,ifa_661555,661555,F_name+byear_pm1,med,Randy Ventura,Randy Ventura
sa872548,ifa_660564,660564,F_name+byear_pm1,med,Wilkerman Garcia,Wilkerman Garcia
sa872750,ifa_658531,658531,F_name+byear_pm1,med,Miguelangel Sierra,Miguelangel Sierra
sa872819,ifa_660826,660826,F_name+byear_pm1,med,Lupe Chavez,Lupe Chavez
sa872824,ifa_664275,664275,F_name+byear_pm1,med,Pedro Vasquez,Pedro Vasquez
sa873497,ifa_662959,662959,F_name+byear_pm1,med,Jhonleider Salinas,Jhonleider Salinas
sa874212,draft_2016_nolan_blackwood_r14p412,670154,F_name+byear_pm1,med,Nolan Blackwood,Nolan Blackwood
sa874241,draft_2015_cornelius_randolph_r1p10,663524,F_name+byear_pm1,med,Cornelius Randolph,Cornelius Randolph
sa874732,draft_2015_nolan_watson_r1p33,663649,F_name+byear_pm1,med,Nolan Watson,Nolan Watson
sa874796,draft_2015_juan_hillman_r2p59,663535,F_name+byear_pm1,med,Juan Hillman,Juan Hillman
sa875002,draft_2015_justin_maese_r3p91,663359,F_name+byear_pm1,med,Justin Maese,Justin Maese
sa875017,draft_2015_dakota_chalmers_r3p97,663793,F_name+byear_pm1,med,Dakota Chalmers,Dakota Chalmers
sa875035,draft_2015_ian_kahaloa_r5p145,663447,F_name+byear_pm1,med,Ian Kahaloa,Ian Kahaloa
sa875052,draft_2015_garrett_davila_r4p129,663657,F_name+byear_pm1,med,Garrett Davila,Garrett Davila
sa875231,draft_2015_gabriel_cancel_r7p219,663708,F_name+byear_pm1,med,Gabriel Cancel,Gabriel Cancel
sa875588,draft_2015_imani_abdullah_r11p342,663563,F_name+byear_pm1,med,Imani Abdullah,Imani Abdullah
sa876536,ifa_659910,659910,F_name+byear_pm1,med,Brayan Hernandez,Brayan Hernandez
sa877337,ifa_658677,658677,F_name+byear_pm1,med,Gilbert Lara,Gilbert Lara
sa877519,ifa_660632,660632,F_name+byear_pm1,med,Adrian Rondon,Adrian Rondon
sa877857,ifa_649143,649143,F_name+byear_pm1,med,Lachlan Wells,Lachlan Wells
sa913305,draft_2016_logan_ice_r2p72,668681,F_name+byear_pm1,med,Logan Ice,Logan Ice
sa915636,draft_2017_evan_steele_r2p73,663741,F_name+byear_pm1,med,Evan Steele,Evan Steele
sa915688,draft_2018_tyler_johnson_r30p907,682205,F_name+byear_pm1,med,Tyler Johnson,Tyler Johnson
sa917275,ifa_665918,665918,F_name+byear_pm1,med,Miguel Aparicio,Miguel Aparicio
sa917483,ifa_667355,667355,F_name+byear_pm1,med,Joan Martinez,Joan Martinez
sa917934,draft_2016_joe_rizzo_r2p50,666143,F_name+byear_pm1,med,Joe Rizzo,Joe Rizzo
sa917956,draft_2016_cole_stobbe_r3p78,666167,F_name+byear_pm1,med,Cole Stobbe,Cole Stobbe
sa917957,draft_2016_nick_hanson_r3p79,666190,F_name+byear_pm1,med,Nick Hanson,Nick Hanson
sa917984,draft_2016_nonie_williams_r3p96,666170,F_name+byear_pm1,med,Nonie Williams,Nonie Williams
sa917988,draft_2016_nolan_martinez_r3p98,669228,F_name+byear_pm1,med,Nolan Martinez,Nolan Martinez
sa918086,draft_2016_luis_curbelo_r6p176,666127,F_name+byear_pm1,med,Luis Curbelo,Luis Curbelo
sa918552,draft_2017_reynaldo_rivera_r2p57,663513,F_name+byear_pm1,med,Reynaldo Rivera,Reynaldo Rivera
sa918959,draft_2016_jean_casanova_r35p1059,670196,F_name+byear_pm1,med,Jean Casanova,Jean Casanova
sa975161,ifa_672350,672350,F_name+byear_pm1,med,Yanio Perez,Yanio Perez
15490,draft_2016_dustin_williams_r36p1095,670300,E_fuzzy,low(92.85714285714286),Justin Williams,Dustin Williams
26396,draft_2018_josh_smith_r25p749,663642,E_fuzzy,low(94.73684210526316),Josh H. Smith,Josh Smith
sa3006383,ifa_678875,678875,E_fuzzy,low(94.11764705882352),José Cruz,Josue Cruz
sa3010789,draft_2019_cayne_ueckert_r27p822,681145,E_fuzzy,low(95.65217391304348),Cayne Uekert,Cayne Ueckert
sa3015726,ifa_694228,694228,E_fuzzy,low(92.3076923076923),Jeferson Tineo,Yeferson Tineo
sa3015813,ifa_699213,699213,E_fuzzy,low(93.33333333333333),Gleider Figueroa,Gleider Figuereo
sa3018096,draft_2021_ricky_tiedeman_r3p91,694357,E_fuzzy,low(96.2962962962963),Ricky Tiedemann,Ricky Tiedeman
sa3018555,ifa_835173,835173,E_fuzzy,low(92.85714285714286),Jose Rodriguez,Jhosue Rodriguez
sa3019633,ifa_700347,700347,E_fuzzy,low(100.0),Jogly Garcia,Jogly Garcia
sa3025418,draft_2024_griffin_burkhold_r2p63,816120,E_fuzzy,low(93.75),Griffin Burkholder,Griffin Burkhold
sa3067434,draft_2024_grant_shepards_r5p155,824415,E_fuzzy,low(92.85714285714286),Grant Shepardson,Grant Shepards
sa506730,ifa_575348,575348,E_fuzzy,low(100.0),Jose Rosario,Jose Rosario
