{
  "hit": {
    "AAA": {
      "iso": 0.14,
      "k_pct": 0.18550106609808104,
      "bb_pct": 0.08771929824561403,
      "babip": 0.317,
      "obp": 0.343,
      "slg": 0.411,
      "avg": 0.27,
      "hr_per_pa": 0.0211864406779661,
      "sb_per_pa": 0.011204481792717087
    },
    "AA": {
      "iso": 0.127,
      "k_pct": 0.20506912442396313,
      "bb_pct": 0.08904109589041095,
      "babip": 0.305,
      "obp": 0.327,
      "slg": 0.379,
      "avg": 0.251,
      "hr_per_pa": 0.018329938900203666,
      "sb_per_pa": 0.013888888888888888
    },
    "A+": {
      "iso": 0.121,
      "k_pct": 0.2107843137254902,
      "bb_pct": 0.08616187989556136,
      "babip": 0.31,
      "obp": 0.327,
      "slg": 0.375,
      "avg": 0.252,
      "hr_per_pa": 0.01603206412825651,
      "sb_per_pa": 0.015873015873015872
    },
    "A": {
      "iso": 0.112,
      "k_pct": 0.2153846153846154,
      "bb_pct": 0.08726415094339622,
      "babip": 0.309,
      "obp": 0.326,
      "slg": 0.361,
      "avg": 0.247,
      "hr_per_pa": 0.013605442176870748,
      "sb_per_pa": 0.01764705882352941
    },
    "RK": {
      "iso": 0.092,
      "k_pct": 0.20588235294117646,
      "bb_pct": 0.09722222222222222,
      "babip": 0.31,
      "obp": 0.336,
      "slg": 0.339,
      "avg": 0.245,
      "hr_per_pa": 0.0070921985815602835,
      "sb_per_pa": 0.024844720496894408
    },
    "A-": {
      "iso": 0.098,
      "k_pct": 0.20437956204379562,
      "bb_pct": 0.0845771144278607,
      "babip": 0.308,
      "obp": 0.322,
      "slg": 0.346,
      "avg": 0.246,
      "hr_per_pa": 0.009708737864077669,
      "sb_per_pa": 0.015706806282722512
    }
  },
  "pit": {
    "AAA": {
      "era": 4.38,
      "k9": 7.51,
      "bb9": 3.5,
      "hr9": 0.89,
      "whip": 1.43
    },
    "AA": {
      "era": 3.86,
      "k9": 8.1,
      "bb9": 3.44,
      "hr9": 0.74,
      "whip": 1.34
    },
    "A+": {
      "era": 3.87,
      "k9": 8.29,
      "bb9": 3.29,
      "hr9": 0.68,
      "whip": 1.34
    },
    "A": {
      "era": 3.75,
      "k9": 8.44,
      "bb9": 3.335,
      "hr9": 0.59,
      "whip": 1.32
    },
    "RK": {
      "era": 3.7,
      "k9": 8.01,
      "bb9": 3.55,
      "hr9": 0.35,
      "whip": 1.35
    },
    "A-": {
      "era": 3.48,
      "k9": 7.99,
      "bb9": 3.16,
      "hr9": 0.42,
      "whip": 1.3
    }
  },
  "age_hit": {
    "AAA": 27.8,
    "AA": 24.8,
    "A+": 23.29,
    "A": 21.86,
    "RK": 18.95,
    "A-": 21.34
  },
  "age_pit": {
    "AAA": 27.5,
    "AA": 25.05,
    "A+": 23.76,
    "A": 22.52,
    "RK": 19.65,
    "A-": 21.83
  },
  "_meta": {
    "min_pa": 50,
    "min_ip": 20.0,
    "n_rows": 242510,
    "levels": [
      "RK",
      "A-",
      "A",
      "A+",
      "AA",
      "AAA"
    ]
  }
}